published,fetched_at,ticker,title,source,link,sentiment,sentiment_label
2026-05-26,2026-06-25,COST,Here's How Much Costco Stock Is Expected to Move After Earnings - Investopedia,Investopedia,https://news.google.com/rss/articles/CBMisgFBVV95cUxQR29PaWpjVTNOV3BfNTZJODZIa0JzVzhKS0J1aFVDdC1pZ2FOVU5DLWJRZGU1eEh3T0Q4cmgza0dVZlRWbXJFbVJsUFVjT3JqMnRicmdXbE54aWhWWllQVmNWbklscF9jMVZ0YWhyTmljSVFBeVlpNFg2NnlwRlFNQ3BwS01JMUpqSjJNdXU5eEczUU55MGdjT29GLXVTWE9JdnRHZGt6Y0R3RGNCSW83TDln?oc=5,0.0,neutral
2026-06-08,2026-07-06,COST,Is Costco (COST) One of Billionaire Ken Fisher’s Top 11 Dividend Stock Picks? - Yahoo Finance,Yahoo Finance,https://news.google.com/rss/articles/CBMinAFBVV95cUxOYVMwQ08wekk0UGdsOWVVa0FFXzdweldzOGVSUjdVMktVNzlsMVg1anJaRmNuUkc2WEp6aDJEUUlGUkJxUm91THNwZjdqUnFBY3BETi1qUEpQX3B5SHdRQUY2ZG5SOEh1bWRJdU84alc5RTNuYmIwR2lrR0w0Y3FrM0pHdVBETG4tcEktNmJocGVJT2JJcTVwTDA5a1o?oc=5,0.2023,positive
2026-06-19,2026-07-01,COST,Should You Buy Costco Stock for the Long Haul? Here's the Honest Answer. - Yahoo Finance,Yahoo Finance,https://news.google.com/rss/articles/CBMilgFBVV95cUxPQVNfN0pqbUdEVnc5X0plQy1EVWVEd08tR3dFcEFCb01EZzVzTmRVQWswX05aZ1VkeWdSUGt4U3oxTURCTGlDMlBmV25CNERYX1hxa043TGJneERjZEF2MU04WUU3aFNJSTdrMHZwSHNsVjJHWWswTmxENHA1akM0di16aWpqWVlKNHNUZFBOLVYwYWRrMXc?oc=5,0.5106,positive
2026-06-19,2026-07-07,COST,Should You Buy Costco Stock for the Long Haul? Here's the Honest Answer. - The Motley Fool,The Motley Fool,https://news.google.com/rss/articles/CBMimAFBVV95cUxQUGlXcUV3ZmNkSFlYcTNZSWMwSzVRaG9LR0ttQzdDRG5SS083Vlp2WVFrdWJkUGRnY2ZybmRmZng4NTF2X0FtRmdrMGpSbWl4VlFVUGVBLU5veFBVLWxTN1U1TXlyX3hKa0k0ZEdOcEFpM05zSHdDNzl0QWpvajh1SGF0WXVYVXBKMXdyX3dza3pqSmUwSjQ3cA?oc=5,0.1027,positive
2026-06-23,2026-06-25,COST,SpaceX Stock Price Is Slumping After Its Blockbuster IPO - The New York Times,The New York Times,https://news.google.com/rss/articles/CBMingFBVV95cUxNc0J1bkpULTNwR0dOcFJrVkpXWVRJNGxuajctTEVsbExlWW00RFVZYllreThKUHloVlZycDRIVERFSVlkSlcwb1lTZ2U2SlZZaEQ2eURRMFhFaTduZ3NpNHRwck13bGdyMlJkRDN2Q3hzMGE2Zi00Q0RDNklJRGJLZi1Qc3JyS3RWeTdrT3JuT3B3SnQ2TkxYckFuanF3Zw?oc=5,0.5994,positive
2026-06-24,2026-06-24,COST,SpaceX Stock Selloff Costs Elon Musk His $1 Trillion Net Worth - Barron's,Barron's,https://news.google.com/rss/articles/CBMiigFBVV95cUxQeHNFY2dzNFhhZXJKeWFTYUNPbk5GNUVHcW8xS3FRSmNEeXR2R3ppSUF1ZmxrUW9LZ3VkVkREWjMweVpHX2xHMk5RcXY1WTIwX19oVlpPbkxSNkd6V1cteElFblVWVFlBVE9LOGM3OUxEb0ZrWjM0a2Y5SnltM003WGx1VDdTMUJteVE?oc=5,0.2263,positive
2026-06-24,2026-06-24,COST,"Costco Stock Price Prediction: A Path to $1,000 and Double-Digit Upside - Yahoo Finance",Yahoo Finance,https://news.google.com/rss/articles/CBMioAFBVV95cUxQaDQtc1Nwc2NxQXBRb0dsT2pTbDhpbDMxLVMyZ2xjSkdicjgzeFFaangtU0JPN3ZBMDRLSnM3bUVPdVl1d2o4aEJxU1ZQempqMHZiV1QxSEIySHBvaVU1QU0tdjZmd0pxMHZzc3JWUXVYNVBiV1YxTHhETUdEQ0xMNlR6Z0xEWnl3ak9rcWJna3NZb204cjNnTE1UR1ExSldh?oc=5,0.0,neutral
2026-06-24,2026-06-24,COST,The One Metric That Makes Costco Wholesale Stock Vulnerable - Trefis,Trefis,https://news.google.com/rss/articles/CBMivAFBVV95cUxPZzJrWEdBcjYtVjJRZUgzUmlZYkZwS2xudDFITEFZSXlXSzhHVEVLd2dTSlN2TjNWOTFKNURCQzBiOEw5em5sdU1ZXzM0M3VXajNvWW9iY01jTHpVc1FvMDZUN29adE53b2toV0F0YkpuVmFSR1JlZDlGUVNWNUc2WEx5U3F5RlJfTnVHOVo2UnFOUUNlbWczVno3OFFoZ3VZVWRqc3VMYlV1a05XX2VyVEplTTM5TEVqb0xGRQ?oc=5,-0.2263,negative
2026-06-24,2026-06-24,COST,Rheinmetall: Shares Down 15% on Frigate Loss; Market Reaction Disproportionate - Morningstar,Morningstar,https://news.google.com/rss/articles/CBMitwFBVV95cUxOMllRZzVMZHZvb2VELTBsTzZXQW94WjFlN0dRRHlTbnhETnJIRDdybDA3SUxpcWlLU1dfckpkX1NZNW9LaTJsZ2hLWEJGUWxJdnlRbm1ibjRyZTNvSDhzTjFHeHJuVHcwUmE3YjVqQnlnYkF5MTZqdFNHUGZ6SkwzSC1sT1g0YmFia05HU2l3ZHRTdWkzcFIycEIzYmZCZHREM0pMTWlmel9vZmkxaW55Ym9UQm5xcjQ?oc=5,-0.0258,neutral
2026-06-24,2026-06-24,COST,Prediction: SpaceX Stock Will Cost $192 by 2027 - The Motley Fool,The Motley Fool,https://news.google.com/rss/articles/CBMikgFBVV95cUxNR1NhR3RlMG1rSm0xaVdxZ2tOVmcwcVl4cFpJZ1h4aW13ZVlPUUZ2ZWJWZ3cwZWhLc0J4djhOWVIzVlRYSEc5VFBYZjV2ZFhvSFVfZEZUYV9Uc2M2YWNTRUZDWTJkZmRRZTJnTW0zbVFDcmpCZmVudkp4UW5UOWpGM0NOSUtta0MzNGE4elJ4RHhnQQ?oc=5,-0.4404,negative
2026-06-24,2026-06-24,COST,"SpaceX stock takes a tumble, shedding most of its IPO gains in two weeks - KXAN Austin",KXAN Austin,https://news.google.com/rss/articles/CBMinwFBVV95cUxObVBVZ2lPUlhIUUZfV0tmOUhLX3dBQ0dONU5ZNmlpMTd1b0FOTmJ2cmo0eHJFazItSnNXTG1kNGdZMU5VWDA0UnBhQjVnTnMwcTVBRjlsam1PNTV3dk5sN2tiMFY4cGJpY3VRNThFdEVpVXhqTGZBWWtDSmQ4S1RFQk5uUGxvalZ5OTdpUjl5NjJhejh1Qjk4S2FVbVl0SG_SAaQBQVVfeXFMTWVhY3Y3T3YtNENQNEtQY3pZU2pGdW5LYVNyTUNFN0JhQ1k2ZE8zREJyZ1RBNk9sMHBnX0FYTkpySXh4SFZnZUVxaDZ6b3VTRTZLVFgtUm5qRlpTdEZueFJQbTNHOC02WVRYbzJOc1V2b002RHJDckI3TkRpTVh1LUFqTXdKbFdOWkpvVEc0UUlyWEhhcE5PWE9LWldRMVhBZENSMUk?oc=5,0.34,positive
2026-06-24,2026-06-24,COST,MicroStrategy Stock (MSTR) Opinions on Ongoing Bitcoin Price Weakness - Quiver Quantitative,Quiver Quantitative,https://news.google.com/rss/articles/CBMiqgFBVV95cUxOYlV6Yjk2a2J0c0NJWWlINGwtVVR0MGhQbHZEVU9LTGFKU2ZwbkFyX0N6VEdDbEtGaGtRVF9WOUhIYmZiejQ4X1kxekhzMUtIc3U0c3hFRlFncmlFbVhrWEtKREhwXzlBNS10Uko2c3VnQ2R3d0hISzhXeWhvSE9yT1BxblJkb2RXZ2dtbTJJRDFaeG9Wb0xZblNXNk9aYXlWWVY1d0VHUkhnUQ?oc=5,-0.4215,negative
2026-06-24,2026-06-24,COST,"Alphabet Inc. (GOOGL) Stock Price, News, Quote & History - Yahoo Finance",Yahoo Finance,https://news.google.com/rss/articles/CBMiT0FVX3lxTE51cTBUdmJTdWRuVFN1QjQxcDh1ZzMtcElOUHNJck5hcVpNSXNzbE9yYjFOakNHMzBDa3Z6ektnUEV4MkYyU1FkNzZ3TXM1S3M?oc=5,0.0,neutral
2026-06-24,2026-06-24,COST,Nvidia Stock Tests Key Support Level. What’s Keeping It From Rising? - Barron's,Barron's,https://news.google.com/rss/articles/CBMigAFBVV95cUxQb2ZNUXd0NlJybXd6cDZPNGlGcXdpUzRsaUhlc1JNX1p2Y1Y4TW9DeUkxMXBDWHJkcGJNVlZabnlFYklXbjdNckZkMGMwYmh3S1hOdG16NmF0aUc5WDhQdDRybHBEZUVhbVdWZzJPaDRPV09NV2lEbnA5R28zWGNqVQ?oc=5,0.4019,positive
2026-06-24,2026-06-24,COST,Wall Street Just Supersized Its Price Target on AMD. Is the Stock Still Too Cheap? - Yahoo Finance,Yahoo Finance,https://news.google.com/rss/articles/CBMinwFBVV95cUxOeGZXdVBKY1pMMkdvT0JOSVFXS2dyd0E3Sm1nWFQ0RmNxc0d2VnE5VHhwQjhIMWRWTTZnaXdHd1pVX3ZBQm1hQmRvU3lkcFAzZ3VtWkNiTjdsTnkwR2IxR293X05HWHBWT1JuUklhUGlpS2YtZnpzZ0ZEZW1mcXpzZG5FX1hxbzhRb2pJNzI4aURxUk4xQXhJeF9tR0xfeEE?oc=5,0.0,neutral
2026-06-24,2026-06-24,COST,SK Hynix Nasdaq Listing: Will the Memory Chip Giant Trigger a Price War? - Barron's,Barron's,https://news.google.com/rss/articles/CBMigAFBVV95cUxOUXlBQzUyNXRLVElCTmNaSUo3MkhXVnYtTnJyemhCbnk5RnFPQjRBcklIendFWGFjYjZmN0JXSE9MYjROZkwyZ1lDbXVIeXpESkotT0dKd1h2bVJkdGVVanUzTGpIYXpQRGZHYWFYb0tOWTQzSmc2WnZoTUZZeUFaNA?oc=5,-0.5994,negative
2026-06-24,2026-06-24,COST,AeroVironment (AVAV) Stock Price Slides As Valuation Models Suggest Limited Upside - Yahoo Finance,Yahoo Finance,https://news.google.com/rss/articles/CBMipAFBVV95cUxNZ0Q3WDdwaEowTkVnN2YzYVNDRnlRUEIzZWRFd1p2dUpXM0RKQzlZNlU0bTVFVk0zSGdVWVc0Q2pneFotTE50amJkcVVCNU1ObG1VNE9DM29jc3lITzNZSWlxM2Fiek9zVGhpUGF1ejBCU19kNkFuM2luSDc3M01SYnhPZHI4ckY1Z05hdXBUS09fVXFSdjJIMjN5TXhzY0xtNnpCQg?oc=5,-0.2263,negative
2026-06-24,2026-06-24,COST,Prediction: This Will Be Sandisk's Stock Price by the End of 2027 - Yahoo Finance,Yahoo Finance,https://news.google.com/rss/articles/CBMiogFBVV95cUxPSVdPcXNFTHF0YmxLbHpEM1Q1bWE5TENxSTVCd3l3UEl0MktERUR2c0dqMlV3T05iajNsVUZjQ1VvRk5OZFZDZUJ3WE4xSkNUb2otVUV3SnFOVHEzZWEwN2h4eHl4Q196Q1MwLVZkWDMwdHZ4cmtlUl90a2VmeW1Md2txT0hlRl9tblFzYVlEdmRSUzljeTVLRnNwbHRVcTdfSkE?oc=5,0.0,neutral
2026-06-24,2026-06-24,COST,Prediction: SpaceX Stock Will Cost $192 by 2027 - Yahoo Finance,Yahoo Finance,https://news.google.com/rss/articles/CBMingFBVV95cUxQelByR2NfMUxjaHR4d25uSHJyV1F1UFkwTmVIWU4zdFFXY3pZNGFScjBlN01qS3JYU2N0OVVuT20wZTlvRDh4ZmozNWh2UHFVNUZ1TDAxQUlUU2JmTXFZWmlNcG5oSU5yX0kwWDZTQ21VMktJZjA4aERvaG85TXZ3c2hYaXJzYXBxN0xrVXFFVkltUERmVVR4WTFuVk5pZw?oc=5,0.0,neutral
2026-06-24,2026-06-24,COST,"SanDisk Has Run Hot, The Price Target Carries a Warning - Yahoo Finance",Yahoo Finance,https://news.google.com/rss/articles/CBMimAFBVV95cUxOZmo2ak5PZzZ2bmN2Y3JfZjZFa3JLRjVYc1hGbDB2REY0UW5tM1BiUVRJSnRfcDNpLWl6QS1oaEdBeDFnUG02a3BMQUpWWkgxWFhpS3llNXVrLUZDREhBclZQc0hrWFhud0l5ZXE1bjY3cGdURWZwODAtbG52RmVOVXIyNEdJOERxZWxpSk5ERXZCUFBsdDJSXw?oc=5,-0.34,negative
2026-06-24,2026-06-24,COST,Qualcomm Stock Price Prediction: 36% Upside the Analysts Are Missing - Yahoo Finance,Yahoo Finance,https://news.google.com/rss/articles/CBMioAFBVV95cUxQTmotZDBJZnRxOWNFN0VTWk1sV2RUVDR6UWt3MmxQa2tYUXpfV1FMY0w1cHNkNlJ2c1NSZ1lvckRGTzhuWTZvQ0Q3akFqWmc1clJjN3VmWGFMTWxVRDRpZF9LZFhXTlpYUGZBVFU2Tl9mbXZ5RUhBcVR5djhLMTdESVpkOWYtbzFZd0VleGtaQlh4T3JLM0JBVmNOVGxaTzNC?oc=5,-0.296,negative
2026-06-24,2026-06-24,COST,Apple (AAPL) BofA Stays Bullish as Price Increases Could Offset Higher Memory Costs - Yahoo Finance,Yahoo Finance,https://news.google.com/rss/articles/CBMimgFBVV95cUxQdURiUGhWZDYwNnFkZ0l0QlZGUXV3N2taUGF0b3BmUHZ5NEhJbFY2UWRJcVZsOVpqNzNFeU9YbGpVX1lTZUE1T0VfdXZHcEQ2MTFJTnI3dTJXS2x5RlprQ2xuemJ6LU9QOWh6d3RDcmJtSzVOSjJSTlBPMWh5LWQ2N1NoSGsyOG1XcXVCaDBMcjhvUXAwVjR6UGNn?oc=5,0.0,neutral
2026-06-24,2026-06-24,COST,US Stock Market Today: S&P 500 Futures Slide As Rate Hike And Growth Worries Build - Yahoo Finance,Yahoo Finance,https://news.google.com/rss/articles/CBMikgFBVV95cUxObFF6dzBNWFBDUW9Xa3ZqNmpfRmlaMmNTSDJpdENDSTBaUFpadmprQ3kyaWl3LXRlNTAyYXdMYjNlb3NibF82QVZjMnZsb0FnU2dEVWRqeGFYZ29tVlVhd3FnSTNka0VpTWRpZzk1My0xYzlyRnp0bWkyY1pqdnFvZWNzcEFNZlVQUHJadXFaWTh3UQ?oc=5,-0.0516,negative
2026-06-24,2026-06-24,COST,Rocket Lab (NASDAQ: RKLB) Stock Price Trades At Premium Despite DCF And P/B Models Flashing Overvalued Signals - foreignpolicyjournal.com,foreignpolicyjournal.com,https://news.google.com/rss/articles/CBMi7AFBVV95cUxQeXRHT0NMSTQ4Y2VRd3l3R2NsaG5vSENjbDlkRkxteWM4c0M2bUJlM3RvU0EwejF5VkFaVV9NRVNNRG9jYm5kN0V6eEM2QjRhNWhCYUd6UFFvV3lFV0loNUtKUDRDYVNLZ1kwX1lFbG9NZ0VWVTBlNVpBVDJZSXg1ZG1rQ2w1V0xzMEdxc2hNVHBuMEh2ak1Bakg4R0dOSGxSNTNqbXQ4WTUyYXQ2Mk9UTnMxWWNXSGtVS2RPYWRuZm1kX1dvMGVlcUM1MFZuRUlGWENIRnB3RExXSV96bDkzVE5LT2JsRnU2WTRpYQ?oc=5,0.0,neutral
2026-06-24,2026-06-24,COST,"European shares tread water as Iran uncertainty weighs, Rheinmetall slumps - Reuters",Reuters,https://news.google.com/rss/articles/CBMitgFBVV95cUxNQVAzdWZUaWt2N3ZZbFdmUUJVT2I1YzVqUFJXbUVtUEFYeW9PTERaYTYyOGRPYVdNRzJDT2FUamY2UHVzMkxsRkd6VmREenlLNFZzY0xZejV1S3ljZlJieGVqSW43UkhhUUkxdmZOZ0dBT2gxd0pRaWpocmRVYzU0TjJTNzFqVDhiTzRSSF83NXdnVkZmNkJIMmdtQU1oSDJTT3k3QTFoVWpqUVlDVmx2UVVlYWE0UQ?oc=5,-0.0516,negative
2026-06-24,2026-06-24,COST,Prediction: This Will Be Sandisk's Stock Price by the End of 2027 - The Motley Fool,The Motley Fool,https://news.google.com/rss/articles/CBMimAFBVV95cUxQdU1sakRCMm93TV94ZDl4MXB5SjNiYXVqbkxYUldPUm9ROURRbi12SDF5MnJtdUplYUlRVThheHRXcmhnSmZzZUEtdU9nU2hNX0FQUHR0R2xid1A0VjBSRjdlTmpTRnJ2NWlsS2p2aFJ6cTdLRDdKaFRMRUd6V3E4N21DdFhVdHVWNFJrR0xVXzhHVnF2WmZCdg?oc=5,-0.4404,negative
2026-06-24,2026-06-24,COST,Dow Holds Gains as Markets Price the AI Boom: Stock Market Today - Kiplinger,Kiplinger,https://news.google.com/rss/articles/CBMiqgFBVV95cUxPb2lyY21WNE5uMTFZVXRQbHBxSWs3dVpIQnV5cXdVZk11eGpUdHRYTjJNblowZk5pZHRFNkt1UnM5WnZ5X0FBOGY2NjVtQnNpQm1jd2VTSXQ4OEpVc1ZPQURwT0ZwazhlVkJSSWR0NDRqOTlrMGtTVm1rUWR4Qm1kakxsNzdTYmdyN3NDVlFCalM3SGxYRkdkZnp4NHJET1hOUGU2WDZoUXU1QQ?oc=5,0.34,positive
2026-06-24,2026-06-24,COST,TTWO Stock Edges Higher After GTA 6 Pricing Reveal By Rockstar – Retail Sees Another Cash Cow - Stocktwits,Stocktwits,https://news.google.com/rss/articles/CBMi6wFBVV95cUxNRFlTX1VVbWZYR3U4NUprbnctOF90Y1JGUTYxR09LeHlibWhEalFJbmJCa1U2ZGRTOW5LOVNFNHlLV1dKbFVTdmFsWUJQcTRpRlhsS3dzZFBiYmtGOHRMbWNlbUJVNXgwdmhRX1lwbDhPR2NGQTl6bEZKUGg3bWdMNGdOejZXcmlDVl9OMlIySlFuZXZOcmtiYlFIYlVhTThLek4xZ2h5ZkxMRGxReWZsMlRDMmg5NUFQeGowUGsyTmxhaXUzOVo1azRhOURleE5wTkdKaXc5cjZHRHl0TDFPVGkxSURpRjRPbkFV?oc=5,0.0,neutral
2026-06-24,2026-06-24,COST,Prediction: SpaceX Will Reach This Price in July (Hint: It's Going to Plummet) - The Motley Fool,The Motley Fool,https://news.google.com/rss/articles/CBMimAFBVV95cUxQVTJfMy1xWlk3YzJqOXVxZkViWGxxTU9SdlN5R0w0WmlwX1hRMy1OSURudjlDcWJJWTRnMkw2VzdtQnU0TUVrUG9BYUZFVnhvalhFcWc4eUZBOXdzZ2VOWjFmWnFiMkpaeWwxU3IzNk1vczFvMmlmS1d5d2s4cUNfblFXdV9lQkFuZ0xuUlRtWnJxLVNzZDQwRw?oc=5,-0.4215,negative
2026-06-24,2026-06-24,COST,"Netflix is growing but its stock price is shrinking, as the specter of M&A spooks investors - MarketWatch",MarketWatch,https://news.google.com/rss/articles/CBMizgFBVV95cUxNUUE2N0oxWUtVRkpuNG4tcWtXemlZdm1SQW5xYUhtdEJjNDh2YlVEdTRaTXA5dEd6UU1CeERVZ1VaMDRmbDFrbFdnLVp5bUtHeTJKaW1zVFRrcHVWVFNmM0lJUHhvSk43dFRWajNzMmwycGozbGxNRGRvU3o5QTNpbDBoMloyT1BTWVVDYkticTlOSzdqZnNKYXdmcExyOTBXRVBWak43YTUzQzRQb2JhV2U5S0VMTlEyLVNRMGhGX290LWdpX1E4Q0lNYlZ2QQ?oc=5,0.09,positive
2026-06-24,2026-06-25,COST,PepsiCo (PEP) Stock Weighing DCF Upside Against Recent Share Price Weakness - Yahoo Finance,Yahoo Finance,https://news.google.com/rss/articles/CBMimwFBVV95cUxOdUpuYkU4VkJJeXJkYVJybzRsNlZOOVUzTTNIZk5SWDI3YUhUWDJvWHFKVXYtMHYyTkdfYy1oTy1hWjJPb0xTOVNETnp1cGxXeV9hRnhTS2Z0ekhpUHdoQzJ3MW9uS081UEtaTnpnUUY4WDBwT2Z0NmdJRjJYVS1NcDkzQVNPWXFtUnh5UDRNMk83bENaci00dFhGWQ?oc=5,-0.1531,negative
2026-06-24,2026-06-25,COST,Micron stock jumps 15% as soaring prices from memory crunch lead to quadrupling of revenue - CNBC,CNBC,https://news.google.com/rss/articles/CBMiekFVX3lxTE9GVlh2eUZTODFpczdKeFpDLWlMY2k1LUtFV1RPU0FMaW5YSmwzOS1mUUdOOHdlTGloY3NjeGtFNzV1VEFZSHBoSzdCMHlRandyQWRRMTd1STR1VVlkTUE3QzBVcnUyODlRRjZZZF9Jc0hHZ05yNVFDRHZ30gF_QVVfeXFMT1NSQlRZZnJaMVVDZld2Wk1FUTJLU3ZCYlp6LXlzdjZhTDRfWXkwU2VsdDBEbjZFZU5JYW1LdUllY3JGdzFYcDlQc0I1d0JzaEJUaWtra1R5ek9qb2pmX0lKeV9rZ3JLNUpnQ2hNbnZEeEtMYWF4RFBHZU8wckw0WQ?oc=5,0.0,neutral
2026-06-24,2026-06-25,COST,"Costco Stock Price Prediction: A Path to $1,000 and Double-Digit Upside - 24/7 Wall St.",24/7 Wall St.,https://news.google.com/rss/articles/CBMisgFBVV95cUxPN3NDa1NUcHRvamdESjF0b2xBNE1aa0k3cU9mY3VlMkhVZ3k0UFNfeUl2bGg3bU9IaXNxSzdwWWFBbWp6OURfODluSDgzV3k4X21vWUpoZTJhYnJ1VTFJSmpGeDljV0hyVG9qaEdIT2FPM0xTUU1rTDdyOUsteFNaQTRYaVZpVThnYmJTNVNIUW01VGRlYmdCLXlVclNHZU5rMGNDS1ZzVUxoYWJ6VzBFOG9B?oc=5,0.0,neutral
2026-06-24,2026-06-25,COST,Brookfield Asset Management (TSX:BAM) Stock After Recent Pullback Is The Price Still Justified - Yahoo Finance,Yahoo Finance,https://news.google.com/rss/articles/CBMiogFBVV95cUxQWmdoZ01WTi1vRjM4Q185RHM1bWdKWGdoU056UVU3eFVlMmZzY01keDQyQnBSUW5qV2dJcW9oRFVHSFMyaEhLRGY3dm5ERVF6MGt2X3h2SFBIdVowbV9XYmNmQzlldVlHZG14VlRjcVNOYUVuR3hFb0ExaHhCLWs3SnUzNUhqLTlkc1Z5OERuUHNzNFJ3b3Axd3AyQkdvLWJuNVE?oc=5,0.6369,positive
2026-06-24,2026-06-25,COST,Prediction: This Will Be Nvidia's Stock Price by the End of 2027 (Hint: Big Gains Ahead!) - Yahoo Finance,Yahoo Finance,https://news.google.com/rss/articles/CBMioAFBVV95cUxOY25PcVhyZlhwZmxQaEZPTDdzYUNaVXpBS0VFM25JZ0VHb2ZrV3l4QkpWNVlrdnVjSTdybVRrTDJobFh4NVotRWVnazRESjAtOXR3QzRJZ25yb1VIbmNKdWVZb2FXcWtwVnVnYnBIanc0WE55U1dObTFXYUZtSUFIS2E4YV9VblpjLVl0V3hOZTVjM0FaWUxqS3VnRWRucnE0?oc=5,0.4003,positive
2026-06-24,2026-06-25,COST,UNH Stock Quote Price and Forecast - CNN,CNN,https://news.google.com/rss/articles/CBMiT0FVX3lxTFBhZjVIOG9BMkZjYWxoUWlSZE9JM1lGZWU5TGIzUE5ZcFBmcC1BTWxUdVJNWS1HOXc5RXlNZUM1Yk4zS2pGQU5pLUkxRGVBdUU?oc=5,0.0,neutral
2026-06-24,2026-06-25,COST,The Real Price of Broadcom Stock Is Hidden Two Years Out - Trefis,Trefis,https://news.google.com/rss/articles/CBMiuAFBVV95cUxOb3FHVml6WTRqSmRBZ1BlOHRtZC1TTEJVVTktMUJ2a1ZGcEd6NHFBcXNFUjJjaEJ4dTYyazg2c25iLWswSno4dHhUQ1JjaVVqSWlqcDF5akp3U3NzblphWXZDX3djZnlQNDdJaXNud21XZnV0UzQyUHdEc3U3bnpHRE5XeEZhRXhkQW5aM1FkOXlyVlRhNUtOZTh3eDE0bDdvVDJGaHFqSDFMZ1l5WFMzeElPY1NwWGdj?oc=5,0.0,neutral
2026-06-25,2026-06-25,COST,Mizuho raises Antero Resources stock price target on cost cuts - Investing.com,Investing.com,https://news.google.com/rss/articles/CBMivwFBVV95cUxNTkdSUXVDUksxUDdjdEloMUExZEpqejhMWW9fLVE0QXBqYjhsZkl6STdUczdrakNRa1VCVHMyYklPRi14RXl2QjdvTUt5b21LTGlpUjl2UElqQnQwVkh5YjJWTGhkTVNtV2p6MlF2ZVlVNzVLbUs1eXdkSl9hV09vdHg4S1dUREJWN1kyUGhrVERFUTlkMzZ1M3hpQkxJTWUtRFFDVnkxbUxWd3hIRXI2OWxnQ3diV0cwVnlmaGIwbw?oc=5,-0.296,negative
2026-06-25,2026-06-25,COST,Visa (V) Stock Weighs Mixed Valuation Signals After Multi‑Year Price Gains - simplywall.st,simplywall.st,https://news.google.com/rss/articles/CBMiywFBVV95cUxNX3pXUGFySUNKTlp5N1lESEJuLWs1dVBKZHYtOGtsazdxOHF4MVVuSTN4Ukx3V01xbzFHcnBZbnY5MWxLVGxuMzZXRGtGZVhJdnNvLU8yUjlxaGhwcmxqbVNoeTJKSDJhYTBGNUU5UjRpLTZxbTk3SzR4RHZBMG5vNkxFUUFBWEpEamxrd3Vvb0VHUDA4UHBrbk5pM1pHWF9pcm14NHI0QUFUcVp5Tl9SWW83bEtwOEVWSWowSjI5RUJ2WnRxaGFZUDJrUdIB0AFBVV95cUxOWHVUcVFKbjdVOVRHbTNUN2g4ZUFabk1STld5VVU3T2I5d1p4cnBuVUozby1GYm1scktUcVVudFVMRVNXZWNCcHNGNHJjaEpfOXM3MjFncnhkTTJsZ3NiOTZrNEZjS0Q5MTFuX191c3NNNU9aWG1wckdFVy11dThpdHFCeTRwd1VtQ1ZTaUM5V2RCQnl4NEc4cWJ0YkgtcEphdGY3YVZwdDZ6WHc0NFVVQ3BlYU5jOTF2dkxxeVhGRmNwRjlaWFYxY0hFZ3RrRDMy?oc=5,0.34,positive
2026-06-25,2026-06-25,COST,"With No Interest Rate Cut, Should You Sell SoFi Stock? - The Motley Fool",The Motley Fool,https://news.google.com/rss/articles/CBMilgFBVV95cUxNOTZSSG5lalFaSl9nbUZsc2dGR3JSLTQ1Qk96NTFzOFRIeU5rOC14bFhyRWhqX3FOcWV4MmhTZ29DVnhrOWNtYzNzb0pRXzJKSnVVNHhHcVhKVUpQb0RXV0NRUmN1WUFTQmIydnBSVHJhU2UyV2JwdDh1U0lIaExDR3dEeDdjV01ZV0lYXzVZdTNYUTVEaWc?oc=5,-0.7565,negative
2026-06-25,2026-06-25,COST,Shopify (SHOP) Stock After Recent Rebound Is The Current Price Still Justified - Yahoo Finance,Yahoo Finance,https://news.google.com/rss/articles/CBMinwFBVV95cUxNX1dfZzNCUkFUZEtNVkdJVHRSYzd4RldRMndRSy1tT3dac00yWEZOTlFpSnJrUFhyd3lWdUFBMFdWSGVnTE5PVzAyMEdVMzFaR2ptS2JRaHFiTDZKclBtVDJHcE5ldlZ4ZTlnZ1F1OGNUZ1owa1dRS2NyRExHLWstNVZMSGxaZ0VuWjFjSFZPOUwtTTZaYzdtVmtpX19UdzA?oc=5,0.4019,positive
2026-06-25,2026-06-25,COST,Taysha Gene Therapies stock tumbles on public offering pricing - Investing.com,Investing.com,https://news.google.com/rss/articles/CBMiwgFBVV95cUxNS1FEXzZQeVBleVJjQzF4MTVSNGJwVDlRdmlXbGxaLWdWSFhRLW51YU1MenI1Z1pLM19iSk9tLUJqN1VmTi1RTGVnVXd6YXVQSVpDYmFhYzNZWU42Y01QSjlISFFlcVdTVTRTdFFWakhsZDV2RDMya0w1WERKMlhHeWRLc1RXMVZnQUg5djI1d1VPZ1FZbDA3Nmt0OTZtaVc0Z1J1bjRUa2l2WFJsRGJmSlRTbTR1SXVtSzJOOGxhemhEQQ?oc=5,0.0,neutral
2026-06-25,2026-06-25,COST,Journey Medical (DERM) Stock Draws Fresh Price Target Split After Fortress Valuation Changes - Yahoo Finance,Yahoo Finance,https://news.google.com/rss/articles/CBMingFBVV95cUxOS0drb2N0b0xKQ3F1U3BVelBTN1h3SENMSUR5Ry1pbVZKdGxEY0JiMlEzeHB5WnIyMGstbEptLXNFWUpwT0xld0lyMHdMamxCVWNDblp1ZzR2SnA4NVA1MlhnV1lSMlR3a2N0MFZCdFBoeUVpYnNLeHNNY0VzYUduUW9tMGxBeS1WaFVyU0g4QUpZN2Iyd01sOVJQclJ6QQ?oc=5,0.3182,positive
2026-06-25,2026-06-25,COST,Lockheed Martin (LMT) Stock Draws Fresh Price Target Split After Sector Recovery Doubts - Yahoo Finance,Yahoo Finance,https://news.google.com/rss/articles/CBMinAFBVV95cUxQb1VZczM1d3kzNWhEUndtLUlZWmhQMU1EMVhfTUJQNFZBVEExRzVOQnl5R09pQXVObW5CRFZ4WGRvWXh3VWZONDdBU3JQQjdIRWR6OEhsUEcwX21HWHY4LWREUFlLQkJva3hjSURaRnhWSmVjSGwzRTZVR2tNQTB4Z29oRVlJOW1xSnZJZmNBMkZpU0E1aE5iZGt5NVY?oc=5,0.0258,neutral
2026-06-25,2026-06-25,COST,Ocugen (OCGN) Stock Draws Fresh Price Target Split After Cautious Analyst View - Yahoo Finance,Yahoo Finance,https://news.google.com/rss/articles/CBMimgFBVV95cUxPZkZEMHNDQ0JmTnZmR1c4dnFtRUloQzhLNkFxclh2OWR2Y21MMnhoMWcyUjY0UEN4dFQwamMzcG1wMVp5blprWHl0MU1mSzQxdFpsVC1qRVhnQnh3MnlTYmtPRzBncjBkaGZVV2kycVZsVG5KZjBjNmgyNXdySS03Uk40bVZibWxMMFlsQnhxeURiV0tOTGhnQmRB?oc=5,0.2263,positive
2026-06-25,2026-06-25,COST,"Baird raises Micron stock price target to $1,280 on DRAM outlook - Investing.com",Investing.com,https://news.google.com/rss/articles/CBMivwFBVV95cUxQRHQtbm9rUGI1SkNxMlo1UkxZVnZpSHhKeHhMNi1LNWJDRzVaNF9mODhkZkNfemViUUtKcC1RX2djTnFIZmllU2VmSE9KejBGRmtoekV0VHJjN0huWm83MENaRHlTVkxqTGdDSWNsT29hLWFOTVlvbTJWNXlvZ1dfOGxvcVAtSDVrS1hvclJhN0liUklSbEFDbnUyX3NOUk1GekkwY3hQejZyaGdTa2N0OVlYc3VJcmxxVXNCcWhmYw?oc=5,0.0,neutral
2026-06-25,2026-06-25,COST,MKC Stock Pops Premarket: McCormick CEO Highlights Margin Strength In Tough Cost Environment - Stocktwits,Stocktwits,https://news.google.com/rss/articles/CBMiyAFBVV95cUxPRVk2V25NNHo1QnI3MUtWdDdlRXluYkhiVGNkcFRxblplTEpSRVJqNkFkTk8zYmFLT0J4bUlmQlZQa0tyVmNCR21OckRfaE5qYXJDV1g5TG04Z0gtRmdyTF80ZWNTZFJ1SVA5cDhxamh3aTZnS2paNVFVNVdhSzJPaU5Ob0hVZndBekxEalRheHZDc1N5aDdVYk5pZTlSNmZneEhXS3prdzBFMzh5XzhVczVCWFhfdmN0eENIMEtUcXhVeXVFY2hPZQ?oc=5,0.4019,positive
2026-06-25,2026-06-26,COST,"Apple stock gets slammed on bigger Mac, iPad price hikes. Why it can weather the storm - CNBC",CNBC,https://news.google.com/rss/articles/CBMivgFBVV95cUxPWkM0N2FBSW4wRVhLNHd5aEpsX3c2YWR5OGRac2psVjVTdmswUDNIZFh3alhmREpHTEFWNC1CWVVxd2ZGSVBaSWJzbkVBaHhEVkdYNnZyaGtWVzBwWl9UYjRUN0xIbGlsOTFTVUp5bEZVOEp1Y3A3endtVmwyYmFSMXppYXZQcnJ0Wk5sQ3dqMlN4VVlsUTZfUzNvdDgtMUxaeDkzQUlyQW5iQkwzOTFsLU9TTUkzamNha2ZmVmhB?oc=5,0.0,neutral
2026-06-25,2026-06-26,COST,Stock market spoiler: Apple's price hikes erase Micron's post-earnings tech rally - Business Insider,Business Insider,https://news.google.com/rss/articles/CBMiogFBVV95cUxNZVhNTFl5QXVuTmw3MWdyMkpvdUU0YjRFQk9SLV96ZTMzR0F0ZElMZG5lZDNLLWgzekJETVdXaFpwcWhfdlF0UHI1RGR4dzFTREM4YzU0Z1Q5aWc1WHhJMTZ2QzNPS05SWXFhNGdLZlo0WUFmVk4yU0RsbV9KQ0xVMXdER2NNVUZTUnBuR1hTZC1xSFVaUUpzYl9ZQm5NRE5CeUE?oc=5,0.0,neutral
2026-06-25,2026-06-26,COST,Apple posts worst day in over a year after MacBook and iPad price hikes - CNBC,CNBC,https://news.google.com/rss/articles/CBMifkFVX3lxTE9PQWNjd1VSOTJWMmE3V1ZoMHNGQlJNM1lObTZjQ1phUGxhRk1QVVNGcXNFRGt0WE5naWlzVUVybUhHVzFneTZDQkZwc3NRODBrNW1YSnFQTHU4TUY0MmdqV0pOY0RMVHp0d0p1Y2tkUk5pd210RUZneXFFRUJwd9IBgwFBVV95cUxNZ3RIS1IxejdKOW1RRmJBak1fQ1lUWVVEdDRSbDNybG5WLVZvdmxROG1tWVI4Y1VkYWV0VTRqQmtYRGxER0d2UHVJR0NwOUFNc2wzZmtYS1dVTFRDaG03bVowZkRoNEllMF95ZllLQmpackRudEpOQjBUYkROVDFqSXBpZw?oc=5,-0.6249,negative
2026-06-25,2026-06-26,COST,"Apple (AAPL) Stock Trades Down, Here Is Why - Yahoo Finance",Yahoo Finance,https://news.google.com/rss/articles/CBMimAFBVV95cUxPcEt6LWdTaFF5cVhXWlpOWmYxdXR1Y1FOeXdpc3ZvZ3JYaG9UOGVKOHhZR29hTmY2ejNNSGlVUUYzeEZYZlptNGtoaVRzdE5aTnlqVVY4ZkFqdWVNRWpsck96MmhUTExpU2JxN013SWZERER2MWkwMldSVTNWUDBaTGFiOXZxZ1JYSmhBQXZjYVA4Q3h4ZXJVeA?oc=5,0.0,neutral
2026-06-25,2026-06-26,COST,Coca-Cola (KO) Stock After 19% Year Loss Is The Current Price Justified? - Yahoo Finance,Yahoo Finance,https://news.google.com/rss/articles/CBMijwFBVV95cUxQY2NxMl9zM2duZ2dTODVJTTNjSWtlTlN0bVRsYWF1YmRtcDBxSVhObG1BNnhMaWhOX0RBWUZFT3VMVDVRM2lSd01tRUdwNzc2NGN3R0FuWHFnSjVKUWFNTFBFNW80Yl9TbWkwcHkwZlV0bFdtcGxIWHFpUU5Cb2VsUmVhMmZUTElGeVBYMFpwMA?oc=5,0.1027,positive
2026-06-25,2026-06-26,COST,"Apple stock plunges after raising prices on MacBooks, iPads amid global memory crisis - Yahoo Finance",Yahoo Finance,https://news.google.com/rss/articles/CBMi3AFBVV95cUxNOWh6eWd0QVBSUjlFMjNlQzZmc1gwQ01IbjFLYjcwalRDZFgwa2t2RllBUDdGTDJCSnJ4bzdQT3RVWEFaVmp0eGFDODdrZVhGUDlVRmZVUzBwOXZyUVcwOHlGTHhZZ3pHbHA3VUhmMWNRQmFEWmN0T1hMY0JDZHUtUHJwWXUwQms4bHdwM0dkbUJyNmNDZ0JnanhzQWpEZjRoZDUtSHdSM3pVMmRkX2ozR2otZWJuaXVwZGtwN1dqZTVDanI4ZXlCaFBEc3JnYVhNdnh1ZjdLU192dFpO?oc=5,-0.6249,negative
2026-06-25,2026-06-26,COST,Hewlett Packard Enterprise (HPE) Stock After Triple-Digit Rally Is The Price Still Sensible - Yahoo Finance,Yahoo Finance,https://news.google.com/rss/articles/CBMiowFBVV95cUxNeGNCT0NIbC1TeWd5MjZObkFHaUZLd3lJOWh4TEJyOEJWYWJ0UlhYR1I4N3V0N2hKVjV1VWtFcE9ZRXZPajJULVdwU084QXR5VWVDa25UVHFZdmk0VjFBLXVVUDE4dzVDWlJTbk9OMnJrREo1djdZNzNkSFkxckhqRG9oNzNMU0ZFdzFVaDUtZE9LMkJWcmJvWS0xekRjNC1lUVBZ?oc=5,0.0,neutral
2026-06-25,2026-06-26,COST,Director at Costco (COST) sells 885 shares at about $957 each - Stock Titan,Stock Titan,https://news.google.com/rss/articles/CBMiuwFBVV95cUxOTzVFZEdHNXQ1Sk1Wd1BwVWczQmhZNTJJOVhWZ3ZGZEJZdEoyOHkzQVpDRjF5TlYxbmlUVUJCTUQ0Z3R6M0xhMEpiNHRiU1dyVktkaE9KUXZULXdzTkRyZ2lNbnNzSHpQdU5JaFlzOXZXaTlZcmZwY0dod0U4cVhHTmRDOVUxSFo5OWFldXZpWjBvcE5mbm5ITEl0RUtuLUUyTnBsZXM0UjFmNzZPclQxVjNjN1Itc2tIRzJj?oc=5,0.296,positive
2026-06-25,2026-06-29,COST,Stock Market Under the Trump Administration: What is Driving Markets in 2026? - U.S. Bank,U.S. Bank,https://news.google.com/rss/articles/CBMingFBVV95cUxPcUowVHR1VXAzd0Zfamw1MkVSejFsRGo1bkdGdHhjNVBZVFdwU3VpcE5neGJOeWl6RmdQVkFsYlcxNEVTRGg3WHNYSGR1d1BpTjV4T2NqdWdER3ZtQ0RVbU40WTcyRXRaTEM5bFZteVlYNE5EYkM1M1BaR0lYTGlUeFlTeDhVMzRaWFFqZEZhcGc3RFJoZy1qZy1mTGViQQ?oc=5,0.0,neutral
2026-06-26,2026-06-26,COST,symbol__ Stock Quote Price and Forecast - CNN,CNN,https://news.google.com/rss/articles/CBMiUEFVX3lxTE8zNEhyUXQydlRkY0sxQ1QwVVMtbjBTMVUyM04tTjE5MGFBc1loa0VkczAwdkRDdnVUREpfdmlsb294aHFRSFVUOWxlMnBwcm5F?oc=5,0.0,neutral
2026-06-26,2026-06-26,COST,"Stocks slip as Apple price hikes fan tech jitters, oil slides - Reuters",Reuters,https://news.google.com/rss/articles/CBMigwFBVV95cUxOQ3plX1VFX3pHcHl4UU1KTVJQbE9QSjdINDd3MGRIZU1JQlhkS19CRl9zbnVKWGpyN0ZBMEZsS1BUSzlMVHJlUFotX09QN3FXeFQyS3dtUlVaYmh3dm54QkQ0VTNMWlRoTjVURXVsMEdZTEpQU1d1YWF0amVsMjRKdHlncw?oc=5,0.3182,positive
2026-06-26,2026-06-26,COST,Veteran Bank Cuts Microsoft Stock Price Target on AI Spending Concerns - Yahoo Finance,Yahoo Finance,https://news.google.com/rss/articles/CBMingFBVV95cUxOM05ZWkRYU3NWbDEzUGN6WXM3TnJPWXRmb0V0d0xUOWtTNVlrc3pVRUVyNmx5QmhrYXg1MmhGUGd5Y1piNDRKMmw3Y3pnYWpHSU8tSWowZ25IMGZqc19qRG9jd1BUNzB6TVlUVTdSX3ExTTJKX3Jfa29haDZrQzJjcktBQXFEc1F0bGNyNGN2dDRSdmNqMXZmdVlVWGRYdw?oc=5,-0.296,negative
2026-06-26,2026-06-26,COST,Oracle Stock Testing Price Floor – Buy Now? - Trefis,Trefis,https://news.google.com/rss/articles/CBMipgFBVV95cUxPbFhyTXVrblc5RmRrdXV2S2pFLTNQc0V4U0o0ZmEzTUNCY2g5UER6eVdwRUNQY1lPS2dJM24zcUZ5cENJUGllTklKM2FtTnZLRmxUNWNUeERDbGc0WUg3UV85all6TjU5OG84ZUxZa1dwMi1xQndBRnJoYVd6dWQ4c2VNU0MyUXNSNUN3ckpyZ1VTd1RQQTVCQ19HbkoxWWdybjJDdHFn?oc=5,0.0,neutral
2026-06-26,2026-06-26,COST,Bitcoin Whale In Dash For Cash As Preferred Stock Crashes - Investor's Business Daily,Investor's Business Daily,https://news.google.com/rss/articles/CBMioAFBVV95cUxOdGJnUFg4d1pMMnFiUDc4UjNqOUxnRVVNY2hrUHhTc092MzlfUnlYMHdVVWdqRUhQc3RUT1JjRDV3OHpMcUJTbWloemRUdV81RmE2YlQ4b3dPREhvTXZSMUpfX2hWVndycDFDNWpwcXFieE4wQ1FMZ243UXVicnZubllqYWVxT2xDSmVpbXVGSldtbGo4WE1DQTR4VVFsV0N0?oc=5,0.0,neutral
2026-06-26,2026-06-26,COST,Apple stock falls on MacBook and iPad price hikes - qz.com,qz.com,https://news.google.com/rss/articles/CBMiekFVX3lxTFBUUWFZUVNEdG9ldUhUNTNlUjZEUzhZZ2lvQ3c3dmNrUUhhUjk3d2R0SUVEd2N6SDJIMEtxT0JYQ09aRGRoVmJBQ1ItYVJkb0R4V1BMWFZBcEpnOS1uc3BmYXFZbjViN1lMMUNYN01UdHdrOFFwdFNHTDJB?oc=5,0.0,neutral
2026-06-26,2026-06-26,COST,All eyes on Strategy's June 30 ex-dividend date and monthly STRC dividend rate reset - CoinDesk,CoinDesk,https://news.google.com/rss/articles/CBMixwFBVV95cUxNRFpyWUEzTHowNnR6YVhxYm9PZVY5YVo0elhhblV2R1hDMWthN183ZWlJVUNnZFpYeGw4WVk1LUJVeW1rVTVxclFsZ3o4eTFoRFhJbTBRZ3BqSnlYNVFjLVhPemdXNVhWNWtNTEg0c1ZxNzBGSUVwc0xtdXpKbl9aMVhXSGYwek9VTEg2S3ViTjhYM3RCVlg0SXhfdUR3RTJfd1MtX2hJeW5Odmw1RmZIU2FNWGJsaVVkbk9JaEJhSHNtMFUzTjhV?oc=5,0.0,neutral
2026-06-26,2026-06-26,COST,Rivian Automotive (RIVN) Following R2 Cost Narrative Looks Undervalued - simplywall.st,simplywall.st,https://news.google.com/rss/articles/CBMi1gFBVV95cUxQNThZdzNfSURzZUgyQ1JPeXhWWFJpQy1kT28xOGc0b1c5YXU0eWtJM1ZWQmhkWndFYlZ5bEJOcVIxSjdzV2RGeDVzUUZkVzFLaDNNUXRzbXlHTFJYd2JFTzBCUl9nQUNDRnJEZkJlaG9nc0QxTmtSSG1oS0ZYMU9NalpDQjBKbVVodUFXb3RjMUQ4WnNmbGRvVG81LWVlM0tUeVdMZXZXdmRQeGtwMXREaXphWDJJR0xvdTlVLW9aOEd2MkJVblowR09yZjBBNXdWNkhFSkpR0gHbAUFVX3lxTE9jbFF3dkhRV2tOMHZQbkNRc2FuMkJNbHRMX2ZUbm8wVUxJeEEwbmtvSzFYNnllN0IyaTBWbmNpMTVGdTJITk1vOG12dklvbzl6eWtzRDNZMEVYanVMWXVWXy05UG5jQkpkZGpGcGh6SVVJQkJPR0FiS2k0NXFqLVlmRDdFWUtLNmNiWGd3TUtXUE1RSU1kSHNaOUd5clEtcnNPMEJfNzZSQlpsM1NhamhCellEMXV4SjBtREdSZVJTRHdyQVFyYTZZUjFkV21oVC1TRmFSb3V6ODBFSQ?oc=5,0.0,neutral
2026-06-26,2026-06-26,COST,RTX (RTX) Stock Near Fair Value After Strong Five-Year Share Price Gains - Yahoo Finance,Yahoo Finance,https://news.google.com/rss/articles/CBMikgFBVV95cUxOYlJZakNoYmRGVGVQQWVGZHdUUG80UEk1SGk2dHFNVzNqSV9nQnVQdXdzSTI0bV93UlFEb1MzWUZnczJqQlJheDFtMXRmVDJURzZacVV5Z18xZ2F4RzFVaDI4WS1yajBXZHgwaHh3N1JpWnBiTXlvWXplRmtsajVKaHBGSXlHOXo0YXktQlBibzRpdw?oc=5,0.891,positive
2026-06-26,2026-06-26,COST,AGNC Investment (AGNC) Stock Valuation After Recent 31% One-Year Share Price Gain - simplywall.st,simplywall.st,https://news.google.com/rss/articles/CBMi4gFBVV95cUxPdjFROEJPZ25kUU41VVd0NHRlYVhJOU5vM1JidGs0dVR2UElSYVJ6TTl1WUVoX2RSekN0RUhfTWNvaTAyVzR5MWFHMFhEWFhtWjRDNnZsWElZNll6T1pFOEx3TlR3dEl1Wl90eVB4SUNxNG94dVZpaWM2dUNfSUhzTmcydm1SRFNxeEJRMGVLZzNnVjNEalFhaVQ2bk9sR3Y5UU5hY25CbHJacFFCVEpzWlBMeEotempKeGZ6aFhYWV9aOGZnZzVFWUpkbGVINHh2NklDbHE4aG42RWNCSm5vNmFB0gHnAUFVX3lxTE5wVFdyNDdwZEM5bEphdnZuWnMzVE9iMlEzWE80OXd4SzZjOXZlMjRuNmdXVm84RGg4UXZPRXA3ckd6UFdTNkRpWG5qbGFvdEFDbWJQSXF6ZFJPX1dvY2dqS0RSX2V3QmtxTTN1N2pqWlNuZ2RxczNQRzR2OVc2M2VzSDNldUs0bHpLQ2p1MkR2S1BPQ1VhM0FURTJQUHg0cmlDdVFoNmdvcTJwQ2lRanFZTEMxeU1jNzJCdENsbElyNzZFTjV2UXBfX1F4UWNYTUt5SU5QR05RcllTSXRaN2t3MVdKcS1Paw?oc=5,0.6808,positive
2026-06-26,2026-06-26,COST,Tumbling AI stocks signal another day of turmoil for tech companies - CNBC,CNBC,https://news.google.com/rss/articles/CBMipAFBVV95cUxQbXZIbzRiVW5zSWRXMU1ibjBteUVXOHZ0VEJJQkRHS3VVeFBJU3RYU2gtQWt0MlcxYVVtZERyc3ZMekN1UE9oQVBjQjVOeEppM0JUdldqV0FJLXZkRm10V2R4aGx5YkRtTXo0T0s5ZzVLZFRHQWMwZ3dkdG9CQlRxZVlNZTYtUmZnSjlNRHZ6MnZ1LVE0c19hZ1Y0Tk1FcndLT3djc9IBqgFBVV95cUxPVW9PNi1JanFYb0t5d2J1Z1FmNl9ldlY0bE1faXEtNnZvbi1ES2FLYzEtZ2thZkxETU8yZkp4WUFjdGUxX3pCQkc0ejdtclVRclFqZG1xZGVjeDJTV0p6Z2RkNUhWX1V4QVJvVmdmRVJhYndmWWZLVkRxQzZXa0poMjdpb1NhY0NxY3QyYURUbHNJbWNkaWxoV191RFQxeURwRDc1ekhBbmo2QQ?oc=5,-0.3612,negative
2026-06-26,2026-06-26,COST,A. O. Smith (AOS) Stock After Recent Rebound Is The Market Pricing It Right - Yahoo Finance,Yahoo Finance,https://news.google.com/rss/articles/CBMikwFBVV95cUxOZExlWTVmRmhVNXFUekhURGVnUFpKOWZkTU5oV0tMeWNRNlAwRjdOZFU2bWtJd0EwOEF4c2ZBZHFwckg3MVJpUkg1d1BHWjFpX01BNUhCQkptdlhOeVlES3dkTzBRSmNnTUZtZ1JXTjRLemxKNjR0cHl2cnVheXQwT2NzcFBHVEh4WWp2UVlRbC1yb1U?oc=5,0.0,neutral
2026-06-26,2026-06-26,COST,Asia shares retreat as Apple price hikes rain on chip parade - The Mighty 790 KFGO,The Mighty 790 KFGO,https://news.google.com/rss/articles/CBMikgFBVV95cUxOM1JUeUtvWW1uN1dYWWF1Y3RFLXZCX1FKUkdBRUNpZ3BkLUhocFJmYXdzZm10T1V3RWVHbjVieEdadDI1WVJOSVFzSGRwTk04cEM1TWtaOVlfTmJWOVhsaDYwTEMzRkQzTlhRc0IzTkZEajdzSVRScXozTHRMMGdSSFAwZ3RfOHd0ODdIWlNmUkJDZw?oc=5,0.4588,positive
2026-06-26,2026-06-26,COST,U.S. chip stocks retreat after Apple price hikes stoke fears over AI trade - Investing.com,Investing.com,https://news.google.com/rss/articles/CBMiyAFBVV95cUxNRThZZ3NqdkhJeVNqcVA3QjNKRHI1UkZTa0JzWUFJTUZnUy1Gc1JFWXhUajNRZlVsMGNkazBaQmMtdVdvallkWmtXanFraE1CeFV1djhMWTZ2LVY1N0tjODJoYXJDODlXSm5rUnBWZnkyTHRMb3pWblc0RFlSa0VQelA2NFA5dy12WmprbUQ2ZkJPRHhDNjNsTkRsYXA2RlVEaFptS0w5LWtKQUpILWlZVGJ1UjV6RzhGWUtyVm1ERzRpVWNrNG9Xbw?oc=5,-0.25,negative
2026-06-26,2026-06-26,COST,Asian tech stocks tumble as Apple price hikes fuel memory cost concerns - Anadolu Ajansı,Anadolu Ajansı,https://news.google.com/rss/articles/CBMisgFBVV95cUxNTXh1Wlg5TVZLaURxMy1kNjNMZXVWOHdyTDZXcWREcVB1QXlwNUJjalpITmlUVEd1Sm9HV3FTQ0RnT2FRb3MyU0plYWNjMFJjc3cxbFZLcHd3R1VoZG5iSUlVMF9tcFpaQ2lTMGJQejVCdFNWdWtlSWdwbE9IZnZIMDcwT1RrY0JIb0VoMm9JYVQwNGhESVJRazFKdkRLNkphbjZsaU9VNHB1RUIyWEVBNzJn?oc=5,0.0,neutral
2026-06-26,2026-06-26,COST,Semi-Conductor Stocks Decline Amid Pricing Concerns and IPO Dela - GuruFocus,GuruFocus,https://news.google.com/rss/articles/CBMipwFBVV95cUxOaFJ4Z2t4dWxqbnlWUDBRakk5WjRsX2o2V0JxcUx4UV9rTkhpUWFFVDB5NmpYMkY2dDBrWFdBbmRCVy0tX3VIVVViUGF6TXk0UGh5eTl3TTdraU80bjBRRmJVblFkdjhZalJYZjZLdzRPWnNLQ3dYdlFRMFZySkNFNzhES3doMlJRZElPSm91dVJZWFNzX1R3Z2Q3NFV4dDZRR3YyVlFzMA?oc=5,0.0,neutral
2026-06-26,2026-06-29,COST,Best commission-free stock trading and investing apps of 2026 - CNBC,CNBC,https://news.google.com/rss/articles/CBMib0FVX3lxTE5FOVlrc0Fjc3BCZE9BV29KUUQxcW1jVlB0OWJkMVZiM0d2RUtzT2pycHc3a3lLdERacXIwTW9oU19YMjdva2lZVmtRZm8tbGw1dUFCUjZlWXVYbnpGOXExUjl6YTk5OHFiRzRPNGRBb9IBdEFVX3lxTE1KLV9SdHMwRHdSUDlnVGMyMWN5Rm1GQXFvd1JXUHpxWk8tWC1lSXRIc2poQm5lbFFlWUFvNW1hTDJTNVdlaUttLUkzanRrLVhDSUhVckFBeGtJOW1TYzVsenVYOFA2YnN0cVlOUmFJakQ5Snhp?oc=5,0.6369,positive
2026-06-27,2026-06-29,COST,Is Saab Stock a Buy After Its Recent Share Price Weakness? - Morningstar,Morningstar,https://news.google.com/rss/articles/CBMioAFBVV95cUxNajNWMzc4bmViNFU5N0p2dlF3WUkyUk53OUV1RmFnc01WcFQ0X0R5NmZjZGxlbGNrcWdWRUVVbmdvdkdaVjBNZDhCclNsblJGeEpjOFAzU0FReGdZZmpVZmtHLWhUc2FWZWJvNnAzQTRja09rdWpaU1l6cDNjbkVFNkZ5RDd3TDAyeEctalVPUTZKM1M0bW5NWDY5RHc0RERK?oc=5,-0.1531,negative
2026-06-28,2026-06-29,COST,Should You Buy Costco Wholesale Corporation (COST)’s Shares? - Yahoo Finance,Yahoo Finance,https://news.google.com/rss/articles/CBMipAFBVV95cUxPQW5CR2xkVjBhdjNLeUV2Mjh4QTc0QnJtYXFYTzFZSWY0Y2hfYWREVjhNV05rdU95UU9lWHFVTFBGaG15ejhqM194a0g2MTI3V0d4RzliMmNodmM3czB1ckJKNFZGX3c4c2lUTldoQnA5U18xMWFwX1JISUcyR1BoaGRCNXBSbmhERTJHUl9Vekg1ZGVudUxuQU9fTncxelBQaXA0SA?oc=5,0.296,positive
2026-06-28,2026-06-29,COST,AAPL Stock Quote Price and Forecast - CNN,CNN,https://news.google.com/rss/articles/CBMiUEFVX3lxTE00U3JoRzhkckt5aVFxb1NVNnBndWhrcDM5N0NqUzZGUk8xQk04OF9jVWRULXh2RmlJaGpTS1FJWEREaUlNUnhfSHk2cm53NllX?oc=5,0.0,neutral
2026-06-28,2026-06-29,COST,"You Can Buy 1 Share of Costco for Less Than $1,000 Right Now. Here's Why the Price Could Go Up by the End of 2030. - Yahoo Finance",Yahoo Finance,https://news.google.com/rss/articles/CBMikgFBVV95cUxQeDNtUmZMMTZ3M1VmbEVkSXA2X2V5dlZNcW5DczJwRE1ENUVpYUNEcERsc3RXTFhOY0VLb2lWMDdmeUFYTmpTbUpabDRzME8yZHNOMmZTR1hZZmN0Y0dkNXZaRW5OaF9pZzE5X3hmbVRqN3VRdmtjT2NpVXRPSW1wM1dONjlZRkxYaDhfZTFOSERrZw?oc=5,0.296,positive
2026-06-28,2026-06-29,COST,Citi Resumes Coverage of Costco (COST) - Yahoo Finance,Yahoo Finance,https://news.google.com/rss/articles/CBMinwFBVV95cUxOSGFYS3JmZTkydUl0ZmxnMXlHR3lTcDQ0V0k1X0pxMFFTVkJmQmcyTmo4WExoa0N2RG5Wazg0MmxMS1ZPTWo3eTZBYmI1UWFxNkNnNk5QZmhzanJUblduYnBWdzZGeWIzYUdySThKeHNvUVZoSE81WEUzX09mRmtPN0wtbEZadl9uRkgydmtOMXRadEUyQ1RWZlFKZndJc1E?oc=5,0.0,neutral
2026-06-28,2026-06-30,COST,'We don't view this as a bubble' that will pop soon: Wall Street weighs surging AI costs on stock market rally - Yahoo Finance,Yahoo Finance,https://news.google.com/rss/articles/CBMi9gFBVV95cUxNRlRHcUhPM1FMU2YzcWNSOVRzcXQ2YllEUlZpQ2ExR0JITTZMeHB2TmJoUkMzUzRuWHl6QTAwZkV2ZlQtNVhQTnVWUksxLXN6WXYyM2FhM0Vjb0FIalZUMmY3b0lxVHNWVnpEQUtoMXFKTkNUNGpOX2tJdE1VMmFxbkFIWm85bzlVM3dLOTVxTWJPQmhaTC0wXzVVN2V4SXZwRFZYRDJ4Q1ZvN2tPaVNwblJNWmxsOGdlZ01qVFZMUmNLM0JKUWxmZFM4Sm1nLTNjT2lBeURIeUtrSEFVOE5wSFVTNHZCcTVVRndhVXRrRk5NYW4yZnc?oc=5,0.0,neutral
2026-06-29,2026-06-29,COST,AMZN Stock Quote Price and Forecast - CNN,CNN,https://news.google.com/rss/articles/CBMiUEFVX3lxTE0tdHJKMDN3STJwc2Y4eFFtWHI0VkFfWFhrWk56MGRaNXlLTDFXeDRqdmJBc2UyZno1MlRMZ1NFdFhsZUFoMWNSMEJpZHBHTlhz?oc=5,0.0,neutral
2026-06-29,2026-06-29,COST,'We don't view this as a bubble' that will pop soon: Wall Street weighs surging AI costs on stock market rally - Yahoo Finance,Yahoo Finance,https://news.google.com/rss/articles/CBMi9gFBVV95cUxNRlRHcUhPM1FMU2YzcWNSOVRzcXQ2YllEUlZpQ2ExR0JITTZMeHB2TmJoUkMzUzRuWHl6QTAwZkV2ZlQtNVhQTnVWUksxLXN6WXYyM2FhM0Vjb0FIalZUMmY3b0lxVHNWVnpEQUtoMXFKTkNUNGpOX2tJdE1VMmFxbkFIWm85bzlVM3dLOTVxTWJPQmhaTC0wXzVVN2V4SXZwRFZYRDJ4Q1ZvN2tPaVNwblJNWmxsOGdlZ01qVFZMUmNLM0JKUWxmZFM4Sm1nLTNjT2lBeURIeUtrSEFVOE5wSFVTNHZCcTVVRndhVXRrRk5NYW4yZnc?oc=5,0.0,neutral
2026-06-29,2026-06-29,COST,"Amazon Stock Steadies After Prime Day Data, Cloud Price Increase - Investor's Business Daily",Investor's Business Daily,https://news.google.com/rss/articles/CBMikgFBVV95cUxPS0d1N0FldnNuR2xlNEFqMWd1MnRLcDY3eElfOWV5VEJJSjJhTThJalJUWjBrbFcwYVY0TnBlTldYc1JiajNUb21TYXFPVVg1MW9vVnpSZTNQdnVNbDVRcVl3aFBkc1BJbnYybE1EeThKR0NpajhxaVBkZzRaVEQ4ZGFzNkIycEN1UXJXa1E5OFg3UQ?oc=5,0.4588,positive
2026-06-29,2026-06-29,COST,"Occidental's new CEO tested by debt, lagging stock price and big dividend payments to Berkshire - Reuters",Reuters,https://news.google.com/rss/articles/CBMizAFBVV95cUxQVTNPa08xQWdoa25jbDgzQUZPbnlrZUJjeW5oRks5WWtLVnkzcTlVV3Jjcld1aGlwcXFkaGhnNnA1QzN2bE9XWURaTzhTbW45bldvMkJZUHdzT1VicGVaX1Z2VlpKb2xKMERidjQ5V1hnV0t2ZFg0T2Q5VmtGeDhheTlyMjFqY0JzbE9yUDBVWEJwYnFSNTBBSkJNU04wNDFIQVlBXzZpRHlFcGM5ZF80Y0hXNGpUTEx2R2ZyUjZyV2Uzb3d2b2tfbFZGVlY?oc=5,-0.5574,negative
2026-06-29,2026-06-29,COST,Walmart vs Costco: This Is The Better Stock To Buy - 24/7 Wall St.,24/7 Wall St.,https://news.google.com/rss/articles/CBMimAFBVV95cUxOV1RIQUlERllBYUpydmRsN29xTzJnQ1hXUl82TDJ6LU9LVXFhbE1jYU5Pc2Fxc3ozcUpld0RfM1ZfdzRfdHAxMWMzSjhBVmdmcnZ0bWFaYU9yVnJJV0lNdzE0eVFJRFNfNFhNLXllSlJiTF9LNmg1RmVtbS10bjk2R0NZc1hhWkJtNlg5TjFDcUpoV21mSnFVXw?oc=5,0.4404,positive
2026-06-29,2026-06-29,COST,UBS raises Marvell stock price target on expanding CXL opportunity - Investing.com,Investing.com,https://news.google.com/rss/articles/CBMixAFBVV95cUxNY0otc1pvVHo2dGJzRlRHTjdvLVlRaDZMakgwbDFsX0JsNnd5QnB2T3lwbm9hZW9uS0dXMkRmeU9DYzZpcENSbjJJMnBCOEREakZUeUt2SVBpSFhtRXJDaW1xcWpsYkloNV81M3F0UVU5SklscHJwcDZPY1ViLTVjYTcwLXd0NlBMU3lyZ1RmU2d4M0VPbVBQdTltYzdBbU43SjhWTFdGVE5hblFoRE55RG0tdnFHUUJ4YU1JS21CdFdhZFNL?oc=5,0.4215,positive
2026-06-29,2026-06-29,COST,Is Apple’s Latest Plunge the Canary in the Coal Mine for Tech Stocks? - MarketBeat,MarketBeat,https://news.google.com/rss/articles/CBMipwFBVV95cUxOcHJLNnlXenFQN1c3YVBuNWlUR0d3Q0pRRDN2OU5rT2IxUUgxeEg1S2lyNE9yOXVHeFNnWFR3VVBNRzBudzg3OG5wS1QtSGpCaDFxUHhUNmRyRFozWGFHQ0dZOUVLYWhsYmVGa0dYd0I0YjRvcklJOWRyV0N2Y0h1aUNya3pTejhOaEcxVWtiR0RfMTU1YjNGTWtwM251QjB6MmVJcE82NA?oc=5,0.0,neutral
2026-06-29,2026-06-29,COST,Is Dow (DOW) A Bargain As Cost Cuts Shape Its Fair Value Story? - simplywall.st,simplywall.st,https://news.google.com/rss/articles/CBMivAFBVV95cUxPWXI3NmdLc2hOYjVzYkp2eFo1Ri1YNnIxS3JqVnF3VmczTHJTUWxjSG5oZVFlYVdCbmpLbTk0TjE1aGhSZFllZHotS2hfY0kwUlptaWlURjBQcjdRYm1OeVpGRkUtRFRRSnRsQXJIQTZaTU5mbmE3Qlo4UmNpUmJVYTFSbmpzczJNYXlqT2tTVGd0M1FYYlk5ZVU1U0pIcUZoejZuR1VkdDEtUEdVbDlWdGVkTTJzdGhXVlNJVtIBwgFBVV95cUxPeHJER3JIeWpDMkFpcHpLZUxrOEg4SGZ3bVpEZ3BWc2ZUaWMtdmFTamZIOHpPODlWS3ZadVNhUjVaYXdGRFF2TkI4RGRfVXdpelFlNU5URURQcHhXSjlDQnNzSTdQSWpfM2YyOHV3MUNBclNfcldSbGl3Rms2eWVQV3VadXoxZTRpdHFOOUE0UG9yMG9NcHUwNXBoZUpmVnFrby1lRGFzcGpIRlN6Z1U3MVd3ZmZJN3BfM3ltQzVUS2Z3dw?oc=5,0.5106,positive
2026-06-29,2026-06-29,COST,"Strategy (NASDAQ: MSTR), Alibaba (NYSE: BABA), And Nike (NYSE: NKE) Stock Price Hit 52-Week Lows - foreignpolicyjournal.com",foreignpolicyjournal.com,https://news.google.com/rss/articles/CBMizwFBVV95cUxQazJ0dUFWd241eThxYzAyTXFpd0Q2anZwRy1NVWR5RUF2NHlMckRaZW9vS0tqbEdKTWJOQURhaC1JQ1BaUlhQc1F6YS0yOUZzWEF5NVVpaTZTaGdaQmdsT3ZsSHJ3bTlxLXp4S3M0cFhWV3IyOUlYeVZQamNCUDJyVWh5M1IwRkdzNHdlNXIzWExTUnJvTXNrTHNZMmZKTWEzVmQyTHBidXQydHhMR3NzbThINFNjdjFpdkVGY3Zxelk3X0hzbml1eGhVcVhvVGs?oc=5,-0.2023,negative
2026-06-29,2026-06-29,COST,Asia shares choppy as South Korea chip push steadies sentiment; Iran truce in focus - Reuters,Reuters,https://news.google.com/rss/articles/CBMiugFBVV95cUxOSkdzTjRhWXJHYlExaGNxZUF6cGxORnpJSUVyYkpMMWFSeXI2dk5sZHNBSWI3c1RoR01tZk9QMFNDVHNhcUprUjVtZ1dOeHFTajU5NkxRcnVxUHpMTUFhaU1GSzUtNnhDUHpaRHlHUm42blpPNXF0NlNtbmhoMDRraGN5bTl0WVJZbnZTMWVDUm1rQzA4SVNBYmNkOFY0UnBWR2hpN1NyYUNySF9YQTZ4c1hEY2F0SW00TUE?oc=5,0.296,positive
2026-06-29,2026-06-29,COST,Nvidia Stock Price Prediction: 95% of Analysts Stay Bullish - 24/7 Wall St.,24/7 Wall St.,https://news.google.com/rss/articles/CBMiowFBVV95cUxOYWRzd0FmTG9tcFZhZi1MS29pYjdDOVE4WmxXNXRRRG1FYkh4U2dTOWhpbjROU1A4bGxMZmgydUUyNy1yc0xqbjBYcUNmQVkwcDhHVXE5cDRVeXZ4RFhUT2gwMm9sdlVrSGl1Q29Yd29Cc2t3N0VsRTNkVlZnMWl2NXJ5N09WZmpwR1JYd2U0NVFLN0JkQjNkal9uQnVadVhZMHZZ?oc=5,0.0,neutral
2026-06-29,2026-06-29,COST,Mizuho raises Qualcomm stock price target on data center growth - Investing.com,Investing.com,https://news.google.com/rss/articles/CBMiwAFBVV95cUxPbnBobnprQ0dOVjBPMzZWZUlvck11M0JMMm9lVWpPOUh6aHc3aVpaT25aMGdCdTFmYk9ja2lObXRJNXZGazdoSU9zMXpQUmRLY3VCeFdPT2VhSUpuMjNqNzlON0FMSUlYMUk0Tk80dnc1SnNJMDF2UkVIM1ZpQTUxOEo2NWhfZDFSbjR2TlZHWWs0TFl1RG5nLUc5Y00tWlg1VjctTXZmQU5YcHhjQXRZTUctYk5PbXdVLWpTTDh2YUc?oc=5,0.3818,positive
2026-06-29,2026-06-29,COST,Moelis (MC) Stock After 7.7% One-Year Gain Is The Price Still Reasonable - simplywall.st,simplywall.st,https://news.google.com/rss/articles/CBMi0AFBVV95cUxOWGtRM0VkYnozRVFQX0tyamNxUFY3alBoNVRQTVY4UGNRSDh2WENabWdjZmZUMWFJcDVLcjFSNXdLODcwbkh2a2pSWGdJLXc0c2I2NVU0SnN5WFdwSlhueHdRaTcycDlMdER3bnRNbEFLNjNzSmd6VnVURFlyQ0oyRk9UOGlPRHNka0R3cjBrTlVJd3l2a1ozd0dRQXR5b0kxUG00TmpxbVU0eE8wRVZ0Nm1LV3FRNWNIV3RJbTd3RGU1TGF2Yk9kalRva3FQaGtH0gHWAUFVX3lxTE01VU5RcjQtcDFHdi1pYjI5ZC16MG4yVmpVcjBPbEVfX25BcGtxbzFjNEQ1bXFKMW9yLXZnVUxrajBubW05UGlleXZMX09mUmFDRGZmQjBpWG53N1FmZU1Qa25tcFZtWldPSkI4eGJOMlRhZDRxY0FmOHZGb003c1hhd09oSk5TRnBBSFFhSzlMWXMwOG5hc0NnNTN6YWJIQ3RlLUxYdzVUVUthcHotdlI2TWhXeXFScmJLek9BU0o2ZWVJNXFMZms1TGtKWUNtVmg2UjFWT1E?oc=5,0.5267,positive
2026-06-29,2026-06-29,COST,Creative Realities stock tumbles on public offering pricing - Investing.com,Investing.com,https://news.google.com/rss/articles/CBMivgFBVV95cUxOMUxGTzR0ejl2Q1RzNzZWMWhYMEd2Q1ljUGVpMm1DejRvS3lTcFB4U3VHQlJWNE9PZm1yOGs1eG5hYmpSMFRIcnVydDZicFhUdVJJRkdlbDBCMG5rNnZzX0x0RHVXMC0xRVNXZVJNSHRRRGtyY1hZc3A0SXZRRWVpUFBnWmZzM2FzZkpmRWprMXVXRHJEQ01BV3RONUNueFVJbmt5alBMaVl6RU9zMmZvVUhyYUwwMFo4SjJFUVhB?oc=5,0.4404,positive
2026-06-29,2026-06-29,COST,Sony Stock And 2 Consumer Electronics Names Facing AI Cost Pressure - simplywall.st,simplywall.st,https://news.google.com/rss/articles/CBMi5AFBVV95cUxQUC14VkZ3MXcyYXV0R2VDQnJfOU1OU3o1aTdUbDNzR1JCTnpNbUxGNkg4N2RBY01jbnFublpibmFjLXJTX2dLV2tTaDYwRjAtM2p4QUpuTjdJZVdIeVdINi1yU2ZVUnhxODdPSUFWamI4SHVKdjk0TUJDSVJHRzVyOEZFT1l3bm42cE80cjMxWGVlZVlkaUlZdTNzM0tIOTlwWkpqZGhzMEgyR0NuU0xJNDZvbEkzVE1ublNuREtsQTBPM3ZxQ3NGbHYweVZuc3RKb25hd3hxOG9QNTUzNUtab0Y3RDDSAeoBQVVfeXFMUFZVc0ZtNzdjdWVxSEZjczY0enpOM253b3I5cm84LVptblpEQUdUNzlvRjdpUzVaZWVzcm55V0Jqa0lteGdNdTFMTGUtMGFRNW02M2NGRWZEQk9ac2ZsUGVveUxPaVhZN2gyOUtaTUg2dk5GaE9NV2tpbjZIamZPTmwwa2JOQ1BsVk5vTnF6c25QUl9QTlFPNVV6MThQeXJwMFlSZDJpRGVYcE1sZ1M0QlRFY1JXb0VJMHdoMDlmOHl4WkVFX0hXbmU4NFQyZWp4RVE1cnk5Tlo0S096Q1hLOExVa01XLVd4QnBn?oc=5,-0.296,negative
2026-06-29,2026-06-29,COST,New Stock Price Highs Are on the Menu for Darden Restaurants - MarketBeat,MarketBeat,https://news.google.com/rss/articles/CBMingFBVV95cUxPLTdTZngwZUJLTmdXc2Frc3V0Nl9CSHFONGZ6Yy1feTlaZUU2eFdGOEpUbXdPRG5wNjF4ZWhwMGJEOG53MC1NOUNGaTUybGdIX3pDMHVJRjRrZ0Y0bklzNUlhMTU1ZkdXaEZlMHU0cGhWcEJ6TVNMRDV5TUduUTU5QXZULXJtSjVOQXlhaEE1U2RrdVhlZGNKMmpkaldZQQ?oc=5,0.0,neutral
2026-06-29,2026-06-29,COST,"Lux Research profiles HyOrc, cites €350 methanol cost and Porto module - Stock Titan",Stock Titan,https://news.google.com/rss/articles/CBMivAFBVV95cUxPY0RNc254Z2phX0Q5VVFZTmJSUnJqNW5EWi03S2ZvSTZtbmNOdS1IUWtuMVB6VHlFbkF6aWwwWXk5dU5DQTBiV0JfbDZ3VVY0TFphMFhpU0R5emVvSmVyNGdTRDhGdy10bVE0OS1UOWRCVnhXVUpWTTRZQ0N2RTZaM1lGSnV6NFJOT0dmc2cyQXlWOW4tQ3hmbEpBYW0xZUNCOWNHSm9WN2ZYbzBoQkxyR0FpRUxQWkdrZ3Vpdw?oc=5,0.0,neutral
2026-06-29,2026-06-29,COST,Synchrony Financial: A Resilient Preferred For Rate Uncertainty - Seeking Alpha,Seeking Alpha,https://news.google.com/rss/articles/CBMiqwFBVV95cUxOWTRhQVg3OGFXc1ZDaENsVDRseTBSaWVRbkVTQ05QMWZ6aDRFVWxUSEVmM1l0VmQtYXNHajJ1WE9xUWlpaFllY1VvNTctdzdRLWZuZl9CN2N4bHVKUmlmUTcxY3QyaU4xdE9lTVZvQ0RDNWJrR2p2eWE1RU8zMlpNWVp2RDJUQTk1SlZBR3J0UGtyYi1fZDU0U3FhVUlMQm9YYTgyZm9yX3pKV2M?oc=5,-0.34,negative
2026-06-29,2026-06-30,COST,Applied Materials Stock Hits Record High After Price-Target Hikes - Investor's Business Daily,Investor's Business Daily,https://news.google.com/rss/articles/CBMimwFBVV95cUxQYWlONW1UUUg1VzM1ZHE4LUR0WlB2VTBXS2Z1NEV5MVBPVk85RGlGUDR4a0M3TGJLanpsWUZCVWFKS2JPbGxoMndzSzZ0UHFZRXpDREt4RjJoSmlmUkl6eXg0ZlM3blRrdGx6WnRyYU5COUYxbllUVnZSdFE3Q1I2MmJDN2F3TXZ6QzNpWTd6TlVHVTcwUXB0bkJrcw?oc=5,0.0,neutral
2026-06-29,2026-06-30,COST,The Real Price Of Intel Stock Is Three Years Away - Trefis,Trefis,https://news.google.com/rss/articles/CBMirwFBVV95cUxQY0pjNjZzZnM4TkdfcVdqemszSzJvZUZBX0xNNFpOZEc1Y3pqdlVZUlZKOTE1M29pRzRmcTE1YU1CTTZFM3U4VWNsUTJ0OTc3X2NNS0tTNzNuVVV1c1I3emFvcEx3UkloZ0x3MS1HM3BTeE90TXBsY0dlbURLbUxEMEhzVnN1SGw5UzM0djVRQjh5VEtjbGltM2d4UWlxckU0ci1uSmRpSTJnMDBuZmFR?oc=5,0.0,neutral
2026-06-29,2026-06-30,COST,Why Is The Market Pricing So Much Chaos Into Microsoft Stock? - Forbes,Forbes,https://news.google.com/rss/articles/CBMiuwFBVV95cUxNTlBpT1E4YzRZUG9HcHBET2ZCNGkxNTVwWm9nd25qYkJUMUYyVk5Od3dObXNHaWI0MmFzZVJSSUdmY3laZGJoaTRUUE1pTE5fVlc0Skt5N003WmJvcXEtNEFKUEROV1lHNko4WGVJQ01qZ1Bwd09OTUM1Q3gyYndLYlExb0NudExTTkJxeDBaYkdQS0QySUNOa0RqVnNJY1otNmFEVmIxZ29aUENWUzRkRDNfYmM5QWMzOXNn?oc=5,-0.6096,negative
2026-06-29,2026-06-30,COST,Amazon Stock Climbs During Strong Day For Magnificent Seven - Investor's Business Daily,Investor's Business Daily,https://news.google.com/rss/articles/CBMikgFBVV95cUxPS0d1N0FldnNuR2xlNEFqMWd1MnRLcDY3eElfOWV5VEJJSjJhTThJalJUWjBrbFcwYVY0TnBlTldYc1JiajNUb21TYXFPVVg1MW9vVnpSZTNQdnVNbDVRcVl3aFBkc1BJbnYybE1EeThKR0NpajhxaVBkZzRaVEQ4ZGFzNkIycEN1UXJXa1E5OFg3UQ?oc=5,0.836,positive
2026-06-29,2026-06-30,COST,"Alphabet stock pops 4% on Dow debut, but the tech giant faces major AI questions - CNBC",CNBC,https://news.google.com/rss/articles/CBMieEFVX3lxTE1Qc0o0SVZsMDY5RmRKQ0RmcFFiTjhqSnl5VHFRQ3dZZmNlQXp3cXNQSW41Rzl0SlBHdzkxYnl3QkZZMjBiN0htQUxFV2NhaW9DVFcxakdaSkV0dmVwbFhEX3owaHpaQl84U21ISC0ybkdCU0F3NGdSZ9IBfkFVX3lxTE9tMGUwNERJVm1pdm42NWExVGZtWHdsSUZrTjYzR1N1cEVmWk40Nm9icWNzNVMxNUI1SjN1Y0hmNUJoRkRJZ0xzTWFTUzRYZjFPYk5KZ2N6ektEMjhsazQ0M0Q4bXQwNkJtYmVBN2VuajQ1TDA3WmkxU0V3UVpXUQ?oc=5,0.0,neutral
2026-06-29,2026-06-30,COST,"Bernstein raises SanDisk stock price target to $3,000 on downside protection - Investing.com",Investing.com,https://news.google.com/rss/articles/CBMizwFBVV95cUxQOTZWckZYQnNxdmVKYmJEazFEVGJhSGl1OWc4Z2FuenVxTWpVVHhObl9TMzBRU0hOcktBZmY5RVhBN2VvOW1hT1J3YnJlRjd3cHRNdTFZYmJCb1NId012LXBTSUNKazlMZE5GdmR6d2tsMzhVOVpQTDZvT0ZnM0VhTmNiUUpBOVpFRnBoXzNEbHlIV2hUMERRVnp3R25aVlcxQ2xySlQybnNMUFhrekhoZkRDUU1TOVlDRTl3ZElNNlVtNlYtLTZCaHExSXNhY28?oc=5,-0.25,negative
2026-06-29,2026-06-30,COST,Uber Stock And The Growth Rate That Matters Most - Trefis,Trefis,https://news.google.com/rss/articles/CBMirgFBVV95cUxNVGxqaWpqc1FkX1hIWXpyYUdWTXJ0eXpNR21jZTFtS3NNMmdNS0RjZV9NNjRzS1Z3bjlwUmlJb0hSTzZPOS16dUg0clUtX1h2RmhoeE9HMS1faXdsa01oQnVTS3RzZmtLMlRpT2tEZ1pxM2l6dk5qaFM4MGZMVmhEaGVrUjZ0UlRwdkVJZVI2R1RqNXpQeW1SSU9pdDN0bDloa3p2czlkNU12eTNDV2c?oc=5,0.4019,positive
2026-06-29,2026-07-01,COST,TSLA Stock Quote Price and Forecast - CNN,CNN,https://news.google.com/rss/articles/CBMiUEFVX3lxTE9qejEtbzhHOHJnMXJRWUVEbUxyUFF0RnJuNEtEN0U4Mk4wTlIycHNTejNyYTJYQlRDMFRCMllMcGJtNV81S0RNME9IZFBSZkRJ?oc=5,0.0,neutral
2026-06-29,2026-07-01,COST,Wall Street Just Supersized Its Price Target on Intel. Is the Stock Still Too Cheap? - Yahoo Finance,Yahoo Finance,https://news.google.com/rss/articles/CBMinwFBVV95cUxOVng5emM4ZWlUaTRQOWtCNXB0akZGWWxoQVZHWFNHNEl2RjhmOGVZbHVTdHRKS3pKSUNaRnNEcjR2SVRnd25tSDNNQzdobmw2cFdtS3A4Y2R4LXlmeEpCRm1vMWs3UnN6RnNCdlhVVXozWS1YQ284Z1BfTWhleGJsRTNpdnZkTXhkTGRqSDcxUzRYaTVid2RZOUN0bEVnRnM?oc=5,0.0,neutral
2026-06-29,2026-07-02,COST,8 Best Cheap Stocks to Buy Under $10 | Investing - U.S. News - Money,U.S. News - Money,https://news.google.com/rss/articles/CBMigwFBVV95cUxQT1BvVFJFMjJPMTdxTTBKVHhpUExXMW4xdF8zTUwtYUVhSkpUNUFIRXBvMG02YjVGWERpTy1LZUhQd040ZGJsUWo5TzljRGdHSTZTZnBvUWNuLU9hMk0xWFhFZ2daMmNBTmhDWHEzRVdreE9aWFdaQ3l4MlBobkxpaWNIWQ?oc=5,0.6369,positive
2026-06-29,2026-07-02,COST,SPCX Stock Quote Price and Forecast - CNN,CNN,https://news.google.com/rss/articles/CBMiUEFVX3lxTE9mNFpQdmpQSHpfbjh0RmFkcGxLQ1d1dWxoeUoxMTUwM0pnRmYwRDVjMFlvdVNKQm85LUsxSjNVZFlSZm9iSmYwRkJfSVhlNmtK?oc=5,0.0,neutral
2026-06-30,2026-06-30,COST,US Stock Market Today: S&P 500 Futures Climb As Rate Jitters Meet Trade Worries - Yahoo Finance,Yahoo Finance,https://news.google.com/rss/articles/CBMikgFBVV95cUxQeHFpdmVZbF83VFFRU2g5b1BtdWlpeEwzdjQ2MUdIQmtxZzNsRFU1NE1BdHFCSngzRFdlVHc2Sl9GSG9fMnlacWZQR2NTX0VwNmVVd0Rud1UxUHZuUXhmWkVrNHRHamJxTGI2U2FWYktRV3dUQ2tHMWdzS1AwWk0yU1dkR0VGQlNxR3ZxVXRLUDJnQQ?oc=5,-0.4215,negative
2026-06-30,2026-06-30,COST,Costco Stock: More Pain To Come (NASDAQ:COST) - Seeking Alpha,Seeking Alpha,https://news.google.com/rss/articles/CBMie0FVX3lxTE4tYkhZaEN2TEpoWmhqRnZDX09ScndxVGNkV0thSm93bHRYOGd4eTFfR0JxTUVtTmZGSkx5Z1dQUjMyQnhvWkpUY05LMTRuTHkwRjA1anZqQnVOZ2tEM0lhNlh5VTJUdHl2SFNxQWxEaGtrNWRBMEE5ZlNFdw?oc=5,-0.5563,negative
2026-06-30,2026-06-30,COST,Wells Fargo raises AMD stock price target on server CPU strength - Investing.com,Investing.com,https://news.google.com/rss/articles/CBMiwgFBVV95cUxOemFjVFAyZHVQLURRSUN0XzI0X1YyOUt1Wkd2ZDNlUlZfM21rOWRTX0g4OFJaaGNJT2x5Znh1Nnh2ZlNCQ2gzZzhxNmxtWDRSNjVNUTJXOGxlM0phLWpVenNYNkQyTXBvOEhvTnFuRVBzRW1pSG5XTmhZOTN0R3pWZEFSWjVMYXM5ZU5GN3RHY1N4MDhVdUxKOE16endMMWMzMEtqdGxBNktUUnVFd29ZVFE1NVpHd1oyUnduZlRHWW9iQQ?oc=5,0.6369,positive
2026-06-30,2026-06-30,COST,This Stock Will Dominate The Second Half of 2026 - 24/7 Wall St.,24/7 Wall St.,https://news.google.com/rss/articles/CBMimgFBVV95cUxPODllanZiM2tsVTg4WnZCRUFkQlZqeXlsZGVNM0kyYmJGZTNmVURWdHlkNm45WlM0YXpEd1VEVkxDRloza05pbDJVLUxIX1BFYWJsUEk0ZDEzcjVhdWV0cUZSMzF0VjlKQVJmSEVzNTlOVzRSd2NlaS1YdXdIYm5kQjJMWXBPeVlPNTkwN3FjbnRDcUZYc2ZIZm9B?oc=5,-0.128,negative
2026-06-30,2026-06-30,COST,Prediction: This Will Be SpaceX's Stock Price by the End of 2026 - The Motley Fool,The Motley Fool,https://news.google.com/rss/articles/CBMimAFBVV95cUxPdGw5a1QzOUhNek8xclliRzB2NEhTa2R0UmVONlFLRWdzUmpnZEhLSmVBa1RiVnlxTi03dFVzTy03Y0N2XzFZQ1ZMU2VUQl9LdV8yOFpaM3BzNXQ4Z2pIRjhXdG00ZklHM3JWVy1na1lNbnRTWXpLaEVOS2hROUo1UWlmQjNPWjJESG1KdUppaDhMRDlPdFNsVg?oc=5,-0.4404,negative
2026-06-30,2026-06-30,COST,AMD Gets a Price Target Hike Thanks to Surging CPU Demand - Barron's,Barron's,https://news.google.com/rss/articles/CBMickFVX3lxTE5SeUJ6eVBaTVZqeTdsZFhfUjU4LVVjVnZhYk14VGMtUXpPdjlwaVJFckNkS3ZIZW1ydDlkdzB5Q2JpM2hPVVc5ZHA0aUtzTkg5dUFESUpUcVNnUWNBNEUxSFdBdzEwRWRjNWVVNjdJanJLUQ?oc=5,0.34,positive
2026-06-30,2026-06-30,COST,US Stock Market Today S&P 500 Futures Rise On Cautious Rate Hike Optimism - simplywall.st,simplywall.st,https://news.google.com/rss/articles/CBMi0gFBVV95cUxNMGxGbEJEYnNnZmg5MmJ0NVZvbDV1X1M2Ym8yQW9sT2RjX2NabE1yZlR5Q3FBa2R4RXpDM1hnUXNwUktzN2ZKR2gyeFF1R0Q2QVB1T2pCbEtjYWpadGpsUHB2LUtENDZtanNCWlBlZ0x6TUFfMTZ6bXdmbllpQmNjVkc2UWgyOFZNd0RIenRueXZBRXI0aElPM2J0Q0Q1dUp0ZFU4LUJlaEl0OHRZN0thMVN1aHBOZnZ0UEpScmhiOWdyTkVXZzM1ME5qQ081bEVqaFHSAdcBQVVfeXFMT2QtbXNxNUw1N0FXa2tVdTA0R0oyUEx1QVhhaGxUTm92bHhOd1ZQQnZzaEt3UkdTMGROeHRiUzd5SndMSi16TG43OHhtM3diVEFuU2dBNDNWTzFnd1JYMGlNVFNKTWdkVUluTXRLNlRlSmt3dmpsMzdtNkJ6V1oyeU1aV2M4NXpmRVphb2VaZ0R6eC1kWXdPRFQxUmFFVWQ0YlV4TUhzS3FpLVl2Zm1uTUc4RzcxWGhwaW8yM3pWVTRDcFo2MHEtU21BNXgyT0JtV2ctTFpOVTQ?oc=5,0.4767,positive
2026-06-30,2026-06-30,COST,Carnival Stock Is Down 14% From Its 52-Week High. Here’s What Q3 Miss Tells Investors - TIKR.com,TIKR.com,https://news.google.com/rss/articles/CBMirAFBVV95cUxPdkRVNURxMTNfTUpjSS1vNy1zZk9jTlpvOERhejktcC1WSnlPZURhNTNPSlllWl9PUVdudUNDV3EwUDVqSnJwOUxJUmhjYmJuRkVUSzFlN3prTUpQMHJqWnNFZlBOX1M2Tzg1M0ZUT1U2bmVraHhueUI3V2djWVk4UUoxOWlpSWh4NWFPZlNLUmVsa1lOa01Eek1WbUZwOF9BV2UybUw1M0JVZTcz?oc=5,-0.1531,negative
2026-06-30,2026-06-30,COST,Eos prices $75M share sale to fund Frontier Power USA - Stock Titan,Stock Titan,https://news.google.com/rss/articles/CBMivwFBVV95cUxOTjBNN3BBdUhaVVdvcldEM1N6ejNaNjBVS1VHNUctOHpoMnVtU0N3VG4zWV9rMXlxYnh0QTBKTFdNNmllTThTbDhrVnVnaUZRN2tDcmR4Ulg2NGswdmFUOS1WLTBiaThoT1pVVUQ2aUVTOE5Id3F3QktQNzNQcGk5eTJ2Z3dPNklqM2RULThfVkpvS2pCMGtBNmQyMUVNd0JxZkdCTUpFQndjNnYyWXhuUHNtZWk0RjBwQ3RfTmEyWQ?oc=5,0.296,positive
2026-06-30,2026-06-30,COST,Cleveland-Cliffs (CLF) Stock After 31% Monthly Slide What Does The Price Suggest Now - Yahoo Finance,Yahoo Finance,https://news.google.com/rss/articles/CBMimgFBVV95cUxOOXF5M2xMb3NFSGhmb1FEUWUxQ1pDaGk2WFdEdkdNNDNGNWd2ajgzeHB4YWctaGpveE9mTkg2ODhSZGl2ZkRIMTd0NWl6dE5WN3pqeFpZY05MZFF4MnJzamE1SkVqSlpfRGFDNlNCOW5aNEFzZHd5RFZVb1hRZ0ZJeV8zT2NWdkc5U0dfVk5hcGs5eDM3OTlMRVJ3?oc=5,0.0,neutral
2026-06-30,2026-06-30,COST,Costco: Future 10% And Decelerating Growth Rate Not Worth 50x Earnings (NASDAQ:COST) - Seeking Alpha,Seeking Alpha,https://news.google.com/rss/articles/CBMiwAFBVV95cUxPUi1qSWN1U2pER2N2VlBPT3gxMmFhZUl2U3MxMzdGLTdKYmZxeDdSYVVnNGtsbWRfaUpHVi0wdUI4NEk2ZXN0RVJESTJueTdSVDI3TXFlVDhGYWF3ZnFCZHZuQlVFWmplZlNHVXJMaWY3Y09VOUlUTVlFcTdXYWFZOXRheU5UZm5ybjBKNUtGa0E2RHhzdzFyRGhlMzBQdkRlS0taXzlveUhMdTlxbXlrYUQ5VElJaUloOGZHbXl1Yk4?oc=5,0.2344,positive
2026-06-30,2026-06-30,COST,Wolfe Research lowers Walt Disney stock price target on streaming costs - Investing.com,Investing.com,https://news.google.com/rss/articles/CBMiywFBVV95cUxPdHdMQUEycmlJUkE5cE5lNHluQ2pUc2dzeDVRNWdmSGVzVGRBYmxVVlVkU281WUh3SkxTNWtkVElwN25zcHB2dmZpV0JyYURSenpWVW04Q3lnLU15dW5YSndScmZUWVlqT3hhcXUwUWsxVk05a095cHRoYkpkZTZYSFhjZ2VvQV9jZzdaTDVfUzdsX3dLYTg1TUxJb1VCVUNiUWx4SzNhTVNWa1ktRWxoNlY1Z29MOGI0ekhua0YyMUlXaUdNSklvcVZsMA?oc=5,-0.128,negative
2026-06-30,2026-06-30,COST,Autodesk Stock Testing Price Floor – Buy Now? - Trefis,Trefis,https://news.google.com/rss/articles/CBMipgFBVV95cUxQbHBVLWVYWm9rSWpOS2s2eV92Y1Y1LTZ3ZC1CVjlrcXVnaFpWeS1oaXQ0a1YyMUFaWGFxYVlwTXE3V2NsZ2ZTOURpUHZoaVNNWVIwRDBrM2FyMkUxTlZHbFJYNjE3dlJCMVhfbXFVQlFibEJLSEdDbWxfUHhvYlNRbXpvcXM5elRpUDlyUVdKOTlLWHZGZ0tXYkxCeUtoWkhsVF9DVmRn?oc=5,0.0,neutral
2026-06-30,2026-06-30,COST,"If You Invested $5,000 in SpaceX at Its Opening Price, Here Is What It Is Worth Today - Yahoo Finance",Yahoo Finance,https://news.google.com/rss/articles/CBMimgFBVV95cUxNTjFhS0Z6cDRvMnhyalR2TnFTcUttM1VzckZtWkVDX0RDVXJzOS1mTlZNRW1yN0FvTU56bHU5aXdBVHNMTlpNSlFheXpKYUJ1TEVRcE5mdDVCcGhKeElLN3QxalFGZ3BSb2pocGZUVW03YXVXaW5MdkQtSTlmWXNFclZOdDdqSWgwajByWHE1TXpFOTlzcVMtSFRB?oc=5,0.2263,positive
2026-06-30,2026-06-30,COST,Dow (DOW) Stock After Recent Slide Is There A Pricing Opportunity Now - Yahoo Finance Singapore,Yahoo Finance Singapore,https://news.google.com/rss/articles/CBMigAFBVV95cUxQeHNBbmVzQzg0ME9ZTk53VGI1c3hpTDJzUl9Iall5eDZtTFN6eThfMTFzbWNwbUx0RllHWVdUM3pUTzVsenRqSFJfV2NnUFdTdUkxcmNOTjB4STY1VUx2Mm5RWXA4ODg3ekNMekZLckFBME1wSWtXenFNMUk0NnE2ag?oc=5,0.4215,positive
2026-06-30,2026-07-01,COST,Sandisk Stock Gets Sky-High Price Target Amid Chip Stock Rally - Investor's Business Daily,Investor's Business Daily,https://news.google.com/rss/articles/CBMimwFBVV95cUxPSmxOaXRNZmpIY0dCd3BXR2oxN0lFN1FMV0pGLWtDbkZINGdPRWVXOEdHdVFreXZtWWtqck1Xd3hZLUVaNUQ2OUc5bmFWSEJIUlVvZVFNdnR1c3dZZjYteTh6UTlrcFpVUEpaWmU4YnJHanN2NEFHcUlqWXEtWnFiUVhaUU56NDhNdXNuZ2VXWndGa3FzaUliZ0E0WQ?oc=5,0.0,neutral
2026-06-30,2026-07-01,COST,Marvell Stock’s Price Tag Is A Matter Of Time - Trefis,Trefis,https://news.google.com/rss/articles/CBMiqAFBVV95cUxQOFpjeXpNRDZMNXpNcXdMREVrNDZIQlA3d3lFZk1QcGpvenhZM09LYW9Uc2RMMHJWN0pDZTVQX0FEM2ZDakl6TGxaQTNPbU9TS2RrU3BCeW5ZSEg2ejFtdTFDN3Z1SVFScmt6NnVBX2hGT3VBdmsxbDNkV0ZkN2dseUk4TXZkbnExSlJEWTI4cGZzMWVCdlc5OTM1N1A1dzN3NGFZbnZlZWI?oc=5,0.0258,neutral
2026-06-30,2026-07-01,COST,"Micron Stock Price Prediction: After a 4x First Half, the Forecast Flashes Sell - 24/7 Wall St.",24/7 Wall St.,https://news.google.com/rss/articles/CBMivgFBVV95cUxPT3czOUZlOHZQeWtUQUdJenYzdmR5ZHRVRWk2Sk42Mjd0R2V6cjlHdkJ3NFNnbGN4V2RWYmVReUUzS1VtRXN0dl8zZFRZUEl5WmxlV3FLQmtTeXRBRjJ0SzZWVExFS2I4S3MxNm8tM1VQMS0tLTdNa2tXeUdiX0ZyS0RHOTlzQ3NGUEJlanhvbHcxVTUyRHhhU210X3gwUGVEZG5PTURxOC01V3N4SWQzTG5DQ1NEWDBSR3F0Rm9B?oc=5,0.0,neutral
2026-06-30,2026-07-01,COST,Why AMD Stock Could Hit $615: Inside Wells Fargo’s Latest AI Price Target Upgrade - Barron's,Barron's,https://news.google.com/rss/articles/CBMijAFBVV95cUxOeDFDOWRhR0FTMVhQSDNTUGtoX1NiVEVNNWZUeVBrcHA5alpwY3pzNXRzbWRkd01zZlVXME9selVIdG5JYUg1d1NkUVlHTlE2TktzOUNJV2dBSko3TTlFRk5rNzV6OWtJMDhYZVJfUmJSMjJFQ1FQRjljLWhzSWZyNlB0YmNpWjZoeFk5aw?oc=5,0.25,positive
2026-06-30,2026-07-01,COST,Kraft Heinz (KHC) Stock After Recent Bounce Is The Price Now Attractive - Yahoo Finance,Yahoo Finance,https://news.google.com/rss/articles/CBMimAFBVV95cUxNUDFsRGlBdGlEQUNzUFdQckg3Rm42VG5zUWNLMy1NanJXbUZiQ252bmRqcnoxRUgxQldVZWprbUNxN3pqaVZzc1A2NVA3ci14WXRnOFZWVzV5cUZZb080cTdPWmwyN0VIdGozRy1SY19DV3kyQ0EyT1FpWkJtNUxZOVZzYk9vZ3ZsS1E5bFZ1VmlWVkZMcWxNcA?oc=5,0.4404,positive
2026-06-30,2026-07-01,COST,Palantir Price Prediction: The Stock Will Hit $150 on This Date - Yahoo Finance,Yahoo Finance,https://news.google.com/rss/articles/CBMiogFBVV95cUxPV1ZPTllHaUFEeVhzRHZ2NUFZS2lkYTVYY2U1ek90aTBVZmc1ZnowRG9Tb2VmQldEUFY4QlpwR1BSXy0xS0VDZ1g4aU9vd0lqLVdwVmJUeG9SckhkVU14M3JQSkJxYzU5ZGt2WEM0V0JtTVYwZE9TaFptTUNlZDhDaUJfS1hFSXFrd1U1dEdmbVh1Wmk0cGNPcDJvUkVSWjdnRGc?oc=5,0.0,neutral
2026-06-30,2026-07-01,COST,Axon Enterprise (AXON) Stock After Recent Volatility Is The Current Price Justified - Yahoo Finance,Yahoo Finance,https://news.google.com/rss/articles/CBMinwFBVV95cUxNOTBWN1BRWnNCZVQ4TVNudkNla2hYSnJmTDZuVkRITzl4bWVBaC1nNEg3cFhXX1dtUmhZakFVYlRBSW1PNVFqT3p5UUJlSTU5NVZKVnFnLVg4Y3RkamlnWHROU1phN0xqRlBiZU43OGxxcE5DNHZLdUZUc05pQVpfM0VSNEctZ3M0Ulh4dFNPS1RtamRjdDBld2QtNzRkdFE?oc=5,0.4019,positive
2026-06-30,2026-07-01,COST,Apple Is Raising Prices Due to Higher Memory Costs. Is the Stock in Trouble? - Yahoo Finance,Yahoo Finance,https://news.google.com/rss/articles/CBMinAFBVV95cUxQUFBIWDhya3I1Nzc4ZlRGejBBYVl1YTd5cU9NYjIxaklNQlp6MWlac1RoNkxCclNtWXNpbmt6c1FobGR4SnhaVWxSc3ZRcXRCeGNmVXJsekx0VUZhTFhGT2N1ZWFpVTVuQk5abHpzVHJ4WEt6TEZqRkRodmJUWXpQVVlsUHcxU0RXai1KSWVqcU1ZdWpNNklnNldhV2s?oc=5,-0.4019,negative
2026-06-30,2026-07-01,COST,Dell Stock Price Prediction: The Case for 20%+ Upside - Yahoo Finance,Yahoo Finance,https://news.google.com/rss/articles/CBMingFBVV95cUxNR0RoR1JMQXIyVWUxVHdwcTN6SElpbi04Yjd5UnI3S0M2Sl9sVzVSVUo1YVE4SXdlS3dmVnFBRzdJcGEzQVJ6OC11MFd3eXBNblFYczh6S3A5NzJYTTE1aG02elRXNHdmV0JFMDhWZUNwTFZORHZ6dzVKbVZtNE8zbDBrNFJLX0VMaHpwWmpnbU5vNTcyXzJDWGZibjVQQQ?oc=5,0.0,neutral
2026-06-30,2026-07-01,COST,"Palo Alto Networks (PANW) Gets Massive Upward Price Target Revisions, Here’s Why PANW Stock Should Be In Your Portfolio - Yahoo Finance",Yahoo Finance,https://news.google.com/rss/articles/CBMimAFBVV95cUxNOVhxWjJKSUxGZS1JV3dEYjZxd1BfWk1mRjVkbE1Tcm8xSG9zNzctV3hMVENfOTlTVGFGNldBYl93aW4tdklMLU05VXFDOE13eXhWZzFQWmppWEpqREpSVmJVQ0EwVzctV1hvWHd0LS1uVU1KWlpPcFNHMGdkQjN5WVFqdmVGTk5PcVo5SmY2ZUdSa29HaWZ0bQ?oc=5,0.0,neutral
2026-06-30,2026-07-20,COST,Costco's Executive Penetration Could Unlock More Earnings - Yahoo Finance,Yahoo Finance,https://news.google.com/rss/articles/CBMiqwFBVV95cUxNZDE4azd0azd0ODBYLVpMQ0VxaHFnWHo1LTFKbG5acEhXYUNEOEFXSWJNeW5zOXh4Z0I4S3gwaHZRQTZnLUo3UXlDdVFad0FhMzF3RTZkekFENDBqUlc1UTctcmpYMld3RkdJTXduVWx6OXNIY1k4aWxIVGR0NEEzTGZyQzUySEE2WW5WSktMZnJOM2lSWU9fSzljQlZUSFBvOGoyUmNYb0QxakU?oc=5,0.0,neutral
2026-07-01,2026-07-01,COST,UNH Stock Quote Price and Forecast - CNN,CNN,https://news.google.com/rss/articles/CBMiT0FVX3lxTFBhZjVIOG9BMkZjYWxoUWlSZE9JM1lGZWU5TGIzUE5ZcFBmcC1BTWxUdVJNWS1HOXc5RXlNZUM1Yk4zS2pGQU5pLUkxRGVBdUU?oc=5,0.0,neutral
2026-07-01,2026-07-01,COST,"SpaceX Stock Gets Analyst Buy Rating, $190 Price Target on Starlink, AI Growth - Barron's",Barron's,https://news.google.com/rss/articles/CBMinwFBVV95cUxNaHVNSmpNTWpSX1BfcjdYSVA1bUlrLXo4bzllYU9mZ1dlYzM1UHpYR0h1NlRjb0FKVGRhdGtrazItWXh3MTl1T2lmNDB3YXY4LTVGdHdleFMwQzlwVEYyYWhuMUJTZ2JPOThYa01JSlJuWkdlMkp5Y0wzbkJpd3BqY1JxdnNvOVZGci1wNDE5QmpMci1neEZMVUlkSmtzRHc?oc=5,0.3818,positive
2026-07-01,2026-07-01,COST,US Stock Market Today: S&P 500 Futures Edge Lower As Energy Costs Cool Inflation - simplywall.st,simplywall.st,https://news.google.com/rss/articles/CBMixgFBVV95cUxQWmxwakM5YVRqODN4MmRIcjZYazFSNjgxaGZBLURmRmRoSV9QdVRVWUVRRUpZc0hPRk5NNWRIUlVKVXVvYTdsX3RFay12RnZBcGU0NnFwTHB1aF9oY3o3dzJLakVZeERyNUd4WlB4TWdJSzlPcXhpSXpLSkJwMFJlcXFzSGNNaHFKTnBrbEFQdkYzUWNEWWJqWEpsUUg0akhEV1BLVHhVUFhPektBRFpwWVRXZWo5M1Y3VDJDTV9mVGp2bDhmelHSAcsBQVVfeXFMTk5hWW1RUnVpanZWRGR5VW5lWUc0a0VGdGhSb0ZnQVgxc2dqbXRWZFBLeXp4VE50UHU0SHUteWZGb2VpYVIyUGltMVBaN1o1SHl1ay1BLXhYMmRRMk5OU2JCblptMktXNkZBdUJMZFNzWWFBRmpLQ0R1UVZVR3dMSkVsZHA0eDQzWXV0T3F0a2N1UmstNldEb0F4NVlpajRYVzVpbGRMNl9QdWZiUExGSlBMczVLelJ0ODZBUGlubXRZbk5fa3Z1NWtYNWM?oc=5,0.296,positive
2026-07-01,2026-07-01,COST,SpaceX Stock Now Has a Price to Sales Ratio Over 115x. Is It Worth Buying Anyway? - The Motley Fool,The Motley Fool,https://news.google.com/rss/articles/CBMimAFBVV95cUxQdkhFcEpXc0hnZVVjekU1T2RYYk5hNm4zemZKMVY3SVV1Yk1JVHBSQnFRZDhLVXRvVWFWbi04Yk5KNmloSkZtenBPT2ZEQURTbDVnb0hrOTJyeVNMTGdSVkNqMTVWakowbVpQSllpaHc3c3AtMmY0ekRiUHBGU253aWlBX1hkY09PbXRoaVFoNHNPM1pneVpVXw?oc=5,-0.25,negative
2026-07-01,2026-07-01,COST,WMT Stock Quote Price and Forecast - CNN,CNN,https://news.google.com/rss/articles/CBMiT0FVX3lxTE9NemgtNE5ubzhjTGxSbnpGcTdPSzBWdS1rSmZOMWZCYl9HTmc3ZjhYbkYtbmQtWGpBRElyNjNTM2dGeXNsTnprNmY3QVJkd3c?oc=5,0.0,neutral
2026-07-01,2026-07-01,COST,Which Financial Stocks Actually Benefit When Interest Rates Stay High? - The Motley Fool,The Motley Fool,https://news.google.com/rss/articles/CBMimAFBVV95cUxNd25LVTZURXNYdVNYTk5Hci1tcG0wcWtka1k5RGEyQXJ6Nk1Nbm1ORktzSk05MGlIMzF1eEc5NlA5NmdjU2ZFZFNnRlczVXZpVFNnS0RoVFowazJucGE3cmYyT241SHhmMVdsQ25mVlctZ2sybnRXS2F6X0U1WGljX0ZPZnNOMDBwaEg1QnNtTExMMVhlWVBHaA?oc=5,0.4767,positive
2026-07-01,2026-07-01,COST,symbol__ Stock Quote Price and Forecast - CNN,CNN,https://news.google.com/rss/articles/CBMiTkFVX3lxTE04ejU2SUQyV194ZFNDaHY4RFJ3R3E1Sm53bzRndWdCeGRNZ3BxU0dGVjJGQmpIRW9QVlphdmw1WndWS1RzT2xKbFREejNPUQ?oc=5,0.0,neutral
2026-07-01,2026-07-01,COST,Costco (COST) Is Using AI Online As China Executive Memberships Start Strong - simplywall.st,simplywall.st,https://news.google.com/rss/articles/CBMi3gFBVV95cUxOSFZLYUxvQmZRcS1hTEVsd0gxNlliNVd6akx0ZlVwUHk1N2U4dnRFWGN2SXdha3M4dmxPeS1QUHF6QjdFRDZPSE4xSFhHbks0cG1zbmhyZ016S1BOWmJXZXRkSDFrVmgyQ1ZtT2F3WTFDbEdsaWw2aW5hbkRZbzI2OUxQeWcyb2hRWnpHeDJwaldROXJrb3N6Q29TSnBQMzBXeFBxZWE0QzhUUVNqRXZNcVlPeEFvbnFOME9fYW9idGl5MVJnS2NEVTVtOFdWUXhCbF9rdlpFamJKYlV5cXfSAeMBQVVfeXFMT1RqNDU1SXJhcEFCXzVxOVZEVzBFY05penZIOW9WSDY1Y1dZcmFMd3lUZmdQZUJPSjZST1ZZSUNRaFZCRWhmTGJqVWZETW43dDFPV3RsWGRJczJic3IwY3lzYWtXWjdicmVHWnZZV3locTktdGVnby1CaHB2cmtXd0hMQnNiU2F6cE5fRlNvWVEtalhYellVQnFTcnZzd2RMN09uX0VIcmtOQUdEbUlrLWFDdUJhLXJ4OFR1bm1FTktFVlFyanUwVTkxaUx3OFctclRybHJpYjlUVW1QeHo4b1ZBTzQ?oc=5,0.5106,positive
2026-07-01,2026-07-02,COST,Costco (COST) Stock Looks Strong On Returns But Expensive On Earnings - Yahoo Finance,Yahoo Finance,https://news.google.com/rss/articles/CBMimwFBVV95cUxQTGQyMlYzR3RxMTMwNTVyeWduei1VUTI1QVlVWHY0QmNGZThLNk94dG1Lb1cycmdOS3hMeTF1WEI4eEU2Tmk2XzU2VXBXOERZWGtkbEkzbFlUYm5ybkVnVXIwTWlhYVBYUFlQcHUwbXg0RkY3OS1jTWZMR0dzZ3B0VFFpNENjNDdIcWtiQVM0M093OVViM0VRZlNhcw?oc=5,0.2846,positive
2026-07-01,2026-07-02,COST,"SpaceX Faces Post-IPO Volatility, Yet Wall Street Predicts Significant Stock Price Gains - Investopedia",Investopedia,https://news.google.com/rss/articles/CBMi3AFBVV95cUxPd2JGMlZPd1hCeFE1UUhYSC1FWk5nWml0NHpNTXV6NlRJTWk0OHRRc3lzcDJib2tTekNxNUZiMG9BTzdrbG52eUVRYUN6dG1fc1NEZGhYWmNpQ2FhV0x6ZkdkWUg0WWtLTDJQaHl2ZTRPaWRkcXc5NXBtNzY1cW1iR0Z1Ym5VN3I3LUZ5clJqYkZHUUIwSVFoMVZtcjRZVEJ4d1l3Tk5YVWlwaHJMNVhobWhrS195ZTQ4WmRMYWVyODJ0bHNEdUJKUGdvWFNXa0laRUlaSnhCcnVBb2JX?oc=5,0.4939,positive
2026-07-01,2026-07-02,COST,Trump-Backed American Bitcoin Hits New Low Price Ahead of Reverse Stock Split - Decrypt,Decrypt,https://news.google.com/rss/articles/CBMikwFBVV95cUxPbGhybmZ4QjlIYTg2T2h4QnJJVjV6N2JUNHN3dzBKb0pRNFdkWFVxaEtCZlZhQkRVVHl2VUNsQ0lYLU5OQ0xIdGxRMVM5RXhzUTJMbFJkY01aX3JTbzBFcVB3Q29xS3VidXpWdC10OUR4STcwUnFvbnh4X1BCN3pQYmxnMExmV0RWeFNtN19hU0dCTGPSAZsBQVVfeXFMTmRocXhGUkY3a3N5eTB1b1JBU0Y5MU5LS0ZrWVEtbnQ1VWtpNk9uLTBJSG5reDFGWVZTVG94T3JNSFZ2cU5IeU9oUGl0UUNSQlVEZXlybklmRU1MZFNoYWNsY2duYUFnZHROT18tQ1RKbm16endoQk1hRGhZaTBDQUlJV0QxV2R1QjAwaUJqamYxT21DRjY2NHZ3Slk?oc=5,-0.2732,negative
2026-07-01,2026-07-02,COST,ADBE Stock: Where Compounding Could Take The Price - Trefis,Trefis,https://news.google.com/rss/articles/CBMirwFBVV95cUxPUkQ3X1ozZHc0eU42aHlWUDhxQ0VjQUpqTmxuSWRhbl8tUm1ZbkVOWGp2ZDRkQ2ZoUUxnWXJzT3JMb2tCYkZ1T3BDU1ZyVVEtNG1qOHVUb1B1WWpXQnBxNjVwSlFVLS1YTUpYTzZENnV6eHVwWThaVVVUUDUtUDhEelJad2t5TXNIeUNOd0kyTTQ5U3lFamxrY1lsaHB4TlZORGY1NE1tWERJcUtlNWh3?oc=5,0.0,neutral
2026-07-01,2026-07-02,COST,Meta Stock Price Prediction: The Forecast Sees a Path to $800+ - 24/7 Wall St.,24/7 Wall St.,https://news.google.com/rss/articles/CBMipgFBVV95cUxNOXVuYjlmYUpzOERORTQ2OGQ0eVp4SVY3OENOSjd3SDFvQVNndzFaMmZrSTZ5MG5DTnRhN0RiUVNrTWlVQXVZT092emh0bGkyclRhUTBLeGlFemJlRzZ5NnRtbUFSbUJjNlM4MFNaUW5BUFlxN3JtekdLZ2RORjRsRnVVQjlpVTc5cU92NWxlcy1Vb0hSekVFbGtVYWVIeDM3VmRBcVBB?oc=5,0.0,neutral
2026-07-01,2026-07-02,COST,Inside the General Mills Earnings Beat That Has the Stock Rising - Barron's,Barron's,https://news.google.com/rss/articles/CBMiggFBVV95cUxPeTE5RnY5SDA1SktVVl9lUU1CdGkwMkw2QlFYVFRBVzZCY0I4X1JwcHRQdjRFdFBsaVJ3ZDJ0aXZvTWpwbTJ4RTdqaG13ZHlBbGxvcjJkdUJPV3h2cGFLYWpYMkpINHVKbzhyUnYyV1dBaFU5NTQ0WkxYZWExOTdWcS13?oc=5,0.0,neutral
2026-07-01,2026-07-02,COST,United Rentals (URI) Stock Gets Fair Value Bump After Mixed Analyst Price Targets - Yahoo Finance,Yahoo Finance,https://news.google.com/rss/articles/CBMimgFBVV95cUxPSFRwOXpuNkpFTm1PbnJoMmJ1SFkwMVN2WmlFZFNCSl9fQXFETjhwTy1MUlQ4NkVYbGs5cVdPQk5Bc21yYndOS1FGMkVVSHJydExFbXJ2bWNzODZqbzNnNG9DeG5jMGlFV1ZtR0wyaTItMTFxZXZuWDhEQjdLcjZnT2QtamNvZXRVOGVoTXQ1b05rU05WMDZsc3Nn?oc=5,0.7579,positive
2026-07-01,2026-07-02,COST,KeyBanc raises MSC Industrial stock price target on cost cuts - Investing.com,Investing.com,https://news.google.com/rss/articles/CBMivgFBVV95cUxOS21CdmFzLWpOa1o0N2Z5YVFIOEdicmdVR2E3emJvOHV2ZjVrWEtocmtwbXo5UFhSNTdZNG5sOFBPYlJuQmwwd2JYWTVkNWJ6Mi1pUG5ZMElEZVNZTGRGcG90ZFdYbEVQeTFqS2NxcmxFXzMxMl9ySHdzSlNXckNOV1dCYmRpZmRUb21vNjJCYVYzRXhNb2NLN29HNDhPaGxvZ1E4MzlILUxuM3U5ZEtneU1Lekl2Ml9QZDdPTTF3?oc=5,-0.296,negative
2026-07-01,2026-07-02,COST,"Tech bull Ives initiates SpaceX with Outperform rating, $190 price target - Yahoo Finance",Yahoo Finance,https://news.google.com/rss/articles/CBMi0AFBVV95cUxPTzJuTlkzcTVzSDNNdUl1d3k0RTdVR28xZXpfNEJNT0Z5cXRDMk9teHRRN1pvTXNVT09iOUFhX2N3VUhJRHZnWFZRSnJxOEZ1ZG5JNzk3ZWJNdHAxTGJsdk1jTVlYYVZHSGRiNFlPTUZYOUw3VTZVbmxtN1h2QWdlNWJBbkQ4dzNyX05FQkhUOTF2S1ZqRWhTUlhocElyekN0ZmlhYlJCWmJNZ2wzaTVkUkVXOVRWQkdRZFdmTmZzekQ1dXlkSkkyckd3cXV1VnF0?oc=5,0.0,neutral
2026-07-01,2026-07-02,COST,"European shares pause after rally as concerns over Fed rates, Iran peace deal linger - Reuters",Reuters,https://news.google.com/rss/articles/CBMiuwFBVV95cUxOR1ZZdmJidkhHYWdFT3A4aHhEbEkxSWFIS0NMTDdFbWVhTVZZd0hONnVDTkZCUEhoQy1XYzU3Y1hFN2s0X1BQckNablJFTHRMcVFQVThvTHBNMU4xTEpEeVFwbFdiRFctel9PZ3NSbFVWaUIxVjVDUHNGRXJwZk9VR09PY09JUXZlenZsY293R2Fsa0ZNTFhwVUlzNHNka0tKblJybDRuNjdISVJjSG9XdDliVHZMUFJOdmdF?oc=5,0.6908,positive
2026-07-02,2026-07-02,COST,1 Nasdaq 100 Stock to Consider Right Now and 2 We Avoid - StockStory,StockStory,https://news.google.com/rss/articles/CBMiuAFBVV95cUxNWHB0eFBHcU4yanlVbng2T2RRSUNyYXlNVWs4NGFILUUtSG1yeVNqSEZCbnZ4X3FleVBLZVZEbUtVaG5hYm1lb1pFWEdVYk1LNjlPYXJXNUxILTdTVWlvcVVHd0ZIc3RGU29NdHlPQ1FLMHpJRXg4U1RkeUtPNDltOGw2ZHlzOWxOcnBXZmtuRndlOUpEYTVseWpHVF84SlI0azljNm9oRzcwQ2x1WHRRYV9QVm9fZUtl?oc=5,-0.296,negative
2026-07-02,2026-07-02,COST,SpaceX Stock Falls After Firm Calls Valuation ‘Catastrophic’ - Barron's,Barron's,https://news.google.com/rss/articles/CBMif0FVX3lxTE5zWHFPY1lraHNuemItRWRQaE5yNk0xQy11QXc2aXI2ek43SUpST2NvbzIycFlmWm5oZWozYWRENWxUNXpfSlVJMUc2ek8wUmFlMklJMGlPQVVqUlozc29Tam15ZmFTN3p4YmEyRC1xdWg5ZndkSlAxdUdGR0QtaVE?oc=5,0.0,neutral
2026-07-02,2026-07-02,COST,Latest performance indicates N.H. could face $15M cost-share penalty for SNAP payment error rate - Concord Monitor,Concord Monitor,https://news.google.com/rss/articles/CBMi0wFBVV95cUxOWXVZVVhlaGg4NzlYcS04cG03Sjh6VEZkdzVYa0F2X3Y0ZVJfcXRpenVHSzY5VEsyNWdqMGw1Q1F4bmtOVTdwLXFhTHdXaThwMGxVOXlrLWIzdkJpcXh4SGZkVEpxemtJNGpRdWhTQWNFTDNMSDBoNkV0WjhYQVRGdEQ1SF94X0FWWWliZV81RkpTUllkdHJsZS1HYVluWmU4dVFkSkJRRm15SkdYbXRPRWtJaFZiTDM1YUYxVC1YRjFXMENIb0xneXVmMmgwQnNzZGVn?oc=5,-0.6908,negative
2026-07-02,2026-07-02,COST,"Why SpaceX Stock Is Back Down to Around Its $150 Opening Price, and What to Expect Next - The Motley Fool",The Motley Fool,https://news.google.com/rss/articles/CBMimAFBVV95cUxQSmJEamFnaHNscHZQNm5XYnBrblFPQm5adS1VSFV1VEU1V3JnemQtYnhyX1JaUnpJUzJpaXJjb1haQ29qeGFiMUx0eWpfUG5TNHd3VmxKa2lZYnNmRkEzZTh1ZEpZMHNWX2tQcWhneHJXWTlyVTJWcXBNMERxZzFRVzdmQkV1WlVwbDNxdnp1eHczOE9GV2lIaw?oc=5,-0.4404,negative
2026-07-02,2026-07-02,COST,"Ouster, Inc. Announces Pricing of Public Offering of Common Stock - Business Wire",Business Wire,https://news.google.com/rss/articles/CBMivgFBVV95cUxQRV9leE1qa1BSWEVwVWFxU1dWZ25OeHgtTlg0OUx1TXZIY3dOVklKWWJpaUgySEdTUmZZb1FwSzNIUS03WkswWTVidlFvS0o5WVpFQ3BiSU1HamR3N2pGLVFyQzRBMl8yUkV6WU5NcC1zNFVLWWFNTTJTQTVrZVFMNGdaM2pCdkl2TFlpV2VGX0dpdGtWa0lkSjVXVjhsbWdOTkR1SVg5TDNsMVNiNm1JSF9nMU5qN2h6TkFfaGRn?oc=5,0.0,neutral
2026-07-02,2026-07-02,COST,Bank of America revamps Sandisk stock price target - thestreet.com,thestreet.com,https://news.google.com/rss/articles/CBMimAFBVV95cUxOdTZHSld4d0hWcUg0TkhVbjV3d0Z3ZWJNalVFal9mRlVNMHBXVWFnaGF0QkhiMlVQOHFBenc4QW5fei1QMnZhaXpPYlRDc0RGSHZFNUtBOFR6N3N0OW0zbjFKcUFoMVgyTHdiZFJ4aW5HOURqajR1RlhlNERUR3FGcDVUSVFIOG92emdXenljNlVEYnhZNjVRcQ?oc=5,0.0,neutral
2026-07-02,2026-07-02,COST,Kuehne + Nagel Stock Is a Key Freight Play as Tariff Costs Rise - simplywall.st,simplywall.st,https://news.google.com/rss/articles/CBMi1wFBVV95cUxNYkxrUkt4RDBMNTNiOVFYYkg3clZ3YkZET0t3VnB0dHEzUlI4OGMtWnF5eWJSWFNMRm1xNHFjOEhkT2o5a1prMjB4X3FiSEVkUlFkQ3ZHY0tFVV83dHVYajFCUlF2bUZKdW5nNFFZQTZ0WHE3NUpsX1NBWUd1V2NKdWgzUk1DNC1yc2VvYzdaWU9jSHI0TUVMMUhUaUZoeVpHRUYyWHZKLS1BZEl6SEtyZzJJdVVNd3pGUFRtNFhDZ2RXdXpSVDlkOEhlWEwzYzB4V0F2N0dtc9IB3AFBVV95cUxQYXBUcGt6NEJ0QlhHRmtwY3NndDFmNjlORFJvX05pSDhZcnBIOW1WZkc4X1NxTDNISEYxNEN4cTNjTURQNmxudzhWUDR6NXdqemRuQUczczdoV0R3c1JNUGtxRm1aOXUwOUNlbUc4UnBBLXVTMWZ2Wk5TT01oWXpiaTNYbHJRUDFUNTRjLVNDWTN3VUlWRlk5TXNyY3VkbzNYZTlLNlBVWGR0ZDhFc2k2U0QxVC1qcW4zTkJsaFJnRE02RFV2dmppU2lOX0hJd3JTMHM3Y1NnZUVhQ2FS?oc=5,0.34,positive
2026-07-02,2026-07-03,COST,Federal changes to SNAP have New York taxpayers facing significant new costs - WXXI News,WXXI News,https://news.google.com/rss/articles/CBMi2AFBVV95cUxOY0ZTX2ZRUk5FUG9ySndrem9ZUXhxSGQ0R2RHbnJYT1UwYTRMQTRlcUdtU0h2Sk1uZ09FNm1zYnl6amh6S01xOUlfbndvcG1pU2RnN19tTmdvZ0hDYTVWRWxBMUhXT2JLX252VVVqeHNFMW5XUWxTc1VONEZ4Xzk4bFdGSWhId1NpbXlBS1JNYUpLUjdQUjgyeFNlS2VLTWduZFNOa1RMbV9GZlhmTGdTc1ZtaUVNbDhzdmFGVUU5VkdhV0NzbjhubDV6bnB5Q1hzTl9PQWNlVEg?oc=5,0.2023,positive
2026-07-02,2026-07-03,COST,Price Prediction: Meta Stock Will Hit $900 on This Date - 24/7 Wall St.,24/7 Wall St.,https://news.google.com/rss/articles/CBMingFBVV95cUxPUHVFOWl3VDJOck5LUFp6V2VlS051S0s5OXdJdDlIN1I3OEVIN21aa21DYnNDREwwMU9sWjllby1xdk45NlhTWllMaVNUVlpzRkpmVzBiSFl1QThDZDhLbUVPeENrNHR6alU2X0hBa25sbkh2WVNPakZTTFlWNkxSdFlONlBqZjg2b1h1LUZvWW1CaVVwclY3ZGhiWEpIdw?oc=5,0.0,neutral
2026-07-02,2026-07-03,COST,Tesla: Why The Share Price Slump Sends A Clear Message (NASDAQ:TSLA) - Seeking Alpha,Seeking Alpha,https://news.google.com/rss/articles/CBMimgFBVV95cUxPT1k5UlRGMmVHUnFJT09EcVBjaXZJX05fN2N6Z0RNTlNoT0szOGphMWFNOVd3UEM2V0hYTUZKNG5oYjhxUEVRSWp4SnVsRGMwRG1BR05hQlBvenFHQlNVcTRTLW5lQlZnTWc3Rzk5cGgwNzE5bkt1dGNLSlAyWFNtbV9wNHlabDFuVTd1NGxIRTR3YkZUNjVvQUV3?oc=5,0.5859,positive
2026-07-02,2026-07-03,COST,Amazon Price Prediction: The Stock Will Trade at $300 on This Date - Yahoo Finance,Yahoo Finance,https://news.google.com/rss/articles/CBMiogFBVV95cUxNMWhmenktUHVveXRZNzV0VS1nTnhLNDltejFhMVlwczVWampuX0FZajFFSVdKWDFYYmRFYTdOMGQxUTNIUFlIbGhwUUhncEtJS2g3Vlo4QVpaVmVUejAtRjlselBnWlVZVWhmTENaTDZ2eDBsOE94RnVKaHBkaENUN1pMeDNaYXNSQjZ5SDB5V2g0SnpBTTNNRFJzZEZILTJyd2c?oc=5,0.1779,positive
2026-07-02,2026-07-03,COST,IREN Ltd (IREN) Upside Becomes Attractive Amid Stock Price Decline - Yahoo Finance,Yahoo Finance,https://news.google.com/rss/articles/CBMimAFBVV95cUxNdm1sVEpPUGoxaE02QmpIbWlIcDc3alVqSFVOSHcyRnZteXFNSHdDTWZscklpX01vb2JVNjE1ZkdkcXZhd0JPczhvNFp2bzcyckN0NmZ2eEVfNE11M1dkMFd3c0VGRVh3VW9Ba25za1NaZzFMUzBpMmFuOFd1aGpCeXdGRS1JeC1tb1ZwQnFiQTJDX2drb1YyUA?oc=5,0.4404,positive
2026-07-02,2026-07-03,COST,Barclays resets Nike stock price target - thestreet.com,thestreet.com,https://news.google.com/rss/articles/CBMijwFBVV95cUxPMjBsWGZNUUpJbmJILXNJdGYtTE9SdUEwczJrLW01VU80VEltTHZiVUlOVWQxNHgweWhkSmx6a19iSV80UFNKcS1tOXFLX0FaeWJGTU1hQ0V4aGlscHQ3TkRrSU9maHE2cktPN2dvSkN4SmhBQjlXSldZbWFjUldtWUhaVm1pX0JVa0ZVVWZiZw?oc=5,0.0,neutral
2026-07-02,2026-07-03,COST,"Ouster, Inc. Announces Pricing of Public Offering of Common Stock - Yahoo Finance",Yahoo Finance,https://news.google.com/rss/articles/CBMiogFBVV95cUxQYkdLYkxkRHkwRFRCYktpbVF5X0VGUGl3M0c1NDg1MkpKMnVXUXlyMzBwMlNhZ0FibVNGYThQSFNPMHZFbWlNRTFzRC1PMWw0VHl0LU9NUUlRSWtMRXkzNERZdC1lajhYdDBFWWhUZkhxNW01SW0tT1BjZEM5U0l0eTdXX1RVSTdoT0VVZmJhaVVMQ1dVczY0OE9DajlVdTBPbFE?oc=5,0.0,neutral
2026-07-03,2026-07-03,COST,UNH Stock Quote Price and Forecast - CNN,CNN,https://news.google.com/rss/articles/CBMiT0FVX3lxTFBhZjVIOG9BMkZjYWxoUWlSZE9JM1lGZWU5TGIzUE5ZcFBmcC1BTWxUdVJNWS1HOXc5RXlNZUM1Yk4zS2pGQU5pLUkxRGVBdUU?oc=5,0.0,neutral
2026-07-03,2026-07-03,COST,US Stock Market Today: S&P 500 Futures Slip On Cooling Jobs And Rate Jitters - Yahoo Finance,Yahoo Finance,https://news.google.com/rss/articles/CBMikgFBVV95cUxObGUzTDJKSGRNYWx0VzYxLXBLTm9PbGh0MWd1N3pGUHJyLXZpWUFYcWk4RE5KRnFxaENWVGhfRVc4T3BHOGxBOWpzYVFReHdnWmpRaVRjUFlYbWlrejVtdWcydnctTmhKeEZhdDVjbmdMZVJNeER6Z1JMT0tsM2JLX2tMY01RT1NRZTJCc0dUckxWZw?oc=5,0.0,neutral
2026-07-03,2026-07-03,COST,Tech Stocks Deliver Boost to Global Markets as Rate-Hike Worries Fade - Barron's,Barron's,https://news.google.com/rss/articles/CBMibkFVX3lxTE9iYzdtRG5VNVZYdmVyYk1LNlRQaTdnSlRZbjF0NXBXbDVPa2t2NFpJZ1lWVVVBRGxIWHRnS2NLTzVkLU8yS1J4YmJRcWFUQ0RHMlVQN0VjVmkwUWdPeDlCWUZ4SlB5NllVWU9tQlRR?oc=5,-0.0258,neutral
2026-07-03,2026-07-03,COST,Costco Wholesale (COST) Joins Russell Value Indexes On A Valuation Debate - simplywall.st,simplywall.st,https://news.google.com/rss/articles/CBMi3gFBVV95cUxOb0tPY0xUNl8wMGNETlB3Q0tTdjczVTJ2T3dScGVOcm9PVzJrZENPRmFOOTlWdXlDNGdSVnlHdTBVZ0RUbkZuMzJ0Y1VrbW1XWEtiMlNhYW00eDRHSm1Ud25IdUtSaDA2eW1DOFJNX3R5ZUVJQUc3MkJWSG1sS3ZoTGhuQ1hLbEpsSnl1bzJNUmxyaVFFZ0lwZDVvVjlTbmt1Zm5QSWJoaWtDcWh3Y2xYMEFya0RGVy0zc3pBUEF4eUhDTVh6SU16bkkzR2dWU09mRUx5ekdWYTBLdTZja3fSAeMBQVVfeXFMTUJnRGQzS0FpSXgxTEZxdzFrYjJZRjF0MTlmZ2xBZHBoNXRhMXBHVHAxOERSb0Y5MlB0dnh5RFV0WVRVM2QtTGJxYWI0UTlla0JjejhUbHN0aFhUdnMtY0JucVNKWXZBQWZCVDZ6QUJqWExpc29kLW8zaW8xd3YyNDA4ZTVRN095UmNCcXd1ZzE4SWcycS02NUdPNXdzOFZmdTk2Z0J3bUR6eWd0QVBreHA3MXFlc25fcE9wYk5vbnBuc3FwV19IMEhXM0dnWlRzaUxqdTBoT2hHMGV0T01iMlBqRkk?oc=5,0.34,positive
2026-07-03,2026-07-03,COST,What Keeps Costco Wholesale Stock Grinding Higher - Trefis,Trefis,https://news.google.com/rss/articles/CBMirwFBVV95cUxQdHcyTllzMGNpaXVRV2VyS1NydzZQZTZuX1l6LWd5RE04VVEtbWc1ZU02ZVFhUWtwLWJidVR0bUpYR09ITlQzOTlUendJM2lOdGJjdGFwTGRaM1RRVTJwdlZpMHZmZUY3c2RaUjUwcE5Pb0dZbFN1dHhOdWF4MlVjUGd4N3F3SFhsWEc4ZEhQZGhjMy1IRXlfRHU2MEJSVGpMWXh5MmlQUUc0NG9hSWdB?oc=5,0.0,neutral
2026-07-03,2026-07-03,COST,"World shares are mixed after Dow hits a new record, as some AI shares bounce back - KSAT",KSAT,https://news.google.com/rss/articles/CBMitAFBVV95cUxNbUx4U1gwZnktUWE2WlNEVFlmUGwwcmxsQ2FWb09VX1l6MXJYN1o0NlpfV2VZNEFSMVZjRjBsRHdIYW4xbVNvNlJydERIVVg1cjkxczRrU2xuV203YTRGSGVHTS1YVV9Nd09lNHpzVklHZ0JEV183eXphTWVmbVFSN05HRmdzX1ZKMFhhZ1RpVE81YTdPSVg5UzdZY3g1WThiTmJjY190QjIzX3lmUUhfU0xmOXY?oc=5,0.5267,positive
2026-07-03,2026-07-03,COST,CrowdStrike Just Split Its Stock 4-for-1. Does a $193 Price Tag Make It a Buy? - The Motley Fool,The Motley Fool,https://news.google.com/rss/articles/CBMimAFBVV95cUxPd1JWV1Z0QkFpZ3Z2TWFWZEpxWFdKdHF1dnNOUXduM3NvZXFUeEV5ZTFwUkIxakZqMkpRSTJrcFgwU0RsaUdJX0s4alIzOUd0eXhzU3lPRDl5NXB1YUNlR3F5MFhTcGlnZmxza3hoeVU2TDVYLTBPMzk4RkhPQzRfb2pOUmJGQUVPVEdyWWkzLXlNTUFOWHY4UA?oc=5,-0.4404,negative
2026-07-03,2026-07-03,COST,5-star analyst sets bold SpaceX stock price target - thestreet.com,thestreet.com,https://news.google.com/rss/articles/CBMipgFBVV95cUxQQVlQcTBqaWpHWmVicFVRM2tieWF1ektJU05jWE5CRFE0akY4c01tZ2d4OEV5aEZUUXpScFNlZzVxaFRJbk8tT3VzUVNwNGpFLTRHMURpOFo5SjNVR1pmNjE5ZFNKeUdRYUVEMmZNZXp2NDF3RWsxRzVjNkUtRmdVY21Kd2JFUmdOek16R0VEdjZmS0ZzSlJJb3JCVjBXZTd4UEVENW93?oc=5,0.3818,positive
2026-07-03,2026-07-03,COST,UBER Stock Quote Price and Forecast - CNN,CNN,https://news.google.com/rss/articles/CBMiUEFVX3lxTE5RVm5Qa183UW9qSWoxSktibFcyRloxRHZaU1dPWUFQZTdmQkJBRGFmNVJGNnR2Y3RyTEFwOVNGbEFIdWllcHdnRDlIeEpIUjFv?oc=5,0.0,neutral
2026-07-03,2026-07-03,COST,LMT Stock Quote Price and Forecast - CNN,CNN,https://news.google.com/rss/articles/CBMiT0FVX3lxTFBkLVI4X1FLejZqYmtHNmt0SzF4aEhyV3gzcEFWZk1qUk4xY3dyX1JJWUZld3VmT0xtbzJMQkd0VnJhbDExZ01ac1VseTEwbUk?oc=5,0.0,neutral
2026-07-03,2026-07-03,COST,Nasdaq (NDAQ) Stock Looks Slightly Expensive At Today’s Price - Yahoo Finance,Yahoo Finance,https://news.google.com/rss/articles/CBMingFBVV95cUxPSXZsdXE2ZTdBQjA4Z0RsRmI2SWRNYmpKbjhJOHRoSnB6b29qUVU1TGNXNzhvbEhmamZ1aVA5RW1OVUZoS2dsTFFfY0ZKYU5NTkRTRnFuajg1elM4eV9SbXRGYWlzdWk0ckExRmVGUEtjMnpfUzhlV05YbkhLU05IV0tTdTNFMEU3WDh0aDNKVzJyTUlNNllGX3VEVDlyZw?oc=5,0.0,neutral
2026-07-03,2026-07-03,COST,Fresh lawsuit drops bombshell on Micron stock price - thestreet.com,thestreet.com,https://news.google.com/rss/articles/CBMiigFBVV95cUxPR3lmaVIweExvczlBb1RtZ2MzYnd6NlZsYlV1cFdTa0FFZGZTWDNOVDI1Q1dvWjBYYWluLXRjTGVBYThNYUxnYUJNMXpkcGp1WnVVY1JXSUZLcGVUX2NrUmdJS2ttazBKUXRoeTZiM1I0R2V3S2FNSndOWEJ6RER3MUpjckw1MXNCalE?oc=5,0.1027,positive
2026-07-03,2026-07-06,COST,TotalEnergies Share Price on Euronext - TotalEnergies.com,TotalEnergies.com,https://news.google.com/rss/articles/CBMilgFBVV95cUxPM3NjSUo4QlpQa2M5VE1XMFIyaW9lMzRlbjVXR183eXctQ0wtTHREYnVWNGFtcVFOd0trSHkybkxzUVNZZEEzaFgwYmJ3QTR5VlRBblEzckpWYWxYMS1wSXV5RmJuY1ZneTIycEY4R0E1Q1lOUDJPYTRZQlkzS3EwekREWDZTQjNwbHlrcVRMemV4MllKRlE?oc=5,0.296,positive
2026-07-03,2026-07-06,COST,CRWV Stock Quote Price and Forecast - CNN,CNN,https://news.google.com/rss/articles/CBMiUEFVX3lxTE5iRXpHc0tvWFhYT0hwWElXV3lzT2Q5blVPMkdmdVBFZzlRTnRQVHgxT2pZODN6QXpVTEdDTFhtNXcyazduT09NWEhBWWE0UkNF?oc=5,0.0,neutral
2026-07-03,2026-07-06,COST,QCOM Stock Quote Price and Forecast - CNN,CNN,https://news.google.com/rss/articles/CBMiUEFVX3lxTE52VnR0d3VPWXJhalFveVBJNVU1VlRpQk0wQTNxVTFmLWhmc1NrUXhaeWVoUWQ4ZktCYWJtOUhKWi1sNUVvOWZrbGRGT2RVeDlY?oc=5,0.0,neutral
2026-07-04,2026-07-06,COST,Prediction: SpaceX Stock Will Hit This Price by the End of 2026 - The Motley Fool,The Motley Fool,https://news.google.com/rss/articles/CBMilAFBVV95cUxQTjljWnZTaVB5S0VWZERXTWsyWEN2R1dmcW5jTUN0cE56X2VpVG1VSFRDdmxZUnlQZUI5QldQZ0MzWkdYYUd2Y19PbkdMbFZ0QXdvYTl1VlBKTUZRX21UdTBpcFl4UmJxRU9IcC1qekwxanNuUkFmUEU0MFRKd1lMQ0tPaUo3VmpMY1JGN2huSGNpWTJF?oc=5,-0.4404,negative
2026-07-04,2026-07-06,COST,Prediction: Coinbase Has Over 100% Upside as Cost Cuts and Volume Recovery Drive The Stock Higher - 24/7 Wall St.,24/7 Wall St.,https://news.google.com/rss/articles/CBMi1gFBVV95cUxQSm5DcFNiM19sWUpTZllRNF90WTBGVEJod3ZKWU44T0ZkR1BtRHpBV2VBY1FhY1pZS2VnbkNnUjhfRmZELWd2ejQ2dnV6ZDFka0JJSktXWjBvT1YzVmgwSUpTUkFEWnhPM05WM3lBY0xLTUFQRFRra19RUzFPU3JjTVQ1eUVLeGxRNnVsOWFDeS1ISERFWG1yZTN2V283MTB5dGR6U1hwNC1LU2R1cnpRNXRmbVRwd092NE1uU1VrdEM4UFBvMlVta1NhZHlhXzJOM0pRdkNB?oc=5,-0.296,negative
2026-07-04,2026-07-06,COST,Prediction: SpaceX Stock Will Hit This Price by the End of 2026 - Yahoo Finance,Yahoo Finance,https://news.google.com/rss/articles/CBMinwFBVV95cUxQbjhHNm9JRC1MY1h0N0RKamQ5eDdNWGtodEdyN1FXRTh6SEszTjdORkVyZFRaOGZGU0VGbDNUaXNCZkdMWmg0U1M5cVVQLTBheGR0Q0V0ZGZpRUVDSGQ0bzQ4UE1TUWFrai1DY1JnMVd2cmtmWmFwdUtkVlN3Y05YMUY1UFhMSkstMGd4ZUtuVE9CRFBROWYxbDBGUngySFU?oc=5,0.0,neutral
2026-07-04,2026-07-06,COST,SNDK Stock Quote Price and Forecast - CNN,CNN,https://news.google.com/rss/articles/CBMiUEFVX3lxTE9jSUhJX1JfdENPNkhvY21UZ0tjMXJpSTZ2U2R0TE9qZklHdW9nbnNic1BzbGd4WHJOckx4RGhDNFV3Ui1scmFjcnhzTXZOX3VG?oc=5,0.0,neutral
2026-07-04,2026-07-06,COST,GEV Stock Quote Price and Forecast - CNN,CNN,https://news.google.com/rss/articles/CBMiT0FVX3lxTE4taGJEWEY4dktJaUl1bjVuSDV5elUzY3kyS0dDMHhfQ2JhWGh1cUNPTmsxdmhlQmItb01rNjFLU2NEUUhhcGZmRUVEYThYcWM?oc=5,0.0,neutral
2026-07-04,2026-07-06,COST,How Executive Membership Momentum And New Partnerships At Costco (COST) Has Changed Its Investment Story - Yahoo Finance,Yahoo Finance,https://news.google.com/rss/articles/CBMitAFBVV95cUxObjFIbXFKVkpybW1rOFJyYVE2RWNJUjhkUkJhejZhdzNFeHhVS3RYQXhNYk5YUTlockgwVkdKckd5MzJEWmV6TG1WaTJVYTRDU2hKMzlsWXdyejRHQmdkQUtibzZuYXhfbVJwSFVZVElobHVLMlpGSGc5eGpFNWR6WjVMWm9QVE5KdUJtY0x4ZzVVZ1pERlE3NWk3WWhfUlN2cEQydm1PaWR4Sm1SQXZPMVZyejY?oc=5,0.0,neutral
2026-07-05,2026-07-06,COST,Top Analyst strongly resets AMD stock price target - Yahoo Finance Australia,Yahoo Finance Australia,https://news.google.com/rss/articles/CBMihwFBVV95cUxPbTVraHVjcEowVHEzVDYtT2RSVWUwTE1KTEJMWDV6cTY4a0tJaTdRd2x4SS1ES2RBZkF5bzJNY0FiVTNVRENiV2k4QThYSXJCTk03NGdYX0hxTnZIcGZWUXV0bEFZR2NEby0zVlltNE1PUFZPYjJQRGlkWjJtTnl5S0dYNWpzNzA?oc=5,0.4404,positive
2026-07-05,2026-07-07,COST,NVDA Stock Quote Price and Forecast - CNN,CNN,https://news.google.com/rss/articles/CBMiUEFVX3lxTE5oakpQaVAtWVg3Rjh6M2FFaExEa1JVeThKN1FIX1p2OG1lWmVaVnhlU3Zsek42ZlRyd055aXc2dGNHa0NxV2RfU1I1dUoweXNi?oc=5,0.0,neutral
2026-07-06,2026-07-06,COST,AAPL Stock Quote Price and Forecast - CNN,CNN,https://news.google.com/rss/articles/CBMiUEFVX3lxTE00U3JoRzhkckt5aVFxb1NVNnBndWhrcDM5N0NqUzZGUk8xQk04OF9jVWRULXh2RmlJaGpTS1FJWEREaUlNUnhfSHk2cm53NllX?oc=5,0.0,neutral
2026-07-06,2026-07-06,COST,DA Davidson raises Harley-Davidson stock price target on cost cuts - Investing.com,Investing.com,https://news.google.com/rss/articles/CBMiwwFBVV95cUxNMTBnZkhaSzhYdk5UdWNlWW5KcmphQkJYMW5pNVdPWHE5eTZCOUFvRUtKMzE5YTRWSFp5Zmt4TGt4cjdRY3J1UVFmNWVlZHBkanpNRnQyZ21VYjNCbG5SeUVvcjZqUVFfVjRlb3ZaNGZVWjBDSHFoeFBLQWhLMUwwWGl0NFh0T2hRdDhOTHhiNUp6NXhRRzBjWFdtSzY2dXFEbjR1UEU4ckkybTZ6RVQyazNLRUstLXYwQnlSZlZrdWJBdG8?oc=5,-0.296,negative
2026-07-06,2026-07-06,COST,"Nvidia’s Bargain Price Already Reflects Lost Market Share, Says Goldman - Barron's",Barron's,https://news.google.com/rss/articles/CBMijwFBVV95cUxOMkd5LWtEaEV1V3ZTZ2tmZm9LZEQ0RGdfU1VFWXRIV3gyemluVmJndkU3elNySkEzUFZEWEN0bWkxR0dQbm1ZazgyRFhuT0t3THdCc3RGb1FVSkp4SVRRYU1kRXpwV1l1TFNPSmdUdXhlSHdGNENJZ0QzZEY0enRlQmctaDdkdDZTSmhvckpaRQ?oc=5,0.1779,positive
2026-07-06,2026-07-06,COST,EasyJet shares soar 10% as budget airline agrees to $7.3 billion Castlelake takeover - CNBC,CNBC,https://news.google.com/rss/articles/CBMihAFBVV95cUxNY0VJZzFrelFUQW9kcmlsM2FzSHFhWU41djV1TGQ1TWR3bWc2VU1ZdmtkSklKOGtQdUtkRXFIQzRpMWdQamZTNE5DakQ0bXFvZk1Ba1BlZjB1N3pvd0xrZDc5UTNIbGdwbVlReGhxby1OeGJsVHo4bW9WVTVsLVFKMGZCYm_SAYoBQVVfeXFMTUM5Ykt5emNDQzRraHdfbWFYWnRfbHE3VXRnSWhIZjRCNTA4ZXZPeGYtRVN6ZVFOYTJaZVM4aUhCNmgyRTZiN2dTUk5KYXFMc1hvcDFPTUtxNC0xNkJhaFVvWGlsNThHck9yWGdNMG9BS1dZV2tXd25YdDZ4S180SFFiWXFjNzFsbWhB?oc=5,0.4588,positive
2026-07-06,2026-07-06,COST,Palantir Technologies (NASDAQ: PLTR) Stock Price Rallies14% On Nvidia Partnership And Analyst Upgrade - foreignpolicyjournal.com,foreignpolicyjournal.com,https://news.google.com/rss/articles/CBMi3wFBVV95cUxPcUREbThWMkhEWDk3UkJrZTNZTmcwM2dZbDUzZFVHLWJOejJjQ2tEeTR2bllDT0RReF8ydEJWelY5bV8zc3ZEVmxQSEdoZkRES01oRDV3bVpDWWp0VVRfc05RZGJpWGZ6WjRRRFBfUE5GdUlqX1RuUjFPS2xKb0VsRWVGRlBsMkJWcHAxc0pQRTNNTTZIaTV5SU1zaXlLYnNORnk3VTFVcU1nd2tsRHZXWjJzRVQ5bkgtNlRPcWszUl9fQTFacWJleWhJWExmVEFxN0VnMGZlZ29NQWNGYjZV?oc=5,0.0,neutral
2026-07-06,2026-07-06,COST,"PEP Stock Faces Fresh Pressure: Barclays Cuts Price Target, Warns Turnaround Is Losing Steam Ahead Of Q2 Earnings - Stocktwits",Stocktwits,https://news.google.com/rss/articles/CBMihgJBVV95cUxQVUFZRlR3TXptU0NYNjBubm5HSEw0NkMzRUlXaHQ3VUlYQTNXbmdGcVZBTjdBZlRUaUNTeThCc3Rva3Axa2FndXdfVTl1dFdoVEtncklVcGtOSXFZT1BwR0hrMUdjdjc3VmE4bzlUUFI4RUZqbHJhM28tdFRFWkZhZjRUcUV4LWpCUC01QVkwWHVzc1NlVnk0YWR2VlJCR2RyY1ZxQjVBRTJPRmR3TWVodDFRbklzQmQ2d3o2ck5QcGtOQno5d0VCSmlYZTYwYml1YmcyM0pnQjdfMFNEUXB1akcybm9yYmtQVGRhWklWYV9qYThiUklMdXY4enc1aGk3SEdxSDFB?oc=5,-0.6249,negative
2026-07-06,2026-07-06,COST,Global shares are mixed and oil slips after OPEC+ plans August output hike - Midland Reporter-Telegram,Midland Reporter-Telegram,https://news.google.com/rss/articles/CBMioAFBVV95cUxOU0JidWZ5T0ZOaEstMTQ4S3JvcGtQZHJ1SXYyRmJyYldLVGFLTGRRRFMtT3NWbnFrdFo2VFlkNFFJSHRwYlNzVE9abWk3dThxOHhuX2djTGlBRmZEZ3REcnljSDYxLUpsdVRoQ0EwLW1FY0NjdnJGQ2pXS085eG5JTDhielpkSEpBYWpRTi1XcDdGRUp1ckI1UE5obkhrLXZa?oc=5,0.296,positive
2026-07-06,2026-07-06,COST,BofA raises Ferrari stock price target to $458 on product mix - Investing.com,Investing.com,https://news.google.com/rss/articles/CBMivAFBVV95cUxOcU9WSDQ3SDJFRzdJWUFSbHhtTFU2U3duWTFUemw2Um52dExyNWI2S1JkRWd3YTJWSTNWRWlWamlzMFNhNXR0MXNjTmpHazd1MWtmdkRCZGhmamdHb21JcWI5MFdsRWFVai0wRXpHVzZjak9ab0gwcktwSVJlcUE2WkxsMHE4YXJ6Sl9xQ0J2Y1ZxVi1WZWJJdTRwN0d3c1d1RmZTQzJzYnBLMUgyWmhoSi16eHNSZzBqbG9UVg?oc=5,0.0,neutral
2026-07-06,2026-07-06,COST,Disney Stock Gets Fresh Price Target Cut From Wall Street — So Why Is Retail Still Strongly Bullish? - Stocktwits,Stocktwits,https://news.google.com/rss/articles/CBMi5gFBVV95cUxPMnhQODI2a1RTUTFZVWgyRl84aFVqVUt2VXl2ZzZHU3ljNXNkZzU0a0hvTC1FeTRQNzd4RW5VRU44blhRZ01iQy0ta3ZRT09VS1EwM19seU5SaXJjX0ZfNFN4VU40ODQ2bGZRZ0RZSnYyWUxtMG9ydG45MEsxMGQ5YjFJSEtVSzQ5UzNBOVNGRTA1Y0tGUldYZzMtSnl5Sno3d2ZYcE5aMFlvbEdsRW9ncmx4cURlZkwyTUVxeU1fczJSemFyLWZ1SFNpUVJnQjRsOENpWWVVRTRxYVhlR0YzR2lGTWZzZw?oc=5,0.3182,positive
2026-07-06,2026-07-06,COST,"NIO Stock Jumps Overnight: Premium SUV Demand Lifts Average Selling Price To $65,300 - Stocktwits",Stocktwits,https://news.google.com/rss/articles/CBMirAFBVV95cUxQZmYyQjVBQ2RYN1JvWG1DYjBZRlM1UHd4b1JOYzlZNUlSaEN0UDZDZTBuZHpTT0ZQT28tMzMwOWxka3RCbFM1M3d1WkhZT05tUTJUUjR0bXFkVWNYZjNZY1ZreXNfZXM3WnlqdFY2SFdfTm14NGZRalNaNWxwNl9MS0trWmJJWGFnQVFlOWlTYXU3MFBYb19TVlpBVVJERGJkTHc0eTRicFpiRVF3?oc=5,-0.128,negative
2026-07-06,2026-07-07,COST,SpaceX options on both index and stock will likely in price as it joins Nasdaq 100 - CNBC,CNBC,https://news.google.com/rss/articles/CBMiwwFBVV95cUxQUHdxc1dGdnp4STYxM3dZcG9PbzN0c1NPZGpVVmZmclBUbndKeVJMVkpVZWp0X0NvdzhDTHBrMUdqYWd5VGtKdTNRbUVVeE01S0UxX2gyV2pHRVdmVko1NG0xbk1oNmRPT1BpNGV2dFdXVE8tUnNPSnVFQW9KOG1Kd2stcFRsOTZqYjdFek5SLTVwVGwxOEh5MzZxcEVfWFRIaXVvbmlIcHJ4V3JldGdVWVdVS0NTTzFCbzBZckx6bkRDMEU?oc=5,0.0,neutral
2026-07-06,2026-07-07,COST,"IBM Stock Climbs After Price Target Hike, Quantum Research News - Investor's Business Daily",Investor's Business Daily,https://news.google.com/rss/articles/CBMihAFBVV95cUxNOTRySDJhSk80elZ2NGlrWU5qbVF6cGpZNHVFQWdHakRNYklWTWRuRGRfamV6Q29oY2dHRkl0OENNOHlObFF5V0hlVkFaYnFuMkk5VExLSVNVUmVYa3p6T1FmeWpURXVyN0tVa2NJOEFkLWNMbXVrYzVwcFlNNlJtUVZ3UlE?oc=5,0.0,neutral
2026-07-06,2026-07-07,COST,Rivian Stock Soars on Target Price Hike. There’s Just One Problem. - Barron's,Barron's,https://news.google.com/rss/articles/CBMie0FVX3lxTE1VOURKMElvLVMweG9wbUV6OHdudE8zQWc1SW5OOFA2NFh6ZzIyZEVnMnNQUnZiNUYyUWFCTU5HNDFfOU9ZYng0ZTJoTXpBZjVNOEx1LVFmc0RobFQzVXNoTV9rUzUySTdhd0liYWYyazVHOVB6TjdJRnRfWQ?oc=5,-0.4019,negative
2026-07-06,2026-07-07,COST,Here's how SpaceX's Nasdaq-100 inclusion might affect options pricing - CNBC,CNBC,https://news.google.com/rss/articles/CBMipwFBVV95cUxQS2QyRUxXV01kbXJ3bVJqSnFtcERNYVdXRnRSWS1GazRBUVNJMzM5aWp3YVFUVW53UWh3dk1aN0RWd1dBNTM0RHdteHY1TGZaeHNJUEd0OU5aY3AxVFJaN01BOW96RTNkQUF6UXFaMjF0Yk1kX2lBTVVnb0RDalFIVUVESFBmX205TGFzRWpKeUxRVkd4N1BpbWNqMzVsckxGUW1UWGJHQdIBrAFBVV95cUxOSDM2aW5YdFBlMVhJb2J2ZWI2MEx6SThzTTZRdkJzY2sxWkw0Tkw1c3BLYXUzczR5SGpPTGNCLWM1TC04RFE0Zm0zV0dVSWVuUGt2S3lEOUV6LUZwZzlFOU1hU3Q4Z1lfZXFBcndlMUFKUTdvMUlEU08tZXlGREt1MjY3eXJIakgtMGRRVXpWYVQtZC15Q3VfMDNDbU51c3YzVmdzMTlhZGFvMEE0?oc=5,0.0,neutral
2026-07-06,2026-07-07,COST,SPCX Stock Quote Price and Forecast - CNN,CNN,https://news.google.com/rss/articles/CBMiUEFVX3lxTE9mNFpQdmpQSHpfbjh0RmFkcGxLQ1d1dWxoeUoxMTUwM0pnRmYwRDVjMFlvdVNKQm85LUsxSjNVZFlSZm9iSmYwRkJfSVhlNmtK?oc=5,0.0,neutral
2026-07-06,2026-07-07,COST,BA Stock Quote Price and Forecast - CNN,CNN,https://news.google.com/rss/articles/CBMiTkFVX3lxTFBfc2dScnU5N1REM1pqeUJYVE1SR29tR19PS0F2aDl1bnVNdUktVzJ0X2pRN2hBeU9CQVppaU5BZEdHZURGUkRQQlZqOE1fUQ?oc=5,0.0,neutral
2026-07-07,2026-07-07,COST,COST Stock Quote Price and Forecast - CNN,CNN,https://news.google.com/rss/articles/CBMiUEFVX3lxTE0wdWFzeXRQbjRSWURueDdHMklyTXcyLVNyUnlZX0R0cndYek4xTDY1VHg0QWxibVVOVzRlankxcEc3aWFDLWE2cFZPdng4RkJZ?oc=5,0.0,neutral
2026-07-07,2026-07-07,COST,Fiserv sees stock price boost on report of possible business unit sale - Milwaukee Journal Sentinel,Milwaukee Journal Sentinel,https://news.google.com/rss/articles/CBMi1wFBVV95cUxPeDMtOHVXQ2pzMm0wZHNOb05FX2l0VUt6QVNOSXlNM2QwQ01kYVF6OTJIUkkzaDZaNzkzdnJfQ1BEa1V0QVpkajlOX2NfQTZQZUpXMS1KR2c4RGZ5b0VYallXcGlmQU9HMDJCeEUwSTBXUkJBdkZJRm5FcFR1alJJVWZVNzByejRsVDFPSW0zblJtWHJ2Y0IxQk0yQnJEX25zLUpST0Z4Ri05WlktelItV3FPd3FtMlZWVkcxR2x1cEF3RDgyQW9NZXdWM3RURnNpYU9IRFVjaw?oc=5,0.4019,positive
2026-07-07,2026-07-07,COST,"Samsung's operating profit surges 18-fold, yet its stock price falls—does its earnings report signal a turning point for memory markets? - Moomoo",Moomoo,https://news.google.com/rss/articles/CBMirwFBVV95cUxPbEZfMmUxWTE4VEIyN2x1TmxHZjNpSC1MZEI3V2R5VjVpSVMxcFlzMTFfV004ekxFMGRfQnJuU0JxWklVZUpuU2d0VVdrVWxMZU14XzlHTTd2X2hTT0tVdTh4U09LWXB1R3JYaXN1UWozRDJDOW9SWTA1T1N6bU4wZ3BtWmJBR0cyTEhYcEZYcDVzVzJxYUxEQzRqUWJOWlpzN21FUy0wNjJWVUpxZE5v?oc=5,0.4404,positive
2026-07-07,2026-07-07,COST,Rivian’s Good Day Came With a Price Tag - Trefis,Trefis,https://news.google.com/rss/articles/CBMioAFBVV95cUxQX1hpZXBNVjhKWEZlQlBtZENqNlIySVVtLWctVHoxaEpTLTNFZkpUVW5meXJyQ2J6dXFnUkpqV0xFdksxdVhyWUtOOHpDYTNEUE0zQlpfd0NQLUpoNlZUWkVkZE5XS1pLQ1hNaGNXZHdYZ0JIUjBBNXEwenlzaW1ReFdsaTJYMkFFaExUa1VSRGJaYk92UnIxQ1VkdlhlaDY0?oc=5,0.4404,positive
2026-07-07,2026-07-07,COST,Agricultural Best Management Practices Cost-share Sign-up: July 15- August 21 - Shore Daily News,Shore Daily News,https://news.google.com/rss/articles/CBMiswFBVV95cUxPb2lsTVZFa1RaZC0tamdJNTVZZnFSWDQ5R2FrMHl0NE9jMm1uZGVXMVRsenNYdXozX2lWMF9BNmpDdW5OcmR4eU5xRGpNWDBKVjFjV013eHpBdU96M3FvZ003N2d5bF9GWmVuY0lNRVdwWDNEQVVIU3cybl9XVnNBdmF0RXYwMk1XWmtRWnBoQmdNUUVwSHMtRjBLb1pSVVhKR1RrRVpoTUJCTlFNM0M3cG5xdw?oc=5,0.6369,positive
2026-07-07,2026-07-07,COST,2 Dirt Cheap Healthcare Stocks to Buy in July - 24/7 Wall St.,24/7 Wall St.,https://news.google.com/rss/articles/CBMikwFBVV95cUxQMVNWZFhMOXQzMVhldDNGZ1B1aVhCdWdtMkI0bFlGUEZlRVhWeE1qeHVobGxDV3JCR3FENHQ5LU1fbnZzYkdQVVQyWndjYVFqbXFObF80QXBaZzhzVXRlYlhIODhJU0JQa3pyVjc4SXFyMmpyeHpWeTViVF95cGRxUzdsOXVtTVhvdmtHZXhscVNIaVk?oc=5,-0.34,negative
2026-07-07,2026-07-07,COST,SpaceX Stock Gets Stunning Price Target from Goldman Sachs - GuruFocus,GuruFocus,https://news.google.com/rss/articles/CBMingFBVV95cUxON244MEZ3SENlaUk4M2xDX3lTdm1WcWNFNXF3T2NFOWZYa3d4aTFfMm05NXIyTS02a2ZsMDc1bmtlcXRYWVJPYzR1YnU4bkxfeTB5Z0JuZ0l6TFhOSkdPQ19hRzZLU1N6Y0lJU0E2Z2ZHaWQ2X3B6UklnZkRoZXl2NFhyQmt0ZklGV21KVkhjWVFjVXpBRGtRQVZZaGlGZw?oc=5,0.3818,positive
2026-07-07,2026-07-07,COST,"WMT Stock Climbs Premarket: Trump's Price-Cut Claim Sparks 'White House Funding' Speculation, Retail Buzz Soars - Stocktwits",Stocktwits,https://news.google.com/rss/articles/CBMi_gFBVV95cUxOWTJVTWRPT1Z4RFpUQkh5ZmRSakFaVVRZQjdJc0FZLVJsc090OWlrVHNJeGRvZWQxMHhzd0xvNVBXZm9aTkpBb09odE5MX093NHBmRFN1amNPZUdfel8zeV9VV2w3QURveUNfVHlqaUprVjF0WUhsQmZjZWdUc0FZQjY3MXdaMThCdWpMb0tsR3UwbUx3Uml0UF9Pc2FnY3FEMjExaXpXYW5Ta1JzdC1vaUdoX3VldGdXNVM4XzNUSElidnc2VTJMb2VwVkNNWVVLcktKYWZwbVRaTjJhLUMteml6WjY5WHhjQUxhTFBSRGZ2WTlXMWpKdkh3eUtWUQ?oc=5,0.0,neutral
2026-07-07,2026-07-07,COST,J.P. Morgan’s stock price is flashing valuation warning - thestreet.com,thestreet.com,https://news.google.com/rss/articles/CBMijgFBVV95cUxONHhPY3JWMkJKNWlXdDlfMXdRd09Oa1JMRFhYcTZUNnpscjBqR2xubVBlU05qcFlYbEZDbmV1TGNRYzAzcTdibHRIZGc3SDhqQjdtWXBNNFhSbkpTMGNnVVVMdWM1b1JDX1BFVnZRNHltQ0luaTNDOHVUT3FlM0gyX1dSdjlhal9xam9VeWtn?oc=5,-0.34,negative
2026-07-07,2026-07-07,COST,WMT Stock Quote Price and Forecast - CNN,CNN,https://news.google.com/rss/articles/CBMiT0FVX3lxTE9NemgtNE5ubzhjTGxSbnpGcTdPSzBWdS1rSmZOMWZCYl9HTmc3ZjhYbkYtbmQtWGpBRElyNjNTM2dGeXNsTnprNmY3QVJkd3c?oc=5,0.0,neutral
2026-07-07,2026-07-07,COST,NVO Stock Quote Price and Forecast - CNN,CNN,https://news.google.com/rss/articles/CBMiT0FVX3lxTE1lNFh2RGltM0ZKbFN6Tk14VUtjQ01mT0hrUjI0bndLLUs3UXhMUk81aERSRlZGZnVnc25IVk5GcDFNdFdZbGVCay1MVjRLRHM?oc=5,0.0,neutral
2026-07-07,2026-07-07,COST,symbol__ Stock Quote Price and Forecast - CNN,CNN,https://news.google.com/rss/articles/CBMiTEFVX3lxTFA0WWJfTzZHaUktUS1IZVlNZDlMYjcxdmZCLXE3TDBPc1JUVHNuSkRZbmNLVTRhWjM4al91MHNSaFdydzVVOXRUc0E1VDU?oc=5,0.0,neutral
2026-07-07,2026-07-08,COST,The Hidden Cost of Stock Market Concentration: When Funds Hit Regulatory Limits - The Harvard Law School Forum on Corporate Governance,The Harvard Law School Forum on Corporate Governance,https://news.google.com/rss/articles/CBMivwFBVV95cUxNY0wxaEc5UjA2bTF0QV92eS1ySkZJX1o5N1pkbVVLRGhXclFmTlJQblNudF9jQ0haRFA4Zk1VeWdsRFVHRnhjMy1qSFVLRFJmRl9pYmlZWkVzeUV3dDZsWmVTOGJLS25NaHNRSjVCeXc3Y2FEZDB1ZldFYjFXNi15aW5DQ3JFZmNHelhYVEI2TmZ5dnEtcFdnV1M3SXp1QnJqanU4TUxBYXBWWWo0eEtFdkU0RWd4X2pQOVlSOWpvTQ?oc=5,0.0,neutral
2026-07-07,2026-07-08,COST,Costco (COST) Stock May Be Fully Priced On Its 146% Five Year Run - simplywall.st,simplywall.st,https://news.google.com/rss/articles/CBMi3gFBVV95cUxNZGhCai1GMHJZTUpNYTQxYXA5cUV6SXc1WlRDZ3FVVnRybnlhVEtOdEJMN2ZONVZBUEZNU3U5RGF0VUJkZEpOUWNFLU1tdUVrUzNYcXd3T2JMOE5qN211aDYzVGZSYXhWWERjbExNb09sZnctcWZ0YjFKOGZfaUM0akZzc3Y0bmpOcUVraXRJUDhHcGZwRUp0V2xzal9JdU5BYnBjQmJrRHVINVFWMXZLT0E5V2NLQ09nM0xORkZweFZMaE5DSVlEaVpiU2lQNm5HeFlLa2VLZWpFTmd3Z1HSAeMBQVVfeXFMTkdadHk2ZEphY2JFQWxoS1ZyWVRfM3JQLVJ2NTU0NVd5eW9LdGg5LWRFVENlaUIwOC1XUUpycF8zRm1kandXOFQtdkJkWWgwbDJzTHpXTWhUVmJwSVZMNHJIMXUwaFVZRzUzZEpNYUI2dnlIa1VaenlFcjNkN0tYeEJEdjNvd1ZpaVNlUTBUOENCVFloVll2WnF3a2cwc3M1WVhBcVllN2dVU0wtaHU2c3JrSUlQem1XZFk5LW50WGxhdGVqZ3dqZkpidDUxak9PTDI5eHdlTFVLdVFteVZOankzZDg?oc=5,0.0,neutral
2026-07-07,2026-07-08,COST,SpaceX Just Got 14 New Buy Ratings. Why 1 Analyst Gave It a Hold. - Barron's,Barron's,https://news.google.com/rss/articles/CBMihwFBVV95cUxPTHN1S2JzYVdlRFlfNW8zNnhueFZJZ0dJbEh5YUlpMURLclNpTlpZS2l3elF1TXI3UVUtbjRiUzhVN0w3NTlMNGIweVN2SUdpcEtGZm5zNnMzbzJPQ2FEV2dwN0wzSTdxeFlzZjJOZGZLX2k1RTlZV2NuN3g4UExWOFQ0SEFCMEE?oc=5,0.0,neutral
2026-07-07,2026-07-08,COST,Samsung Electronics: Preliminary Figures Slightly Soft; We Expect Memory Price Hikes to Taper - Morningstar,Morningstar,https://news.google.com/rss/articles/CBMizAFBVV95cUxQLWNqOGE0c18xUTcxUlJsaUl4RFRZWHlIYUhTc1BDekhTZmhVblhldkxLdzZ4T3lzQXJFcnlRN1lQSk0zVDNCYmRrbXZqZXYwMXR2azNhVm1oZl9oX0w2b0U2NFNFOF9uUUVnMzI2M2dTai1qcEtqd2V1cGg2UFhieTRHOEtoeU85cnhWUlVrenRBZ3ZZVzNiYmJBdEo4MWhWS1JkMS1QeTltOXdxMG9KTmMzUC1vdWZnMUNaV3RmU2FsMXBZUlM0enVNbkM?oc=5,0.0,neutral
2026-07-07,2026-07-08,COST,SpaceX stock drops below IPO opening price despite flood of bullish Wall Street ratings - Yahoo Finance,Yahoo Finance,https://news.google.com/rss/articles/CBMi5gFBVV95cUxPc0Exdk9LOUdhVTFiYVVxXzlQcF9Obi1EdVY1TlE3N001RkVvZGpseHhWTXV4Uk5yV1VMZm5mNmxWeUJ2bTJtLWVvaHNualgxSTVYNUVzeTFFRXdMTmdkXzhWQ3RfVG9kb3A5N21hTGxXS1RVQzFRNU5wa3kyb29MUkRSazlyRTkyRGF1Tk1qNThNOWd0YUdSTlhUTXhyVUxNX3RMaHY3bFRxMkY3bml2UV9ENU1xNEhIaGJ0NHhxYXF2Ukd0X0E2NFgweHRfNTRkV1FpUVROVnlXMFlOYWxQd2dnelJXUQ?oc=5,0.0,neutral
2026-07-07,2026-07-08,COST,META_TITLE_QUOTE - Yahoo Finance,Yahoo Finance,https://news.google.com/rss/articles/CBMiTkFVX3lxTFBpVTJIYnhWcW1kNFFKTHNoajhPeE9zSW9lTElhZkZvcEo3MExtQnpIZjBRek95cWJ0XzRKMzBtMHh0Ty1SYVRESUxfRTJ4Zw?oc=5,0.0,neutral
2026-07-07,2026-07-08,COST,"Costco Wholesale (COST) Posts Strong Results, Is It Fully Priced? - Yahoo Finance",Yahoo Finance,https://news.google.com/rss/articles/CBMioAFBVV95cUxORzc2a1ZHdkE5bHpBaUd4cGdNakNLYnFxN2k1UWdmMDE0Xzl1akJhYkpTaldoSERrbXl4N2ZlRTNpYmJwbmFpQ2c2RVFLZHBUTWQ1SzJpc09xZkN5VHdEamtZd0R5bXc5c2JUUVBCOGFaUTY0X0phZ0hFdEp6bDdiRVNnc2hQcGRENGdTcjBfUW9ZdzhfeXhGa05lUmd1VFlu?oc=5,0.5106,positive
2026-07-07,2026-07-08,COST,Goldman Sachs and Morgan Stanley split on SpaceX stock price target - Yahoo Finance,Yahoo Finance,https://news.google.com/rss/articles/CBMioAFBVV95cUxPeGtjY1QwbEFkRGFMZU1OVnl2WVZnTzA4cU01SWl5VVJhR2loYW1vaU9iMDdEZUZjZzRBcmtvb0tUV3pfWUkzZ3I5bW4wWHNjN2pIUmlpY2dOOTd5QW53X0FqSXZnSnhlalJuUEFaaFk1MG9rUHVqTnNwX1NsNlUyeXVBSDdlTzQ1QVNYRUp4OGIyN2lua2xyR21sQmJtcmQx?oc=5,0.0,neutral
2026-07-07,2026-07-08,COST,Price Prediction: Microsoft Stock Will Hit $500 on This Date - Yahoo Finance,Yahoo Finance,https://news.google.com/rss/articles/CBMiowFBVV95cUxPTlB6b1RMLVdoM3FzaGdfZGlWMXVUeXUwdmVaWm9COHhyY1NVUmZFeU9IbGUtUmF3QjlrWWh3bG54YWVHYmNMaFlZZlRjTWo0cDhXRldoM2JXUTN2Q2dpdnRGY09zandmbmFmR09BeHMyR1hQcWtwOXhIYkNOSTZDQkVTWEhPS2tjZ0x5bVczQk8xai1pWGtGYl9jeWZtaDMzQXZj?oc=5,0.0,neutral
2026-07-07,2026-07-08,COST,Costco Wholesale Corporation (COST) Is a Trending Stock: Facts to Know Before Betting on It - Yahoo Finance,Yahoo Finance,https://news.google.com/rss/articles/CBMiqwFBVV95cUxPamk3azU5ZG5keDJOVG50WHdqckl4Q1hub0RwaDJPcUxRMTRFaUk0NjZjdkhkeGdKeGIzendoOV9RSVhpUklGMFdiUExaM3Byc0o0SWhwb1BfNHJxT2txUnQ1RVkyOVlzZkNSVEdwdlQzODQyQm5GUzZDTm5DZHlRM3BrY3E3aXJUMFhDWDhVZlFmaldVS29GSkxsRnBPaXE2SVY4S1pDc3V4b0E?oc=5,0.0,neutral
2026-07-07,2026-07-08,COST,Why Weather Concerns Just Sent Coffee And Chocolate Prices Soaring - Forbes,Forbes,https://news.google.com/rss/articles/CBMiuAFBVV95cUxPUGNwN283VmI5R2RraC1FMW9wY3JjQzhtVkpoc0ZHUUhOVVkzMG96UENLZkVZTFBVUVZCSk5aSE9lS0hZQmRSR0JqZVBsS3RUY1dKTnZ2aVUtYTF3ZGVmNUNKVHVlTE95Mkk4VzlqT3NqWTcyUkRRN2JOQlRDcU15ZU1yVDk1Q09TUUdhUmJMYUphSC1kQXlCc2E0TEtmYjAxX0RPdVNvZjdMaVdVaktWeFM0SDM1Uzlm?oc=5,0.0,neutral
2026-07-07,2026-07-08,COST,Price Prediction: CoreWeave Stock Eyes 100% Upside as Data Center Demand Surges - Yahoo Finance,Yahoo Finance,https://news.google.com/rss/articles/CBMipAFBVV95cUxNQmlqT25JX3cxblR0UEI0QVljN2V5Z2p2RG0wOHVOUGZ3N1dnVV9hSG9SSkNzenEydjdJN1J4UzB2ZFNQSlU4QXMtbDBCREVodENQblNfLXpraHhvNGNpSmprYjFXOTg2bG4wLU1ISnlHUmxmWFlsdkJQY2FXMHFicGxXd0hVOEhkdEJNV3NkdEdjRmxacUJwb2NJSVRlcjhZeUlTWg?oc=5,-0.128,negative
2026-07-07,2026-07-08,COST,Secretary Naig opens sign-up for annual cover crop cost-share program - Iowa Agribusiness Radio Network |,Iowa Agribusiness Radio Network |,https://news.google.com/rss/articles/CBMisAFBVV95cUxOdFptSkxYcldnc1UxNG4wMFptZTVMZVk0VENoMmtPLVZmWDVLeVlzOWhCRjE0R2QtcWVVcFFNTEdBQlcxUlVJRW16ckhhYk5fa2VodjJiQk81OXE5WjcycTlwOWlTTUFiWEpWRlA1alFQeDVRdjlvT0ZoQzU0YlVZSG0td2xyN3poVm9vQS1sS1JXbUZQUS0xM0dKMVlKTHlUWlFOaHMwN1VONzVhb3d0Wg?oc=5,0.0,neutral
2026-07-07,2026-07-08,COST,Netflix Price Prediction: The Stock Could See 250% Upside In a Year - Yahoo Finance,Yahoo Finance,https://news.google.com/rss/articles/CBMiowFBVV95cUxNdVN5czJKLVVQYWk1ZmotaVZpVzJmNU9saXl5bnVPUG1LellmZ09ySmZNUHZyNk5iX09FYmdBdXVRMkRZb0Vta0E5QVNGTC1yc2UzZjQ0UDJKUFJQSlZLZXg2QVdjX1FqYUdPc2JhOHZQN3UtX3M4X2pjOGtfTnc2Zms1dTd3bkt1R2VEV0wzYThFNzkyNEVxWTU2ZlZCek55emZz?oc=5,0.0,neutral
2026-07-08,2026-07-08,COST,US Stock Market Today: S&P 500 Futures Dip As Oil And Rate Jitters Build - Yahoo Finance,Yahoo Finance,https://news.google.com/rss/articles/CBMikgFBVV95cUxNS2pWSHZxNnNLdjFVeVNaNllWLWFWaHUzeXZzd3UyY2pKVnM0ZnVudlRBWWRfYXF2VE9Nbkx5T2h4a0ozWENGRG1hRzZyMUdYMWVZM25rTDNDZmdkU3c3WE1oalQ1WktMNkxXa3lSWVk1TWtxU0U1UmYyM1QzeEoxR3FCUVpKMHdNT3FnRllYbTBnQQ?oc=5,0.0,neutral
2026-07-08,2026-07-08,COST,ORCL Stock Quote Price and Forecast - CNN,CNN,https://news.google.com/rss/articles/CBMiUEFVX3lxTE5YTHlnTkdhSUl5RzM4Q013aDVVR3VOZ3ZtdGNPSnktN254SU5JVEs4ZWM4VGphVkNudzBxS3ZHaDVpdUs2dGZia1QwT2NvWnJ4?oc=5,0.0,neutral
2026-07-08,2026-07-08,COST,"Oracle Stock’s Price Is Falling, But Its Business Is Building. What Gives? - Trefis",Trefis,https://news.google.com/rss/articles/CBMiywFBVV95cUxQaFZCSkp3T08welVZN3ZHemdrdUVJcUMyd2NmRlN4WXFXNEFBVUxFTzlPTVNXMnhRZnFybHQzc0RYMVA5THVhUVRpUFJ2ZUR5NTRjWjluM3hJTVNUR0RoTGZBNnkwY000b2VtdkwxaGxOcVREM3k1TXMxS2F4WDVzdDRiY2ZBMFFQZzB2bThmQlItUUVWSXluTzNEN0UzQ1ZUMGpzQThlNWtuc1ZyNTF3LWdnWGk1aXpOVzRnRGQxdm9CYzhVMVc4REhodw?oc=5,-0.0772,negative
2026-07-08,2026-07-08,COST,"Korean chip stocks flip to losses on lingering AI, memory pricing concerns - Reuters",Reuters,https://news.google.com/rss/articles/CBMiyAFBVV95cUxOSHNvRlMzSldsUjBEOEpDSmlNRmZCRGFwVFVBTmQ4UURTbmstMWs5VUlNUm5YVkpDak5MRU53OWNVbFZHdzh4NGlnNUx2UUNSd0Faa0FfM1ZqaFgzSFNmTF8xY2dkTzRIRlVEQlViS0huZFF3b0l1VmpMOWUyZ2I1cVB0NzdwejZsMERyVmpEV1kxRjZCdUpNdmdzU3VWQWJlM2tpMmZrQk1IVl9BdGFERExmR3dMT01qSlZ2TGVyOF82VTAtLVZXaA?oc=5,-0.4019,negative
2026-07-08,2026-07-08,COST,A SpaceX holdout: We spoke to a rare analyst who doesn't rate the stock a buy - Business Insider,Business Insider,https://news.google.com/rss/articles/CBMixgFBVV95cUxPUlRTRmtreDZMN1JJZDZ5Wm9aMTZDWmZVMURNY2J4WEQ4bkNLUko1WFdCV0I5WlRTUkNnTzNvNGFFTHhPaWtmSE1aNTVIbUNXLXRRUEU0dkpJMVpvVk5rWWY3QjFhWG1SNURNRU1la0pORE44VVY0bzhkejE0UVZZeHkxa0tNUlJkQnN1cG9UTTJ1WnU3TDFHd180M1FkaW13cmtMaFg5MDhfZGZtelRlTHhCWGY5MmVNMDdYOHoxU1hkanFlRGc?oc=5,0.0,neutral
2026-07-08,2026-07-08,COST,Why July 16 Could Be a Turning Point for the Netflix Stock Price - The Motley Fool,The Motley Fool,https://news.google.com/rss/articles/CBMimAFBVV95cUxOdUZlRGNjdFB2SVdMZERtWkNtaTlDWktRcElYR0VzVzZDcnVveEQzdjJBLTRqQm5iNzUxbUUwZUlJV2UzbktFNFB6MTJJaGhIbFJCM0xtaGVxN2ozbFRqV1VRMmxFcFg1UjZLUGRHakJ3ODQwSzEwRVZtQkEyY2JXV2gtSnpxUTNyLU5oVG12SE43bzJTVlhnZg?oc=5,-0.4404,negative
2026-07-08,2026-07-08,COST,CRWD Stock Quote Price and Forecast - CNN,CNN,https://news.google.com/rss/articles/CBMiUEFVX3lxTE5xZE5TVjR3TmhUdHhOcl9ibU1ieUpfd05kR0U3UU1qV1I0amtKNWZFUV9EYy1kMGE5elAtWlpfYVRLYXBEcHBZeGRHV1J5LUJr?oc=5,0.0,neutral
2026-07-08,2026-07-08,COST,"Olin (OLN) On Cost Cuts And Margin Repair, Is The Valuation Gap A Buy Signal - simplywall.st",simplywall.st,https://news.google.com/rss/articles/CBMivgFBVV95cUxOa3RSdFVhUElHYzNuR2R2cGhSemVpajRQODFNN3AyNEd0YWNpSm0tQTdMVHJxS04yc3A3UmJrMWJaMk5FRmxkTVk3RVpIellNQk82dlZka1l1Nk80U0lZUUVsa1lDU2R6NHhlSm1OSm1LNGV6cmM0ajBpbjlBQTRvcUhuRG53Tk81aVdmNWVoR0piYzNJX082d1hfQTJBZWNUOEd4bHQ2aERHdkJKX1pOeXByT1lUSV93aWRaUDJn0gHDAUFVX3lxTE9USmhrU0l4ZWJ6cWtHa21YQmtPX0taVzBXV1d6dmhTWVM2SUkxLXhkZk5rU3NoQnVwZldOSXB6RTJNWGVZUzg3VGtRMWZPd3FjMWpnWldsSEdZc1d4a3RxVEVWa3NfUHZuRFkyM1cxelhLUWhodG12ZjRobkh4akU2QUpKM2wySjRTRkhVZDVGcmNuT1lhck91SUdJYXZ4ck03M0FmVXpPWnBrZlRNU2QwdmtuUFN6OWFuVkVRbE1TTUtGUQ?oc=5,-0.296,negative
2026-07-08,2026-07-08,COST,FuelCell Energy Announces Upsize and Pricing of Offering of Common Stock - markets.businessinsider.com,markets.businessinsider.com,https://news.google.com/rss/articles/CBMiywFBVV95cUxPeVlqbGcxVGtEUTdWdzlJbDRQeEE3MVd5QTJVVWJVVm9CR2Jfb3ZoYjdlTHBnWW9wdnV2UDhtS1JJdzVvUFAyN2VOR3l2blRMZmQ0MGFicnJGSTFhV3kwanNmYkdzOUJVMnpfaHRyM1hCQ3U5eklSOG9FQVlXTWxQM18zdzNXU0RBYVhFZWtDM3dIRG5ud2pXODFwRWdVeVl5MzdwOXY0eVhzbWJZRDFCUjFrNkdiNUl6Q1djSEF0SVBlSDc4U19VVEN6SQ?oc=5,0.2732,positive
2026-07-08,2026-07-08,COST,Is Lindblad Expeditions Holdings (LIND) Fully Valued As Cost Cuts And Margin Gains Lift Optimism? - simplywall.st,simplywall.st,https://news.google.com/rss/articles/CBMi7gFBVV95cUxOTklvcVhQcDcyUi1INjdLQkFfcEVLUnk3NWJXN0w4T0RraDByVTBBcDN3WTJhM1VIVk0zMDB3OG1nMWNGdmh3Y3NHdFkxdUhYMVRZVFdPU2lPRENCbUx2Y0wwcDVub0gzY0NNWVR4MnJNRlItaEFsckR1ZVBmZmJsX3RPbUlCcEVQQkZSZDVya0JMc1BjdVRuZVlNeUNEX1lIb2ZBV3JLV3BzNEdoMGNDaUNFZHdZaHk1SWFTUUpqU2YzdEZlNEdxbndLZENLcVhiRGxWYVhWZlFuX0w1ak1wOTJLa1BwNWg0ODZmZTd30gHzAUFVX3lxTE5odjZITHVqZGhoVUJ3Mnp4SG5rRkVpNktpaFdSUnp4SEZPT3diemFQeUVSdTJwcC12ZXhNcHI5WktxcUVUellFRHpOZGlDVl9qQnFUc2Fvc19lQWFYaDBGRGFraXNDNm55R2JUSHd3X0JlNmh5bHN0LUFBR3dualUwS0tOVkZyRFRERUNTeXBtaGhzVHlmMVFreTZCNlY5eU9XclgxQkcwR0UxZjNpWHdGeDM5MUp0T19OdzNwZV9YOE55NTVNQUkwZEdIRUlRRVB4SmZ1STUyVzJ0MjJaYnRYaDE4QlZWVWtfNVg5WE5zSUxOVQ?oc=5,0.7841,positive
2026-07-08,2026-07-08,COST,Greenlane trims headcount as Berachain activates PoL Next - Stock Titan,Stock Titan,https://news.google.com/rss/articles/CBMivAFBVV95cUxOTy1QOUdxcENFQTQ2T0NjY2lqY1ozUlVZVkNnRnB2LXJpaF9EQzVSYkYyMHlVM2RvSVZtb0h2ZV9aNFhYREtOUnI1QURFOFdkR3AxaUJsaXpxamd6WnpmbE9PN0U1Y3J1akJHVk9MZ0ZJSGRvejQzUUVzeG9SRDJSX2lCVFdxRk9jUVhlSFVqcU9KYkhEdUZPRGlfTnRhallnSlo0d011WmxqbkxCWWdFRmJrTk12N0tXNDRjMA?oc=5,0.0,neutral
2026-07-08,2026-07-09,COST,"Governor Newsom signs legislation to ensure corporations pay their fair share, protecting vital services for Californians - California State Portal | CA.gov",California State Portal | CA.gov,https://news.google.com/rss/articles/CBMi6wFBVV95cUxNVXhkRkNQMlQxTmNHMDJOd01ueUlQY2lFdU5fQ2JmTFYta2tQT1YtZmRVaTROOUE0djRYcGRVSE14S2F5V0Z0cEJPeVlTRzFNbG5OamxFbHJxTl95YlU3c2ZXWlBEN3UzaVZlTUdINDFSOFNxMkh3QWtDQVkySWpUVFM2WDhDVW1GTnRpYjBjWFVvbWh5cE9aOTZjWEM5WTd5VHJXOGlBM3RmcWZrNnpSbmZucW1GVGVoRnRteW53RmQ5SldjMFItZ1hRWXhoaU5makZUY0dHTm1QYkdkUnd0Q3Nlajh0UzFuMktR?oc=5,0.7845,positive
2026-07-08,2026-07-09,COST,SpaceX stock closes below debut price at $148 in two-day slide after Nasdaq-100 inclusion - CNBC,CNBC,https://news.google.com/rss/articles/CBMickFVX3lxTE1rWUhEamFBbldNNW9LWDAtdmYyN0h2SFVPcmd5dF8tY2Y5aHVpVTYzZmVkNmFhaVpqek9SQ05zODlibjdwTmM1TU45TEltMk1xU3R1NHBKbmtzMWM4RS1wanB0cUllMGdQS0IzM2FTbnp3d9IBd0FVX3lxTE1xTDczRzhFbHozanBTRTFVaEpzUlUzekN3UlQ5bU1yZFZmQ0wxOHdBOGhpVDZQR0V3U1dVN2w0M0VoVjVXaUh1djRMd0JLTlFsdXJwMDN1eFc1S1NBeno2UE4wS2FzZ29CZFlkbzNickhaU04yemRN?oc=5,0.0,neutral
2026-07-08,2026-07-09,COST,Costco’s June sales hit $29.24B as dividend rises to $1.47 - Stock Titan,Stock Titan,https://news.google.com/rss/articles/CBMitAFBVV95cUxPcEtjU0x3Y2t1NDE0YlhsblVnMXJ4d29NVEI2OXVKb3hCd202ZHpBenlTaXdZS1VmOHAwZzZXeV81b3g1YWx2S1d5Slc3ZF91MEpjMV82MnJDdGJxaENFSU5yblZ4a0QxRlE1emZWMzNBUFVyQXNvalZlcjNMdmNCaXpDRkY0N0JTcW9lalZVS2RIVkNZTTVQR3NZOTBZRG92WVhlbHJTaXBEOS1rUzBiNEp5bmM?oc=5,0.0,neutral
2026-07-08,2026-07-09,COST,US stock markets fall amid Iran strikes and potential higher interest rates - The Guardian,The Guardian,https://news.google.com/rss/articles/CBMijAFBVV95cUxNdFlSeTNKeUFDTVIwa01qOTRWQWNZV3hjYzZJVDVsakpLWEdhZ2tnRzl5aVdydUpyQmtkai1QME9zWmlua3pjWHl2TExOUjJqcS1PemRvRnRyclNIQks4eWFUQXR1Y3hQSFJkQUItLU1sRG9TZXBvN2xCZzVCb1pFbUNZUUNtSXdDdU0xWg?oc=5,0.128,positive
2026-07-08,2026-07-09,COST,Price Prediction: Can Costco Stock Double by 2032? - Yahoo Finance,Yahoo Finance,https://news.google.com/rss/articles/CBMiowFBVV95cUxQUVBrVVFmb3V1MVA5UEliVHk1cjBhbFBZTFpUTVBaWDNqN0Z2TkU2QzBqTE1PbTFSQXhCcUhOcW9JWXJnR3hwZ0RLSjctc1NfNnRubzRFdHZqWTh5d3ZZVVV0aXVJT1NDNG9hcl9MS3JXU2pzRDVESE91MjB2bXRXb1VZU3YwSUExTnlISXlZNUp2WmY2Z2JHWUlxSnA4bzRROHRZ?oc=5,0.0,neutral
2026-07-08,2026-07-09,COST,"SpaceX hits all-time low, dips below IPO opening price as rival Blue Origin seeks new funding - Yahoo Finance",Yahoo Finance,https://news.google.com/rss/articles/CBMi7AFBVV95cUxNNUhUVzdBRXhGMGpxU09kWWI5NFJ3b01YUVExTkNQdkZoMS0yNThWY2g2R1Y0el9wUmtXd3RiZy03Tkg3bktNeEpJU3ZFQ0dwTkwydnNidUZnVy1EMkwyZVZxUmhBVjZRM3k5WjEyYUdJaTRzSW55Z1NkMmdSbmp1S1p1eHRvanZyYWRKWXJ0cVk2RGFlSUY1SEZSN1hYZkwzYWxEdE1LdzlMNjdValVxMFdnN3M4MmlaM2UxX0NtN2R3dW01OFdtTVFvTFVlTDdPM05yM1hZcG4tQklURFpjYzY5U2RsYy1MSW9FUA?oc=5,-0.2732,negative
2026-07-08,2026-07-09,COST,Prediction: Tesla Stock Will Reach This Price in July (Hint: It's Going to Plummet) - Yahoo Finance,Yahoo Finance,https://news.google.com/rss/articles/CBMioAFBVV95cUxPRE94MGtCNWNoY0xrYy0wTEZ1bFVsOFJTYUhJV1d4aUQ2UWFqVkVXLXBFUU9pZW9mcTN1dnFOMEZSVGJGWXBuZ240dThpOWFvM3pVeExFYkNDdUVGMnBWMXV4dzAtczRIMW9nRUVLdG0xLTRvRm1rbGpneTF0REJheGNEaWl6QzFuRnNpWjlRNWtZNXlrRW1GZEtWUGExMUZB?oc=5,0.0258,neutral
2026-07-08,2026-07-09,COST,PYPL Stock: Where Compounding Could Take The Price - Trefis,Trefis,https://news.google.com/rss/articles/CBMirwFBVV95cUxPLVplR2hTZVdhaTJRZGJ6ZElIT3htUjY1cUFEdTUzSG0xMThhR2p5dkM0bkROVTJnU3I1VkNvOW1Ja2lDYXp4NXhtYXJuaDVUMGl0bXpZZUZUU2pLOV9ObG9xMXkzYWhfeFYwSG0zVTF6UUZTeW1VRW5zU1BFWDRyTzlPYVBLUzBZYWhPVW5oVENSVk5HdWdJTUdTNGtxM09rZnhRNjcxME8zSmRGYnBj?oc=5,0.0,neutral
2026-07-09,2026-07-09,COST,EasyJet’s Share Price Rises on Takeover Confirmation. Is Now the Time to Buy? - Morningstar,Morningstar,https://news.google.com/rss/articles/CBMirAFBVV95cUxPQkxGenpWQ1g5dkV1dTNFSzNVVVlqVVZPeUJ2OE9peUt4dmhkZmtORGNFdjYtbk9fdV9UWjc1bGk0aWh6eG45aUxKOVRwZWgyc3I2T3pGZzZyWlRWRGJ6VXYwbl9TeXp1aXdMWWMyWk9XTTNiZU1FUTZPTHl6Q0tUQVhqWHNQY19nb1N0eHN3VTlJYnJSQk5DZnZJalRzQlo0QTFJam9QVk56Q1Ff?oc=5,0.296,positive
2026-07-09,2026-07-09,COST,Dentons Tax Update – Singapore: Transfer pricing treatment of stock-based compensation - Dentons,Dentons,https://news.google.com/rss/articles/CBMi1wFBVV95cUxPWjVPaTBILUc2aEdFQmNTRU5PNjB5aVlMaW0yMUtaN1JCWkhfbXd2T2NkQmpLSS1JUmkxVm1fYkR3Z3FwRkd0c2tiU3RQU0gycHVjalFoaDQ3ZG9FbXVJM1BPT1RwNXlDYVkxWVdIX1RpcXM0ZndyRmNScGNnaTlKOHd6TVBNclpqLWRFbFpTTWxSejNlU0hJeGFvOHRyWnlKaDVjZndtMERERHFkQWVVZ3JjSnVacHNKVHFoMnI0cnVrT1J0TC11dVk5dFg1XzlJdGxxQW5UUQ?oc=5,0.0,neutral
2026-07-09,2026-07-09,COST,"SK Hynix Lifts Market Memory Hopes—U.S. Listing 7 Times Oversubscribed, Says Report - Barron's",Barron's,https://news.google.com/rss/articles/CBMihgFBVV95cUxPOThSdzVneUhJYzRvRVpsdUhJZktScktuazRZSkhGbGZYZmFxd0RWa1lIT0F0R2FGTm53T3g1UzQ1bndOV09WajJsWk1Tcl90Z245Y1lQSDJjdVNLZzBaSWV1bDJ2eHZ1blY2REZTSS00YzZlQy05UzdGX3hOLTNtdkR6cHN2QQ?oc=5,0.0,neutral
2026-07-09,2026-07-09,COST,PFE Stock Quote Price and Forecast - CNN,CNN,https://news.google.com/rss/articles/CBMiT0FVX3lxTE1Wa0dBazNWZnpRSFNIVFB0clpaZndBUzQxdVlQdUV6ZDk5NmNoSGRmYVdOZ2ZxSmdYNTZwTlh4ZGJ0UHQ5aEtQeWpWVFhSWVk?oc=5,0.0,neutral
2026-07-09,2026-07-09,COST,Costco (COST) Stock Price Forecast: June Sales Up 10.6% But Stock Fell After Hours - Short to $899? - TradingKey,TradingKey,https://news.google.com/rss/articles/CBMizgFBVV95cUxNRzZhVEh2RktiaUpZMldjMmJiUmx5V3lBdUhhVUdxVHlYYlViT3RCeHF5N0lmVmZ2aEhpdkFCb2pwWmpXZWg4YUZ1ejJHaHRIckVDSWtsQlpLbTBzTk1FVDUwOE85SFZHSVVuS2dvWEVMeVU5TGU0b0lHZHpvM3M0ZmxoYzJIRWpEdDBDS2dzbndXOUFNc0U0eC1NX0ZqenhfTHZVNEZTV3pVQ2lqYUZkbzZzQlZfODZ5TjBGUnhlaWVBd0VaNzBwY01uNE8yZw?oc=5,0.0,neutral
2026-07-09,2026-07-09,COST,Stellantis stock slips as JPMorgan downgrades on delayed payoff from cost cuts - Investing.com,Investing.com,https://news.google.com/rss/articles/CBMi0AFBVV95cUxNc2ZBVnBESmczWDhCVnZwSDZwNGFWX2lqY1ljay1Xa2I3MWpzWjg1cFVVd1JXcEdXRkw2M1pObjdXMjdZVVVHTFBmUmhvSHV6QWJucjRWREFxTEIwbTFndjdLMHdGUWZDaVZZMDU1WlgwWkxDQlE1ck1HTWFVTzVQTFVCajB5cUh3bE9vVnFlay0wMnN1UkprTFM2UDNFampxLTc1RWhNS1dFVU9TdVlfSHc5aFRmc0tWVkRlQkdSWU5SM09UVzkyTF9qWDRWbDVY?oc=5,-0.4767,negative
2026-07-09,2026-07-09,COST,"FUL Stock Is Riding Medical, Aerospace and Pricing Trends - TradingView",TradingView,https://news.google.com/rss/articles/CBMisgFBVV95cUxPX1V3eWpsVXlCY0ZjdjR1WUhsMDAzM1dKUDdrR0Q4SXVPX19DUExzb1V6UE1KTUdRQ2tSa0VWMW96QXVkbENzVUkwdGRIY0EtbWtRZENnMjFZa1BMSUNyU3RESjNTenlWQWphekZwSVJpNVR3c2c0clEzSFZIY0huWFN5TTRhd3J6Nk43OHJ6UjJLWG1EUUwyQ0hJTzNvSnlxVUZNSExhZkFwRkd6UnFMZ1NB?oc=5,0.0,neutral
2026-07-09,2026-07-09,COST,"Portland General Electric (POR) Wins New Data Center Rates, Is The Stock Fully Valued? - simplywall.st",simplywall.st,https://news.google.com/rss/articles/CBMi2AFBVV95cUxPWWd0TjZCel9nQU8zRDVHeUJQLUdoamJNWEd5NTN3LTQwdDRRaWpzTkhUWWpNTnlTcnExUFpkMHIwN3dpVF9aYVc0alc5WmtKVXRSbUtZOWhrcVFpZEs4UXR1NVZNWm1GSHZkWlJxeFVQMEpQWDI4VzNkeERKU0hmYmJmaFNMNEk2RnJVNWp1cTR1TjRSZ3Jha2ducFdjZFEwMHQ0dDI3Y2ZTWnJ0c3NOdEJnRDFYTEEya3JNUFU3MHY4WU9UMmRzUW56OGRhdlltVUVIdGV0eFfSAd4BQVVfeXFMTkdtNFpCOGxIdGVUcm5aN21ncXJXNnd0NmRvMW5pSHZaX0U3ZGt4TWZTeG9wb19IMlVMWWd6ajB2UkFIejVQbkoxZ0V0aHV4Z2ZhZTQ1ZURGaktqckpCQlhnOXZzSW9UNWktOWJTOVBmU3RJcExuSWdYSFRsRThEd2hzbWQxSHpwTHFwbGFRb1ctV2ZIWXF4dGpGVVUtbmJpejhfZG1nUF9zTTV4cHNuLVBKZ1Q0N2xVR2M1b25mVHl4TmN6ZWhyaTVCdzhrb053QUJyU0ZJaUo2UXhpMlpR?oc=5,0.7841,positive
2026-07-09,2026-07-09,COST,ConocoPhillips (COP) Stock Looks Undervalued On Rising Oil Price Tensions - Yahoo Finance,Yahoo Finance,https://news.google.com/rss/articles/CBMiqwFBVV95cUxNWGotcFZjT1VlT3Rja1JBeGZiYU1oRjFyd0JhdXJuMVprS0NWLXNrZW5lSUpVVFZ3ZjFHR1ZuVW1PVUUteDlpWUpHT05FSnVGZzZ6NnlTdFlRS05NLWF1eEw0UENESGU5cFRnLXk0bHpYQms4SHVpV0NyYXE0N1JPQnBJUXlod2JRMnk4MW1EeUdGc2NmclBoQVA3bVVWLVd3RDZYR1pXd24xN2s?oc=5,-0.4019,negative
2026-07-09,2026-07-09,COST,"HSBC cuts Alibaba stock price target on cloud, e-commerce outlook - Investing.com",Investing.com,https://news.google.com/rss/articles/CBMiwAFBVV95cUxNQ1NOS29UMTBRZmlsZkVZTEJzMF94dTFhaXRSd2NRdTAySFFoOTkxeUVSS1RXbkdnTVFNQk5oMDdjM2E2UWVEMlgwTXdNb0dfS0cwNFJTSV9Kdnk4Q21TZFRydFdJdU45bnQ1YjVwYkN4cnlvZDg0UWMxS3M4TTVyRUxBNlcwSGthemhXZ1Ewc2J3TlBia2J5S2prelJ4VWlyUzVSQ1JVZE1EMTR4TDNXMGV2UkU3azB6c1B0OXFTcEY?oc=5,-0.296,negative
2026-07-09,2026-07-09,COST,Genpact Limited: Great Value At Current Price - Seeking Alpha,Seeking Alpha,https://news.google.com/rss/articles/CBMijgFBVV95cUxQaFh4UVVRV2M4RkxOWVFCSlhLYmM1bmJqRFBPcjZqeENFZW1CeUNRNWx3TXhycFdIa2xSc2I5YVZDYXVMQmVZczc3a0EzeUVNQlZwdkhVTXctVmxIeUlMbHd5NkRiZWt0cWpUeUhjM243S3o4QkVybVo3dUlvYnhaQWZsZWZFRFZ3X1RsZ3NR?oc=5,0.6808,positive
2026-07-09,2026-07-09,COST,NFLX Has Bounced From This Price Before. Now What? - Trefis,Trefis,https://news.google.com/rss/articles/CBMiuwFBVV95cUxPSmNpODlMdk1qRDlXYTlOM29OdVZnWXRfTlExYnZ6V29Dc1VwYmZtcVlHWUwwMS1mRTlCYzBmdjlRUHZJVzJUdlJWcGl6ZHgxOEg0V1ljSUplNDlPUWplVkxYekxwOVRBWmJyQklGMmQtM3BsLWhfWDEyN3pjVFhsMXB1MVNTWUtqbDNtd2xUbklGWGhrSi1xU3MyT0lUYVZhaXp6ZWVBSzZHSW1TOENJTG9EaUtzelRCT3k4?oc=5,0.0,neutral
2026-07-09,2026-07-09,COST,Sony Is Going All-Digital—But Investors Should Watch This Instead - MarketBeat,MarketBeat,https://news.google.com/rss/articles/CBMiowFBVV95cUxOQTQ3ckxmb1gxMVJQN0R6NGdCUHQ2M2daOHUtdXVsYWZHZUFtZHFESHJoc3JZenpDWWxlUEJuNE91bEpibkpfNUE1UlpDLUZ6d2ZzT3BwdHU1Q3RhMnNoSVhaTmhfeXQ1SktidGI3LW1TLThiSEZpNjdWR2gza3hPRWZ5Y1FQbmo3ejBteHUtb21MdUN5SXgtNTlnaTVkaDVoYi1B?oc=5,0.0,neutral
2026-07-09,2026-07-13,COST,COST Stock Retreats After Hours On Decelerating Comparable Sales After Strong May Performance - Yahoo Finance,Yahoo Finance,https://news.google.com/rss/articles/CBMipgFBVV95cUxQSGJMaEZSZ2dWVnFzcnFlZXY2UTJoWnFHT2tDWlAxaGFycUoybk5zTDI2QzFDRElISFhyQ0lZbGI4RTU1ZFV1UWpFRUVuUzJuUnAwOGRsNVBkUlVRMnBCYjZ3WG9jMHhyZWhUQ1otN3F1aVRINjJCeDBsMXpxanoxRUxac0hNbGhPVDBsSzFXLTJjcDZvM3VtMlVNOG55VWJTcmxtdXJB?oc=5,0.5106,positive
2026-07-09,2026-07-20,COST,Why Did Costco Stock Fall Today? Because It Had ‘Little Room for Error’ - Investopedia,Investopedia,https://news.google.com/rss/articles/CBMivgFBVV95cUxQQUdJYzFCNW5CUkhhV0tEOHpkeWNscklzT19QcUNSV09OOWhlbVBBOXBzYmdtRUxFMEJnTTZLQ0FoSDcxUlpRN1U4N0NmaWJZOVNKVi1GRVhZZXNueXFJLXdycnprbUVLYVpMYkQ5SG82X1VKM0p5VThER0tTUnBFeGJYVEV4LXZzSF9UT3NXQ1JFclozbTB6bVlQQjVRRjg2aGlvVnNnaG11SWpuc0N1MmF5dWRkdFY3REtQZzl3?oc=5,0.0,neutral
2026-07-10,2026-07-13,COST,COST Stock Quote Price and Forecast - CNN,CNN,https://news.google.com/rss/articles/CBMiUEFVX3lxTE0wdWFzeXRQbjRSWURueDdHMklyTXcyLVNyUnlZX0R0cndYek4xTDY1VHg0QWxibVVOVzRlankxcEc3aWFDLWE2cFZPdng4RkJZ?oc=5,0.0,neutral
2026-07-10,2026-07-13,COST,Why Costco Stock Fell Today - The Motley Fool,The Motley Fool,https://news.google.com/rss/articles/CBMiekFVX3lxTFAyRXJqcVlwdDNXU0loZ0Y0Y0dWLUNvRXFCQVZfSUZ3alE4QnVfUzhGeklMN1pGWkR2ZllrLU5QQTBIMUJsamVLd3cxY3VaOG9KS2lBdEJkeExCemVSVmo5ZkUwbmF4RDhGWDZVa1kxcnBhUll4OE96bG5n?oc=5,-0.4404,negative
2026-07-10,2026-07-13,COST,Meta Stock Surges as Hidden AI Cost Breakthrough Stuns Wall Street - Yahoo Finance,Yahoo Finance,https://news.google.com/rss/articles/CBMilgFBVV95cUxQa2Y3Q3RnOTl1RERwRml2bVN6NHM2eEdBdEVja2NYejFvYlh3S014SUNVQ3oycnN6aGFlNjhHTVd1dVVwbW5DR1o4VEo4WWp5TFZOQnJXX0NVQ1luX2NwalNtdFYtM0xsX2NMSnJvUHV6WlczN0h3aEFxZU1ERkZOV0M5ZUhWYmpYeDBuZTZBOXBkajZiM3c?oc=5,0.0258,neutral
2026-07-11,2026-07-13,COST,SKHYV Stock Quote Price and Forecast - CNN,CNN,https://news.google.com/rss/articles/CBMiUkFVX3lxTFBhd24yOGZvRldpems5Zzk2dEpEeHNPbDNoa3Z3QTFSTmFuYm9CakF5SXZJT2p3Ym5zOWRxZ1BXLUFZSXNta0JyZ3BRcTFRbk5ScHc?oc=5,0.0,neutral
2026-07-11,2026-07-13,COST,AAPL Stock Quote Price and Forecast - CNN,CNN,https://news.google.com/rss/articles/CBMiUEFVX3lxTE00U3JoRzhkckt5aVFxb1NVNnBndWhrcDM5N0NqUzZGUk8xQk04OF9jVWRULXh2RmlJaGpTS1FJWEREaUlNUnhfSHk2cm53NllX?oc=5,0.0,neutral
2026-07-11,2026-07-13,COST,CRWV Stock Quote Price and Forecast - CNN,CNN,https://news.google.com/rss/articles/CBMiUEFVX3lxTE5iRXpHc0tvWFhYT0hwWElXV3lzT2Q5blVPMkdmdVBFZzlRTnRQVHgxT2pZODN6QXpVTEdDTFhtNXcyazduT09NWEhBWWE0UkNF?oc=5,0.0,neutral
2026-07-12,2026-07-13,COST,SPCX Stock Quote Price and Forecast - CNN,CNN,https://news.google.com/rss/articles/CBMiUEFVX3lxTE9mNFpQdmpQSHpfbjh0RmFkcGxLQ1d1dWxoeUoxMTUwM0pnRmYwRDVjMFlvdVNKQm85LUsxSjNVZFlSZm9iSmYwRkJfSVhlNmtK?oc=5,0.0,neutral
2026-07-12,2026-07-13,COST,Hershey Stock And 2 US Consumer Staples Picks For Higher Rates - simplywall.st,simplywall.st,https://news.google.com/rss/articles/CBMi4gFBVV95cUxQcS1QNGkyY2E4MHJjZ0tuWlJQUmNEQTlIVVNCek9YOXVEZ0M2eHFfNFlmaC1yTWRscnZBU3FoeTdJUEZFOFJMcUtvbHNUVWNVSkhnR3FtLVlnc2NJQTlGR3hRQk43RnhfZ1ZSVFdXT283WV9JckhMUi1qREJvcWdreTJocXJMUWZCWm5qbzFNbklydzFxaExqQlNtS3YxSU1PbkljcUxrbkhZN3E4SVp2X2Qxa1ZBcmtxNkMzWXpaNE5LbVN1TVhLSGRlamE2N0NKUGhaVUhBNVgxcFpUOVhfbnFR0gHnAUFVX3lxTE93QzdpS29HdTFyejcxaER1a2V2ODVyWWRJWkI4MENGU2tpUmtqVlhDdzZDSlNyUFQtUGU2MmFTQm5xcmNjVXlIUGVNU3BLR3pHODQ3N2xwTmNtTXRKN05JWlUtTFZJLW0wTWxGaHh4MkZiNVRTT0VCN3dKekVzZnpLWjRzVWl5NHdfU21keXhlaEFTbENxY2lBWVdlQWNjWE9xWS1Zc0RnUnhCcjE5ekkxYmpOZTdzTDRUdkxpZlotR2JNNUtTSndla0gtMmZUX2xLUVpIdEkwSlpPUnIwYzF0RlduNHBZQQ?oc=5,0.0,neutral
2026-07-12,2026-07-13,COST,Nvidia's Forward P/E Has Actually Fallen as Its Stock Price Rose. Here's How That's Possible. - Yahoo Finance,Yahoo Finance,https://news.google.com/rss/articles/CBMimAFBVV95cUxQT1dhbV9QRWlqNm9VcG94c3Q1WGd3ejY0bWt5SGVuMzRXcnFvZDhyWlJpVFcxR19oc1UxMGRyb0F3b2wwTVhkUkdoRmtJT1FZdFVxWXhXNXUxT2NNcHlrRjRRS3MtVEswdzJLeGZ3bFo4cEkxMVloRXE3OUZ0VUZvczFSLVppNFRoZE92eUV5V2JNQXYyTHlNZQ?oc=5,-0.3612,negative
2026-07-13,2026-07-13,COST,PTC Inc (NASDAQ:PTC): A Growth at a Reasonable Price Stock Following the GARP Playbook - ChartMill,ChartMill,https://news.google.com/rss/articles/CBMizgFBVV95cUxPZG50My05R05jQlZtUFE4T2FlNklySE1Mc3hoc1VoeUE0XzZHajZsbnFMRUN0WjBER1Q5cnE4VTNOc01ZbHhiNjdqMWlaNXNDR0FPSTJ4TEdQZ0FJS2ZYZEhLcWJXVDRfOTJoUUFrYVdYNjNDTlRQZ0NtQm1NOEJLcXE2R09jcTREbGJCQUJnSmxMSG40eDRXaE80T1VZQTYtYzVNQWhrQ0NDVHFNYVJlMENMeURqVkhrbTE2M2tXeHBUQ1ZtdDZ0NUtHSFdoUQ?oc=5,0.3818,positive
2026-07-13,2026-07-13,COST,"A Fed interest-rate hike could trigger a short-term stock selloff, but history points to a big silver lining - MarketWatch",MarketWatch,https://news.google.com/rss/articles/CBMi5AFBVV95cUxPNWE5XzVSbF9SSjlhRTJpem5xY2IyM204UUdIZW80d0JYSU80dDJhTncyWEJaMWRjMDdxOERNeVFrRmRTTkZhbXN6VGxjaTRqZURGaExZZDZhVi1Id1ptSGZrUEZGM1piN1VrVmZLQUFqSzhxMGJ4YTNuc1l2WVNTdFVQWVhlTjN2QnZvQll2SjktMnNILVhtR3lNMjlVNlplWUpHM0xENzRWczdUX3pMQ2xhNVU4M3FsdGdLSUFMb0lnV01zVVJzT3Q3RWpwNVcycEVEWjlFQUZNcEJleFFMcmp4SWM?oc=5,0.0,neutral
2026-07-13,2026-07-13,COST,Apple Stock Gets Price Target Hike as IPhone 18’s Launch Seen as ‘Important Catalyst’ - Barron's,Barron's,https://news.google.com/rss/articles/CBMiiAFBVV95cUxPVEdoRlBhMk9rcGtqZGRZVHdfR0JmVG9rVV9uN3ZSdXRpVUsySmRDdk1jM25zX3JoRzhaM3h2YVZ3b3hoaUJyN2hPWkJtaUNkZENoMWJjbEs1WEQzcnRybVdGaW1YUXRrUGx2RHNka19FZVg3cmJET2pSR0lSLWJSTUZuUWNNdE5z?oc=5,0.0,neutral
2026-07-13,2026-07-13,COST,AMD Stock: Collect 14% While Setting A 50%-Off Buy Price - Trefis,Trefis,https://news.google.com/rss/articles/CBMiswFBVV95cUxNUG1Ib3dPVU9WNjU1RFB3Q3owUG8zSjRXbHBRRGgwMExMbUlPY24tOE5nS2FVa3lsdXB2c2pVZWQ2RkFPVVg4NU9paXQ2c1JhWDJRUERrelJtc25lMEhMenVXd3NYOHNlakFhSnZVUjZSOVZLVzNrdXlsaUtjMEVYanY3VE82d3ppMjcwSkkwNTJ0dnQxUjhkMUhRMloxUkNmZHJ0V1pQcjhTU0pXZEZEZ216MA?oc=5,0.0,neutral
2026-07-13,2026-07-13,COST,Delta Air Lines Stock Dips Despite Beating Q2 Earnings Expectations - TIKR.com,TIKR.com,https://news.google.com/rss/articles/CBMikwFBVV95cUxOTG02S29odDJUcFZIYWhRQlNLTENJSHE2TXl4MGJmaFZjSjJUOWdueHRZZHhTbml1SUJNaV95T0s0Z090R0VoMGNRcXJHejdWbnJaM1R5VERrLXoxNTdxeVNMVTEzWHVaMDhVMzdONmduc005bDM1UmJzeDR6OWFEbldJM0psN3JJU1c3cDZQNWpUY1E?oc=5,0.357,positive
2026-07-13,2026-07-13,COST,SK hynix share price drops after Nasdaq debut - Techzine Global,Techzine Global,https://news.google.com/rss/articles/CBMingFBVV95cUxNbzNPczV1RjhGazNyODh1ZkhSaHJRV0g5WkZIdVZaM3U1WTJ0Skw1X09aZ00wMkxya0FGM3JWNGxxV2pqb2RyZ0hqNHdwSGdKTzBwdWtJV1NVZVFFTU5GeDVZcmJucUtNVk0yX0hUR0VwZXVId2tOaU1tbElWYkxCbEpDdk1sWFZfOUhHNVhIamJ3T0RDTnpjSXpjb1M0UQ?oc=5,0.296,positive
2026-07-13,2026-07-13,COST,Bernstein reiterates Ryanair stock rating on cost control strength - Investing.com,Investing.com,https://news.google.com/rss/articles/CBMixAFBVV95cUxQSzRKdzc4cEFNVmlrVElnY0FqQWliRGlOUU0xdDRXMXByYmNxWTNYYzVFaEZjd3VnQ3huWE9Bd1ZPMk1qcjhIcm9Ja041N19MZnJpeWxuVHhsdjVZZFNuRFNCSzIyanJCc21SU2hqbElPV2hFX3dLNWZEdm1mTXpodld4UGhtbEd5VllsZ2dyNzcyak1Fb0JGQWN1UXE0a29zbnlfTEtaRFZvVGdzYzI5Uk5qYTBXaFZoQ3NyazgzMjRoRm1S?oc=5,0.4939,positive
2026-07-13,2026-07-13,COST,GOOGL Stock Quote Price and Forecast - CNN,CNN,https://news.google.com/rss/articles/CBMiUkFVX3lxTE5UbkhMMngyaG5RbUxmS1ZGOGtMZGpWMi1GZWM4TGdVUV9kT0wwRjhITEVWVERVZnY4ekZhU0lFbWtMNWhjZGpJdm1iek5wS0lrZUE?oc=5,0.0,neutral
2026-07-13,2026-07-13,COST,"Soaring power demand, rising costs: Lazard maps the new economics of energy - Stock Titan",Stock Titan,https://news.google.com/rss/articles/CBMitwFBVV95cUxNVTFOY0FHSjhCV2xCSVBaWFBNa3FTMFhYV0tBZ25MejBDaG9GZG1TSndQRDJLMFBDVG9GV0dLRXJNUV9RT3VUX1V0eEd0NUFXcGVyYnRKd24ycjNlVl9XS2pqWVZpUFNVR0MtQ1pDY1EzX3FKTHdWRlBlUlNmTzJjZ2c2dUtmcnhlMl9OOUk4V2dOUnZsMmN1SFJCdkVpNlhfVkFmLXNkUDRELW9MRERLRFYwcHhmaVU?oc=5,0.1531,positive
2026-07-13,2026-07-13,COST,Meta AI Splurge Continues and J.P. Morgan Is Worried for the Stock - Barron's,Barron's,https://news.google.com/rss/articles/CBMiekFVX3lxTE1GTkt6cU0tUnNvV0t0LTJUWkNESU1TUFZLTDJzRGs5TVVOeTF4RWhLTE9yVXRqYldlcG1Jb182N3N0ZllvRm9oTDdZVVJ3ek1rcW1FVjZLWWg2MVRsOUdEdllLZm5WTEl0WnFhZUpjZi1Ud3FKNFAtU0dn?oc=5,-0.296,negative
2026-07-13,2026-07-13,COST,StoneCo (NASDAQ:STNE): A Classic Growth at a Reasonable Price Stock According to GARP’s Strategy - ChartMill,ChartMill,https://news.google.com/rss/articles/CBMi2wFBVV95cUxQOEo3YlBiMGZBbWdJd0llVDFiVU9FNWZIclplT2xvWGpNSl9VYTJ1Yl9iUjlaUzNic0Y4NDJnZ3c2dkw1cHZEWjJEUWxjS0hVRkRHZWhIbmM4RjNUUDQ5Uk1ra1p2SmlJMDhLcU5wZXFpNGZUYXlueHc0dkdfbmR5ckx5Z3hzT1hqN29zbkwxZ1FGV2dreTFyVE11NWNFSGtJSmpVWjc5Zm5mTmp1aEFUblpzdG8xM1NsNE1xZnNUUGZWak9nV2JvVjFnb1RsWUxjM0xsWHdqQ2o1VEE?oc=5,0.3818,positive
2026-07-13,2026-07-13,COST,BA Stock Quote Price and Forecast - CNN,CNN,https://news.google.com/rss/articles/CBMiTkFVX3lxTFBfc2dScnU5N1REM1pqeUJYVE1SR29tR19PS0F2aDl1bnVNdUktVzJ0X2pRN2hBeU9CQVppaU5BZEdHZURGUkRQQlZqOE1fUQ?oc=5,0.0,neutral
2026-07-13,2026-07-13,COST,symbol__ Stock Quote Price and Forecast - CNN,CNN,https://news.google.com/rss/articles/CBMiUEFVX3lxTE9nd1p3ZS1yZnBHWm40a2tNbnU1Y3BOdUNIbjNTU0EtWHNRTVl1elBwdzlRWHd1NHFnMzVOVWlhSExjVHdUWGNmS3QtRUtQalNa?oc=5,0.0,neutral
2026-07-13,2026-07-13,COST,Compass Diversified expects 2027 fee cut to save $19M–$22M for shareholders - Stock Titan,Stock Titan,https://news.google.com/rss/articles/CBMiugFBVV95cUxPakhiSG90MXhrczh0dWFpbHprajl1LWJ3WENtNXNobHNaeERHcElRWHU2clhxcnJjX0w3UTFsWklvRzYwSzV4a29qME5GV3VaQUREZXNzSG81Rzc4bm01N3RidHhPVGxHZy1pMW1HX3dqcDh3SFVnZWNUWEcxdmp4Q3BmWGVkTkR5WkdNc0g5UW1COUI0MVlVb1hSSTNXSUx4OGVkbFlScldqUGxMQWdNMk9mS28wQVBza3c?oc=5,0.2732,positive
2026-07-13,2026-07-14,COST,"As SpaceX stock dips near IPO price, bulls like BofA's Epstein say buy on 'launch leadership' - Yahoo Finance",Yahoo Finance,https://news.google.com/rss/articles/CBMi6AFBVV95cUxQWWNqV05NSTFtQ3EtdnoxYldmTXZpaXRQdXZNTXRYVWoxRDNULVhkRl9MOHRIS0xkSW0ya0xQLURnWnluYWNUUEhGNV9fRE8yU245ZjVRd0F5OERKd1B1QTNBa19fdHJlSWNYM0RuSE02MVhFREd3ODVxVVY5bDg1OEFqSFl3aEdHVHh5YjVKcU9RTEx3X1NXSTZNZTNRNklsMkM2WWtaTmw4ZmhiYXRlZkZjV2Zmdk4taXhXeGRUNTdDWW82LVAyLUF5dG4yNGc4NkUxQ2FWUGJ5N3ZyOGc3S0twaGhOVWlx?oc=5,0.3612,positive
2026-07-13,2026-07-14,COST,MSFT Stock Has Bounced From This Price Before. Now What? - Trefis,Trefis,https://news.google.com/rss/articles/CBMitgFBVV95cUxOT2d4ZlJOci1mYmN6c0xkak1naWJxanBwOHU5cW10M3FScExmQ3lpM2U2a0VEMXVYM1Z2RDBjOTU3b2x3dWFyS0N6MzM1RWlmcF9Qd0F1N2MxeDFmUlNvMWlyaHNobm5ObkVNZmV2SXhXQnY2V19oa2RvX3R0YVEydTBJQVNrdTJUNHlZQVJNblY1Nl8zZndxNDlpTlZvWU9NbkZwNF9KOVN4UzdKUmJrb0VPZ0pvdw?oc=5,0.0,neutral
2026-07-13,2026-07-14,COST,How Efficiently Did the Market Price Vale’s Stock After the Mariana and Brumadinho Disasters? - Springer Nature Link,Springer Nature Link,https://news.google.com/rss/articles/CBMibEFVX3lxTE5tenhMZ09JNTdtWU9kMWxMeENrLVd1d1h5NGtDaGNYMjZma1JsaTdMdzQyTkxrVzExTEZOQkZFaG9uS052YXNVdGlKWXBZckJaYWx3OTdaMUdyWnh0dkZ2S09Xdld1SmlDanc2Zg?oc=5,-0.2263,negative
2026-07-13,2026-07-14,COST,USDA Offers Cost Share Assistance for Organic Certification Expenses - RFD-TV,RFD-TV,https://news.google.com/rss/articles/CBMilAFBVV95cUxPUTQwUzFJc3M3aENaemhtcEFPMEVNUWdhbEZzMmJabnNTaGlzbzlYT3ZtMGE4eXV1Wm5rbEhfQ2J4Y2xTcnZlQnFQRE5ZU1M1MGRVbEg3STZ2d0s4SDhzMGVVcjR4X2Rhd09Mamwya2lmZ3hpNzRJRzZSTDlEeTZXbU1Sa0FKUXRKRFVkRWZ5SHpvV2RS?oc=5,0.296,positive
2026-07-13,2026-07-14,COST,"SpaceX stock sinks for a second-straight day, nearing $135 IPO price - CNBC",CNBC,https://news.google.com/rss/articles/CBMickFVX3lxTE0tVGZpajFHMmRLOHVIZkFHdVdScGNzeXoxYm1wY2dTckJXRzBqMV9nUzV1ZW5XOVNtdXpNNEZYVlNubF84SEpudXhRZ3pxMFVscTZZTk5pVmZxMDU3UVhWR3J6YkhXVDJaMXlZcTlLcXNJZ9IBd0FVX3lxTE5KSFE0MXNWQXR2Zk13YTB3T1JmZ3M5c1RMN0xwdFlmaFlXTmlVbnU3VUdXNnZ2aVNhUjZmU21Fb01sWG9wazJQTmt5dHZRLUhTc2FRRUpsMDNwOWxxWDZoT2J0emVTVk8tY1dpZ2lrVnBPMF9IdlZN?oc=5,0.0,neutral
2026-07-13,2026-07-14,COST,Apple Stock Rises. Why This Analyst Just Hiked Price Target to $365. - Barron's,Barron's,https://news.google.com/rss/articles/CBMif0FVX3lxTE9HbXQzNmRIQm8ydTFPOFY3eC15aXYwM3NVLUk5ZnNOdjBRSFRuUDhoVm1NSHRxTldMVThqOXQtbTFWQ1FkbC1HdEFlQUhsZGYwd1hsbjRUZFFuaG41enNvaGpoSWhDbl9aLVR1QVpTUHBMWjlFQXF3TVh2R2JYLU0?oc=5,0.0,neutral
2026-07-13,2026-07-14,COST,SpaceX’s stock threatens to fall below the IPO price. Do investors face a ‘crisis’ if it does? - MarketWatch,MarketWatch,https://news.google.com/rss/articles/CBMizAFBVV95cUxPbVBLX2YxZ1VCMEM0bXhvbU1TTnBMT29VVkNObUZNM2F5ZG1zR2pOM2x6dE1QWWk3NFczcnZJSXZiXzgtQzJEeHZuV25ZWlJuUDJHLV84T19JTEttOHBPWThXOVN3dzdubWNmZnVSQUtzbllZVGNjX2E0ODE2cHV6cWM1M1UzeVpKSFdfcEFScWx5Y3g4aXNabUlrS0hvLXZObTY0QVNVUU1aaWJ4Q1U1V3dEVWgxYU9Kd1BCaVRoMG1aVHZkbmJFZ1RCT0Q?oc=5,-0.3818,negative
2026-07-13,2026-07-14,COST,SpaceX stock slides toward $135 IPO price after Nasdaq debut - Yahoo Finance,Yahoo Finance,https://news.google.com/rss/articles/CBMimwFBVV95cUxNaGNydENkYi1KTlZGVk51MEotQlY4b2xjWUdfb2k0Y1AwTGg1d3VTNWpPQ3ZNaU4zWFBvLWRPeTRTazdBTzNtSVlfZVNWNmprOWJza3BocHF4V0xGWWZqOVV3cUs0bk9CWE16SElwSXRjNkIzenBIclBBZGs1VU1zdm1qLWtDMmxlQmt0d2ViRTNFTzZiLW9ZczBjWQ?oc=5,0.0,neutral
2026-07-13,2026-07-14,COST,Sandisk Just Had Its Price Target More Than Doubled by This Analyst. Why the Stock Is Falling. - Barron's,Barron's,https://news.google.com/rss/articles/CBMihwFBVV95cUxPVjZxRk52YlQxY1NtcUN5Y1lMNGZyZ1k3OGtxSEk0M1lvUURfSVpVM09tQWhHTWpJTF9ESkdUbkxDSTNsektfYVJiRVF6dkxsTlB1WFBvQXQ5UFNsNXdidlpiT3I3SlhqUkJTbXhhVGhPSGR3WnRYTDgzdGNEOWFoR1hfd2RoNW8?oc=5,-0.1531,negative
2026-07-13,2026-07-14,COST,"AI Costs Keep Rising As Morgan Stanley Ups CapEx Estimates For Amazon, Meta - Investor's Business Daily",Investor's Business Daily,https://news.google.com/rss/articles/CBMilAFBVV95cUxQdjhZNmNwTEdocXkxUXNVeUJ1QUt5bldWbHdyb1pIQjVrV0NlMjZ5V014Rm90OTYtbkY3dkVITml4ZG00T0JnOE1XVTZHSVNEbjdsMDRCdTJud25iR0dtenZDYUJQdkxiN3FXRnJMdlJZZEdMQTlIUXVqYXV0MlhjZUZSekRTSlRMX183Uk8xNUVBTWNO?oc=5,0.1779,positive
2026-07-13,2026-07-15,COST,How AI Is Helping to Explain Stock-Price Moves - The University of Chicago Booth School of Business,The University of Chicago Booth School of Business,https://news.google.com/rss/articles/CBMikwFBVV95cUxPY3c1cXE0NFhNX0R0Z3NSUkExUWZYdnUyMlFpcmtjSk5qQ2FObnBKVi1CT0JKNS03X1I4bGJEOWlNS3BHeDlOdHRYb0VYTHlKVkZ1d1M0aGZjME9hcEplNU1UNUFYZGdLTkRpanJ3ZjVRZlg5bTQzRnhVZzBZUjlnWGFIOEg3d0pIa3BjOWEyNkt1V2c?oc=5,0.296,positive
2026-07-14,2026-07-14,COST,"Stocks slip under weight of AI losses, rising oil costs - The Arkansas Democrat-Gazette",The Arkansas Democrat-Gazette,https://news.google.com/rss/articles/CBMingFBVV95cUxPN05mQnhkb0U1UGkyb3RmZlk1d1JKYktidEpYSFVwcENGNV9WTm42M19LajYtaHJlMVhSTkhjVWd6ZkY2c1doTG5VWTVsNzNucm54TUQ0aXdQVllSUU1GT1VLNFJvbUJmV25FdG13a3FIQndOZWNLMDE1OXo2RG11UHlGSHdvZ1hvV1lsN214dG1YSkU4SjdZQTMyeGZrdw?oc=5,-0.4019,negative
2026-07-14,2026-07-14,COST,Ericsson ends up on the wrong side of memory-chip price spike. The stock slumps. - MarketWatch,MarketWatch,https://news.google.com/rss/articles/CBMivgFBVV95cUxOSjd2Uk9DaFpjVHNBU05EQUhaT1cxMDlQS0x1aWxFVWx5WU5OT1Q1a0NaSUpNbU1kTE1nOTZSNWFPeWpLaktCbmlUbEYxY2hxSkxCQmxodGlJamRndjFkZXh6bmNvVG5yUUU3bXoydjFiR2FaMWZlZmw2R3B6YlQ5TGNDcVNBV1VwZm9EWXRsQWN2eEFVSDhQcXNOTGlsX0JlbC1PRlVLOHF1OHRlYl9rVXJPaHRiOHZRTUgxYlp3?oc=5,-0.4767,negative
2026-07-14,2026-07-14,COST,Three Price Target Boosts Can’t Help Tesla Stock - Barron's,Barron's,https://news.google.com/rss/articles/CBMidEFVX3lxTFB2R2p2UVEya2ZoSHNFZmpKdTQ0QW5BQ2RGWmxtYlR2aldBM0g1akRSSkJGTVFDWWhnMTNheTllcHhoTVoxR183bEswaE5yd3Bqcl9laFJZRXB3RFQ2V3RxV2VMOEhTcHNackJYc2dhQ1VQUnF5?oc=5,0.6124,positive
2026-07-14,2026-07-14,COST,COP Stock Quote Price and Forecast - CNN,CNN,https://news.google.com/rss/articles/CBMiT0FVX3lxTFB2Rk9pTjF2bGVlMkZPMjdWRGhDLXpmZ25vaHE3cy1xR1pidTVDeVd4QWZhblBsLWR0alJWQUtnWk9wX3lJYzdFLXB3Q1VzQmM?oc=5,0.0,neutral
2026-07-14,2026-07-14,COST,Interest Rates May Do Something Last Seen in 2022. The Stock Market Will Make a Big Move Afterward if History Repeats. - The Motley Fool,The Motley Fool,https://news.google.com/rss/articles/CBMilAFBVV95cUxNSy1ET3hoRW1PVWxEZjFDenZWTHlXX25TOXYyMXdiYldmY291MC1kaE9Tb01JLTlQNjVYZ2JBNlVqS3M4VlJoZ19tVHVMSlZkdVd0RUxSTXdRZGZEek1mZlJPVTYtbWlkRXBJckdHVWU0QW8tX3N5dDdLeGZqVlVVamlWMjloUGFEWTQzOUsxdlRaN2JF?oc=5,0.0258,neutral
2026-07-14,2026-07-14,COST,Palantir stock price up 2.56% on Monday - StockInvest.us,StockInvest.us,https://news.google.com/rss/articles/CBMiigFBVV95cUxOd1Zud0FoczBEYVRWRllvZ1ZzaXNJVjdZNzZ2eUNadWV4T1VXVzhncGkxbkhQX0tWZmQySk5vODRQRlV4QUZRTzZYcWlTYVIyY0Q3ZkN0UnZyZ0NwTFo5ZFExVUowRWVrUlR4aGhaWTM4Tk1YaVowTThmMHJPcnBlWGJPaUNIeHBtemc?oc=5,0.0,neutral
2026-07-14,2026-07-14,COST,Buy Apple stock ahead of expected $200 iPhone price hikes: Morgan Stanley - Investing.com,Investing.com,https://news.google.com/rss/articles/CBMixwFBVV95cUxNbmVJU2tQMlhkQnRvQ3ViMTBBTnhNclhMUlBoU1RQdC1pM0lKQ2RNdTZ5MHRGYmFRMzRMTmxGTXU4WEFPekFaN3duTjVselJmRnFUZkxlQzcwaHpJMzNvUTEyczBDMVU3S185bE1UakhyUUFYNzlCMmpGdlRoRzB4Yko4eGFtbm1kYkVyZHE2TEo4cjdsc3hoNDViOHZIREUtSmR0OHNIakVZN2FpSW92WC1FWjB6T3RKaWJtYmQ2a25velVRWXBn?oc=5,0.0,neutral
2026-07-14,2026-07-14,COST,Veteran Bank Tweaks Apple Stock Price Target Ahead of Phone 18 Launch - TradingView,TradingView,https://news.google.com/rss/articles/CBMiyAFBVV95cUxPU2RIWGgwSEUzUGhtdGs3dnd3NUlxM2dER1lreTdtYVFERFNIaUpBZTlmek8zcnJ5cktUQlF5ckFsMHdKd19vSjU2aTc4Rm9DREtMbVlfSnpHeFZrQzJEVWZRR3NkbHpVdHN6WTlEY093a0FZS3k5SzJvcUdNcGNiS2x0LXh4YURjUHBaakdGd05SdnpuNE16MkFRa0pKVXF6alpXV1RMZFB6aG90S0RrZzVOWEJ3SGljUk1MVmh3MVVrWUNPZU5DTA?oc=5,0.0,neutral
2026-07-14,2026-07-14,COST,symbol__ Stock Quote Price and Forecast - CNN,CNN,https://news.google.com/rss/articles/CBMiT0FVX3lxTE5JbVZOakpiSzU2c2FOMzlPR0sydEtRQ05sX0pLU0pfZ3BxTmxsVTlvUnFtbWVZRXMtZlV3MkhJd2g2ckUzX1ktY1NuUVBNTEk?oc=5,0.0,neutral
2026-07-14,2026-07-14,COST,A new ETF offers 2x daily SK hynix exposure at a 0.50% expense ratio - Stock Titan,Stock Titan,https://news.google.com/rss/articles/CBMiuwFBVV95cUxNV25QbFNHXzduY2FLZWwxRW5ycUtsM3F5NnA0dFpfUGpoNGdZYWlMNlNpSGE2eVczUUVPdzJLY0RGN0U5a19CUGhMWi1RSk1sUjM4QTA5eTEtZU9qNWdSQU9WZWpMMThJak0xZk1iY0YtOXpZdDlwZ1ZVVFhTNklRakpWV2UtVk5kMS1BTUtPNXNFd3pGSVRfSVFJQkZwY1NzNDE1RG9sQldOdlRiVEJLVWNOT09JRVBMSEZ3?oc=5,0.0,neutral
2026-07-14,2026-07-14,COST,Tesla stock price down 3.19% on Monday - StockInvest.us,StockInvest.us,https://news.google.com/rss/articles/CBMiiAFBVV95cUxOY0xZbWxqUjVHdmNrbHZseGw4QTBQRkJBUmVpcV95UXFpYmEwa0lCNUhOaXIybVV1RWZUZUFRcnZ1QlgwMXhVaVg2VVlfYklYclpaRElrUXlQNDlYQU1RLTVnczNsYXZ6SUZ3RUFJUllJVDRfZmlYVjZSRzJqU2VqakNfU3lvYW1Q?oc=5,0.0,neutral
2026-07-14,2026-07-14,COST,"SPCX: SpaceX Stock Gravitates Toward $135 IPO Price, Closing at All-Time Low - TradingView",TradingView,https://news.google.com/rss/articles/CBMi0AFBVV95cUxOVlZDWHhuel9pd3BwTGJGNWpMa3hVTUx6LXV1MF9YZGQ4bUlMZkppdV9FSnVVY2FQUWFQcWVDV2R5WFhUaDJ4R3hHMlBsdVR5ZXFCUnJKQW5lNE5tTmwyNlFxaEtOTXd3Tm5EbHplakhaaWFJWnVzVHFGNWZkQkU3dHhtVnQtZmd3ZUdGaVo1eVNKc3h6MmFMcE9XQmhETlRQREw4UWxRSDhiRlJmMXVORFI3Y29ZM1NfLUp1RkFlNzNuUlpiSjlwcDJHTVV5Mm5W?oc=5,-0.2732,negative
2026-07-14,2026-07-15,COST,Opinion: IBM workers pay a $400 million price for investing in company stock - MarketWatch,MarketWatch,https://news.google.com/rss/articles/CBMirgFBVV95cUxQNlphc3d0bVNNdzM2ZFJ4RnlIWWtlaUZJU2dXRFpIN2RPdjJqb2Z6ZmZZV19fNlh5dkV0Y3Fna2xlNGluR2lkejVzbVdnVFA4T0p4RTdWWW9zdXlxcF9ycEZXb3BJczl1SUh2VWZTc0JyVld2XzJBLTJDNUphT05na2lhdUpJU3ctcVZkVFBhZE9uQ2pSMVNVWkg3bjBWT3d3S3RkekJmRWw1NHJjd0E?oc=5,-0.1027,negative
2026-07-14,2026-07-15,COST,Tesla Stock Gains After Four Price-Target Hikes Ahead Of Q2 Earnings - Investor's Business Daily,Investor's Business Daily,https://news.google.com/rss/articles/CBMid0FVX3lxTE1zTEJxZHkxNkZ5ekJCZWNPZXdzMzNMTXlndlRGeHpERGZSS0dxeWV4MWttMExIdlBGRV96b1JjeHliTVBLWmtTVTQyd1RhYS1Dc29IbUZzVnVSREtnU2RoQ0hxZzl5VXYtY3BKaXEyZE5nTlVsMHFZ?oc=5,0.34,positive
2026-07-14,2026-07-15,COST,Prediction: This Will Be Nvidia's Stock Price Next Year (Hint: The Time to Buy Is Now) - The Motley Fool,The Motley Fool,https://news.google.com/rss/articles/CBMimAFBVV95cUxOS3BOWnVVazFBMHozYlJKTHNaSGduUlBsWUMzaVNCdlcxQlkxS3hLbzBtaVRjMzUxQlY2ak5MMXY4RXA4VUFUR1RwZHNDT2xyTFVmblhHYU9ibjBITzFuVmdZMjJxdGcxcjdqTTNTejNqRmVUZS1HRVBhZnY3eVNBM1NDTEV6UVRPaVRBRm9CeFpoTmd2cXdQdQ?oc=5,-0.4404,negative
2026-07-14,2026-07-15,COST,"Costco (COST) director Raikes donates 5,249 common shares to non-profit - Stock Titan",Stock Titan,https://news.google.com/rss/articles/CBMiuwFBVV95cUxOTmxVNmRQdXFJNXVMak04RWZoUFRzZ3JvZmRDbTFIa1BuOExTVkR2MWFwckg4UmloSGpxRGhYZF81Vzg5X0hRclBzU0xhSmxXeDdmaFZ1WGZGbGJhczY2LUlDaDUwUE9La0VnTUVoU1lGamp1dWt3YW9sSFZ5SnlVY2toSmtFbGlEbmpOcXlzcVFnQXlQc2JjMktFM1VLc3BmaDV0QlJ4bmtlbkpjc0o3SW9DdWhGWmxtQkMw?oc=5,0.296,positive
2026-07-14,2026-07-15,COST,Why Rivian Stock Volatility Won’t Be Tamed by Earnings - Barron's,Barron's,https://news.google.com/rss/articles/CBMieEFVX3lxTE1jZXU5Wlc5eHdDOG9JaU9CandKTHIyWXdEbDNyZDZtcDluYkxEamtVYzR4dDA4NkFGQ3JpLWRwOTdKRGpXN1lIVHdNZHFNVkdLTThIdjdkUERmbThqNVdST2JhTVJ1eDh1bHBCZEpuRFJnVmpZVWZGbw?oc=5,0.0,neutral
2026-07-14,2026-07-15,COST,The next boost to Apple’s stock could come from an iPhone price hike - MarketWatch,MarketWatch,https://news.google.com/rss/articles/CBMirwFBVV95cUxOOWcydzctTnR4M3B4UkhreS1HVEZvS1dHWmpiZmNkSHZZZC1xX0ZRS25OaE1qODBjMlNBSEEtV3Y3WFZkNGV2X1lEeTEtaFMyWGk4Sno1aFE4Q1R5R3k5S2tnVTYxckYzcFh3OVpFRFI5eldoS3dTTFd0U3JZa1NvNnR5ZnM3MzBtS2kxdE1QbWZlWmh1SHN2THdLVGxQdUoySWdNVnpXVHJSYkZPbVFR?oc=5,0.4019,positive
2026-07-14,2026-07-15,COST,Prediction: This Will Be Nvidia's Stock Price Next Year (Hint: The Time to Buy Is Now) - Yahoo Finance,Yahoo Finance,https://news.google.com/rss/articles/CBMiogFBVV95cUxNVkJkeGVmcXB6N0p3Uy1QVE01SFlYT0NJblJfbmRKZHBHbGhFeWoyeUEtdUVUMF95clFSTzJCR1FMSXMzLXFZNmpuVWZPbjJXUndYRFpUUU9QN2M5T3l1ai1rMEdvTjctN2FMOHM5XzhqaFhqQm4ydldKWndxdFFySG9UbGp0UUdENnVnVzZyX3FaMUxSR2F6XzgwNlYtcEMyRVE?oc=5,0.0,neutral
2026-07-14,2026-07-15,COST,Jim Cramer Unsurprisingly Sticks With Costco Wholesale Corporation (COST) - Yahoo Finance,Yahoo Finance,https://news.google.com/rss/articles/CBMipwFBVV95cUxNa3ZmUzJVVmRFT1gwTXMxTHpOYUd2MFZEbGxGeVlMY0JDaXdmdXdJdVY4bkpaMWI5RDQzT3lacXFZM0QtV2JNejhtTnR4VUVuVUsxaGx4b21iZkJibWZvdmtWclg3T0JGRzVBZVBiN0c2cThRLUYya0RZSWFLZEFpSWYzOGVVOVdnbDJHdGh6NnRCcF9hbnd3Ynl2dE9IS0RNZGRkal9Ybw?oc=5,0.0,neutral
2026-07-14,2026-07-15,COST,Price Prediction: Nvidia Stock Will Double on This Date - Yahoo Finance,Yahoo Finance,https://news.google.com/rss/articles/CBMiowFBVV95cUxPSGMyOG1fMFlYbVAteUZoYjFKVHJESnB2WEhYMGFWWE9WVGl3SnpncmhTa19NcGpzSWN6d2RnMHJMcXJWSE5MNDJvQklURW1JdTZKOEFwaHpZdmw3d05wRkdnUXBkZ2o0a1MwNEt2TTByQ0xNRTEzREZubHlocHc0ZTYtV0ZQa0dyajlMODRuRFZMZ3ZucDVseWl4MmJIWS1kZGw4?oc=5,0.0,neutral
2026-07-14,2026-07-15,COST,Jim Cramer Didn’t Hold Back With SanDisk Corporation (SNDK) Price Target Upgrade - Yahoo Finance,Yahoo Finance,https://news.google.com/rss/articles/CBMikAFBVV95cUxOaXRoNkZsWUhWOURWTUEydy1JUm1aRFg4VVZHWDU4UVdnazBFYnoteVRwRmpLRGRXd1NmV1puQm9meTFmY3V6ZTBvaUpGemVEUFE3Z1BFWVNkbjhpQ0R3VlZpU1N1RVlqRDZYZXpHa0FzZjBPLXNxb0tuUzVxX29DRFZqbmZsNDlOUElRNUZMeHU?oc=5,0.0,neutral
2026-07-14,2026-07-15,COST,"Price Prediction: From $40 to $2,000 in a Year. Where is SanDisk Headed Now? - Yahoo Finance",Yahoo Finance,https://news.google.com/rss/articles/CBMilAFBVV95cUxNWHFhenVDMDJvS0RuaTJfZGZheWZaMWpOM0RlRURZNWtkMGwxNVQ1LWs0dnRRdFlhLUw0ZkJILWtaMGpRc3RpdUgxN3BpQVZlTHljYUVSQXFoUC1ONUczUW02SUU5SC1lR2FmNU4xZ0kwdXgzMWI3ZDBJaVdLTHVIQXdnbGFCWkpmanBtVjk1S3pBUWlO?oc=5,0.0,neutral
2026-07-14,2026-07-15,COST,European shares rise as cool US inflation data curbs some rate hike fears - Reuters,Reuters,https://news.google.com/rss/articles/CBMirAFBVV95cUxOTGplVTVlNEpURDNOWjM1dHBjZEVvMjc0UDRJMXFqZ1gteFRBRkxOd2RUQXJpMDQxQ3lPUU1ZNjlrbXZfcEQ5UEpYUjlwSUl6SVY2RmMwNzBVeGlVZzhaY3hWN0h0dEhjdXlsQ2JKRTQyc2xpZEFNU2ZVazVyTHdtdVVwNkw4eDRPa3BEYmpnalFSbTV6cExHalVmNDBxNVNLeERYdF9WWldGOHdJ?oc=5,0.1779,positive
2026-07-14,2026-07-15,COST,What Lilly’s Peer-Beating Numbers Cost You - Trefis,Trefis,https://news.google.com/rss/articles/CBMiowFBVV95cUxPaEZTOGsxVGxFSGdvMV9RdUsxSXZaaXIydUZaTVpsdVRvclFvTzZoS1RFWGNWNnBoenhJUlo2Zm9zT1dJVEp1TkhSRUV0R210djFzWm55ajBnQlhZQko5VFNBWnFmLVhtWlV2Y01aSkJrUDVOdHc4TnNxWnRJNk5DclVWSGppRHlRblQ4ZzlUdE81em1McmhnOUhacUxseko0RXow?oc=5,0.0,neutral
2026-07-14,2026-07-15,COST,How Wide Is The Field Of Play For Netflix Stock? - Trefis,Trefis,https://news.google.com/rss/articles/CBMirAFBVV95cUxQTWdCMEJIcUdzaW9wUDI3M1p4OHo5djZHcmNxc0pHb2tyeHpsUlVHQUplWVlDNkdKa1R4bUxXTURJOXR0akR0U2VqNWVVclJFYWg0aEs5WHN4T1hFSkJnb3VFQUtVc0o1REFLTTRCVHdtcHdDVmlUOFQyMkVvQlRrRDl2blZNTWdSckFjSU9JUlpwNm4wV1pWeEQ4YTB4amRjWkJDd0pQeG5PQWtL?oc=5,0.34,positive
2026-07-15,2026-07-15,COST,META_TITLE_QUOTE - Yahoo Finance,Yahoo Finance,https://news.google.com/rss/articles/CBMiTkFVX3lxTFBpVTJIYnhWcW1kNFFKTHNoajhPeE9zSW9lTElhZkZvcEo3MExtQnpIZjBRek95cWJ0XzRKMzBtMHh0Ty1SYVRESUxfRTJ4Zw?oc=5,0.0,neutral
2026-07-15,2026-07-15,COST,CAT Stock Quote Price and Forecast - CNN,CNN,https://news.google.com/rss/articles/CBMiT0FVX3lxTE5yek5SOE1zbTAzY0dLQWI1UXFWeEhOY2FGMmtaQ0ZqdmpGaEhhOGQtQ3o2N3NTTGZkREpIcjVHbUJYX2t5TGNOU1VEVWs3YU0?oc=5,0.0,neutral
2026-07-15,2026-07-15,COST,How Time Re-Rates Block Stock's Demanding Price Tag - Trefis,Trefis,https://news.google.com/rss/articles/CBMivAFBVV95cUxPZ3JDWWJmTnQ2STdXZGRwc2c3NjhZYlNqN1BPZEJCaDBCeFo4djhzZkd2SXhNRFl3bzdpbjQ0X1pnZ0dvLWNTR3VmUDMzUHFIaUdLcDJ4ZFM4NGZtT2RCcUs4bDZUNzFkdnJ1RUg0by1USVlOblFjS29xQ3BscmIwcDlLVnJfX0FzaEpvZUt4eUlxa290ZFJ4anhjeVFvQk00Z3B0U0VTVnRpN2RWZDJBekluZE9TVnhERThlXw?oc=5,-0.5859,negative
2026-07-15,2026-07-15,COST,"OPINION: Japan's cash-rich firms downplay rate-hike impact, stocks hit highs - Japan Wire by Kyodo News",Japan Wire by Kyodo News,https://news.google.com/rss/articles/CBMiWkFVX3lxTFBYTmhVT2ZEa2p3ZVF6RnhlbzRNejYxUFZvOHJJTUVBUzRfYk1MZHZtb0Z6TEY0dUJLcm1nM0xCMms4WDJ2aFNBaUJ2b1BRMk40NTBydjVxV3NnQQ?oc=5,0.0,neutral
2026-07-15,2026-07-15,COST,IBM stock price still in the 'penalty box' after epic 25% crash - Yahoo Finance,Yahoo Finance,https://news.google.com/rss/articles/CBMiwgFBVV95cUxQU2tWNHMwVkZTZkdndTFxcUV3eVVQQi0xLVdFaHR6UnI5LVZJVngzYWtXUXpPazJxOVFXdGtkLUk2VHRmVDdsWktlbWJSOXEtazJfSFN1TlBCQWp0ZUh2TGNraWgwYl9nRE9nWVF6U0NMV2NqUGw1akpma3FaZU1wVE50M1ZXQ0dLaDdjT3d2WURKZ0dpVHpsSUczS2JfMU5iNk1Bd0hDTnYyWWpHQXJvWHBYdTVvLTlDeXdzc1ozS09NQQ?oc=5,-0.6908,negative
2026-07-15,2026-07-15,COST,ASML Stock Quote Price and Forecast - CNN,CNN,https://news.google.com/rss/articles/CBMiUEFVX3lxTE1qNThlRFUxU1lXM3hiUTdwc0M5T2t0cElFUkR1YTktNzFJMWRsNGhnMTNpYzJWZ19YS1J4aXJXUmkzNW5BSGRYTlhaVDZKY1o4?oc=5,0.0,neutral
2026-07-15,2026-07-15,COST,SpaceX Fizzles to Close $1 Above IPO Price Weeks After Debut - Yahoo Finance,Yahoo Finance,https://news.google.com/rss/articles/CBMiwgFBVV95cUxNMmtsQjJndDdaNkhzc3BDOFZJVDRtbEVGREROWE5kTWVSdUJtcU5QOWMwYUNRa2hvVjFtaFg1VGtiTnl1VlhtajRCNi1vR2N4R1pLWEZZcy15MG1YVHMtdlplZ0hnLW13a0o3OFh5NXdKRnMxWkNrQnV1ZWdvOEJEeHpVQjliMU9CWWROSjBnZVRXWlQ2NVBnTjAybTFoNEJQblNTZVBVLTU3VUhxVExQaHhSZkluM1huMko1UlZIQkRBZw?oc=5,0.0,neutral
2026-07-15,2026-07-15,COST,Greggs: A High-Quality Business At A Bargain Price - Seeking Alpha,Seeking Alpha,https://news.google.com/rss/articles/CBMikwFBVV95cUxQaEJwVXB2c0N6YmtQYS1Gd2ZKdXZoZDZvMmIwczh5SGlXSDJ2bW83bVBVMGpHRnl2V3l3WjRvWTZMMWtvTHJaVnJTVHdFMDRjZUo0TlcxUWx2d0hBUnJucTBRYTlGYnpmSlU2My05RHdNUFVUUjVQLXpKVThEMU93elZycUlXWUFyMVd0dmlUZXhvS2s?oc=5,0.2023,positive
2026-07-15,2026-07-16,COST,SpaceX stock sinks below $135 IPO price for the first time - CNBC,CNBC,https://news.google.com/rss/articles/CBMickFVX3lxTE5DMGVRbW9Uak8zLURFd2xrQlJlWXE2SV9vN1FQZkxpQ2hZREZrVWVReTdLSmtGNWl1WURmWXRtZExMcEdVNkh2WHNJRllOWFJlMUJtVE5lT2gzVE9sN19STTkwSHJsdmVlaklOOGlYblRRd9IBd0FVX3lxTE85NjBCY3QxeE1FbVZZczRvMzE0SVhDNTBYN19DZGZSUmVpcl91c0xXbUFTTWtrTnQtWVRPQXhTdkRBNXg0OVBZdVlFVGdnY19DclBWckNSbVYyY2R4TklsNWoyc2tTd09PNEFqY3Y4czlJQld5SGxr?oc=5,0.0,neutral
2026-07-15,2026-07-16,COST,SpaceX Shares Fall Below IPO Price for the First Time - WSJ,WSJ,https://news.google.com/rss/articles/CBMingFBVV95cUxNNVgzcUp3a1lNdHBHOEVnQW9BTnZUUGRmSkV3UmQ0NGt5aWtPVGZmTmotOWNPRDhlMzhYVkNSRG5QZ1R6aEJCV3hnQ2tIOFk3QnEyeG5yMWtNR2xBTTFpandMUDZwZVBvUFRfWjJSTmVncWpWNkR3WERlS2JKN3g5SlRlOUhPQlNHQV96eEl3dTFkbXVIN1dsMmpTZlVlUQ?oc=5,0.296,positive
2026-07-15,2026-07-16,COST,"SpaceX Stock Splashes Down, Undercuts IPO Price - Investor's Business Daily",Investor's Business Daily,https://news.google.com/rss/articles/CBMie0FVX3lxTE5jRWYxeGF2SDg1bnkzY2Qyb0pFRTRHLVN3bVEyRzVpWlJremxtVl96MmxON21CMkRvZk9tU19oRXNYdzgwSE96RnlzZkJBRW9FZzVLN25LbXA4eVQwZk0wVlFzbUV5WDRxTnNfRWdsdHBxZ1dyTmh5ZHp4dw?oc=5,0.0,neutral
2026-07-15,2026-07-16,COST,SpaceX Briefly Falls Below I.P.O. Price of $135 - The New York Times,The New York Times,https://news.google.com/rss/articles/CBMic0FVX3lxTFBoOUxONU9RcDBWWGpLM2NVWWExemQwalBnM1h6SG5kWU1fb3RGQ2w0emtFOThNd1NCTDZ3ZzR2N1VpbTViY2Nrc2UySU84ejFYQXRHRUU1TXBPVFBfTHBLTy05T0xsc29aTjFVWEQtZjJHcTg?oc=5,0.0,neutral
2026-07-15,2026-07-16,COST,SpaceX shares slide below IPO price for the first time as blistering rally unravels - Reuters,Reuters,https://news.google.com/rss/articles/CBMiuAFBVV95cUxOU09LQThnekZZWDRlZGhSeXBkNDJaR09ybVZHbFRwSE5GQmtPeGY1Qk5xNzRIRUc4SEt3ZktkbFNKVHN4bGlOWHd6MkRfcUFTT3dQdWFNTDFIM2VXR1k0UzgzWDJUX3JGLVNQNTNzSHF6cDhaazlZc3hUMmdUMXlGUXFBazRUS0Z2cXE2Zk9ZNEs1LWtRTFhDT1JvS1hmZ1BUcVRFTUJVc3diQkpYS1pxRlJCOWVWMG53?oc=5,0.296,positive
2026-07-15,2026-07-16,COST,SpaceX shares slide below IPO price for first time as surge fizzles - The Guardian,The Guardian,https://news.google.com/rss/articles/CBMie0FVX3lxTE5IaE9IeldtVjVrWnJSd0VaMmJpOVFKaVZxbDJGaHRWM3czQ2lPUENuRXYwRUNiMFRPMWEtendhUEl4ZjltY1k2QjFLZFhDZ2hWQV9VRHlqRnlhejE1Qkw3U3RRVEwyblBwQjhpTTRleDVqNjF5WHp6WDlObw?oc=5,0.296,positive
2026-07-15,2026-07-16,COST,"AI Spending Gets Microsoft a Price Target Cut, But Analyst Still Says Buy - Barron's",Barron's,https://news.google.com/rss/articles/CBMivAFBVV95cUxQeEV5bUF0aFJldEhtVExZLWQ2LTc0bjdNd1NyME9mUkRmbFRUSW5nTzBDVnBGc05KaXlaTHhLNGl0M2hfbmRYdXlzb0ZDU2dhUWRjQ1MwMkc2aUJUR0RwQ2xhQkM3RHo3TkJ5MkRwdXZRc3psNHBEQmZJdUhlN1dMZDZmUWpfcXdWWTNfTTJYbV81cVdUbHlpMkYzdXd1enQwSXlMY2VlTHhldVA0Q3ZTemJZeXYtU0N6Z2trZA?oc=5,-0.1406,negative
2026-07-15,2026-07-16,COST,Microsoft Stock Hit With Price-Target Cuts After Flaccid Performance - Investor's Business Daily,Investor's Business Daily,https://news.google.com/rss/articles/CBMisAFBVV95cUxQbHV5VGE0R0RvRlJWd2gtUkVWcDFfWUx1d081UmVTR2JIUnFkbTJTcW5HTEtmMXRab2p2V1ZCdEVSeGt4X3dGYkdhOXVTdTh6eE5XaFh4WTFOZWNLUHhva0wyNE1SVTYwb2V1OG1mRkJoT2JPMXAxS0tLOWdIQXBaeVU1MFp6RFViZmlxbDV5RkdRWDhRMGlBaXpLeEJEOTh2T3o1dHUzeWVVbUhlTVRoSA?oc=5,-0.296,negative
2026-07-15,2026-07-16,COST,"SpaceX stock hits all-time low, dips below IPO price - Yahoo Finance",Yahoo Finance,https://news.google.com/rss/articles/CBMitgFBVV95cUxNQVNhRHpUdF80VV9pN014bFhNakxDX1VCUHN2SVhQbjZOV29rNXdRb29WREllcmdobGpqZGh4RFQtN2dwR3pMN0k5VWtrVzNWMVdQNmIyQzhMQlRYbU42Ty1pUG95UlVPZHNpNHJHckhHQnJvRWxnTWNGT3Z4bUhPMUVHb2hpRjY3S0VSa0lmell0THRpUlJaV3d3QnNSRW9xdmJaMHBkLTlQcFlBVS0yNlZ2VjFTdw?oc=5,-0.2732,negative
2026-07-15,2026-07-16,COST,Historic IBM stock crash sets up unique options strategy - CNBC,CNBC,https://news.google.com/rss/articles/CBMimAFBVV95cUxPNDEwdlJTd2NoREVLSUJoUk5VaEJsckRWMndfSWdhZXZzVll0RWw2ajVmNU82WFBaN1pSdTdhbEcwZnpSUnNNbldvUmE0ZGJtRU96WFdIRmltcXRxc1FDUDJsVTRKblEtYlpxMG1xNVZSTm9XcXB1azliTldsU0JreVB6OUxvRHlRNnV1UWFaQWJzUjZKT0NrONIBngFBVV95cUxOODVfZXVzU29NOVA0THhWVFBxYXJrSkk2M3NIbUVmRkhjRnZXYkJ3cTdTSVVUVlZ2bGNSUUtRaVBONGdYMkJ3cXBRSWMwMFRfNDZEN3F0RDZ1UzdzM09mVld2Y2ExVDYxb3F6YmxvM3RHTFlTMFZwU1FKdHk4ZGhmOEVURENwVzR1MHJDTVNtNzFBUjlYcEE3ZWpiYWtkdw?oc=5,-0.4019,negative
2026-07-15,2026-07-16,COST,Prediction: This Will Be Nvidia's Stock Price by 2028 - Yahoo Finance,Yahoo Finance,https://news.google.com/rss/articles/CBMiogFBVV95cUxNZ1FOSzQ0VTJybDR3VkEzb201T001cjBzekRfLXo5NEItMk82OElpZWVZdXdOU1ljX1oyaHJDZ3Nfb0JWaWthODR0UVZTQnB0UWJLNWdueFFEcFo2VWw3aG1mOU1MbzYxQ3lVb3FDcUJjN0JmUF9JZHVBcFhrMl9fOUttWXpsYkt0RDB6R0xVbzJVazhzaTZXWGdnZVo5RWlUbXc?oc=5,0.0,neutral
2026-07-15,2026-07-16,COST,"A $900 SpaceX Stock Price Prediction? Here's What a $5,000 Investment Could Turn Into. - Yahoo Finance",Yahoo Finance,https://news.google.com/rss/articles/CBMinwFBVV95cUxNbzM3ZjVvNW02Q3dnQVkyaDA2VlI2TlZLMWItR0c4T2JmMk5CMWphRzBUY2d4WlBwaks3NjhxMFJ4VE9rVmI1T1dtREd5YXVydWFnR3kxbFJVNHU1dXVjMTB0V21lck13MnJKY1QyRmVkc1dMNUEzbEQwQ3RybXluZ0l6eFVuemhJdXF4TWphOUZHWWgxVVJ6RHhOTEx5dmc?oc=5,0.0,neutral
2026-07-15,2026-07-16,COST,SpaceX drops below its $135 IPO price for the first time since its debut - Business Insider,Business Insider,https://news.google.com/rss/articles/CBMiigFBVV95cUxNemFSczExeDNpWkthS1lKdElWVFR2cXIwZTVVUmpsUk12NUNWQ2tpRW05aENhNXlrRFhmc1pObkVadXF1ZnVBUDBNSjVEbWdxeWx5eW1uN2pRUEpwRWpqcFlxM3dvTmFnZ0FWc1hhTDJtYWcySGI3bWhzeTFGcUgzU01od0JqOVZDOGc?oc=5,0.0,neutral
2026-07-15,2026-07-16,COST,Opinion: IBM employees losing $400 million on the company’s stock should be a wake-up call - MarketWatch,MarketWatch,https://news.google.com/rss/articles/CBMirgFBVV95cUxQNlphc3d0bVNNdzM2ZFJ4RnlIWWtlaUZJU2dXRFpIN2RPdjJqb2Z6ZmZZV19fNlh5dkV0Y3Fna2xlNGluR2lkejVzbVdnVFA4T0p4RTdWWW9zdXlxcF9ycEZXb3BJczl1SUh2VWZTc0JyVld2XzJBLTJDNUphT05na2lhdUpJU3ctcVZkVFBhZE9uQ2pSMVNVWkg3bjBWT3d3S3RkekJmRWw1NHJjd0E?oc=5,-0.3818,negative
2026-07-15,2026-07-16,COST,"A $900 SpaceX Stock Price Prediction? Here's What a $5,000 Investment Could Turn Into. - The Motley Fool",The Motley Fool,https://news.google.com/rss/articles/CBMimAFBVV95cUxORjZlVk1YVWk5U3EzVldXXzF3N2FJbTlLOUR0YWp5NTlPOUhPcDE3TEtlUjRzS09SaDE0OXU3Rk1RNzFaUnVEa3Z4S193clY3QW1EWkMzSG5NR1Z4b2NZQkl1U3Vrd1gwVDFaUmF0enNVd2s2bUQxYU1GV1p1QXhBSXBFWXMxZTAxTUNWUFBRclZaMzZmbHhVaw?oc=5,-0.4404,negative
2026-07-15,2026-07-16,COST,SpaceX stock sinks below its IPO price for the first time - qz.com,qz.com,https://news.google.com/rss/articles/CBMiX0FVX3lxTE9SbFB1MVp3SThLLXBMWS1VeGRwWlFVN0h4UnFHbkJheEdJRVBXMk9ZNlk0MUZwc3pONndUbjJLN3lROEx4dWdJR2kyX1o0UVdKZWVzbnRZR1NWT3JyOElB?oc=5,0.0,neutral
2026-07-15,2026-07-20,COST,SpaceX share price drops below stock market debut - BBC,BBC,https://news.google.com/rss/articles/CBMiWkFVX3lxTE90MmRiN28tMWtyWE00VTRmd1lfUEhpS2toNnhCLXpjNVp4S0M4UFhEbXJ3eWhMVmQtVHF3QWNBeTI5OENhaVZpeGRmT3B2a0dmSndQcE5uX0lXUQ?oc=5,0.296,positive
2026-07-16,2026-07-16,COST,Costco (COST) Stock Still Looks Overvalued As Its 133% Run Draws Scrutiny - Yahoo Finance,Yahoo Finance,https://news.google.com/rss/articles/CBMimgFBVV95cUxPbTJHczd4WUduMDVVZUd0N19zcGt4M21EckxUOU51NGdfdWh4TlF1OWJuRVlydktvYzVDc1J2dWc3NDhZRzlHR0hPMTBhRGRaZXBFb0NSUkNVeUNXNUIyaVZhQnVaOEh3R1B6ZktfdGJqT2daWU1wWXpncm9WLXhMTEUtbldXTXRhNGhyVFVYTHRNcEhZY0VKb2lR?oc=5,0.0,neutral
2026-07-16,2026-07-16,COST,UnitedHealth Earnings Crush Estimates and Give These Stocks a Boost - Barron's,Barron's,https://news.google.com/rss/articles/CBMigAFBVV95cUxOWUJfeEo3Tko0TUtoY3hIS1BVTHJjUzAzSld1UDZSTHBlVm5HdloxVlF4YVdOOU90Y05TaXd5VDJFa3RkQTN2ZTctM1VCLVJIT3BfTkNfeDZzLWMwbzBRdmNoZjhTc2hiUWhocVdUYzhoZ3E0RjRhMmhJSDJDSy1mbA?oc=5,0.2732,positive
2026-07-16,2026-07-16,COST,Prediction: This Will Be Micron's Stock Price by Late 2027 (Hint: It Implies a Big Move) - The Motley Fool,The Motley Fool,https://news.google.com/rss/articles/CBMimAFBVV95cUxOdXVyUzZUbldRQWp0ME85ZTBXZGdMMGd3aWo0V3ZBN3d2QWphSHh1YTkwal9FTlRCUXdVdl9pMkdGZ09ZRVZrSHNZLXBhemlGcm1OZkttU3hyRXRxMkJTZV9Fdmo0MDl5QklNTTRIZkNUY21STFBMWjFSUmNyZFR1ZVN1eEV6cTRCdWNXR3U3QThlRURIbGNKWA?oc=5,-0.4404,negative
2026-07-16,2026-07-16,COST,SpaceX stock erases all its gains and slides below IPO price in intraday trading - Los Angeles Times,Los Angeles Times,https://news.google.com/rss/articles/CBMiugFBVV95cUxQWS1IZVZFVG52YUN4U2JZWUhJeEJBU1RXTkhleWVLek1xMGpNZDlRZmZERmZmbHZvbjkydEhfZjdzV0FBcG1pdmoyX0RvcGxBUkdxZnVHbGc0RFNwMjk5eUNYWU5nMTNxYmJUVEozQ0hLb29aTDR2ME9ER1ozRnZvZGlobGhVN3ZvUG8xVGgwZW5SVDhkTlZ5UW9BOXgwbnU5QlFLa1pfX0lJdzNpUU5SQndodEJ0SWF1UUE?oc=5,0.34,positive
2026-07-16,2026-07-16,COST,Prediction: This Will Be Micron's Stock Price by Late 2027 (Hint: It Implies a Big Move) - Yahoo Finance,Yahoo Finance,https://news.google.com/rss/articles/CBMiogFBVV95cUxQS0I5T0VHbnZ1eTNSMmZaWFFxWndETWE2VF9jUWlPSFRwU2dvaFFhNEg0Q1Y0ekw5ZzdDVEFqQTVTcFhVRzY1RHFJMVlSMG5WdHl0RXV0M0tJRkxkcHNyTm9jQmc1QjdlZE8wdmZ1c1hIeGd0WGpNZDdBamhRZ0xCY21HdWh5dDBGeEY3ZmtfWGh5MHU4WmhvajlrWFg0ZjNqSnc?oc=5,0.0,neutral
2026-07-16,2026-07-16,COST,"UnitedHealth blows past estimates, hikes earnings outlook as it reins in costs - CNBC",CNBC,https://news.google.com/rss/articles/CBMiggFBVV95cUxQMXkwTnFCbkJrMTR1T3A5RXU2aWptaGRLZ0lIUFRmM0h5MmFvU0dHYldfcFZtalhUZkI3N2xvMUN3NVNfRkR0NF9RNWxLN3U4WEQyRy1qMVBRdEdFWFZFWUhEcWpadThqSUtWNDhYQXNKMmVJWDNWOF9LZEhsaWZkX0Z30gGHAUFVX3lxTE1ybnJWekJxVVNQWGd3U2c4bktwNk1FbF9HX1I0dmx1WElUUTRxemJWRHBTNDhtSXpsU0hVVVpfa2xQREl5T0tveWFKbHlkUC1IR0VkekdwVFhPcjZJRGRMWExZejlTV2RYRTFub0VhVFU1MHJnY0F6dUFwczEwTGpjU0JFakktaw?oc=5,0.0,neutral
2026-07-16,2026-07-16,COST,Standard Nuclear Announces Pricing of its Initial Public Offering - Yahoo Finance,Yahoo Finance,https://news.google.com/rss/articles/CBMiqwFBVV95cUxNMGRIOUh1aDl4MTU1YW01ekRIWjlWQnluSnZITW8tSm43M2FHbVdJcUpBQ25xYnY1U29YZ2pqRld1bnBHOHRId3pyR1FpT3ZxOVh1LWU2dUVOWXlsR1Z6NjJ6SFZaVEtPQ3JRUXZTUV9aNGkybUlVVmQ0dV9KQWRUV3dMckRhanJIRE9uaU5LVXNwRnRjNWwxdjRYNEUyOVBqcTZJWXlXNUI1UU0?oc=5,0.0,neutral
2026-07-16,2026-07-17,COST,SpaceX stock closes below its IPO price for the first time since it went public - NBC News,NBC News,https://news.google.com/rss/articles/CBMihwFBVV95cUxQYkFiMVhNZlJqUVB2RTZ1cDdyRHgxTXRpNzBSVmZ2S1U3N3g2T0xlQzRDZTVQZFcxbFNDMktWRjZTSFhxWHFVenZ0Q2h2Qm9uOWdpTzVUSXF6NGRDVllKdGdkeXB3Z2UwVlhqMjhJY3RBLVUwVTlNNGJVQWZhT1RwLTRya3lBakE?oc=5,0.0,neutral
2026-07-16,2026-07-17,COST,Short sellers load up against SpaceX as stock drops below IPO price - CNBC,CNBC,https://news.google.com/rss/articles/CBMirgFBVV95cUxPSHo0SEZVS1Y0Rk5SWE40WDc0LUcyTkpPMmpCckdYSDN6bXBBc3NzSXQyRzdzTEdzY1dsVngtdWo0T1c5LWlSNkg5ejRIWDE2ZzBvYzJSa3JVUkRkLUN6T0ZYb1d2UWFaVTV5amJLT1pFc0FuZ2R2eWdHOVhRU3luV3BxV2hQQ0xKY3c0bW9naUlMVy1vQWF6UTRJNUtMWUZlQ2JZcnpoQk9HRjBOYkHSAbMBQVVfeXFMUHJxcjljRDYwWGtXX2ZNRkR3dmpFRHlEWF8zd29DeEd2clByUzh5U05VQ2ZlNXRPTmlHY251UFVFNHAtU2FXVm8xQ1BGSWszOUk3clp3YXRHcmcwR2JOUGVlbGt2dXJUREFIa3B4N2dwWUtQWFlqbDA0V2Q1a0doOEQ2Z2pNZkVCRVRTYk1lVG4yX3lQOXJHTVNFM3doM0V2cDdidXY4OFdtNnNyRkt1V2J1WHM?oc=5,0.0,neutral
2026-07-16,2026-07-17,COST,Costco (COST) Stock Looks Expensive Despite Its 139% Five Year Run - simplywall.st,simplywall.st,https://news.google.com/rss/articles/CBMi4gFBVV95cUxPNl9NUXhieWdqaUdjd1dqWU43SC1vd2hrU3Uzak11S3psX0dfb3Rra0Y2MDRuemxhZWdPdnBSa2dpODdpUkxoWVBCMXR5aUd0Y0dwbkhXc1FyTXJocFpNOXRrekdaQnJ0cHUxVUU4bFl3N0NVQTVqNzB2d2VaNHZ6RDR2MFRqaU5DYnpVSW9JakFPM1otM1BZQ2RrWkxPVElnc1dqR2tzY3Q3TXlKNUF2am5CUTZUVVo5RTFvTFprVzA1SUhDbDYxeGdJX3VnelN3X0lJTTdRS1k4TndRQjl2Z3h30gHiAUFVX3lxTE82X01ReGJ5Z2ppR2N3V2pZTjdILW93aGtTdTNqTXVLemxfR19vdGtrRjYwNG56bGFlZ092cFJrZ2k4N2lSTGhZUEIxdHlpR3RjR3BuSFdzUXJNcmhwWk05dGt6R1pCcnRwdTFVRThsWXc3Q1VBNWo3MHZ3ZVo0dnpENHYwVGppTkNielVJb0lqQU8zWi0zUFlDZGtaTE9USWdzV2pHa3NjdDdNeUo1QXZqbkJRNlRVWjlFMW9MWmtXMDVJSENsNjF4Z0lfdWd6U3dfSUlNN1FLWThOd1FCOXZneHc?oc=5,0.0,neutral
2026-07-16,2026-07-17,COST,SpaceX Stock Breaks The IPO Price—and Cathie Wood Keeps Buying the Dip - Barron's,Barron's,https://news.google.com/rss/articles/CBMihwFBVV95cUxQZlhnbE1OUFdldFM0aFdSWVkwd0l2aVB2STRPMTh4VHdGZ2xJS0xiSmw5VmptVWFjcE5TWTVpTWdNQ1piY2QxbngxdlJHR2hybmNscFowV3h0SzFHMWJvc19oUHBvdy12Wi1NQ1lmTkE5bVg2eS1xNlhvd21ZZHowU0V2RjdUU1E?oc=5,0.0,neutral
2026-07-16,2026-07-17,COST,Short sellers notch $8.7 bln profit as SpaceX shares dip to IPO price - Reuters,Reuters,https://news.google.com/rss/articles/CBMiyAFBVV95cUxOdHdsRkVXay1pdUdiNG4wNjlIaWpvOU9NQ3Vpci1UZVlycHZDWG1XdXB0NVFJVDFZSFFfZ0pZZWoyb0J2SG1RYi11eV92dUltUFFsM2VEWlR6d2ZwdUxhRHBNUXRBcVBPQVQ5NXdzUElGdEpCQXdsdlhzcFc1ckF2NTNNMjlVRFZfR0JtNGZtb2VFRHBkMTlfLXRISkRtSWU2SXRUMTRnUXBtUUFDUnFmTmFteEdNOGx0ejhBVjI3SEFnaWw4dU93aQ?oc=5,0.6249,positive
2026-07-16,2026-07-17,COST,"SpaceX Stock Continues to Drop, Falling Under Its IPO Price—and 42% Below Peak - Investopedia",Investopedia,https://news.google.com/rss/articles/CBMixgFBVV95cUxQMF9TX1BZODZfTFRLbFhuVlp0alZNSEREeDBfS3pQN2ItVHlSSGNvbmhXc1BuRXlMemtDU09odlIyOXkwZ202cjcyZlAyZEZVTTF6SEw0X3JQX0NfS1JmNXQ2LUpfUVNDQnM0OW9vaW1VRDZEOWE4dXNGd3pweFVLUVRvUkh2Vl9JbjBxZ2JFUVo2MlFoYmhTa3ZTR0JtOUU5WG5LcXRyVFNCejJOZVFWSXdkcnRFWDV1N3dCa0tuOWs4bUhuR0E?oc=5,-0.4019,negative
2026-07-16,2026-07-17,COST,"As SpaceX’s stock notches first close below IPO price, the company is gearing up for a crucial launch - MarketWatch",MarketWatch,https://news.google.com/rss/articles/CBMiwAFBVV95cUxOSUZxYkQ5TDFYeEZDb1JaaWd0OEdYYV9CVDRqU1BqSDNhVEZGRkVqQUJMT3NtNm1YajRyR3NRUjJ5RnR3czl5Qk9ieEl4dWNkTlNWeXF5LXRqT3JZeGl3alVoR0hzNXVqSnRBZkJpRU9uVjdzZnB5RjNreElWU0d3RTBDeTNVX0FJQlV5WVpuelFIeFhBM1NKa2RLMVlhSzllcjBXbmxhMXllVmFqTHpXTk9MWW93UXZwYU1yZkRhQWw?oc=5,0.0,neutral
2026-07-16,2026-07-17,COST,symbol__ Stock Quote Price and Forecast - CNN,CNN,https://news.google.com/rss/articles/CBMiUEFVX3lxTE9rMFZlMWktNFNXc0ZRdXhIaGdpYjdObWdmUWtuVk5oQXJFSFAwVXR5dEs5dFFtSklzWG8tYi1DbnluMl9ZVm9OQkVQSERNVEtJ?oc=5,0.0,neutral
2026-07-16,2026-07-17,COST,"SpaceX stock hits all-time low, dips below IPO price - Yahoo Finance",Yahoo Finance,https://news.google.com/rss/articles/CBMitgFBVV95cUxNQVNhRHpUdF80VV9pN014bFhNakxDX1VCUHN2SVhQbjZOV29rNXdRb29WREllcmdobGpqZGh4RFQtN2dwR3pMN0k5VWtrVzNWMVdQNmIyQzhMQlRYbU42Ty1pUG95UlVPZHNpNHJHckhHQnJvRWxnTWNGT3Z4bUhPMUVHb2hpRjY3S0VSa0lmell0THRpUlJaV3d3QnNSRW9xdmJaMHBkLTlQcFlBVS0yNlZ2VjFTdw?oc=5,-0.2732,negative
2026-07-16,2026-07-17,COST,Apple's New iPhone Is Going to Cost Significantly More Than Last Year. That's Great News for These 2 Potential Millionaire-Maker Stocks. - The Motley Fool,The Motley Fool,https://news.google.com/rss/articles/CBMimAFBVV95cUxQRjNIYlZGUFBKS2p3M2lnSVlmcGg2cVBvWFd5ZVFFcHdsQ0M5Yk5ETlQzVjY3Rl84NjltODFMRmdpbWZZNDRhQjlPd25mS0RWY01GaWU1RHduOEY5OWZTa0pBT3FGcU15b21pV2FSdXlfTEpMVzlwVG9BWmcycHVqVTN5Sm9mWnVRVmp6Q2FGaUY1NVhSbEhCbw?oc=5,0.296,positive
2026-07-17,2026-07-17,COST,"SpaceX falls under IPO price, as lockup expirations loom - Axios",Axios,https://news.google.com/rss/articles/CBMibEFVX3lxTE5felJvd1FVWWpMdVpIR0VEOFlTSEp2eDNBTGFXUk5idzExam9wM1pac1Z1TTZYR3hEcVJmODlwTlpINHJtSl9FcHVCODRzbnh2RS1FZzk5RXRrdzF4eTl4Y0NjejRld0NFMmluYQ?oc=5,-0.2263,negative
2026-07-17,2026-07-17,COST,US Stock Market Today: S&P 500 Futures Dip On Tariff And Energy Cost Worries - Yahoo Finance,Yahoo Finance,https://news.google.com/rss/articles/CBMikgFBVV95cUxNOU1LSFkwZU1YRDhGTjBNRXFTOV9uZ2NUaHMyOUhENy05Qm1pbDFIa1o0bWFqcUhVbFUwY19lTGlGbVdsY1BBRU96SFY4OC0yX01XdFVha0Z1RUd6YUVHTkJ4OGN0NkZSNEZMZmRYRXNNYkU0YUxYZHFSVVBRRVllRGladFRjZnpGS1R1LUxrb2tmUQ?oc=5,-0.1779,negative
2026-07-17,2026-07-17,COST,ORCL Stock Quote Price and Forecast - CNN,CNN,https://news.google.com/rss/articles/CBMiUEFVX3lxTE5YTHlnTkdhSUl5RzM4Q013aDVVR3VOZ3ZtdGNPSnktN254SU5JVEs4ZWM4VGphVkNudzBxS3ZHaDVpdUs2dGZia1QwT2NvWnJ4?oc=5,0.0,neutral
2026-07-17,2026-07-17,COST,SpaceX postponed a crucial launch — now its stock is set to slide even further below the IPO price - MarketWatch,MarketWatch,https://news.google.com/rss/articles/CBMi1gFBVV95cUxQRDdDTXFTSGRLUTlRQkJfeFU5SGdRU0dQWEdabE1NNXJjbGkxalpXejlWNXliSWhWb0JCSi1CeGQ1T0pFMzlGUEtWckhaT0x6QnplbzNHQUhyalc5TjlhUjZYQWJ4SENBWE9IMVBLWndfRm4xdnRpdnhoRVdMaW1CVmNwbWdpOG9DYnJsajZXbVVfbEM1VTJqcFl0Y3JPSElKTUs1TEdDYkt3MS1EWlpFcEpBVEF4ak5sUUJvQWdhT2dLbFUxazZBY2tJWEFYYmowX0tiUHZB?oc=5,-0.2023,negative
2026-07-17,2026-07-17,COST,"Why has SpaceX stock continued to fall? Experts explain - ABC News - Breaking News, Latest News and Videos","ABC News - Breaking News, Latest News and Videos",https://news.google.com/rss/articles/CBMilgFBVV95cUxPMy1PZFhEODNMUE5wdktSQ04yUWk1aHlvZVB5VEZpOEZxbUZNbHFLRFN3U2tIbUtqNjlPWXdHT2t1ODRON19Ia2pnR1lPZkFUZmZ2dHBvZzJNTjBTb1pKWHdJeUJySklaNThaWXkxRmpVVWtfdUJLcU9yN3ZldHMxaHEwOEtGU0NSS3R3WmRrZzQxaXl5U0HSAZsBQVVfeXFMTzh2anRkQzVyTkUwZUxBbjFkVHUxVHRFeDhaSXh4OENzOGx6TVVfM2NjSFVyZ3RjSWVScHpHZjJ0aWo1YVk0N1pwOVVMZXRGM3ZmaE80X3VKb3pzX2ZFOURsdERZYTZ5Z1VET1pwRXRxUEZQN1FZTmdDVV8wQWJvbTQ2ZUZOdVRSM2lBMkpzQjdfSXNEVE5FMFpIY0U?oc=5,0.0,neutral
2026-07-17,2026-07-17,COST,MA Stock Quote Price and Forecast - CNN,CNN,https://news.google.com/rss/articles/CBMiTkFVX3lxTE12aFA2VU9QNG5XUUl5ZUI1U0JTeDg3d0FITnFPRmhia2xlMjFYLUthQXlvdTFUMVB2c19yM3BoYTIyWVNna29Hb25zWUd6QQ?oc=5,0.0,neutral
2026-07-17,2026-07-17,COST,Gina Rinehart’s estimated A$700m profit from SpaceX IPO wiped out as stock price dips - The Guardian,The Guardian,https://news.google.com/rss/articles/CBMi1wFBVV95cUxQM0lRNVVVUVdRLU9kV2xMWHR1Njl4cGtuMUp2NUtLMXZLc25zYkFDa3NjNWZoalUxaVo0RHQtTWF5N3NQQUl0cS1SS2YyTElHS09hdEJoX2ZkTDFSNTFRS0NKdUlRemZUNEV6c1ZHTTJuc2RqUl9ZajR3UVYtYUdXbXNORTE3dDFOLXk2cWN1M2RNcjZ1WW1KcXBtaTJ5Y1RscDIwVE1KOVB5b21iLVJTcTh4bVZORW5pdzRUemJWS3pGWG1sUzVKbXhXV09iTWJ4WlVSMGoyVQ?oc=5,0.4404,positive
2026-07-17,2026-07-17,COST,symbol__ Stock Quote Price and Forecast - CNN,CNN,https://news.google.com/rss/articles/CBMiUEFVX3lxTE96T0dTdk5GV0lrLXNGWmZIWUFDSVBldHRPbTd5alBQSllnZ3ZxbnB6VzAtWkFsZlZfZzg5ejQta0FJalpNZzRSY1RDamx5S1VL?oc=5,0.0,neutral
2026-07-17,2026-07-17,COST,Goldman Sachs lowers Netflix stock price target to $94 on valuation - Investing.com,Investing.com,https://news.google.com/rss/articles/CBMixAFBVV95cUxQcXcydVpYOHItRVFCLWdxYUZXTF91NnRpR0FSSW13bHNKMmowdlBPSVhoYm1PLTA5cnptM0h5Q1FVcE54YlhaUjJULVpUV0hoRFVQcDQ1dTVfeHhNcnFLYzZWd1R5RkxlN2JCVl9tWV9JazVBMGVZWUtNUEdVaTU2SklNelBhWnczT0dXVldSLU5DenJla2JVRjI3NmtEZ3FWRm9mR01adGN0SHhoaHZRc3JOdndrSlBuRTFydU91QU1uU04z?oc=5,-0.128,negative
2026-07-17,2026-07-17,COST,Why Is Oracle Stock Falling Friday? - Oracle (NYSE:ORCL) - Benzinga,Benzinga,https://news.google.com/rss/articles/CBMiuwFBVV95cUxPbjc0WklYZ243WGF0TjNVb2dMeVgyTUJvSlVfa3QxY1J1R3lDaFRPTG8wd3B2cC1qX0ZVNkZEMlVycVNldjc4MXRIUjdhemJSa3BoRGpicEdmaXBaeUIwajVyVUFiSS1CNVdPNmh5QmRBRHBJS0gwWVJLdXJySHlOMEY0bkdWMFYzRjlLdk9iZld5blgybEVuZ2dZdDlMT2IwRXEtTlo0TzI4dXpQbGtLb0ZSNDY0a1l2UGpN?oc=5,-0.1531,negative
2026-07-17,2026-07-20,COST,Top analyst resets Apple stock price target ahead of earnings - Yahoo Finance,Yahoo Finance,https://news.google.com/rss/articles/CBMimwFBVV95cUxPa3VaRzU4dTlQN1dZZzJaTkV5UTVTNnF6SVpiWDQxS0FOdC1yM3puRUVqemFBTU1ER3ppTkZtYURsOEQtS2pRRmZha2dRN3MwY1k2dlp0OVVlcWRKVkVMN1hVRWEzWFM1RDVHT3FGTWcweDROYllWbVBBYkhJaUhkOFQ1N3lZVHVMS0xObjNYbVdtWFU4X1V2QVFwbw?oc=5,0.2023,positive
2026-07-17,2026-07-20,COST,Micron Technology: Record DRAM Pricing Meets A Stock In Retreat - Yahoo Finance,Yahoo Finance,https://news.google.com/rss/articles/CBMipAFBVV95cUxNV3JlYjRCRFFiYTVDZjlqZjE1ZTVoaWlyNnpQWGZ5djVUUE42WDB0bEY4YlZvNTNNNEVNNmJycjNGTDd4SVJfWHhvTVozbW4wNGtKQXp5d3ZGY0VYeDVvNVhlT3IxeFd2dFo5Rl9NbDFzMlJUUzdpeHRuTmhNeFZkcXdtNDlVSHBfTlBxemNMcjZPVmlEMHpwZmlGUUR5YzI5dVFHOA?oc=5,0.2023,positive
2026-07-18,2026-07-20,COST,Costco Delivers Another Strong Sales Report. Buy COST Stock Now for More Upside Ahead. - Yahoo Finance,Yahoo Finance,https://news.google.com/rss/articles/CBMiowFBVV95cUxNR1ZTY2l2NFJYaDBBUXFoTXVVbkg5VTBjZXVfcDlIOUZWcVdvY0pQalVBYVMtbm1iWHFGWk0xVXJfVE9odExiY0U2bGJCSVlNbGtNTVVrSldqY2VUdFFGNWVheGdvUXQwR3VlWXY5OUlYazBtSnMtOVpCZ29lLS1jakxQZW5GLTdOc1FZRDRxUlFTQXlDQjVvVXllMHRqUlFuWnFj?oc=5,0.5106,positive
2026-07-18,2026-07-20,COST,SpaceX Stock Sinks Below IPO Price: The Hype Is Over? - Yahoo Finance,Yahoo Finance,https://news.google.com/rss/articles/CBMimAFBVV95cUxOZ0xPcnE5ZG5CUDFtX1ZOdktCdjhxSFVpcXZGT3dhNTVua0J5QnlRZE1ldjdja3hHdkxpWHQxcWE1blhtR0ZPWlJoMDgtTlNNMk1KYkJaaG00c0hQMHNUWUlyd1ltMXRaMzhRdi1MTWhxSUlLeUloNUx1TjZON05LdC02Y1hwNnRJSV9reWtCd3RYcWE0Ty1YXw?oc=5,0.0,neutral
2026-07-18,2026-07-20,COST,How Investors May Respond To Costco Wholesale (COST) Double-Digit June Sales Growth And New Dividend Declaration - Yahoo Finance,Yahoo Finance,https://news.google.com/rss/articles/CBMipgFBVV95cUxPVnhQN0JJUmdpd1lkRHdMN19paTJkTzJoeUVwX0FLVVVvbm9FRFhxaUdRV015cHRfaUhuNHlHWGVKSWp3MV9kSFZzRDVxdHFkOUxwTVlWdkRHeUNOQXNwUWtWODhQRmJWZmZDVVZoNWtWVVphSnVVZGZOQmVTY01sWFZNMEpYTkM4Wkw2UWxjZ1Zfd0lvVXA0N3BqTXozZEtOT2RidDhR?oc=5,0.3818,positive
2026-07-19,2026-07-20,COST,DJT Stock Quote Price and Forecast - CNN,CNN,https://news.google.com/rss/articles/CBMiT0FVX3lxTFBPalpkdGlzWVpPOU5CYVZoRUk2MEhOUS1ZM1VKM1VnNmotRHctbmFfUXlna3hUeHJqbWwyNVRpbW9acXIzU3hTX1Q5QWIyOEU?oc=5,0.0,neutral
2026-07-19,2026-07-20,COST,"Even With Elon Musk's SpaceX Stock (SPCX) Down Below Its IPO Price, I'd Still Rather Buy This Dividend Stock in July - Yahoo Finance",Yahoo Finance,https://news.google.com/rss/articles/CBMimAFBVV95cUxPUTlacG9WTlFaNVM4eW5OLUR0LWFKMXJUdlZuZy1RUDRQMDFpY3JZaC1PRGY1Umo3ekpUMFVaaHA3V1pGMVpQREFCYzVhUlJvM3JOTEhLaTFJSDlDTXZmUnRraXNHLWQtYVdJOXlKQmVyVjRPLTN2Ukk4T0pSeTcxT04wUXRvTVRLcVFaU2loUU5QTlMxUzV6WQ?oc=5,0.0,neutral
2026-07-19,2026-07-21,COST,Analysts Project the Oklo Stock Price Will Reach $87 in 2027 -- Is the Risk-to-Reward Scenario Worth It? - Yahoo Finance,Yahoo Finance,https://news.google.com/rss/articles/CBMinwFBVV95cUxPVjB0TFBVbzB0Y3NkU2NBWUtoWEIwblFaRmZ6NkpQMEwxY3pFcUltVFpBcjZYNk5Tc3Qyc0hKNHhYSGg1UTBtVFlySFdLazZCQWVTVEh2bDJVWjA4SHNXUHBpOE9sbWRaUVdKZ181LU1FdFBVTzd2RkVqbElDUW1UcDlTQS1SUDkwTTltSGZDV1NOUDl0Qy1nbm1ZWThpbm8?oc=5,0.25,positive
2026-07-20,2026-07-20,COST,Ryanair stock slides 6% as higher fuel costs amid Iran war dent profit - CNBC,CNBC,https://news.google.com/rss/articles/CBMihAFBVV95cUxPeGp3c254WjBiVWZCUVZSMllqSlYxTVI3TzE3emczTjZVcUdpQWVyODZuNWY1bGZYRzUycGdHRFNsb3oyanFKWWRrM3BGLVlkUkxQWG5SOXdOVGhqdXlYVno2bXB4ODZJbkNMMHVRdTg2eGJvT1hyZ01jTmU0Z3JZMnZOMmLSAYoBQVVfeXFMT1NEOVhld01aNGp0UUVzZGhRVjN2SzhvbFdiVmxtQUxyVWhKWWNqTVYwWUZOZzVBSjY5Qk9OQTZVZU12XzlWM3d3MG11RUhxb0RzUFg5Q0k3NjdNRGg4LVFKS251QU5RcGNhSG4tTXEyY3JpeUFPMEZwSm90SFplZFBIZldEV3dMVWdB?oc=5,-0.25,negative
2026-07-20,2026-07-20,COST,Micron Stock Set to Snap Losing Streak After SK Hynix Memory Price Warning - Barron's,Barron's,https://news.google.com/rss/articles/CBMiggFBVV95cUxQWjZrWnVvWFlLdkpfUEhfd0hkZU54c3puNGM1UkZQZ0s5LVltdElHajYxZVRvN19QU2ZUaFRXazRLT3M0ZkhkSFRSV19JSWRyWHBVb0NQeE1nb0ZzWkxkLTd4cnlWZzZibGhPSzlFeHBHa1NiN3o5TGJrX1BuaHJzalNn?oc=5,-0.6124,negative
2026-07-20,2026-07-20,COST,Costco’s Cooling Comp Sales Keep Stock Stuck in Neutral for Now - MarketBeat,MarketBeat,https://news.google.com/rss/articles/CBMioAFBVV95cUxQUVlKYlV0NmFoZ0NUc2pfNkoxQklGXzRZLTNFSjdOMVRqcDdZQWxCdzdsaDlrbVJWYjZ3ZnJ0cjJ4UElfcUpOSk1aV2xLS1Vrc21CVGhoQ0R6ZloyQ3NXWFFrU3E5SzN4akZfVGtpa082eWgyT2hHeE9XYUpJOGphMlVrREFyM3UtRmFOWG9QZkY0a2R0WFVtLTRPMWZTTFNQ?oc=5,-0.25,negative
2026-07-20,2026-07-20,COST,"The Cost Pressure Apple Stock Stopped Flagging, And The New One That Should Worry You - Trefis",Trefis,https://news.google.com/rss/articles/CBMi3gFBVV95cUxNeDJSTmMzMWNUbGRodk9lUWZ0SHhaTXJuNWc4cDdJWHhwRndkc0RLTTJqTTNoRV90Q0tQR0hHVjNOdUtVYmhxRnBXSlowLWhRYXNVekJ1YndzaUZSUzMybXpBQmhwbnZNV2E5anlZMjFNNmI3V1dUT3AwUkc3YjhuNEtXY1FLN0kwcEVXM0pjYTUyV1pVX0JzQ1JDTnBnWUtpUjdYS2hjRm5Gd3ZlRFFMdm1meFZJT2lTRG9Da0FmU3cxZlRvdE5BcGNCbHBIY0pzUzB5d3YtMW1qOEZzMHc?oc=5,-0.7184,negative
2026-07-20,2026-07-20,COST,Dollar Tree Stock And Other US Retailers With Private Label Pricing Power - simplywall.st,simplywall.st,https://news.google.com/rss/articles/CBMi1gFBVV95cUxPdll3SzJNRHpZcm5xNVFfVlhmQzlDQmJVNnBYTzVqa0UtTFZsREdOVThxWGpTblRWWGRReDFTWHdzVC15Qno4WlpJOUdxYlB3UjRobEVGbFBQdUhRYmU5Y2FrajdQdmVZc21jNVNWNGl0WFRiOVBBZGF5OEhvNnNSZnNpRGtVbDg5Q0ZtdEF1ZUNzUnJJWHlJY0dQSFV1Q3dILWNBazlhaWdtaklyb1RxWDVlZUZtaTFhN0hQc1BSa2duSzN2a0ZyaENrZ0dUMVUzUlpoWG1R0gHbAUFVX3lxTE9EUm13clR1eW5RZ015a0owUWlDcU1waU9FX2ZzVE9nbTd5dUFpYjRGUFFZOWdYZ3NMRk9Pak04Y2tuT3ZRUHItaEQ1TW5ZWDY4cGVJLTUyNnVFU1UxU19ZNHpuV3dZV0RGRzR1UHJiZVNOTHBjRWlCOGhBa1hVYWUtRkdTeEFVUjJNNEFSQ3B6MVhNcWU2Y3lGdG1FaGwyOVAxUVNQUDBjd2NIWm55R1ZBUVkxRzNoQ2F4RUdrVmk5b2loSHE4ckQ0Wmo0d29Pc2xUcDZoZGhvSkZwOA?oc=5,0.0,neutral
2026-07-20,2026-07-20,COST,BofA Securities raises Meta stock price target on AI revenue potential - Investing.com,Investing.com,https://news.google.com/rss/articles/CBMiygFBVV95cUxQNnpqTjVQUUN5VUV6cmh6RGYwaWJIajQ5Vi0ybjhGR0xCU3pqUzhRSFI5WTF1a1hMaVNncXQ1ekJ0YXBpVGg3RGRjOFlBZW8yNFFnRXVabXEwX05tY2xMVEpHVUFpSXdZN3NPYklJVkV6M29BdThuaXUzOTQwZlpnV1Q5MnlRY0hiYTI0N3NIZHFXdEUwbVJ6QkhsOVMxOFN0cmtSR1JsLVhuVVlOYm1zTHF1M3dueW5XYk1jWVBYTXZKU1hSLVBDTEtn?oc=5,0.296,positive
2026-07-20,2026-07-20,COST,Stock Price Projections and History: The Bullish and Bearish Takes for SpaceX Stock Over the Next 12 Months - The Motley Fool,The Motley Fool,https://news.google.com/rss/articles/CBMimAFBVV95cUxNYjRFY0dNVmJuZ1BnRzJJdnFfVnJNTFBMYVJsSzczV2xtTXRsN05CRGRFSGJ1X2dudTRKRVRoNGRsSTVWOWlSVkFQSklXUmJGN2ZxRG1uM1d1aU5qTEhNWjVGazdueHluNnNVU3FRWEJyN2tZaEJIdjVramMwRUw0M1FSQnZZZjlOYzJZa2VQT0NVMUNDSXdVWg?oc=5,-0.4404,negative
2026-07-20,2026-07-20,COST,Tesla Stock And The Price Of Its Ambition - Trefis,Trefis,https://news.google.com/rss/articles/CBMipAFBVV95cUxOSmJJUjVRa1Q0QXl6YUlUT3gtMG5RVl8ySEhzZGdvNjFnUzQ1N1FwNkkyZVd6dGF0cWZhZ3ktQ2tKb1lhdHJiY1luNVZORUl5T054TTFtZFB5b284QnVtQTZrT3BlRnR4MlNmblEyNDlzeU8xcFJBSmhyYXBwX185ZzZPLXZkNFNwOENNYXNEOFpGY2xKT2hsSUFJYlpvSzhueUh5TA?oc=5,0.0,neutral
2026-07-20,2026-07-20,COST,Morgan Stanley Set a $300 Price Target on Elon Musk's SpaceX Stock - The Motley Fool,The Motley Fool,https://news.google.com/rss/articles/CBMimAFBVV95cUxQZW5TNjBHeERCaDdvX0xUTUM0TUFFQUhsOW85UE5EbFFZNXItRDdLS2ZDQVNBMEZ4RjZCUUU2Z1lhVWZSX3lkZlNZM0UyS3h5R2gxT09SRHBzWHRSYWJDb0tJaE5HRTdGTmJkeF8tWk9ubVFtMDdwc0VvTjg5QjFydVBJenlfMDhndTRDMFE5OE12STFXaVoybQ?oc=5,-0.4404,negative
2026-07-20,2026-07-20,COST,History Has An Opinion On This CELH Price Level - Trefis,Trefis,https://news.google.com/rss/articles/CBMirAFBVV95cUxPZ2VqU3JTNnctaHFEQUxSTjBMcG9Vc185TzBRcnRqTGpLYWRhR0FxSW8xaWV1TDgzci1qUGYyRV9fVWlPZ2RLUGpnRjRaYUNwd3JwV0FRWDZfeHV6NWJ3NXQtZEY1MjcybFNGNzRIbDI3SXdKSi1zYmJHRDA4cXBNdWdSVktaMlJwaWxCNjJhSXBEM2Z5RzAwQ3pXbXN0MW9Zd21wZGZCclZzanpN?oc=5,0.0,neutral
2026-07-20,2026-07-20,COST,"Prediction: in just 12 months the Rolls-Royce share price could turn £9,999 into… - Yahoo Finance UK",Yahoo Finance UK,https://news.google.com/rss/articles/CBMihwFBVV95cUxQS3EtNlJhbU9Zck9lMUxnbDFUZlFtWXdmdi0zZFhJaWJTSWc2Qk54Y0pReG0tblU3ME9PbUJadlRQYV93Ui0zQ0Y3b1BKY2lGdDZRY2VSUEFJRHY3cTNwUVZSYWdVMGd0SFI1VVJWbU15M3dzMks1ZlpjZFFXam15V1BrT3dzNU0?oc=5,0.296,positive
2026-07-20,2026-07-21,COST,"Trading at a Big Discount, This Dividend Stock Deserves a Closer Look - Morningstar",Morningstar,https://news.google.com/rss/articles/CBMiqAFBVV95cUxOSDcwc1R0OGwxclJHZ05JX29nMjMxQko5YkpXb0Z1MGdDYlBodklwWlIzdE9rSDdBd0tWQW11Mmx1VFpMazFySzhNYzJaUTJ2T241VjVieTI4dFQ0WEttT1VreHhyQXhWRS0tUkJGdGZ6NUxiZ2owOVlGbF9DbG5CRE1vT0NaVWtJRnJuYzNGeUcydWxfUllkU1RidXFpbDZsTmxlWnBEWTA?oc=5,0.0,neutral
2026-07-20,2026-07-21,COST,Are You Paying A Fair Price For What’s Inside VOO? - Trefis,Trefis,https://news.google.com/rss/articles/CBMirAFBVV95cUxPemg1ZmplelJUY3dobWR4Z2hVR1J0OFROdktMSnBEOEREU3k4eVMzZFhjVzlVRzNuT202MEY4Smh2RHd0Z2pGSlhnUGNnc0llOUFUSFBuS0s0dDNXcmZwM1A5T0ZzZzhjUDJyd21IenNuLS1ET2NlTUpaQXA3NzdUR2ZEdDZoZ3pGVjNGYWdwLXl1RUZfa2lMVzB0QkRaVzBPZUhFR3BMYjZObVhz?oc=5,0.3182,positive
2026-07-20,2026-07-21,COST,UNH Stock Quote Price and Forecast - CNN,CNN,https://news.google.com/rss/articles/CBMiT0FVX3lxTFBhZjVIOG9BMkZjYWxoUWlSZE9JM1lGZWU5TGIzUE5ZcFBmcC1BTWxUdVJNWS1HOXc5RXlNZUM1Yk4zS2pGQU5pLUkxRGVBdUU?oc=5,0.0,neutral
2026-07-20,2026-07-21,COST,Why Micron Stock Is Rising After SK Hynix Warning - Barron's,Barron's,https://news.google.com/rss/articles/CBMiggFBVV95cUxQWjZrWnVvWFlLdkpfUEhfd0hkZU54c3puNGM1UkZQZ0s5LVltdElHajYxZVRvN19QU2ZUaFRXazRLT3M0ZkhkSFRSV19JSWRyWHBVb0NQeE1nb0ZzWkxkLTd4cnlWZzZibGhPSzlFeHBHa1NiN3o5TGJrX1BuaHJzalNn?oc=5,-0.34,negative
2026-07-20,2026-07-21,COST,"How Time, Not a Trade, Could Re-Rate Chevron Stock - Trefis",Trefis,https://news.google.com/rss/articles/CBMirAFBVV95cUxOaGxWM01nOFN0bHlEMm9tdnpsV0ZEbG53b2RuYWhVNG8yaEsxQzdlU2V6d2RabGtpR0VIQ1RERTU0QWJQd0JEbnZIN3gtbC1xRTdEZVJtY0VxandZUkk5SGJnOTVyUHV0RVMtcFU0R0hDWkQ4elpCYVFLZ0tsT0hNNWd3UVIwdG9MakxidjRXZ1hycFltTDd3UXV1SXR3VUJvUHlERVRtbmQ5M1ZC?oc=5,0.0,neutral
2026-07-20,2026-07-21,COST,Eli Lilly Stock And The Price Of Confidence - Trefis,Trefis,https://news.google.com/rss/articles/CBMipgFBVV95cUxQdVFFV3pZNm13V1Y5OWJVNEFPQmR2dWdUY0JXNnczZlR0bS1UY0FxS2FPMWh2Wlp3cmhfYmtSdnhNa3RUWmNzSTI1YVYtbjloaVFQMTF2ZkZLMXViMy12M2RKSmJtS0NMSHdBYVBUWUN5X1Eyd2twdjdnVUdXYXBjRjFEZWxSb1A3Ykk1SHg2bk9ydVpjU3NCUmlpQ1BMRUVmLUtPQjd3?oc=5,0.5106,positive
2026-07-20,2026-07-21,COST,"AMD stock rises on price target bumps, Microsoft deal - Yahoo Finance",Yahoo Finance,https://news.google.com/rss/articles/CBMisgFBVV95cUxQOGJOOU12UUdJS015NEVOaThXWXhIWG9ZbWEzNGZodGtZTmtmN3VySzZPcVBmSXd4TTl4T3hOaTQ2QnBiVllRQXphV05CaEJyWjRHb1YyVS1hNE9TNzRYejdtazZZS1VQZXV5OTd1TnJsaDBKdi1fZTF6UGRvZVZ4RTUwYUVGcTJDTmo1NG9DdVF4dVIxZF9oQ0pKM0hVaXZDSV9zUV8wN0V3bWhUd0x4dHpR?oc=5,0.0,neutral
2026-07-20,2026-07-21,COST,Costco Wholesale Corporation (COST) is Attracting Investor Attention: Here is What You Should Know - Yahoo Finance,Yahoo Finance,https://news.google.com/rss/articles/CBMirgFBVV95cUxQLU0yYUpqeEs3TzVkU3AwRGtZT2pWY29xSzlwbXphRGVJSFF2d2pudktENUNYLVcwZzNFYXRRV1hZVlJVNGpaYTVrUUhwbnVWV3YzZ055WFZSNzd0cUdCSXRBeWlkQW5Md0lfLUZtWmh5TURTRmJkNWxBWUJCXzJrTE1zOWRqd2RMbk9tZWpIanJUVGkzcDhSQWJJQ2YxWnp3WGVYUzRGY1VpTG1TZ0E?oc=5,0.4767,positive
2026-07-20,2026-07-21,COST,European shares tick lower as investors assess US-Iran jitters; tech earnings loom - Reuters,Reuters,https://news.google.com/rss/articles/CBMiuwFBVV95cUxNODQ2N2RtekZ0OThEWDdnSTMtNFdrbDFpcG92ZlRibHF3UVg0WnpuVmViSDhqMXJBeWhkaUFaeXIzM2cwQXBFdnQzT015aFhjYUx2M2tJX2dCdTY0bWFuMmFkVDctbTY2Y0ZoaHUwV2lWR3VSNl9QVzVXaU42aGVvNU40aHN6eFdvZDRQN3RGZlV2S0dHWE9HclFCdVhhajlhazV6SUhIdlJmN2MtZURUTEp4S1NaSUZobmR3?oc=5,-0.2263,negative
2026-07-20,2026-07-21,COST,Stock Price Projections and History: The Bullish and Bearish Takes for SpaceX Stock Over the Next 12 Months - Yahoo Finance,Yahoo Finance,https://news.google.com/rss/articles/CBMipwFBVV95cUxOeHctOHVqSzlSdlNsMElnWk0wSTM1UXZqSlc4NDFHd3IzcGJUSjJ3WFRaeVFlanBPTUlJUTh0SnNEVWZIZFd6aWwwNzlrV2lkZTVTVDlWU2xDdFVuaHg4NzVlTE9OdC1TMGpXWUhrLTdYeTBnTUtCUVRPY0QyUTAtSEtGd0FScFd4dk9UVGlkQkpPTXAwc3hwUWd2Q0tZdHNhdEFyMDZYSQ?oc=5,0.0,neutral
2026-07-20,2026-07-23,COST,GOOGL Stock Quote Price and Forecast - CNN,CNN,https://news.google.com/rss/articles/CBMiUkFVX3lxTE5UbkhMMngyaG5RbUxmS1ZGOGtMZGpWMi1GZWM4TGdVUV9kT0wwRjhITEVWVERVZnY4ekZhU0lFbWtMNWhjZGpJdm1iek5wS0lrZUE?oc=5,0.0,neutral
2026-07-20,2026-07-23,COST,COST Stock Retreats After Hours On Decelerating Comparable Sales After Strong May Performance - Stocktwits,Stocktwits,https://news.google.com/rss/articles/CBMi7gFBVV95cUxONWNJMUNWVk1sbFBCbkpaMlV1dGpWNHplc3VFdUFfNlc1N3lwbHYwNTdPbFdLWW1tcFJ4akNfMlRuaENNazktZ1ZrdVN6bnktdDdVU3pQSV83VWtYdE5zdDFIZ3pTNkM2aU9MUVUyVVhYM1htMC1pSGVPb21FSGVNYlg5cWt6RUFiaUN4a0pPd0JLS2ljNUVZUzlVMnQ3d0F5bjVTc1d2WkNtQnQyWDlBbU90dlZzNzlxYUhsdTVCSUt0dWNqMGdPZmRJSXhCUG5ET3VFc1Z5OFR2RkFDeTYwOVE5UlNsbVhLQ1lpZ1lB?oc=5,0.5106,positive
2026-07-20,2026-07-23,COST,TSLA Stock Quote Price and Forecast - CNN,CNN,https://news.google.com/rss/articles/CBMiUEFVX3lxTE9qejEtbzhHOHJnMXJRWUVEbUxyUFF0RnJuNEtEN0U4Mk4wTlIycHNTejNyYTJYQlRDMFRCMllMcGJtNV81S0RNME9IZFBSZkRJ?oc=5,0.0,neutral
2026-07-21,2026-07-21,COST,"PPL (PPL) Leans On Cost Discipline, Is The Stock Still Undervalued? - Yahoo Finance",Yahoo Finance,https://news.google.com/rss/articles/CBMimgFBVV95cUxPZDFNbDJwQmxvOXVrRlpSSUhQWUoxSDZNOE15UnpzTW5UZEo5dHltZWFiVWNQcEdjN3JRbU9YZWZucUZZeEM0a2daLVJDZnRPS1pXR2xUN2x2MVRBaWdRYzRhU210anMybnVDOU1oMEx1RkJOT21PMTJITzkxS1JVWVRrQWtTT0dZSUl2LTZONEM2LUJzajVLbWNR?oc=5,0.0,neutral
2026-07-21,2026-07-21,COST,INTU Lawsuit Notice: Intuit Pricing Issues and 20% Stock Drop Trigger Securities Fraud Class Action - PR Newswire,PR Newswire,https://news.google.com/rss/articles/CBMi6AFBVV95cUxNdElqQ0pSV0N5X0h6QVItdnYwOGktWTBBU3p4R1VRRjBKTlFrSWN6MzYxUG1wdkhDem1qU0ZjWEVEaHh1WFZBLURsUkVDZ05Dbi1FSDVNeUtUbVpCX3NaaVQ0dzVsaVpIZXg0UmkxczlDMm91bXhlU0JmTzdtcENHTWlCckRjdUFZN3pCdGdYSkdNOXJ2clFSQnZ1OGFralBzZmFETjdsRFhZMjM2a2pVcTl5bHlWeWx2X0FKaUdEd0NWWVVoTGpuc2hOUFhFdFpwM05CMnlmS29ZWmZKT3duUEhFR05uOTh6?oc=5,-0.6808,negative
2026-07-21,2026-07-21,COST,US Stock Market Today: S&P 500 Futures Edge Higher On Mixed Inflation And Rate Worries - simplywall.st,simplywall.st,https://news.google.com/rss/articles/CBMizAFBVV95cUxNUmVxaDJwUmljeG00TE5zT0JObXZaeE9kRlV0UkprZ0hjdURkOTg0dGJ3LUQ2TFlyMjRObEJISV9pMWxEVFZ1SEkyNGtjTjZ4TXlXcmE5RWpuRlI3cXRoV2JWaG5pR3NNLUhSU0phdHU4cXZudmtGZTEzQlJzLW8wdUxwZC1zWF9vaTVUamp6SkFvZk9YS1FENFkwdERYQ0g0b3lKdlktVDJBczAtTWg3dXNLZ0ZDQ1pfdUg1NExiX3dPZTlubWtieEgwRnHSAdIBQVVfeXFMUHRSUkt1N055R0hpc2Z5bHE1R2F5QnhiZHoxSVZhUHlFaWxNZTZDejZwbkZ6NlpNTzR2NFRQWDlSRWVERW5aaFdOdTlaaHdlWFlLWmRTcmxkOGNsa29mdlZGMWpIZnd3aThlWE02VFF2WDZYU0RDcllHSXQ3Vm41QVpGYzRmZ05TcTlhTEV4ODhXOTJuQTUyMk80bEpadmNuai00WTUzb3Zybk8xZ0dTTDJ1Tzk3UkF6YlVRRXgxbi1TTk9mS214TFE0Ri1ad2kycU1R?oc=5,-0.4215,negative
2026-07-21,2026-07-21,COST,Copart (NASDAQ:CPRT): A Growth at a Reasonable Price Stock Meeting Peter Lynch Criteria - ChartMill,ChartMill,https://news.google.com/rss/articles/CBMi0AFBVV95cUxQTVpyMmprNUJjSFA5d0I3UDZmVFUyU3BQWXV0eERSSEktUm12SGZRaXVNeFpRZmlMMGtVM2VfOGxJVEY1TW1ISU56QmZtTXpTcUhDRzlldkJfSzVnbVNlSnpvTDZ2WnphQjkySktMd0xMMURncS1QNG85UDFQTzJjUTNsSFpIU0hKajVMQ1JhUG1hbEVnVi1JSWI5NUJrb0IyeF8tN2lEbHZjOUFhVVJzUHVlWkxFZFIybUtGX0NQbnh6clJkOW10NEdXakJYTmpW?oc=5,0.3818,positive
2026-07-21,2026-07-21,COST,Bank of America Insanely Bullish on Micron. Sees Shares Rising 83% From Here. - 24/7 Wall St.,24/7 Wall St.,https://news.google.com/rss/articles/CBMiugFBVV95cUxQMUYzcG4ybHNOMG5CN0hyVGN5SU5TZ3dZZjFvMkpac08tTjgwck14OEZBc3BJWlo0TFYwTC01X2ZCVFZ6LU5hLUJaSkc0ZFlaYXl6X1R0a0lPaElvZjNtaGpZcF9WUkNHQ3BDTFNPejFqZ1BLZWZWRHNTdnROSVFrcjBoWEZERndTdzVBNllBVDN0MjFYYVRwQlEzVjJteEZISmdjT2k4ZmxhUUxfQ2R1a0RsR0JCaGhrc1E?oc=5,0.296,positive
2026-07-21,2026-07-21,COST,What's Going on With Micron Technology Stock Tuesday? - Benzinga,Benzinga,https://news.google.com/rss/articles/CBMiqgFBVV95cUxOSjdRZl9XalZObS12ZW8zZU5CckxFbFNjb1BzaGhJRUg3bFNkZV9qQjE1WUs4TlRmaGhYWmhfZmlOWjNwdUNGR0E4d3k4WFdOVTJ2RlVDR0psdm51clJrdFI0YWtnU2FidllyWEIxcTdnYjNrMUdhNTRCUWF0aTRzcDFzUWVPM0J5OTB1N1pQS1VaanlXM3J4eTBPY3NNQlBiaGNxRk9pLWN6QQ?oc=5,0.0,neutral
2026-07-21,2026-07-21,COST,Prediction: This Could Be Palantir's Stock Price By the End of 2027 - The Motley Fool,The Motley Fool,https://news.google.com/rss/articles/CBMilwFBVV95cUxOOXNMQUxfdHNwWnpkd193bXhwVTA4VFl5TGFaTHJ2amxWNHNEdkZGZzQ1Rzl5anByOVE5MF9fRGZ6Rm5zNG1QSkpBZGRpM1d4SS1HcW5YV0h3NnFVS3ZrbC1CZHRxbDU5NmtGN0paUWF0dXdpcHl6OHVCbXJ3QjBxVlBabTV4WlppcG1LTjZRdEtTNkd0S2Zr?oc=5,-0.4404,negative
2026-07-21,2026-07-21,COST,CBRL Stock Eyes Fourth Monthly Gains: Cracker Barrel Cuts Costs With Real Estate Deal And Maple Street Exit - Stocktwits,Stocktwits,https://news.google.com/rss/articles/CBMi_wFBVV95cUxQMDBrUmRobUJuM1JacEhPaTR5eXlhSURiRW4xVnVoNDltM0VUVU56UVR5VUxPQjEwTkpLRDVNdDRsd3RBQThCa3RmdFpSNWdpRkhabkZnOVY1bHZqRGJDQjROa2VPREZXTnBXWnVaZlN0S1htcHF1dEVLMzI3NXN6czU4RXNmcTBIZmIxNE1jbDhabDV3OXotY3hraGc1Qm91WTRUSVgzemlBcFdFV0E5WXZ0UFByMHpGUDEtR0dCYlhteG41X1VtVVhYTDF5Z19hRzAtZlpVYy1lYVFuUDdhTUNNUjdiWExnX0ZrY04yZTB2UlIyWGhua3NmMlJZVkk?oc=5,0.0516,positive
2026-07-21,2026-07-21,COST,Should You Buy SpaceX Stock 11% Below Its IPO Price? - The Motley Fool,The Motley Fool,https://news.google.com/rss/articles/CBMimAFBVV95cUxOdjVKLVpfTUVGNW1nSlBVYXlUYThReFd3amNjcGRacXFvN1VWMl9yeHpxdk5TWk4wY1RpRnczVWhTS0h0WGdGVG9Tek5pT2x2SkJtQ0hRTmNkNURiZDJQTVgwMUoyRl9JaEZWQVk5WG5Uc1kySG5ibkNzemQ1MzVjTnlMMTFGaUV5T0dJNGNJRFJvWTNNaElaSA?oc=5,-0.4404,negative
2026-07-21,2026-07-21,COST,"CarGurus (CARG) Adds Price Transparency Tools, Is The Stock Still Cheap? - Yahoo Finance Singapore",Yahoo Finance Singapore,https://news.google.com/rss/articles/CBMijwFBVV95cUxQbnZNaUplcDdvb3ZIMWxUaHZlN3hKRDUzbkw0cUlGQ3BGQ0F3dFdMSWQya2RlS2tZTGF4QzJrUkVMV3FBNTNfUzA1YkFPa3BwT21WVlIwSXJqd1dvaW44TzVIUlZFRExBeVlfTDJBX2pWcXBGeTdYR2w4T1NPVTd0eWJialgyOWdnb1ZyeHlDaw?oc=5,0.0,neutral
2026-07-21,2026-07-22,COST,What the Capex Boom Means for Stock Investors - Goldman Sachs,Goldman Sachs,https://news.google.com/rss/articles/CBMilwFBVV95cUxPcjBmRkl3cGZYbHdsWFJyc3FDUVRpc1NlRVllRHU4UTZwOTA1VWhmclVmdzlLOFRQbUhzZjFuSWc2VmhXVldOSE5kckoxOEpzM0drc3JHRVM4UDBIZWM5dklZQ0paYkFGU0YtRmNjeldjVG8ySk5UTnVCQ0QwM1ZqX0hVRE9mVENVZlM3YmhPOFVPcTZTNk1v?oc=5,0.0,neutral
2026-07-21,2026-07-22,COST,"Why This Analyst Just Put a $1,000 Price Tag on Meta Stock - Barron's",Barron's,https://news.google.com/rss/articles/CBMickFVX3lxTE9IQ3k2S1ZBczRuSXRMWmdQNEFLRi13WS1rU2FJSkU3VEp5eGtqVUwwa05kX2NlUE9OdHFjZi0wRFotekZxX3UxMjM2aWh3ZlNsWG5hWEZ0NnJHbjR3Z3llUFE4U0hEQkVXQktVdm80Mmg5dw?oc=5,0.0,neutral
2026-07-21,2026-07-22,COST,These 2 Analysts Just Upped Their AMD Stock Price Targets. Here’s Why. - Barchart.com,Barchart.com,https://news.google.com/rss/articles/CBMisAFBVV95cUxPSGFmb2hrcUlkUDNpN3dXZ1hmeTl3ZU9zTldrc1RRcjJlc29Ja2EwbDl6UnVVVzlQbVJ0SDhlWXpHY3p0MDBGMjlObHA0UlpkRDVjcjAyYThEZ0pGTl80QjJ3eHJPMXhzcXhCLUhvelZ2TVB5NEdpNmJIdnRKSVlpemJWSXlRdW03N2RlS3NNU3l4d0pOSkd1WU1idy1YWTlYMXdsOTlmQkM0QTY1SDUyVw?oc=5,0.0,neutral
2026-07-21,2026-07-22,COST,"AI stocks lead Wall Street higher, even as Brent oil’s price tops $91 - AP News",AP News,https://news.google.com/rss/articles/CBMilgFBVV95cUxQbUxGQl9rN25LcTRNNmVwQ1pfbnJqV29kN0Q4YjBwRDVMSmVtaTlxLUczLW5RcFpicTJtbnZlMV9YSGEtaWdpcm1qSWN0VXpDNFpFcEZUemNrNkpBdmItemJlY1ZuOVJwQkRGcF81Z3JNT3BPWl81OVZDWk9sZjVFc2w0cXNMdS14RlhseER0SEhYZi1uU2c?oc=5,0.5106,positive
2026-07-21,2026-07-22,COST,Beyond The Sticker Price: What You Are Really Paying For Microsoft Stock - Trefis,Trefis,https://news.google.com/rss/articles/CBMizAFBVV95cUxONzhpZ1o0R05icThjRGIyUU8xelhYa3BDTko4VjBoMEpiNlpiQVhvY3kwQ3IxZldKWTI2UGlOdXU2ci1hVFZuVEtrT2xKdnF3Z0ljWTI5cF9GQWN5My1sbmcxWnIyRUhfQXFPQWRSaXJJM2RWVTl6Si1YbGtVclpVV25zdXlMcVJWaVJaOWlIcnZjYlRKQ0htWTJKckdhaFpNVDBjdlJVR0IwLTZHQndDNldZT0R1S0NQdnBxSUU0Sy11SklkYWRlcFdlVVE?oc=5,0.0,neutral
2026-07-21,2026-07-22,COST,Why AMZN Costs More Than Its Peer Group - Trefis,Trefis,https://news.google.com/rss/articles/CBMiogFBVV95cUxQaTlKVkdyU0FLMmZXMUtqRWgyUFQ3ZjV4OWVPYWVNOXdvRDd2RGxzWkxrVThIY2lKQzd1T3o3YkNuSjNmYk5jOFA5NmtnSXU5M0RDdDU0cDBOMDB0cUhwRU95bklsVWVYM1Judll1ZWRaTDN0cGFaR1FBNXVKQS11VVg1d3dkSjJmRkkzZHhqOVZuUXdONE1hdE9HLWN2Mnc2blE?oc=5,0.0,neutral
2026-07-21,2026-07-22,COST,Intel Stock Just Got a Stunning Price Target Hike Ahead of Earnings. How to Play INTC From Here. - Yahoo Finance,Yahoo Finance,https://news.google.com/rss/articles/CBMimgFBVV95cUxQOEo1QXhYSGtXWFVnbXRfS2pGbjdteTBza1Jrdy1NMmxCS2gtbHdOSWZsR2FtNjFBU244TGlHbWFNRUh1T0U4S2l3UldEeGI5UmJjTUVUSlZHQ2VsSG15ZUlFV0dfaDFHdTZYTF9oODhERnJZZ3dPakZpZ2ZaazV4UTVpYjNwUjdRdnh3OXJDdXN5cmtLTXJ1SlJB?oc=5,0.6124,positive
2026-07-21,2026-07-22,COST,Eli Lilly Stock And The Price Of Confidence - Trefis,Trefis,https://news.google.com/rss/articles/CBMiqAFBVV95cUxOdTlOeFlLY1lxcnRuNUQtLXdSSnFKVXZiLUpqVlpQQmFBcExwRWUwVVk3SlJaMF82VU9xMUZYaXVPazJZU0lvcE9McHJFTUxUb0x6Ni1GREVWc1ozOXhPYUFITVlYeFlXRnM1MnlESThhRkpjdHVzUHFudndXWXU1R3VxME1zNXR1YkVTS2lSRzRfc2lqRU1BNmNqNmdJdlZ0Ui1iT2E3RlI?oc=5,0.5106,positive
2026-07-21,2026-07-22,COST,Copper Price Rebound Lifts FCX; This Stock Is Actionable - Investor's Business Daily,Investor's Business Daily,https://news.google.com/rss/articles/CBMihgFBVV95cUxQczVYaDdOY0pFNTFIQzdVTGVfUG5zbXhzdko1dWNYM0FaWUk3aEF1YTBETWFDczc2RDhwOFgtM0NJRFU3VmtfVnpZN2xBZzdGeW01QlVYZzRWY3dnYWF3OTlBNXdBelFkMWV5MnFTVUZYbXRrSm1BNHk4RFhIcC1DS2g5dC1xQQ?oc=5,0.0,neutral
2026-07-21,2026-07-22,COST,Prediction: This Could Be Palantir's Stock Price By the End of 2027 - Yahoo Finance,Yahoo Finance,https://news.google.com/rss/articles/CBMipgFBVV95cUxPUVUyVnljbVZNUWZJTDY4T2dhNmZHWjk2OVpRVkFGQ0oxTjNqRWQ5bUtraFZwdzB4N05mUkFSREtOYlpVZzJKdHFlWk8zTEd1cDRuRTZtbUI4UWFobjFNeE8zcWlyUDZlc2NON1BraHRHMmdISGRSTnZYLVVyMm9QUW42OUJsUm9MSXZ5QV9sY3JJNUZfeU1VSWpVbU1QVmNVRm9WVUd3?oc=5,0.0,neutral
2026-07-21,2026-07-24,COST,AAPL Stock Quote Price and Forecast - CNN,CNN,https://news.google.com/rss/articles/CBMiUEFVX3lxTE00U3JoRzhkckt5aVFxb1NVNnBndWhrcDM5N0NqUzZGUk8xQk04OF9jVWRULXh2RmlJaGpTS1FJWEREaUlNUnhfSHk2cm53NllX?oc=5,0.0,neutral
2026-07-21,2026-08-04,COST,"Costco Is a Compelling Investment Opportunity, but This Stock Could Be an Even Better Buy - Yahoo Finance",Yahoo Finance,https://news.google.com/rss/articles/CBMisAFBVV95cUxNQjZPR2FPbTlyVkR0azJua2tXUnJhc3c1U3NXQjVtR1hrU0x6MWdZbXZBVmRQV0ZkSkZnbC1PNzUzNWxaOE40VUJaNG9EaTR4WkRweXh0cDlfWHMzYnRoR1dWUFpoOXBQSHU2VzBmX0pVTU1xcDVvNXd1MGlyZ016WTJZMTg0OHZIYklQRW9FQlpYZTJLWmVTekFyRzExWjhxUi0xbExVU01uRFVfUlkxWA?oc=5,0.7351,positive
2026-07-22,2026-07-22,COST,NFLX Stock Quote Price and Forecast - CNN,CNN,https://news.google.com/rss/articles/CBMiUEFVX3lxTE9SYmJDZmdYamJZM2g0dmgxclVLUWRnbGY3MkZkcDBUTHhDMmM3UXpkZ1VyVUhBeHZKRTdOVEg5MTNBZHZ1UTVMQ1ZFR3hKb2Fx?oc=5,0.0,neutral
2026-07-22,2026-07-22,COST,Guidewire Software (GWRE): 3 Reasons We Love This Stock - StockStory,StockStory,https://news.google.com/rss/articles/CBMisgFBVV95cUxPOEdlUTl4aU9HNUdpdjBLUUF5TDB6VV90RFFTSEJHaV9CVFVKbFVEMHk4cFp0d0hNYUw2Q3hydi1KTkdZdWxzMFo5WWhWM1dkSzlob1NiSFd6eVhvQWE5OGFfNGxJZVc4aWt4NVFJUTFRODdCSll6OVFBSVd2cExvNFJYbl9oRWF3Qk8zV1pDbEVFWHoyWEZMc3dZUEo5aldoYXNIX21PbWFYRjZ5RW16al9R?oc=5,0.6369,positive
2026-07-22,2026-07-22,COST,Jersey Mike’s IPO: Stock listing date and pricing near for popular sub sandwich chain as road show begins - Fast Company,Fast Company,https://news.google.com/rss/articles/CBMimwFBVV95cUxNS3hicW9DR2w1T0hWLVNMT1ZUajVKOUdEREdEWkl2OHdmWlMtb295VXV0VDBWQktfM3JDSjVzeTV1M3JxcnVjQWpmSi0xWkV6YlZzWmRlSGdKSXNBeTRFd3BlYnY2UExhOEFXUGg1eVRNb1ZnV2FBU0Vna0U3a3ZuWnNsaHd4YUpSb3lzVFBfX2dVdVNjTGxzb2cyTQ?oc=5,0.4215,positive
2026-07-22,2026-07-22,COST,How Cash-Secured Puts Can Lower Your Stock Purchase Price - The Acquirer's Multiple,The Acquirer's Multiple,https://news.google.com/rss/articles/CBMinAFBVV95cUxQck9GTVBmQVBQbi01T2tIOVNyOHZ2Tm94T0tzU2gzMU1zbExObmtMNUs5RGNCeHdWVGdWcU9yRDdfbHEwdjRZM3hPNnRjZGVkel9rbGhRV2FQVndzTk85N3lFcVN1RFROblQ2LVQ3ZVB3bEJBdnlnUDRyLWlwajRsQzVSZ1FYYkplVE5WTFExalpBQjh0U1Z1QWRPbTg?oc=5,-0.296,negative
2026-07-22,2026-07-22,COST,Wetherspoon's fourth profit warning hits shares as cost pressures mount - Euronext Markets: Real-time Stock Market Data | live,Euronext Markets: Real-time Stock Market Data | live,https://news.google.com/rss/articles/CBMisAFBVV95cUxOLWxxbmtkak42a0RScmt0dFlIdHdqRkkyVU1rOFlfc3QzRnJDanZubzlPRVc0ckUzdDdEU0sySmJFN0RVaW9IVjVLTkV0WHZIc194UE9OdmJ4NlEyS09PWUc1dG1TeEZLdExiY2VIdHdIbUpNbVJtSHlLXzBhbFZWMnkzOVBpXzc0LWtzQ2RmOFhMNlVQUFF4VU1EcENYUXBUak1xUlVhbHpzWml2LVdlNw?oc=5,0.1027,positive
2026-07-22,2026-07-22,COST,"Earnings call transcript: SSAB Q2 2026 shows stronger pricing, softer stock - Investing.com",Investing.com,https://news.google.com/rss/articles/CBMiyAFBVV95cUxOdUlsWTFSVzBielRKWENkT0FlSVlNc2xpSU1JMzd1XzctMU5SMHZKYUE5SXVWeGhhcVU5aWhKSExkZ2Rka1c0ZnJFaHc4M2V3OGRZSjQ1YmdJVmFCYWNyN1gtMGloZnhfcVJ2NHZ1c2pQT1hEYWliaTJpa1IyTWY4R1BIWFVjUkdBdG0wZHJZNEx5aTZDVVV2SU9BZDVUYnVFNFFESERKdVdYWGhRWVpRZ3d5US1yWFpqQmstSFlPSWFaVnRkRVNtTA?oc=5,0.3818,positive
2026-07-22,2026-07-22,COST,"EPRO_B: Profitability improved despite lower sales, with strong order stock and robust cost management - TradingView",TradingView,https://news.google.com/rss/articles/CBMilgJBVV95cUxQSEo3SDdKOWN3WDRZbGdCb2hDM1BnUEhRdVNCemg4aV92Sk9jR3NYNUFIclJDWXlXQXZYTGtuWWNwVGFiTFJZQTF5R1VhOEc0YXpkNXJnTnNjTE44ckE5M1R0ZHhkVFo2dG5LSFdhWURfMHpZUEFJa2pZXzJfVzlLQUwtcVkwT1pfbWtMUGhacUFEb1RwMElZemNfX0VlNTUwNC1qQXlmQmVXSXFhWmhfMWRHUFhyemhURWx0eFZmb1lGY0Y3bkRQSE9YbzQ3bEs3dEJ1UktTTFpMNXotQVdldG9WZ0J0MVlvdmlzdC1fOUE0WFd2b2hPWUY2WEo2cXRNN0NUTDhDLVFLdm9CUHR1RlN2LTk0UQ?oc=5,0.8954,positive
2026-07-22,2026-07-22,COST,ADBE Stock Quote Price and Forecast - CNN,CNN,https://news.google.com/rss/articles/CBMiUEFVX3lxTFBlQTJzVWhyWEJBbkVqNnBMU0RfU3lFY1dZQUFWazN6eU1hOC1pYVpKTlNRbVVwVjh0bUFuc0hHS0lkYmVlOHBBcmRpcU5TNnoz?oc=5,0.0,neutral
2026-07-22,2026-07-22,COST,Cardinal Health (CAH) Stock Draws Fresh Price Target Split After Analyst Revisions - Yahoo Finance UK,Yahoo Finance UK,https://news.google.com/rss/articles/CBMihwFBVV95cUxQbTRXRi1LY19QS0RiUGkxYkw3TWhTSDdsQ0cwXzhleDF0RmJwT1hMaW5JR3NnWnFvYUlYN1VTSE9zM3BJWWVoTkZoc1M5LWEwN2Q0cW9HTFZWWEw1ZXpfU2RHbVljeFIwX0dkQzVxSkJvdmlPWjU4TFhHLTBwSk4wcTlWQUV1QUU?oc=5,0.3182,positive
2026-07-22,2026-07-22,COST,"EPRO_B: Q2 saw lower sales but resilient margins, strong order stock, and ongoing cost-saving progress - TradingView",TradingView,https://news.google.com/rss/articles/CBMilAJBVV95cUxOQlV5VnFIVHYxX2Nncks1VmFrRHRmNGRQV3BWTVJtaUJXM25hRTZ0OGUzT2ZkMTdSSHdzekk4eVp0dXFQTWp3eHVGZnNIYTFLZUdteldmUG4zLWlaaUtlb2Z6VUphbFdiVXBtN0NURlQtUXVJRnhvOG9WVzVORzJCYzU2M1pXWEtzTXV6c3d4MzNtZllWdHRzZVJHbFdld1NYQ2VCbGV1VU95OXJQMFp5bm5YUjdvczhDMDRQRmFtSE0wNThLNHJZNjNHblBZWUhUMlQ3dHFRUk0zQVA0V19ibHBRWmhEOHBVOVJYNUlyQTZfLXl5RmZKektrTXk2elo2OTl4bDhRcERCUWh2eGZpdnRNeE8?oc=5,0.8201,positive
2026-07-22,2026-07-23,COST,"Tesla misses on earnings, as free cash flow turns negative and margins slide - CNBC",CNBC,https://news.google.com/rss/articles/CBMie0FVX3lxTE01YUI4bnRzTWNFcFNkV0t4aXZpV1NiSkpkb2RDa0FPaE10cHd2anViVTY1azdqQVNPN2N1eWJoalhZSjd6MmxCSTVmNHpUZTRjZ2ozSG5DR0o4Wkc0VzdhcDhFeEtCbTc1bUU3UnE1em9CNURubDFpQkJfONIBgAFBVV95cUxNWG5oWG9wRWpjZERicThsN1dIQUZTSlo2bE5qQlZMcXpLY2VZNXRRWmhDdnFObm5RdmF3c2hRN1lmUmlSWFF6WnFHWW9sc1VoM3lfcUJwWjNIaU55RU9ycy1iTm9zWmtIUTZEY0dpT1pkLTVEMnhrUWpGQ1I5NkZHXw?oc=5,-0.3182,negative
2026-07-22,2026-07-23,COST,Costco Officially Launched Standalone Gas Stations. Don’t Count on This Fueling Another Leg Higher in COST Stock. - Barchart.com,Barchart.com,https://news.google.com/rss/articles/CBMi6gFBVV95cUxQLWpNQ0NFN0dqZWc1VTg4aTlSeHpXUHQ4SXlwaVAwQlhqNnYxdTJpRTd1RzJnXzJrOUp1dEpfQ2dZandVY2otVHQzVldzN0tiZUFmakhHVEFIcGJqZkxSbUN4ZlIyc1BqNEVEeTRlZjNZR1pVelZWLUZqWG5kdjlVS0h4TXp3bWxjMk1YVTJTU3BnQ3piYUJyQWVGVXkwUXNHb2lDcjVUUnVOR3M0aVloN0RZMWgzWU9Fa1Jrc2psM1FQNTZUSVpOcDB5Rm1EdkhLdElQeTJOVThCVTRFb0VGbXNUSzk2RlZRNWc?oc=5,0.128,positive
2026-07-22,2026-07-23,COST,Prediction: Tesla Earnings Today Could Send TSLA Stock to This Price - 24/7 Wall St.,24/7 Wall St.,https://news.google.com/rss/articles/CBMisAFBVV95cUxQcEdicHc4NG80SUJjX05Yc1VMV0hrSWZEVkZzNXJzUXhRd3BLRHdVcXVXWjFoXzRmanRkYjZ6eE5wdWEwVjFhWjVWRG01NzdRUDJlX0sxZDhmazE1bXBoT2dobUJTYXhLbkJUNnltemN6bHN4ZC1hTENpdktBUTgtRXhHaGh1MFVPWl9WZktqVjBUV1ZkcXVaXzdXQUcyejdIVm1CeFEyN19hVGRlM2hNdA?oc=5,0.0,neutral
2026-07-22,2026-07-23,COST,Dario Announces Pricing of a $23.5 Million Registered Direct Offering of Common Stock Priced At-The-Market Under Nasdaq Rules - Morningstar,Morningstar,https://news.google.com/rss/articles/CBMikgJBVV95cUxPbDc5OFkwSTFqc2xCUEkyamtCcW5sd0RfWVhHMUdTeG80bWxBbWZ1U2N5VGpWVHlZTDlNVVBPbmU4WHE5RFFoRHRyam9pLWszUHQ2cHlvTHp3VXA1VWtnTTc4V2lRNXlSR3BIOG5fdTBQU3Q2WTNhUTluNVJ5Z0IxT1I4SV9nSVhvc2xWb08zYmNSVENxWjl5SUxDQzhXX2lDYzgzUDA3VnVENDVmVEtaYmx4bzJLYV92Yk1XMkRaemZFTmhjZDBONTItbFl6VUNNSjNobHA5OTN6MS1aRVRZancwVThBSk9DdFhTUFFfUmp4a2FVUlBsb0hDb0dOVFdzUjM3dEdYdjBncWZJQVhud2R3?oc=5,0.0,neutral
2026-07-22,2026-07-23,COST,You bought SpaceX shares at the IPO price — and now you’re losing money. Is it safe to buy the dip? - Yahoo Finance,Yahoo Finance,https://news.google.com/rss/articles/CBMimwFBVV95cUxPN21XWW1PaEFtN1BTZ2VGc0F0bVZMNUp4TzlvenhIbmVjNzRFbmdVU0VqU0Q0UnF3ZU5hcS1tSlhCZWktRmQwc3BvZUVGSDhyVUp0Y3Y5ZHVEWXY4eDlsM3NFb0plcWd5S2RTQTdTWUVpeXJZbF9xQTF0bExvME5uRnBrVEYtNjdCdlptWUZqeUptZ3k4bDNQeUk0cw?oc=5,0.3612,positive
2026-07-22,2026-07-23,COST,symbol__ Stock Quote Price and Forecast - CNN,CNN,https://news.google.com/rss/articles/CBMiTEFVX3lxTE9QVlR5UzA1NjUxUi1VSzFHdDlscFgxUWZwT1NCQlZaZGJSYklBbWpmNFFlaDRTaVBzdldmRnloRGt6d0drTDdIdmc0OVU?oc=5,0.0,neutral
2026-07-22,2026-07-23,COST,Data Center Costs Are Racking Up. What That Means for Oracle Stock Here. - Barchart.com,Barchart.com,https://news.google.com/rss/articles/CBMitAFBVV95cUxNMnV5ZlF4bjR2SFY5NUhQUW01Ti1fUklVMVk2c0NpYlpJMEFkNy1DQ0s0bDZRZ212Rk5lejhzc19tZV9QdVhhXzlJS296NHdPQ1ctWkdmOTYzWlZNZ3VFUVFFNTNCTjYyTzhSeGREdEVBOUFpWWQ1TC12QjRFN2dpRDlHX0tmNlpqNjVHLXVJVUQ0NndMNW5MSHRQeFVUc2ljOERfSGlRb1JCX1VEMFRoMWw1OWE?oc=5,0.0,neutral
2026-07-23,2026-07-23,COST,SUNB Stock Quote Price and Forecast - CNN,CNN,https://news.google.com/rss/articles/CBMiUEFVX3lxTE0xaUY5RXRGV0oyTzdEeE93SEtiZjZrNGJUZmRxUGJVOVBOSlpjSnBmcFJpQnFpaWE4RVo4dGxXbndaZVJQeC1rVVNHX19KTE1P?oc=5,0.0,neutral
2026-07-23,2026-07-23,COST,US Stock Market Today: S&P 500 Futures Slip As Rate And Jobs Worries Grow - simplywall.st,simplywall.st,https://news.google.com/rss/articles/CBMi7AFBVV95cUxOeEQ5MTBXT1hacnR1QVQ0bHRjaExHdUpad3cwQUdiQ001dElhUUJ3TVdSMEN2SW1Sc2RxY1dBeFdzS3k2QUNUcmlzcXlGWHBaQnpaR3BMMjZzYS03NzY3cWdSWWJHeGJVUmZEQzJLSmFvWTkzd3V6TmJUVlUwYUxyUTJVeHFBUDJQQ3Q3TlNxUjlXN3Y5N2RsMjFhOV95dWs2N3AzbEIzaUtTUjI1RE1VOGFDVWJ0S1RmdERRZXJkN3ZSN1FRLTB5ZnJOZlRmdk80STVKNnNFS2ZLT3JibUo4UVd0bG5VQTM5bkpaNdIB8gFBVV95cUxPcGlWeXl2dVFfN3M0Qy1pazRCMWs2RW5jWE5DU1dVNWtLTUFBd3lfeHVKWk85UUxDOEtna1BKRzR3bUFyTDZuWHFYUWIwUnJ0Q1dqODRWNEZYRXdRSWpGUEJPVll6YjVGc21GTlQ3TDBOUFZtSkdUbWdNcHFxTkpxVDJsRHotYmxNVjVPVk41bWRDclpSeHhxSVM5OExvX2NVWjV1VVJMZFhzTllvV2l5MnNKRVpUSWpIMy1jemJZRmYwVjllMGJWWWF0VTJ4ZUtCeG9UN2F4elh5RVh6S3dSOG91bHI4b3JNbkI3Z1RHampwdw?oc=5,-0.4215,negative
2026-07-23,2026-07-23,COST,Prediction: This Will Be Sandisk's Stock Price by Mid-2027 (Hint: It Implies a Big Move) - The Motley Fool,The Motley Fool,https://news.google.com/rss/articles/CBMikwFBVV95cUxObVB5YkN1ZGJBRDlxWkNLdkFWS2lGWkZrN2F1U21BaUhtWUcyR1lOeFc2TVZKaVd1UHg1V1dFRXFqRUhKRVZ3YlRjRndXNDk1bktEekVzcjROdGNOdnRPbXRiTTN0eWVTLVUtQUFoRHk2eTVlSW9WcElyZGZkME1SM2tKN0EyRFdxQ01sQkwwQ1hJQ1E?oc=5,-0.4404,negative
2026-07-23,2026-07-23,COST,Qualcomm (NASDAQ:QCOM): A Peter Lynch Growth at a Reasonable Price Stock - ChartMill,ChartMill,https://news.google.com/rss/articles/CBMivAFBVV95cUxNN1B4WTBqcmFaalRKTEJydHpPWG52cGsxbEQ5T3lKXy1jMU1fekU5WWhuWkRXNEhMZWlEOTFlOUFRZnYxRFNxdG9xX1k2eEVxeUVvblhyOGJ6OE5sVGFBdHBsdTR1VTdXMnVmMWVld0ZfSk8tM05JUUlSQlZEY2x0dTFiamRCcS0wN0stcTRIUFNWMVdNT1hJMXBjYlpOMFExOVF0T2pLbzMtRjh4WnFvdXQxQXMtNFdWM2FMYQ?oc=5,0.3818,positive
2026-07-23,2026-07-23,COST,"SpaceX stock plunges below IPO price, hits 52-week low - eciks.org",eciks.org,https://news.google.com/rss/articles/CBMiZEFVX3lxTE1aQkJWQkw0cjBsMVdhS0VpWVM1UTJ0RjJIOFMxTXRRdXdjcWJCZW9ERlI5Nm8xRU04REp4TEJDVVFkdFE1SkFXcnY3UkZMR1p4aWhUQzktS3FXbmx1N09nSl9IYms?oc=5,-0.2732,negative
2026-07-23,2026-07-23,COST,FISV Stock Rises Premarket: But Here's Why Analysts Are Slashing Price Targets - Stocktwits,Stocktwits,https://news.google.com/rss/articles/CBMi2AFBVV95cUxQMWJyeHM0Nml0Z2lxbkwzeWFjYXFnLTh3djFjdm5LSW9TU2p4ZTJwRTZVTzhRcmRuY1hzbS1UUjgyQ3lvNDZLNXlfODBSd0ZHakcySURldnBzVk5PdWI3aExqZ1psSm53ek5hdXpuT1FjYUs5ZERVanFXWXk4bmp1XzBiZ0VSLVQ0NlJtdGlXZWptUnNGb1lhOHk1cVFRZTdzUWstQnJWeDlFc0NPdzdQckhWQlV4TXNpYXBqTkk3ZVUydWs3eTlOQU1TR2lnemd3eVoyaE1kbnA?oc=5,-0.3919,negative
2026-07-23,2026-07-23,COST,SOFI Stock Quote Price and Forecast - CNN,CNN,https://news.google.com/rss/articles/CBMiUEFVX3lxTE9ZZ1ZTalFrN2NiRHFHUnV4RnVsYWFvNkNHX2dnSmxocDhyMGtsdWF2R25vemlqRjc1dDZtNWMtYkM4YnR2U21UbU5UR0YyaTU2?oc=5,0.0,neutral
2026-07-23,2026-07-23,COST,SpaceX Outlook: Where the Stock Price for This $1.5 Trillion Giant Could Land in 2027 - The Motley Fool,The Motley Fool,https://news.google.com/rss/articles/CBMikgFBVV95cUxPSm4xV24teHY0QUp6MnJmZVByUS00cFRCbnNBOW0xcHFKMjB5VEhBa3R5U1RjNnotMXhLV2puSjVKQ1lJX3otVi00VU90a1d6eGdkbk9PcHI4TFlueXd0OTdhZ1EycFgtak9mbndBVWc5bjdDVWk2aXl5MVNSNWpWVE9BV2laSE1MOGFnV0MtX0pKQQ?oc=5,-0.4404,negative
2026-07-23,2026-07-23,COST,SMR Stock Quote Price and Forecast - CNN,CNN,https://news.google.com/rss/articles/CBMiT0FVX3lxTE1ZdFlrbk1UeVJTVGRxUDR5RF91eGFvb2VxUTBrd3paMG5HSTQwQ2JHUHcxMW11OWJDZnhVSmVESlhCREFhT0Z3SnZPNGVXRWs?oc=5,0.0,neutral
2026-07-23,2026-07-24,COST,The rising cost of capital for companies today is starting to spook the stock market: ‘The worry is the spending might not pay off’ - MarketWatch,MarketWatch,https://news.google.com/rss/articles/CBMigAJBVV95cUxOeHhSajMyLXJJQkItZlRsMHlLaDBnRXhwQnFGUWk4VHNRd1QxVUROTC0xOFVla19ZZmpjMnNtQVYzTjFhdVVmSjFZclFhcTdHS0R6Qkd4V0FvaHp0aldXbFFKdHJMRERvVy1UZl9wQ2pOSzR1NHFVRVpsNm9xZWNCM05qb1VrQnd0c1RZREF5bVBnMll4NnR4ZEVpVW1CVG5jQ0VXc0xWVkROa3h5VHVkbHBrLXhpanV5ckY4N2RaR2xvWVFoTzEzQmxJZjB2b3N2NEZXZjNfOVhDTGxwVTJwZHh4MWwxUUtpVzgtWElZN2c5OVhGVDVuOFo3ZVhXM0ds?oc=5,-0.3826,negative
2026-07-23,2026-07-24,COST,COST Stock Draws Price Target Hikes From Wall Street Post Earnings – A Look At What Keeps Analysts Happy And A Bit Worried - Stocktwits,Stocktwits,https://news.google.com/rss/articles/CBMivgFBVV95cUxOTXFxOXM0S0VCeGxGc0hoZlp5b0c0X2F4SG94TkVkZnMyQ3dYNXZmZ09BaWJlQ09ud3pDYThxRkZOSWdRc1VET212YkkwUDFBMEtQeGpkd0tFUG10VTE5clBxX0M4QUM3T3pSNFhnVTRaM2U4UHU1TzV6LUdmaVF3YlB3X19wb3lXd3p0OC0wekkwNURoa082ZjBlUzNqWnZSNDloUUlGbkRiSFllazAzeE1BQ2xSZ0R3YTM5dmd3?oc=5,0.3612,positive
2026-07-23,2026-07-24,COST,"European shares post biggest drop in two weeks on oil surge, rate-hike concerns - Reuters",Reuters,https://news.google.com/rss/articles/CBMivAFBVV95cUxPWTl5VUQ2MFE5ZEphUUZfMXM2alQ5MjlNWlBIRzNoSDBfcVBxWGlSckEySGtPQXk4OERoRDkzZGd4NTJYMktwTVV6T2xtbl8wYVVxS2cwVHREelJZSndneHg0X3dadVZLOUI2ZGdsYmJKcnVHUERlbkt2YWdUb2dmRWlZZXZMTkd3OWZQN3JwNXRsSW9jTUtwZ0tGeWc3b3BtZDRZVDVyQmhOU1dab3RBbGkzdjd0WERsT08tWg?oc=5,0.0258,neutral
2026-07-23,2026-07-24,COST,Stellantis Share Price Is Down 80%. Can Q2 Earnings Trigger a Recovery? - Morningstar,Morningstar,https://news.google.com/rss/articles/CBMirwFBVV95cUxOUVJqQWhUY08tVURwNjBmZGZrWnFvZkRwNkhJMGJrZjBlcktSQi1PSHh2X0VKbWd6QjhTMUlYSjdnRnppWUhPUnlycy1qS3BRbGNlWjU5c0psYmlnUE9TSnJoM1F5N1JSNlN6T1ZIS3R5bHNTa2w3Q2ZXaG9yUjJvZHE3Wmg0TU42cXpMRy1kQkswNlhOaG1PUjBhNlBHSDVOamdCSTJmMVI0RXdDaGdR?oc=5,0.296,positive
2026-07-23,2026-07-24,COST,MI Tri-Share now law: Michigan parents pay one-third of childcare costs - WILX,WILX,https://news.google.com/rss/articles/CBMiogFBVV95cUxOMGhCWlhXOFNheHE5Rmo1d0NseXUyaXFNcnhMUUwxSnRzZVNxdGRObWdndEY2UHFrbGpxTl9YNmhuMTlrWU9Hc0pOSENXQXJMSGdFZ0RaUEY3X1drU1l6T0JYRlJ1ckx5YmwyQlBPc1J2dlp2YlN3a1RHNWs3OGEzYWxHNEx3WVdCa2V1U3JlTmQtVFR2T1B6R1BTWk9IU2YwZnfSAbYBQVVfeXFMUFB4dHM1b2EtaUlza25ENkxvcGRQQnVXQUgydXZvT0VHLXI0Y1BNcWp3ckk0UVNQblNyY2s4RWxVRkdzRkZtc1E4b3FFYXZXalBwVEY1TTFUcHR1ajhNeDJlQjV6dER3SzlXcWZNTTVZdFJscW8zal95MW0zYWlEUU51XzRjRm95RW03MmxnY1ZYVDJISFlTeFRZdDF2LW9TVTNLcWo1ZWdZNHZ2blhFRUVNeFN2c1E?oc=5,-0.1027,negative
2026-07-23,2026-07-24,COST,"Brent oil tops $100 per barrel, as tumbles for Tesla and Alphabet yank Wall Street lower - Boston Herald",Boston Herald,https://news.google.com/rss/articles/CBMifkFVX3lxTE4wTmxWbHV4dkx4MjBxa0RZakFoNUsyNzZRWVc5MTliY0xYS01aaHpxa1pGUTFSbDhzaHNTWmQ1U2k5MWlvVFdSWnNWZ2lZYUxoTERlbE1xTGQ4ZzQ0SVZIWUl4dGJQdG1RTGJrbjBYalVOSlI3QXNiVkJBa0ZtQQ?oc=5,0.2732,positive
2026-07-23,2026-07-24,COST,"Brent oil's price tops $100 per barrel, as Tesla and Alphabet drag Wall Street lower - Spectrum News",Spectrum News,https://news.google.com/rss/articles/CBMiiAFBVV95cUxPb3YzM3hYU01SXzBxLVNjZm1vNTdNU2hjTnhlNXY5eHNiZ2ZxTlROczl2WFJBUHpHY3BNRkEtOElxTTROQ3VKMEl6VnBZTmhzUXo3VHVCcUtDWlpCYzhtbWdqeE0zMFg2aWdDTXZGTVUyblBWRnJvOHhTcHppWkFVdENSdmtrYTNR?oc=5,0.0516,positive
2026-07-23,2026-07-24,COST,This Analyst Just Cut Its Price Target on SNDK Stock. Here's Why. - Barchart.com,Barchart.com,https://news.google.com/rss/articles/CBMiqwFBVV95cUxPR0o0RG1fWUdnbUtXRnBPSzVSalN0VVoxa3ZNVC1TMzkzRkY3Wjk5MTlyNGxjUWlRQWlQQm5USFlVeTRfRW01YnFiaGlYbkc3UEtFeV9pTVpNa1JiYWNqSnZFSFA1ZFlPRDhVRDZkLTVCQWFQbGFLSXZiZHE0cmkzUlJiRGEyVUFkb0N5bjVlbDItS3Atb1hiSy04cGxFWjRLTjN0SldCOVAwZkE?oc=5,-0.2732,negative
2026-07-23,2026-07-24,COST,Marvell Stock Trade Setup Aims For A Robust Return From Potentially Big Price Swings - Investor's Business Daily,Investor's Business Daily,https://news.google.com/rss/articles/CBMiswFBVV95cUxPWnI2b2EySURDZUViTFQ0VGY2LWFnb0VqYVJlVnpoZG5DV2FkcWxyU3FkTUFUVUlpWTF4VzczSk9PXzNzakZhdWJ6RWtid0YwRXZSMV9mOWM3UUpGcjdELU4wS05GVW03YnhVVWVfNEs1emdtb2Z4YUlEdkc3Ui1wclRqYlJ1UHVLQ0JCek9YOGVoVERuSVFDSlJjRWU5REg1cm96R2VrZktJNXNvTW9Pd3hWNA?oc=5,0.34,positive
2026-07-23,2026-07-24,COST,Tesla gets price target cuts from analysts on earnings miss. What they're saying - CNBC,CNBC,https://news.google.com/rss/articles/CBMitgFBVV95cUxQNFJCM2ZDRmpSWXMyRllFb0g2S0pCZXV0YU01NUUySEtqWVFpWHhId0dVcnpoZnhNZlEwdmkwb2t3VDdQNGVadHQyVEhveEFDNTB4eUtsS2d2aW9lREdCZ21KQmRtdDQwYUNqd3dOMkJrVFdXV0l2aTVVOWZMZG03Nm9BLVVlaVdORGJqVkp2V3RJdFBxak85Sk9OVEtGTkwtZVBaT0dmSlBJeS0xa05nVm5SOXRNUQ?oc=5,-0.4215,negative
2026-07-23,2026-07-24,COST,Google's extreme AI capex spending plans trigger a technical warning on the stock price - Yahoo Finance,Yahoo Finance,https://news.google.com/rss/articles/CBMi5AFBVV95cUxNRTBBeUdPRF94LXpNWXVhQllDVlZWd3dyQzJkNGNUY3ptS3NDWkhWRUx1Z056a3ZwZlZGT1RkWGNXZDJSYUNhd1RiamN5WGRGMTNINEQ5My1uaXhZN25sRUZNbm1LM3RYblNJVDZ4bTYzRkNnUExqdFhPOEpHU3ktblJVbWRBRmNjVE9nc0pSV0swWWZkc3ZQVXZxUi1UdkhsUEFVUkdZUm5ZMm1NdmFSNExOTHM3LUI5QmZybk9zaHJZUG1jZGtLTkxETXV1MlNDSUlxNTBqWGdWZVZWNkRxelZVeWQ?oc=5,-0.34,negative
2026-07-23,2026-07-24,COST,ADSK Stock: Where Compounding Could Take The Price - Trefis,Trefis,https://news.google.com/rss/articles/CBMirwFBVV95cUxOMFdmcU9PNU9ydnF5akpVZVlDSVR0Ni1ELXdodmxEc3dKQXdJYVEzdzgtdEU2Wl9maXhtSGw0TWNGVGxTT0o5ZnJMZExlcWtCcXdiM1JZR3c3V0t3SE5QS3hHYWVMb0p0QjduQ2RCMzRxNzVvTDRRclgyejR2MnI3UGJIMlpFdDQ3ZUItbnZtNFB4WjBmdnBmYlAtd2VaVUlBV0x6NkYtWjV1WXE1anY0?oc=5,0.0,neutral
2026-07-23,2026-07-24,COST,SpaceX Outlook: Where the Stock Price for This $1.5 Trillion Giant Could Land in 2027 - Yahoo Finance,Yahoo Finance,https://news.google.com/rss/articles/CBMingFBVV95cUxPYk8tcENPcDUxT200cmNPWGZRUGZjd2pnQ1N0Z2g1UmNpT2VYdlpvRkFxVEpyYWtBZVpfUEVhVkFpTnpITjJJRzh6QW1aYU1uVmVIcGtZRGRwX204QUlqZzEzNWpFTU1aX1FPamdkNkpaY0owVHY0X2lkQTNmUl9yemNqU1c3V25YNjRCN1dvTEtuallLVHFteVFwZjdSZw?oc=5,0.0,neutral
2026-07-23,2026-07-24,COST,Oracle's Stock Crash Has Cost Larry Ellison $213 Billion in 10 Months. Should Investors Buy the Dip? - The Motley Fool,The Motley Fool,https://news.google.com/rss/articles/CBMimAFBVV95cUxPQ0tfclZ6TF9XN1l6MHVEeXNJUE1BWWxpMEp1Nm9WWnR5aEpHeDJDc1Z6XzFQRHMtMXBrSld3RTA5YUlYUDZULVlYVEFtS0paS0VObERoUFh4M1N6NW9XRTlhckg1S054M2x0Z2VXSE1RenA0Q29LQzk4S0dELU9JZEFmSmhRUXRuMUZsYmNUYkVqY19qOEpEdg?oc=5,-0.6808,negative
2026-07-23,2026-07-27,COST,Share price chart - Continental AG,Continental AG,https://news.google.com/rss/articles/CBMidEFVX3lxTE80cVNTdFRBbElhLXJIYVBXM2lQQXdRa0Z5b1RCUlJUTEM5b3VoaDNhdGtINHZHbFN2bXJCZ1JFQzhnSTJNSTFpOWkwRTUwN0RDS2VhUUlmUlVxUDlTTDJDbDV3bkdVSVpaVVVDbVA0RjlDRFhL?oc=5,0.296,positive
2026-07-23,2026-07-27,COST,COST Stock Retreats After Hours On Decelerating Comparable Sales After Strong May Performance - Stocktwits,Stocktwits,https://news.google.com/rss/articles/CBMi7gFBVV95cUxONWNJMUNWVk1sbFBCbkpaMlV1dGpWNHplc3VFdUFfNlc1N3lwbHYwNTdPbFdLWW1tcFJ4akNfMlRuaENNazktZ1ZrdVN6bnktdDdVU3pQSV83VWtYdE5zdDFIZ3pTNkM2aU9MUVUyVVhYM1htMC1pSGVPb21FSGVNYlg5cWt6RUFiaUN4a0pPd0JLS2ljNUVZUzlVMnQ3d0F5bjVTc1d2WkNtQnQyWDlBbU90dlZzNzlxYUhsdTVCSUt0dWNqMGdPZmRJSXhCUG5ET3VFc1Z5OFR2RkFDeTYwOVE5UlNsbVhLQ1lpZ1lB?oc=5,0.5106,positive
2026-07-24,2026-07-24,COST,Here's the Price Where I'd Start Considering Buying Micron Stock - Yahoo Finance,Yahoo Finance,https://news.google.com/rss/articles/CBMilgFBVV95cUxNNV9IYzB5eHdjeWI1cFF4X0hXRTFfT2dIX0hCZlZBV1pxWmViV0o4RUJGVnpGaGV5THVRZzhDZzF4U2hMbWRHNHllT1NUNkxnbERzTi1kUzh5dlNQWWdhOHJmel9oSnJrX3V6bzhzWjRBUl9IVnZHSk4wdFBWTUk0VlFfSk5reDFXRThRcEptb3NuOXNDNlE?oc=5,0.0,neutral
2026-07-24,2026-07-24,COST,Verizon Stock Rises After Earnings as Turnaround Plan Gathers Pace - Barron's,Barron's,https://news.google.com/rss/articles/CBMiekFVX3lxTE8teWtKN2pnNjRkZXpCcGNISXozVVdIODZkQ3ZmbHlVRUFDUE55RG03RlVlc0cyR1pXYjZUVUdZN1BseHhYV295SkFBWUwwZEhzZG41NEdQcTViQ0h4RE9DNFpyQ2pQZFNLS0FocXVJN3E4a1Q4VVZMVnhn?oc=5,0.0,neutral
2026-07-24,2026-07-24,COST,US Stock Market Today: S&P 500 Futures Slip On Higher Rate And Inflation Concerns - simplywall.st,simplywall.st,https://news.google.com/rss/articles/CBMiyAFBVV95cUxPREtnRXNheDQwQjNsTkx5ZGpZY3oxZjBGX08zOEYyUHE0MkEtbzB3MDJ5QjZhcHdLbEk3WldVSjhOU1Buc3h5TEtpeUJUeGV0YTIzTkROOFNVUXdKTWN6dHNtcXdxWU0tekducVFESTNibWJwYTdJZFlnNkNUNUtEU0VuWC12THZYc0JlajQwTWU5aTlydnlzczlSNlBmOTNTSkdZbkdHaUwtck13S20tSlJCSWFxT0NkNW9WQ3FGcmM0cUlIOXpnRdIBzgFBVV95cUxQSGJCcWxTc0RVMGRCQzVkMktNWW9paE14ekhmcWhfSEhIbUNxUXhMMEpGWWp3MDIzY1NMUWpoQlJ0Yi14TkpMeXg2MHZXdmtMVjJwT1VqU3lVRGRQVEZxZVVpdGNJSWkzRXdRYVVKQ2FwcVZ3amMzcEFYVzRob3FxQmhGUnoya2lqZmt2QjIwd2l3eUctSTQ1VnhNVC1DWHZjd0FScjY2MHY4ZUtTYXA4UkFzZVJuVzRvSF9LY1kyQVJBcnFfQkprOU9EMEF3dw?oc=5,0.0,neutral
2026-07-24,2026-07-24,COST,Exyn Defense Plans Autonomous Air Force Inspection Demo - Stock Titan,Stock Titan,https://news.google.com/rss/articles/CBMivgFBVV95cUxPUmhnNDZZTW9Wa2RuTGpIV1daTm5CVlpLWVlkUk10NTRfX0l5RGwzNzBNb1JBeG53QlZwbWVYdXFkbm9lNU9CS2ZhTnM3Xzg3UlFWYTRlN2x3ZndwUDlVbWtxNURhZkt2X0tpRzUtSjlaNHNRTnVRejBHVWc3RTY2Zjd1U0lwdmwyelZSRkJJM21QMm44MVFWc2ZLNlIwVFFCSG1yOGxGZ0k3eGFOQUdMakNpV3BHbU1KNnVVMDRB?oc=5,0.128,positive
2026-07-24,2026-07-24,COST,Musk Is Losing His Magic—and Tesla Is Paying the Price - Barron's,Barron's,https://news.google.com/rss/articles/CBMifEFVX3lxTE8wazc5Mm8xRHhtc1c3YWZrTjU4djVFWE5kNG1QOUJ2M2VTTFZZRlR6eEJ2NTh1VW9nTG9NOHVhUVl2RVhkaG1MUlRRbFZBX09tT0x2c3RkNTkyS0NYcW5nVGpkNXFjNlRybHJwMVlseUxDZzgxdzFwQ1ZxZWo?oc=5,-0.3818,negative
2026-07-24,2026-07-24,COST,Codexis Announces Pricing of Public Offering of Common Stock - Yahoo Finance,Yahoo Finance,https://news.google.com/rss/articles/CBMiqgFBVV95cUxNTE85QWNVNC1URFEzWTROYjRUcmd1bEFHUy0tX1l3cWFXZDhibTQ3ZkJiWVY2Y2Y0eGdNcE9GLVFaa0hWOVFoTjFrbVNZUkcxdlo3djI2blQtczAySXF0WHBZYm9wdDl0ZlJFVnRPYlVCeE1zR3hxcFRtTXlFSUFMNWR1bTBpU3J2b2Q1djhFckQtaXdiVHA5WlNHMkhkRmc1c25yN0gyZFdMZw?oc=5,0.0,neutral
2026-07-24,2026-07-24,COST,Meta’s Latest AI Data Center Debt Raise Could Reportedly Cost More Than Its 2025 Record Deal - Stocktwits,Stocktwits,https://news.google.com/rss/articles/CBMi7AFBVV95cUxOYWNsSWkwcktoNXRlTDR0U1JHdjdWdERhZFZOZi00bFdNWEY3SXREMWRNb2tUdHdTRU9OVnBuUzlXdldraHRNRU1NU2JRVlM0SmRlWDlqRVU2UVZKY191LVlNVENIemdRa2N2ZnJ3NXhLem11RGxpMXNUZDROZzBoa3JFS3pKV3dqYlJOYVhiTkxfeDFFWTA5c2VfUnRvaWF5b1NRYnRwTVNsOUZrNUl2OFF2MlJmS0VqZEtOckE4Mno3NWdmc204ZzRnUVpXcEZKMWhTal9HaktMdllmajdDQW12UmNjWkhCOE1nYw?oc=5,-0.3612,negative
2026-07-24,2026-07-24,COST,"47 Analysts Cover Apple. Their Average Price Target Is Now Below the Stock Price, One Week Before Earnings. - The Motley Fool",The Motley Fool,https://news.google.com/rss/articles/CBMimAFBVV95cUxQNVVCSUlwaGh5SGR3ZUVkam8wdU1uVGpsUVdralh6N1B2Q0dlNUdaQlRweGZJcnBIX0VoLWx2dXV6X1lkTnliM2tSVTdIQ1RxUWZ6SUt0UTZ6WTVBRHhIcVZlZlcyZmRlTDNBSGNpNkpZS053SHVxZWUyTFJJR1h0SWtRcVlIaFlVSTJFMUxfTkg1YmR5clpWXw?oc=5,-0.4404,negative
2026-07-24,2026-07-27,COST,COST Stock Draws Price Target Hikes From Wall Street Post Earnings – A Look At What Keeps Analysts Happy And A Bit Worried - Stocktwits,Stocktwits,https://news.google.com/rss/articles/CBMivgFBVV95cUxOTXFxOXM0S0VCeGxGc0hoZlp5b0c0X2F4SG94TkVkZnMyQ3dYNXZmZ09BaWJlQ09ud3pDYThxRkZOSWdRc1VET212YkkwUDFBMEtQeGpkd0tFUG10VTE5clBxX0M4QUM3T3pSNFhnVTRaM2U4UHU1TzV6LUdmaVF3YlB3X19wb3lXd3p0OC0wekkwNURoa082ZjBlUzNqWnZSNDloUUlGbkRiSFllazAzeE1BQ2xSZ0R3YTM5dmd3?oc=5,0.3612,positive
2026-07-24,2026-07-27,COST,BA Stock Quote Price and Forecast - CNN,CNN,https://news.google.com/rss/articles/CBMiTkFVX3lxTFBfc2dScnU5N1REM1pqeUJYVE1SR29tR19PS0F2aDl1bnVNdUktVzJ0X2pRN2hBeU9CQVppaU5BZEdHZURGUkRQQlZqOE1fUQ?oc=5,0.0,neutral
2026-07-24,2026-07-27,COST,TotalEnergies Share Price on Euronext - TotalEnergies.com,TotalEnergies.com,https://news.google.com/rss/articles/CBMilgFBVV95cUxPM3NjSUo4QlpQa2M5VE1XMFIyaW9lMzRlbjVXR183eXctQ0wtTHREYnVWNGFtcVFOd0trSHkybkxzUVNZZEEzaFgwYmJ3QTR5VlRBblEzckpWYWxYMS1wSXV5RmJuY1ZneTIycEY4R0E1Q1lOUDJPYTRZQlkzS3EwekREWDZTQjNwbHlrcVRMemV4MllKRlE?oc=5,0.296,positive
2026-07-25,2026-07-27,COST,GOOGL Stock Quote Price and Forecast - CNN,CNN,https://news.google.com/rss/articles/CBMiUkFVX3lxTE5UbkhMMngyaG5RbUxmS1ZGOGtMZGpWMi1GZWM4TGdVUV9kT0wwRjhITEVWVERVZnY4ekZhU0lFbWtMNWhjZGpJdm1iek5wS0lrZUE?oc=5,0.0,neutral
2026-07-25,2026-07-27,COST,"13% Below Its IPO Price, Is SpaceX Stock a Buy? - Yahoo Finance",Yahoo Finance,https://news.google.com/rss/articles/CBMilAFBVV95cUxNajFkeFYwQl85cHY5SVdpa1JNaWU2X3NtUTJ0UUtaSXptcXpOakdBUjN1NTZOcTM0cWdwQXB2MGhEQ29jdE9SbnctcllibUdfRzJia3F2c3RsZHVsbXhDM3A2LUVZMXVYQzVaSXFMMUlfSkgyeUhFLWh4eUZtQU5kUjNjTEt4Y3pzX2g2b29QeXZnUFlF?oc=5,0.0,neutral
2026-07-25,2026-07-27,COST,LCID Stock Quote Price and Forecast - CNN,CNN,https://news.google.com/rss/articles/CBMiUEFVX3lxTE5DeWdWaXA3UUNJaU1BeXJSZzh2Qkd5clNjdXB0QXFxbUdFMXdzdjUxWU1ELWRSYnVIUnN5SzgxWVQ2TTYxSUtuMnhLNDFUZlNz?oc=5,0.0,neutral
2026-07-26,2026-07-27,COST,Does Procter & Gamble’s (PG) Steady Dividend Amid Cost Pressures Reveal Its True Capital Priorities? - simplywall.st,simplywall.st,https://news.google.com/rss/articles/CBMiyAFBVV95cUxNdzdFSTFfSU9WVjM4TzRKZkk1TUlUT1pzVUFNaWRGV0JTVllWdzlibllRYkhZMVl5NkJOMlllWmI4VzBDZXVoUE5DQjR5V2FSQTRjRXZPYXlTbzhjWUNoQm9mX0IyUTVGRE1KN2JYTWZrUS10RVZ3a2lNS25oa0Nxb2JFdmZiTENmbjBoeWVORzl3dm5rS25tSV96b25RTHRSWldFaVk5RzBHbmQ4ZVpoTXAyMGpBVlg5QzR2Nk9GVHY3aXMwWDdtYtIBzgFBVV95cUxOd1BrYUNqRE1QamNJRU5ybWZTN2ctT2FMdlF2T2RvdXNMazBUV3hiSjJtdU1ESGFId0xBUXk1WncxNHJtNUpoZGIzNm8ySWhzTGcyTHhUaGIxZXk2ejd2a1lNMFljRlREWmE5VzRvOVo1czh6MzNvRXRJZFRvN0pIdGZRQm5qeVFSRlo0STFZQWZlRGNqWG85djdxdWN2NXE0ZnlCTHowVjNEREljTFhoTkZCT1dwVkVlbFl0MFMxazZVZkxOREpQR3ZISFlXdw?oc=5,0.128,positive
2026-07-26,2026-07-27,COST,Morgan Stanley Cuts Its Alibaba Stock Price Target - Yahoo Finance,Yahoo Finance,https://news.google.com/rss/articles/CBMinwFBVV95cUxQeVRSTDNrWG5hRjhKcFdFS3NZTkNZbUNoV2NIUEN6dTR1Vnh6cGVLSGJyaUxJVmtVRS1DRWF2bGl3OXpSRkJhNUs4azBaaHFUbkdacVUzU05LVVJKZ2xLdnExZmpqZks5alc5SjdmTS15LXhNT29SeDlIaUhVQi1UbWdwcmxnTVZVNXNtTW5KQUdMOVlOSVhZeFBoV3BQaDQ?oc=5,-0.296,negative
2026-07-27,2026-07-27,COST,Big Tech Earnings and Fed Rate Decision Put Stock Rally to the Test | The 10-Point for July 27 - WSJ,WSJ,https://news.google.com/rss/articles/CBMisAFBVV95cUxNM1VHVGc2MlROVmUzRklzaDZkazV1SVpjTmlTRTdETjUxaHFuc1hLNUthU2Z6VWxjMmZjSWg5VkxCTG94RkVYSndUQ3EtSV9aLXVzU2h0UXJucFRuYWg0Q3l3Wk9lbUFWQ0FCS0UtRjlRM2gxRDJjZGZMOGxuaXQ4VDJBdl9RaGUxTWc0NWxOT25VYktzRnhWVXJEdzh4Z0k1ekhaTW9zY1pub05Ldm91Ng?oc=5,0.0,neutral
2026-07-27,2026-07-27,COST,Prediction: This Will Be SpaceX's Stock Price by June 2027 (Hint: It's Time to Buy) - Yahoo Finance,Yahoo Finance,https://news.google.com/rss/articles/CBMiogFBVV95cUxPcE9zRXJmR2pjSnhqT3NYRWJHZzJGTDBEREJsdnpXRUxlYXQxUk1VX01uSUk4YU50VlNyTHJvVEFyb0lJSUFRdEZXMnpvc2xSN0xLU1VaTWRSZl9aT0lPZnFvRkdrcmJXa0dzeTFyTjZORDlwdXdHT3pjQVNEdHo5ZlJkT1lBc0l2YUVaVWtVRDJ5R0xZR0FLVlZiM1cteF9yUEE?oc=5,0.0,neutral
2026-07-27,2026-07-27,COST,The Hidden Cost of AT&T Stock’s Success - Trefis,Trefis,https://news.google.com/rss/articles/CBMimwFBVV95cUxNUmlQenBfWW5QZDFpRkNJLVV0RjZXSUQ0TERVeWZCOTJYWjRRZUFPWVBWRWZMQ3lIdmJha1FrQzhHbnZJekpsSG9vZlBlUHUtX3J3WFNBbE5pd3BwUnR6Z1dLTElJVkpObFFoTHBkRjBHaGlLb29SX3dia2ROT05xZUZmN05RY2FZMTBhTVVaSnJDSDM1bS1aUTVxTQ?oc=5,0.5719,positive
2026-07-27,2026-07-27,COST,I asked ChatGPT where the SpaceX share price will be at the end of 2026. It said… - The Twelfth Magpie,The Twelfth Magpie,https://news.google.com/rss/articles/CBMivgFBVV95cUxQMzhob3dRYnNhUWp5QjI1aEd2dFZ4Q0hINnctU2dYVkRuaGNjbGF4SEF2YldPRG1RdTJSS1FrNXprb3F6VHB1WjNTMFloMHNXMkt3QXNIZWdjRElDMGQ2ejVVaFUySEhSbUtEVG1JeUxZN294dTRycUFrLTRzZVRTUU95ZjJtMDY3SEpsWldacW5KdW9NYmRVWlpKTnRtdkNrUFlCMVgwSFF5V1hQeG93c05YNWJBVVhjSDd6cUdB?oc=5,0.296,positive
2026-07-27,2026-07-27,COST,Bernstein cuts Boston Beer stock price target on market share losses - Investing.com,Investing.com,https://news.google.com/rss/articles/CBMixwFBVV95cUxOTTM1MmpBd2VBSW5RUWctRXFzT295NXl5M1Jpd0w1UkVINFZVT3hTaURSUThBYWNUOUtsVkluZTBHcWRQVW5QMmdSTHMwanktZ3dmSHVYUlJScXpoRXBZeDBjVHdVRVlYVkVHWWhxc1lWbU9wQmtLS3liUzM2RHpCMFQ1ZEVhLUkwQXVTeUt2andEZi1idzRIRDJKNDBZQWxlclNPQnlfVXZhQmVFNFBpbEc1ZTdPRUNvTnRkaFBPUjNuOUVMTXI4?oc=5,-0.4019,negative
2026-07-27,2026-07-27,COST,ROKU Stock Heads For Fourth Month In The Green As Hardware Price Hikes Kick In Ahead Of Q2 Earnings - TradingView,TradingView,https://news.google.com/rss/articles/CBMi8gFBVV95cUxQQUpUN1VHYjhpQjY0TDZpblh1WTg4Y2dhZW00U1Z2MVZiWjhQMUFhOEJZQWxIbThKbDF5OGd2UC1WOUFBX1Ftd2Q4aHZUWXBHc05LakdkSTIwWXRBR3Y5QVFHZEljQUxkbG54ZUlmY0dZSGU0Zm9MWjBzd19lVGs0bEhGREw5NVhWZTZSeXAxVXpocnBJa3UzYUNMOEF6RGRnMUQxbUswRWtGcDJaTUJvMzdpWUZxZzAyazVSUWN0ZXd6Z3NoRUYzWExiNXowS0g5UTdMeUlMVzgyejl0bnVLcHhWR01aNmdVSUhaaElLZzRBQQ?oc=5,0.0,neutral
2026-07-27,2026-07-27,COST,(COST) Movement as an Input in Quant Signal Sets - Stock Traders Daily,Stock Traders Daily,https://news.google.com/rss/articles/CBMixgFBVV95cUxQODVPcWU1cnQ0bl9idk9CU01rR2owdi1qbUJja3Rucl9aWkZuNlk4NXdMbHhPSE1EaHBJNmpkMWFURzg3elBKa0paTG5QaXkzZnlnM0RWdEM5QzE5eTJsQ1R6Z2pQaHljN3EzektUVl9ERzdRbW52THRLWXZXbGU1NkExbWF6UXUwenRESXlKU1l3cHFuNFRDOC1ZYjhGVHdYV0lzYXZpcHJJREo4VXVIOXFJYUhOQ3NRbVFIRE9Ud21sNzA3enc?oc=5,0.0,neutral
2026-07-27,2026-07-27,COST,Datadog’s Stock Now Costs Far More Than Its Sales Can Explain - Trefis,Trefis,https://news.google.com/rss/articles/CBMivgFBVV95cUxPT3UyajhGWmNLZ0NtX1lnbUphYUlFR2pGVVZtVzZIenZJWExvQnBfQTl6eGpzN2JmaXB1S0hkLXB2MmFpSk5feXB4M3lPemJoVU8yLWRfaFdZdG5jVmcxWWs1Vnp0WlZhWE9FMmtYeTEtTm5KQ2JRYV9xQ0tQTW42NjlGOWRZRzR4cy1zend5blFlMklfUF9uOEFwc2gzeGYxQURsWmdPWUZRdW1VSWtFQmVXbXZtdFF1b0Z1andR?oc=5,0.0,neutral
2026-07-27,2026-07-27,COST,AT&T Stock Posts Largest Weekly Outperformance Versus S&P 500 In 25 Years: Wall Street Hikes Price Targets - Stocktwits,Stocktwits,https://news.google.com/rss/articles/CBMiiAJBVV95cUxPQjcxMk9Xbm9SMkJBQmRCdllXVWNqRk9BdmU3LXdSUzhWcWdRdXlCNGJhNnVJME9FaDNtRWVPUk8tRElBMW5iblZhRlBkXzdUcktnOVZ6X0JCNURpVTE3WlU0YkRhM1FqT0UzZGJCeDNtME0zY1ZUdUFuQThtQU00VTRiVVZjY2ZnajJtRVVKbDltbWtGenZrb3QwZWt0OER2N1Y4T2F1MGRPRUtYTVlubW5oSUtKYlRGSk4yOXdJd2hERGlIbmpWcmJSdDlvQzdSSzl2NmRJTGVYd2JjNFNNWkJJNWcydjRRMFJ1YWxCcXMzUmVualpMdTBGTFRRTkljSXNGNFdSMnk?oc=5,0.0,neutral
2026-07-27,2026-07-27,COST,HSBC Just Started Covering SpaceX With a $115 Price Target. The Stock Closed Friday at $115.07. - The Motley Fool,The Motley Fool,https://news.google.com/rss/articles/CBMimAFBVV95cUxPV3poZ1ZzLS1hVmVlMm9PSXFHTHZZQ3E2bkpsVlJBc1NSbElQWDM2ZV9jVmJRUmFLWVNqdUluQ0lrUzNKSXphMFdhbmdOb2pNV3VjdDZOTnlfQU1GUEJoOWFtcUxUSzJqV1F2SzZ3UlJUbUZoUC1wRzJ0aVk1dHZRMEMxTjc2VEktYXRtM3RwSjdiLURnRE8tdA?oc=5,-0.4404,negative
2026-07-27,2026-07-27,COST,"CMCSA Stock Heads For Fifth Month Of Loss: Analysts Trim Price Targets, Say Broadband Recovery Remains Key To Rebound - Stocktwits",Stocktwits,https://news.google.com/rss/articles/CBMiiwJBVV95cUxOaC1ESktvcGdOTVNXT0UtdXY5OElMZUEwdHhNR3dxdnNVNEt6cHZRZmtQU3JRckZfYTYwLU5lTXRMQlgyd3pZNHRyaHJJY2Z2UDc2WHRIUExyWXFWeHRwanFDY0ZSZjhWT0tacHI3NG02SVhSYWluUkVWWlNfUHFQZDFSaEo3Vl9VTnRUNjFJd2xkVFdIVmtKYy1IcElUSGU1LUd0MUlNLWgwZDRrZlFPQ3kzSGZBd05TaG5WQjZnRlRmZDVPaHlUd1Z0WUVxeUZOMWxMSE1RaUtRSTBnRm95ZVJEUXE0UVhMUWhlZTRoQ1hKZXowSzh2cmVxNURINDN5S1BORHl6RzNxN2c?oc=5,-0.3182,negative
2026-07-27,2026-07-27,COST,"By July 2027, the JD Sports share price could go from 88p to… - Yahoo Finance UK",Yahoo Finance UK,https://news.google.com/rss/articles/CBMif0FVX3lxTE1GLVU5NGxzSjVHaWQwbkpwcm51NzE1UDRJV1NvQi1OMUt1STVza1dRanJLVWk0VHlLeTZVVklnWWF3UFRQT0lvd19VZ0g1LU12aGFrY1pTZktsNkVWcG0wUHUtSER0dTJFeGV6WGV0SGJ4NGhNaDc3QlhpcGUwcU0?oc=5,0.296,positive
2026-07-27,2026-07-27,COST,SpaceX Could Leap Between Walmart And Intel In QQQ Weight — Without Stock Price Moving At All: Analyst Explains How - TradingView,TradingView,https://news.google.com/rss/articles/CBMigwJBVV95cUxOZ3FfeGdBNjYyUGhIUVVUWFpDWmlpQU1UMWdvbHpCN1ZpQnAySzVQY1p1MVVpakNfQUNLRllGXzQ1bjN1WUJTUkpZamF1SERDd2hDUkMwUDI3eWZNUW8yRkV3ZUxPaGFGdlprUERYWU5UQTlESkFHX1dUM2U5NDhJbVQ3YUU3c18tOFl1SzFGb01iV0taYkFFblFfeU1YbVotS2RQODZiUFg4Q1Y4UzZXMTI4ZFdwSlREZmFKUllmbmtzYldHNnFrYXFDUUpPWmNhMW1uaTZJNXA4VUhYM0lyNnZNVGx4MEFnSFZraThJV2lYZE13Q3ZKZzNzWlZPTTlieENR?oc=5,0.0,neutral
2026-07-27,2026-07-27,COST,Wall Street analyst updates Palantir stock price target - Finbold,Finbold,https://news.google.com/rss/articles/CBMihAFBVV95cUxQQWpyZDg1M3R3S0xCM3BZVFVQakg3a2VsT1pxQXV1Um1OUUhySkdUSHhDQ0xUcHdURDNqU1pDXzhfSHloS2lDWDhOUXgwZFNOS1NOb1VsTUcxc0JrVElsY1dpdTgweG5LeFRBbFg4QTdPZlhYa2RWcVg1dDdXLUk3RlRDOFM?oc=5,0.0,neutral
2026-07-27,2026-07-29,COST,How AI is starting to explain stock-price moves - University of Chicago News,University of Chicago News,https://news.google.com/rss/articles/CBMifkFVX3lxTE9hbmIxT1BpbHBsSFlUVXM4OHY0dTNWYWdOajhOM1dMdmZjUjhqZl9qanpGQ1pEUURZMHkxR0NzN1FuMXI2OGE1R2hfWngxRE1xMnZfOHNTLUllTnhuTll6em1mLUpZNGMwRjRtYUIyeFJtNjFlU0w3UmJhVm1KQQ?oc=5,0.0,neutral
2026-07-27,2026-07-29,COST,The Hidden Cost of the Magnificent Seven - The University of Chicago Booth School of Business,The University of Chicago Booth School of Business,https://news.google.com/rss/articles/CBMigAFBVV95cUxPYkdfQ00xN18yQVZ2cF9BSUNwSV9GT3hfbVhiNTJBZGxVOUlTdmlaSWR3eTNGRWhhc05LaGRnSEtScVRxQTNPb1lSMzg0M05BMnVVSmZOdmFJRUZTZURVV3NKc3ZKX2tacTNkMGg2RkJQWG1UVUx1dHVGQk1BT2dwcg?oc=5,0.5994,positive
2026-07-27,2026-07-29,COST,8 Best Cheap Stocks to Buy Under $10 - U.S. News - Money,U.S. News - Money,https://news.google.com/rss/articles/CBMigwFBVV95cUxQT1BvVFJFMjJPMTdxTTBKVHhpUExXMW4xdF8zTUwtYUVhSkpUNUFIRXBvMG02YjVGWERpTy1LZUhQd040ZGJsUWo5TzljRGdHSTZTZnBvUWNuLU9hMk0xWFhFZ2daMmNBTmhDWHEzRVdreE9aWFdaQ3l4MlBobkxpaWNIWQ?oc=5,0.6369,positive
2026-07-27,2026-07-30,COST,Stock Market Under the Trump Administration: What is Driving Markets in 2026? - U.S. Bank,U.S. Bank,https://news.google.com/rss/articles/CBMingFBVV95cUxPcUowVHR1VXAzd0Zfamw1MkVSejFsRGo1bkdGdHhjNVBZVFdwU3VpcE5neGJOeWl6RmdQVkFsYlcxNEVTRGg3WHNYSGR1d1BpTjV4T2NqdWdER3ZtQ0RVbU40WTcyRXRaTEM5bFZteVlYNE5EYkM1M1BaR0lYTGlUeFlTeDhVMzRaWFFqZEZhcGc3RFJoZy1qZy1mTGViQQ?oc=5,0.0,neutral
2026-07-28,2026-07-29,COST,CXMT Stock Pricey After a Roaring First Day - Morningstar,Morningstar,https://news.google.com/rss/articles/CBMijgFBVV95cUxONmkzUFBwLUhybVZjeWd5dmtlQmtiaHNxMWZINFlNSHJVLURXQXdMZ3Vha0pOTUU2Mk8wOW1WNExOM25MSFFIUVdWNmloT3gwMkpmRFloYWx4ejgtdDd0Y0RtMm1fU3A3aTlodnZyYTY1LXRVcHYwcEYxWVB2N3g4LVowMkxpUFlGd3BXaHBB?oc=5,0.0,neutral
2026-07-28,2026-07-29,COST,GSK shares rise as $2.5B cost-cutting plan unveiled - BioSpace,BioSpace,https://news.google.com/rss/articles/CBMijAFBVV95cUxPMEhUWTlPZFJwWTNTOG5UMVdmdVlfUVl6U3h4dEtWM21SY1lPUDNxenlWWXJEdmpaaFRiZTA5UnNEenpDTE5WVnVTNkQ0aGRBSE5QUnNvUjNGcXpxb0YtV0VpOVhpMFZ4a2dUaWFyNzMtNzNONEFEOVRWMkwySXNXcmZvbi1XdjhDTUpBOQ?oc=5,0.296,positive
2026-07-28,2026-07-29,COST,Arista Networks Stock And The Price Tag That Fades Over Time - Trefis,Trefis,https://news.google.com/rss/articles/CBMivgFBVV95cUxNdmJPY3NUU0piYVlhY1FpQ2dfZDUwTTVvNnh6QTZRdk9PVE1FNFI4bUJfeXRFc1ZLRS0xMi12eFV0QUg2cWlXdUIzd0lQa3hxd3lNckY0VDJjNzJfeXM4S09VZXBNUFlXd2NXZGdreU9vV1cwNHIzMnIwODVPT1lDMGVjUFpoQnAydHlKVFpqNmZTV24xX253bWM1UnhLMVhBcmUyakxRSEdULVMxRGVHRHJIcmFaUHA4TTBxeHR3?oc=5,0.0,neutral
2026-07-28,2026-07-29,COST,"Costco (NASDAQ:COST) Shares Gain With Staples Surge, but Valuation Tops 50-Times Earnings - TechStock²",TechStock²,https://news.google.com/rss/articles/CBMiqgFBVV95cUxNMW9ldjhuS3dHMXlIUFpqMHAyTFVEdWd4NXVRelRiZktVMDQyOW8zVFUzZE5RQnhNcFhLcWZJU1o0a3BYV3BmamNVTm56RmY5VEFKQ1hTOUtTcnpZemM1Z1g5OVR5UUlJV3dTa2Nzdm9fYUgtSWdYSEFnY085YkZJSXFUenNMOWdBUTN5VDlhTkFBQUpleHo5LTJWQ2ZlZzJrVGpuWGZ0Y0gxdw?oc=5,0.8047,positive
2026-07-28,2026-07-29,COST,Big Tech Stocks Are Pricing In a Miracle on Costs - WSJ,WSJ,https://news.google.com/rss/articles/CBMijwFBVV95cUxNdzhnNXlEQllfc0w4RlE0dnAzdV9IQ3A3TkliZ3hQdXBEQkRxanJraWtPRzdnTl9kUFR4dzdoeDBnTXJlN0ZIVlBxUGg4LW91QTVVRUZUanlPSGNaakxjZVBmVEhnZGxudVFhbGlQVFdNaV9DZmxxbHpoYXJka1pQd29kMm1OODVIS0VnRmNZbw?oc=5,0.5859,positive
2026-07-28,2026-07-29,COST,Costco Wholesale Corp Stock (COST) Moved Up by 3.43% on Jul 28: Key Drivers Unveiled - TradingKey,TradingKey,https://news.google.com/rss/articles/CBMiiwFBVV95cUxPWWg2Mk8yMjk4emlQeDIySUxVV0RVYUNNLWhfWFdSNFRVMHhidDhRckJxMTItN1R5d2lQa0xRb0tQVGhEQkltRjNoRDdzaWttbUpTRE9UN1JOWW9RUExwYTFEX0dqRFo0a2RySzZKMFBBUEItVDU3Ujg5b3NrMWpKLUxpcUZzeWhHSWtz?oc=5,0.0,neutral
2026-07-28,2026-07-29,COST,Universal Health Services (UHS) Stock Rallies As Profit Strength Meets Cost Pressure - simplywall.st,simplywall.st,https://news.google.com/rss/articles/CBMi2wFBVV95cUxPMVY4dndsV216b2t6bFNhUUROcU50Umlya3pyTmxnemRIcWtKblB2NzVZRzNwWFdCblI4TW9QaXZDNHd1Q0VxcXh4YTNFUzhiS1hDbjRhZnplX3FFbXlqQzN3YnplWUZjbURwSU1naDRKRnh4dVdCN3dzTllzTVYwUkYyTE54SFFnQ3FoNG5QbldVSkdfTGl3YjZIWGVRWjgtcGJBRk9uaGE3UWNGTEdEMEdvVGhkaENuUXJ2dm5LRGJoZHRNVlVZU0dTendwQlpZRjVTWmx4TER0Q1nSAeABQVVfeXFMUENYS1IzTjFYS29uQW9TcVlheFBKUFB0aWtqdUkxVmp5NzFZN25BZjQ2cTJPNlQ2WTNZV0xicGhhN2pabmNJZ0lST2NwQmxhSmplZzJydTdreUNqU0Q2R0xiVFkxdmYtSm9YOGItdmR6MXc4bTFRc3cxT21qXy1wQzlRSUJTdjl6NUdNd1ktU3BvQnFYeEFkMkxITDVjajgxUlAyOFJ1RVEzeXJDN05qdlZnb3dBTjdvM3huTUNfWGtzN0lIQ3dZNnhzdVFDbGhVNDVvYVhwZG5HeTBsejFXSlo?oc=5,0.5994,positive
2026-07-28,2026-07-29,COST,Costco (COST) Stock Trades On Strong Earnings But Expensive Value Checks - simplywall.st,simplywall.st,https://news.google.com/rss/articles/CBMi3gFBVV95cUxNR2lqZWpxSVFYZzlRa2xuYnN2Y25aQTY5dEhWdUZMQ20zeXQwakxPTXVZQVhfT25iTkZ4QllRbG82clhkOGpBRHpzbHduZkJrWDZrWlhZVE5IWExIX2FSZEtjSDR0aFJmM1dtUHhiQjRlSVctc2lDUEJzVHBtUUloM2cxeGx2c1I3M1FTLWw2LXdkblFxMEFJS28ydE14NWg3cUY0dGctR1pMd1hNbUVUSWNTRTllcEN2RDdNd254dXA3Q1NodDRHeEEwbUFoVHBUZjIyQ3ptbTNIcC14MlHSAeMBQVVfeXFMTnFpRWlfcmVlSmQ0bHBTZWp3bkdpQW5jX3UyamJnSWFpS19yVXVnajVfQjNxVmc3T2NMaE9tM1R1Y2tCOEdTdnVoelpieGxXbVV3ME5XU2EtWktSUmFCSmNWM3NEV1huZy1JazZNdnc0V3lfSUNuOUFtS3VuVVI4QXNsTGNkck1JZ21SRVRKMjN2VHpuODlNWHdRd05adE0zOGx4cTA2WjZOT0dFUkRWSnZUdGUwUVFWa3huTTd3eV9wbEVIc1F1V2JtcERTQldZTmQ1MGZCSHhIcHJ6VWZGSkl0RHM?oc=5,0.6428,positive
2026-07-28,2026-07-29,COST,Three Prices Where SpaceX Stock Is a Buy - Barron's,Barron's,https://news.google.com/rss/articles/CBMickFVX3lxTFBGYWZ1aEJZMFk5QzQzSDBkaGpIVElEY2szTUx2RzlHN1VRQk9ZRlVYeDNzR1FDejJTTWk0RFhnVXVDNVZBeHp6eHN4LTdGN2QwdHJiQ2FPRVcwZ3BLNzZ0MHUzeVN5WXRUQmdKcjRkUDdiZw?oc=5,0.0,neutral
2026-07-29,2026-07-29,COST,U.S. Stock Futures Mixed as Fed Weighs Interest-Rate Decision - WSJ,WSJ,https://news.google.com/rss/articles/CBMiqAFBVV95cUxPMm1BUk12RkhmcjF0UWV1MkU1LWlqV0RLNHlqQ0lqOUhHREYtUkRWcjlBRy1zbThnZDh2TWN1eTItaHhkX0o1b3A0QmpmZldSaEVMc2UzRWMyR3Byakc2TXRxYzBsZW5NVTNNRUx0VzBuRVJqa3doWkIwZ1dNV3djczFBRGdVVzQtLXhHeWJRbnFsT25ldmQ5dXEtWHoyMGp1SVlHcWd6dkE?oc=5,0.0,neutral
2026-07-29,2026-07-29,COST,ORCL Stock Quote Price and Forecast - CNN,CNN,https://news.google.com/rss/articles/CBMiUEFVX3lxTE5YTHlnTkdhSUl5RzM4Q013aDVVR3VOZ3ZtdGNPSnktN254SU5JVEs4ZWM4VGphVkNudzBxS3ZHaDVpdUs2dGZia1QwT2NvWnJ4?oc=5,0.0,neutral
2026-07-29,2026-07-29,COST,"Humana leaves annual adjusted profit outlook unchanged, shares drop - Reuters",Reuters,https://news.google.com/rss/articles/CBMitwFBVV95cUxOdE01VmpSVUZkMTlGMHF5T0xCMnBIOFZwQWRmbXVJVFBrWnNxM3FZMHpveWZqM0dKRVZJYXZFY3lCRjg1eDVUU1FaRGpGV0ZqNUVKV2RTVjc5RTlVbkdxOVA3RVJwMUhrS3FzaHVCajRHSkpza2JfVVdiOE5ZM1Z2R3dnTVZwbDJZRUdnOHY0SmtEUmE0bzA5RTVtSnBoWG1WUDJCYXpEMkhKVl9KaDR3Z0FrVnphMVk?oc=5,0.4588,positive
2026-07-29,2026-07-29,COST,Stock Index Futures Gain With Focus on Fed Rate Decision and Big Tech Earnings - Barchart.com,Barchart.com,https://news.google.com/rss/articles/CBMivwFBVV95cUxNdE1KSXRubk5CUnljS2xiVjhJWmFUV0VCUGNvS1R5aV9VZS0wSk5ScVNGN29XVnZJVEhqU21PMHo0Wk5hTmxSOC1jczVlNWp4LXE1TFJXeGZZLUEya1hBNEFPcmh3djVXeURTNDM0eDdHYTk1a2hqOFNQLWhSUC02MG9kQUYwSzZkTXpmbFJmSlVsS3lTUUM4eTVEdmd5SURURERIZm5SbGJFX2E5ME05UEdtbTdRU0ZPS0FSUUpPbw?oc=5,0.5267,positive
2026-07-29,2026-07-29,COST,Costco Wholesale (COST) Heads Into Q4 Earnings With Valuation Back In Focus - simplywall.st,simplywall.st,https://news.google.com/rss/articles/CBMi3AFBVV95cUxQOXE5dFp3VnYtelkyU1AxVndlNlQwV213dFFjeHRTTUgycU9aY0xIU2sybHJCTVh3Q0pubnc0NUtLbUFLZFlCSGh6RWdhUS1UYXV2anl6TkNsMnR1N0VQRlI3OTZ3NzAxNzRLTWo4UUxVS3B4V0FBWXZPWDU1ckhhdV84ZWhJckpzUld1N1k0ampWZFNpbUZhVkpvWlhzQm10UG83U1dVeXdoUi1WRlBLNmRMeVVwLXktRDRKSXRITTZuOUpTeHZQb1Z3cmxPazg1MThtT0JOVGRwQWZm0gHiAUFVX3lxTE15dzlsWXZJODZ1Y0NwUGJaSU9TdEgzSjl6aFJ3bjZyWUx2VVRMeUQzWVRRTmJHaTNGc1JQQk9JaE92QUFINFhIVTVRcm9nVGdOUFUxSTU1V3psbkxJeUpOQW1NUkNwZVVIQUxjbW5IUzlQR3B6aElFR00wTm1meEtUejVDNHUzX3VRN19YbnZ5eTM1bGc5Q3dpZ1dnWnhoMHl4WHpnU1d0a25wMWJCeHlhZzFMYVU5WXlyVUYxV2pCLXpnS1hhSXVLRXlDV0JJR1Bfck5peFJxMlZaZFpWcFNZcXc?oc=5,0.0,neutral
2026-07-29,2026-07-29,COST,"Amgen (NASDAQ:AMGN) Stock Price Expected to Rise, Barclays Analyst Says - MarketBeat",MarketBeat,https://news.google.com/rss/articles/CBMivgFBVV95cUxPZ2Focm4tNmFRVzNrdUdnSzl5cVR6WmhGSlFfc2c5R2FWX2U1dlVLRnp5bG1KMnhEa2t3bHlhTkNSTFdhOEROdmRoUmdkVDlVblRDcGZaN3ZfSjNpLWw4OWFmVEhiTTU2WFJqc3VKSXpSR3VldWltWjFSTThuTEtubGE5TjctN1lZTjA5dkJ5WXM1bGs1T2xKa3djd3ZGRXRBQ2lMTXlMcGphSU50ei1JNFlTMHRGVXE2VWJJa1F3?oc=5,0.0,neutral
2026-07-29,2026-07-29,COST,Hudbay Generates $102M Free Cash Flow in Second Quarter - Stock Titan,Stock Titan,https://news.google.com/rss/articles/CBMivwFBVV95cUxQNXhDc1FxLVh4Y0FhejVfYlJ4ZmFyT2ptNFpfUEdLNXhkQ3JHQVl3clk0LVUzN2lSeUFGQnBkMmhKeEtHNUQtNVRYZktQdHBaSTZ2Z2FzSUh0NFBnSXZtVHFGSk1PbW0waVcwTU51M3hUOU9pc1ZwNVBPUTdPZHFQY1lXbUdiUnpiSDdhMHFocXc2cHZyR043REJSclU2QlM0OThnMWVUdExVUk5EbHJ4V3BIOEdycWRDU0t6TUxzTQ?oc=5,0.5106,positive
2026-07-29,2026-07-29,COST,IONQ Stock Quote Price and Forecast - CNN,CNN,https://news.google.com/rss/articles/CBMiUEFVX3lxTE9JdE9PNUxaYjRYazNVc3FDbGx1U002SW9tWFhoVnJKY1JQT1ZQS01xaXpwaWVIaUczalg3c1ZNTUw0Rms2aTVfTS1yMmtGMEtv?oc=5,0.0,neutral
2026-07-29,2026-07-29,COST,What Are Wall Street Analysts' Target Price for Kenvue Stock? - Barchart.com,Barchart.com,https://news.google.com/rss/articles/CBMipgFBVV95cUxNTlEyX3RtU201SElQWkRDZ25sTzVGV0x5U3RTMmNGUi1NZEZKZzlXTXFDaDkwSDdFVXppNnU4VWp0N3VVWUNSOUJxQmlDbzdDOWdHX0oyalpKZkg1OExQWHZzWmE2bXZOXzl4ajU0MEktN2xvdkh5aDJqWG0zdlY5UFh3MHpjV1hHb3FJYzJMX3dSWXcwY3k1YzJTRU15X0VjN3Z0YTJn?oc=5,0.0,neutral
2026-07-29,2026-07-29,COST,Herc Holdings (HRI) Stock Price Faces A 101x P E Reality Check - simplywall.st,simplywall.st,https://news.google.com/rss/articles/CBMizwFBVV95cUxNcHR6aVJxdWJvMXdLMi02ckVsLWJPQjMyQk9XbDJvT0Rlb3R6emtIdWdNQVFha09yZUlFZTZTX2QycTVaZ1A0bWU1dV9OVkJlVWxBV2M5SzhVTzJBMVkwV2Jfb2RtT3hFd3cwclNqQl9vTy1mMjF2OUhRSmZiUFh3Zk1SU3dpYTgwTnVNVjhlQ2JyUUVtSGQzcFNSRWFQVGdUXzVxM0JwLWRXR2c5SzR4aTFVT1pDV2gxdjl6SWtIb0dXbE9EM29Od1F6eUlaZ1XSAdQBQVVfeXFMTlM1cGVxemJaR0xwQ3NfQ0F4RFZCaEVTYWg2cmJYNldVM01xQXB1Slh0NTZDT29fWEhYc2lhYlllNWVHWFdGSnYxbnBsSkp0RXo4c2MwTjY1cVE0NmZxczZ2YkcwY0lmZ0hLSU1qa3B4V3JlLWtDaHRrNHprYXk4Q0NvTFJtZjBTZDNoTEFNVFROcjZIRzZZTC1Ua1FucVhPajFQb2NyeHBEVEt4ZHpWYmVNVkRnQVl3ZzF0TUxWX1JSV3Fqc2pVaHVKSzdQRF9feGlrazY?oc=5,0.0,neutral
2026-07-29,2026-07-29,COST,Can PBF Energy’s (PBF) Low‑Beta Profile Endure Persistent Cost Pressures In U.S. Fuel Refining? - simplywall.st,simplywall.st,https://news.google.com/rss/articles/CBMiwgFBVV95cUxON0Y5dG9ZV3QwVGtwSnJGdVA2bWpacEZQZGxWcURKRHlHcFlvSmhOZGVHZXhjb21aMWRmczcxSTdkaHZVUkR0VXBKVERJMlAwNmh5cno2Ym94ektMVGVTc0QxWnRNVHF0VzZyYmFiTm04b1pDQWRsT3JkeUgwTDg1NnBCQnBlb2JEa1BHVkExVkk3bTFBOGVnUmpoN0h3WXJDdlhma2FsQXFGNzBxVHdRdFJaU2JGWjlnWWp5TF9uYnB1d9IBxwFBVV95cUxNSlVBd0JUYXQ0dDV3NVBUcHdpeW9wb3AyLThrQjJQVUU4UDNmcXNOZmZtUDdnTllCMzdSNzBxLTZBMktHZlR6WlZlRHhwcGctT2t5RW5IUG0zd3R4eTNRZjZ4RGZRVDB6YnEtTUZDandmODdDbFlxcVFDRGNRMWlCZXFYM1N4Z21qMEZTSGFySk9JTm92T0FidUhGMjluUTBLLXRQWUlwTXRQTHBVbXRXdmJqRzl0bWZoeHhLMkxOalJTbXpRTk1j?oc=5,-0.3182,negative
2026-07-29,2026-07-29,COST,IBM Report: 62% of AI-Driven Attacks Targeted Critical Infrastructure - Stock Titan,Stock Titan,https://news.google.com/rss/articles/CBMiuAFBVV95cUxNdkVGSEZNbW1qOEZKU0RmWlV3b1hybHV0ZDZ1dTVJTEphRU5mYWlIZExwWG5SeXZEcnNUa1lPZ3NDYk4wSC12MGdxQUdsbUVUdWFpZUU5cm9xUGttZkRTUXlFZTJaVlByMzNzLTQtQ0xydk03SmpMM2FVX2ZVRTAtOURaX1M5aC03bjBaWnVWYWFFNmtxcV9fdnFLSDBITVdCZkVVYVVVd3hORDhOM3Bvb3NiLVNnRjBl?oc=5,-0.6369,negative
2026-07-29,2026-07-30,COST,"Meta Stock Drops 10% on Steeper AI Costs, Missed Forecast - WSJ",WSJ,https://news.google.com/rss/articles/CBMie0FVX3lxTE50ZmttOTNyTEl1LXZjY0d0d085WlJwQTl6M2ZqMUpRV2tsYTJXcWZSSzBDUXN5THFfTDE5cm5mX21pMEp3NWM2cF9HUmw1bmt1c1hJc1MyZHJyRTNrMUUxa2hSQUhyZVdWam5qSk1pQzZRSXhfLU42OFgySQ?oc=5,-0.296,negative
2026-07-29,2026-07-30,COST,Wall Street closes down sharply after Fed keeps rates unchanged - NBC News,NBC News,https://news.google.com/rss/articles/CBMinAFBVV95cUxNcG0yVHItTFdqWnRGczVQT1k0R1Z6UFBBckxuZFYtbTctV2JEYlpaX1MyY21IN1J2TDB1NTgyUVpwTlJSRHVRVEhDQ0M1a3pGMHNSR25qYWRLc3RGajU4RF9Pbm5iN2FXM0FnNTJIcjNvVWczT1ItM09nXzFialdHNDlZbEtlQ0lKX3ozT1hDUlk1a0FDUXBKOEJZSlQ?oc=5,0.0,neutral
2026-07-29,2026-07-30,COST,META Stock Tumbles 11% After-Hours — Soaring AI Costs Squeeze Profits And Soft Q3 Outlook Disappoints - Yahoo Finance,Yahoo Finance,https://news.google.com/rss/articles/CBMilwFBVV95cUxNVU5HZlhfTTVvRHEtMzdrUFZjOWlDSl9sYjU5UVRfaEswTUhydUg4YTN1VC1abVhHb045NWFtSmVIdzJTSnFENzZkMGtPLXdSVFJUS0pRd0hmYTVpOUpadXlFTjQzLXJiQWUxNnJpZWpKM0JhOF9ndExMc081V0VYUTlMMXYzVVdBRzBTVjNUSDVvbzB1eTc0?oc=5,0.0772,positive
2026-07-29,2026-07-30,COST,Ross Stores Stock And The Price Of A Perfect Story - trefis.com,trefis.com,https://news.google.com/rss/articles/CBMisAFBVV95cUxPaENCa3VvWU5TNVF0aXJLbVFqWWd6WXhsa1VHRy1jU1habnJjQ05kVGVua1RkYkZibzg2aElmSHk2TnU5R2tJbHFDQWVHT3F6NENwTmhldVdLQnhZVjNJTkJucFdSdURnTGtSUV9PM0ZZMUx0UG1xQ3VRbEVSd2J4a01vSC1Ibm1TSDc4MlF2el9OQktMOWpyLWtMM0RsRHY3WUNTQm51WUtLcWczVVdwSw?oc=5,0.5719,positive
2026-07-29,2026-07-30,COST,"Humana leaves annual adjusted profit outlook unchanged, shares drop - reuters.com",reuters.com,https://news.google.com/rss/articles/CBMitwFBVV95cUxOdE01VmpSVUZkMTlGMHF5T0xCMnBIOFZwQWRmbXVJVFBrWnNxM3FZMHpveWZqM0dKRVZJYXZFY3lCRjg1eDVUU1FaRGpGV0ZqNUVKV2RTVjc5RTlVbkdxOVA3RVJwMUhrS3FzaHVCajRHSkpza2JfVVdiOE5ZM1Z2R3dnTVZwbDJZRUdnOHY0SmtEUmE0bzA5RTVtSnBoWG1WUDJCYXpEMkhKVl9KaDR3Z0FrVnphMVk?oc=5,0.4588,positive
2026-07-29,2026-07-30,COST,Wall Street closes down sharply after Fed holds rates unchanged - reuters.com,reuters.com,https://news.google.com/rss/articles/CBMiswFBVV95cUxPYTBjTkgxdmttOW1mOFd3NHRiOHNOdEhqMG12bzU1WWVOcm1pTGNuazF6OGU2VkJya1dZd3lKSXRmZ0V3NFJ6eXJGbGk1SzgtQ2E1NzI0YmJQZk9uZ1lmWTZqNHpEY3lrYVZtYlNIYXllOWNYUDdxT1owV3FnX1ZUNHdyMGN4VlM0QVZpbV9PYzkzT1ktVXZLRWx6dmMtNnRIMnVIUzBfakZmMl9kS25ldGQxbw?oc=5,0.0,neutral
2026-07-29,2026-07-30,COST,Timberland Bancorp (TSBK) Stock Gains Backed By Margin Strength And Cost Control - simplywall.st,simplywall.st,https://news.google.com/rss/articles/CBMizwFBVV95cUxNNk80YlZlbmZzbGxWUTdlRnRQV2lMYmpISGVYekZKNk02RzRSeUJlODVFUG9lM19fdWpnRDZFYkxkZkhJaGdmS01TTmZ6VjNoTzVaZm5MNzBpSjg2VVhWVkdQc09HRXBMRGlJTXZqOWw5cDVnQkViWFVCUHJnRzhDX3p4WjNjWG4xMElKZC1HQjFXZ2VoLS11ZG5VVkpuUGNsUmV6ODBrYW9ia2NwTWEtNnZUaVhEOWw3Y3BrLXd6VlhObEZGRzR4Q09aTllqUWfSAdQBQVVfeXFMTW1YM1B1azJ2eF9SLUl0WDc2cUt1bGxVNWV0d0R5T2ZoeFB1LW5ZVGN5SjZxWV9JbU96enU5QWZuY295LXROSDdrakIzczEyUXA4aE1LWHFFTm4zN0diQTFlOXdVUmFoQjU2ODM5NUZ0Z3VrWVU5WWlvYmJ4c3lPdS0yVkR3WXljQVJUdjQyU2ZZRU43VWFRbnd1M0htd21qVmtyT3dKMFVoRmdTY0FLNHhuWkFrRk5FMy11V29HX3B5aEkwcGtWRjkySmtCTVA2aURIQ1E?oc=5,0.6908,positive
2026-07-29,2026-07-30,COST,Meta Stock Slides After Sales Outlook Disappoints Amid Rising AI Costs - Investor's Business Daily,Investor's Business Daily,https://news.google.com/rss/articles/CBMiiAFBVV95cUxNX3hUYjVIUm9uZWxvSlR1YnY4M0hJOEhxUTMwV2VaY3dBTmkyZkhleldwclp1WV9lamlRbVVSS3lCUmVfN20wc0tQR1J4QXlYd2YwTGkwQUhFRG43aFYxYUlCeG5vTVROcnRMUGVZV2VlcHZpX0FNckFOOTZqSjJpanhmSmRyU2hp?oc=5,-0.3818,negative
2026-07-29,2026-07-30,COST,The chip crash is exposing the brutal cost of leverage: Chart of the Day - Yahoo Finance,Yahoo Finance,https://news.google.com/rss/articles/CBMixwFBVV95cUxQWUNYREhibEFZUnFOc19pTVktR1dFclh3NWdXMHJtRGFEOHBJWDB1R0dmelJFNkR5em9LNTJwWmlQTzFhSlNyQ2diV0UtRW5rdlA4cHl6b0lhN3dfVWNiemVUcnMxQTRXYk1wNXpwSHNtel9DWFRmb3d4UXd5UkRPUWRLR0VNbHNYdzRTTVpKeEs3ZTdITUFCbDhhTGhra3RTMHg4bmd3emZkX2NORVlMb3h4cjVoSVptLUZLYkxtOEVDcmpMNjYw?oc=5,-0.836,negative
2026-07-30,2026-07-30,COST,"US 30-year yield hits 2007 high, stocks attempt post-earnings recovery - reuters.com",reuters.com,https://news.google.com/rss/articles/CBMie0FVX3lxTE1tZUpRQXhBTWNiQUpVakxxTnVOaEhBMEFFRHF5Q241a2dseHJ0NHpZQ1NNWnc1V3hrU3dVeThuUEp0RjFCaDlraTB1YldrUUloc3hOMHJKd2h5WlJla2JBQVJEbThYTDV4NEhPX2d6YmRibnoxQ1NaZWFhOA?oc=5,0.0,neutral
2026-07-30,2026-07-30,COST,Jefferies raises Lithia Motors stock price target on cost efficiency - Investing.com,Investing.com,https://news.google.com/rss/articles/CBMixwFBVV95cUxOakgzc1UwOFhFT1JLb3FrS2NaVVlIUlRGTmtoV2UtaW9ZUFE0ekFYU296QlN4VUMwUUJDU0tLTkZwc1hSb2dIbFBYd3U5SWNleExjQkJCa3F3bHBPQ09FVkZuU3hPV1NSWF9sNlBaWm9IcTBvNnZOSklCM2t3YzktaXU3YXVBZUg5OE5wUWlrbm9yRHpNZXg2WVV6dVBaRE9sMkdpYkZQUV9lNmY1UGFicXViVmlZdkFCTS1xRjFERWltekg2UHY0?oc=5,0.3612,positive
2026-07-30,2026-07-30,COST,Is Costco (COST) Quietly Recasting Its Investment Story Around Member Value and Resilient Sustainability? - simplywall.st,simplywall.st,https://news.google.com/rss/articles/CBMi3gFBVV95cUxNcFR5Tk9hNDdJX1NTcEhYVlhOQkpnX1MyNThqc3ROeW5sa2xiSHkzb3piSko1TXdHU2VVaVhMLVN6ZktwX045TWdTLXlYR0djZ1VFVUV5Y1V4SHpraTQtZlRDM3p5XzF1UmtpYWFpVEItRHhyUjdldVFmRjI2VFg4UEpvZVVjc2o0Q3c0RU9ER2ZqalRsSEFmUmZDdmJfaHhVVk9veEh1NUR0SGFTQWowTGY1emRfTHNrTDhXbVM2VUQ3THRHNG5obTNNRHdJSnJ2bUdHRC1TQ0wxckVHaXfSAeMBQVVfeXFMUFRfYjl2VjBMMFJJSXlvTU5ibGRNRkk3QlVVVE56WlhMNE0xZkRjeWoxZWNEc1M5bHBKcS1ZZTNBSG9LaUpwUV9VaTZSeFhtNDdINGp4cXQ1S2MyaDNxSmR2YlBwRUZOSnA5a1duUVl5eUlDTkltOUxBUFZuREZOelpfYUo2SE1mNDdEN01oYUhCVzF0QVJ2OFlIYlM1cUI2eVJ5YUo5OV82dW1uUkg3QkRTMWtES0JfWkJzODRWaEJrNUFVaTh2YkE3cFRrZ0NySXpESDE4NW5WZFk2N3dxVnJ0YW8?oc=5,0.34,positive
2026-07-30,2026-07-30,COST,Prediction: This Will Be Palantir's Stock Price in a Year (Hint: It's Time to Buy) - The Motley Fool,The Motley Fool,https://news.google.com/rss/articles/CBMilgFBVV95cUxQV1FRMTItMjk4SUFkemFiZkJSVEJxcGhMcWg3MG5CcTRjc1lJak1fMnVaV2hBQ1E1Q04yakdEd3NFd0t3ZS1haUVQSWFsT1A0UVlFeXF2bTBfNjJTdGpmUGl2WTMwTnhZU3RTekdHRGZXbXo3ak5wUTRBM2kzRUdhY1RDWmY2TEtvd0E0NzlBQXFPX1psRGc?oc=5,-0.4404,negative
2026-07-30,2026-07-30,COST,What Are Wall Street Analysts' Target Price for QUALCOMM Stock? - Barchart.com,Barchart.com,https://news.google.com/rss/articles/CBMiqAFBVV95cUxNZThkaVRGY0ZaRWxrVHlLYWtGMGNsSjZtanZxaGhHRVhUZlNGNE9NOWtTRTFWbzF4TFJ4T2F3ZVdVc2NkOWNjOWIxUnNJRnE2LXVCUjRYOFFYbm1KakRhTXlyRk9yZV85SFRXRE1VMDR1OTlVRW5HQXBrLWs2VnM1c3FOalJHN1NRTU53SDVjQkd3S215eWNXckNTUFU2dEI3RkJNZDQ0emI?oc=5,0.0,neutral
2026-07-30,2026-07-30,COST,"Autos lead rise in Indian shares; Fed, oil cap gains - reuters.com",reuters.com,https://news.google.com/rss/articles/CBMilwFBVV95cUxOSXY3cW5ibmJJM1M3bmQ5SFZoc1VNaVhBQ0lxUFdnQUVLb1c3eTV5dzJoM3k1UUFkam5rZW80QkJncmdJZFNfNnJiNENnZnVZOFRDQXg4bVBPdjV0b1dRRGVLS3VaQWk1OEJtZnFwN19UVVZ3NTd4TVR1azNXZHEyTEJONktiWC1nb3VhTUlrTnI0bE1kb1Fz?oc=5,0.5574,positive
2026-07-30,2026-07-30,COST,"Wells Fargo cuts Meta stock price target on token costs, OpEx concerns - Investing.com",Investing.com,https://news.google.com/rss/articles/CBMiyAFBVV95cUxPNndDSjU0dHJSbzd3eGNXSFE2dGNvaU9xYVo0S0pYVEFzX0o5V04yUi12SVNEdjNfU3JYanJoYk5XM0dRRWtDdk40SFVmNGZaM3dBRDNkdV9PcnVldXAxbWVrMTc1VmhqTlVyOHU5YTV4RDJlT2FLa05PQVZteDVmWnFTY1ZNbWZYT1hnRFFLbVIyZnpjVEZYeUo5a1QxN3Z0VHBPUWhsdzlMdUJ3U2tKc1htTXlGNW1Fcm4wS2gwYXhJRVR6TTZZbw?oc=5,-0.0516,negative
2026-07-30,2026-07-30,COST,NOV (NOV) Stock Price Drops As Margin Gains Meet Cash Flow Doubts - simplywall.st,simplywall.st,https://news.google.com/rss/articles/CBMiuAFBVV95cUxNaW9TMzhiMGY2WW9xdVpwZHVtMmNvMUFqbzZNOE81b09fSl80OUVvdnBfTDZERzNSdnhJWGFqc1d2dl91SUZSUDNreHZqcDZmZVdES1BLbjNsd0ZJbHhweDRsSnhjVnpsdzdDeV9PcldzWVV3WGdJUlFyMXBwN2FVY3g2NkRzNk9OUEhRbHFpV1lUR2JtdmtvSjRVeDFJa3NhY01yMk1fdkxwS0t1NnQ4M21XdE5mVHBa0gG-AUFVX3lxTE1lSW0xTlFHWVJJZU40YUlaLW5kWTc4REs1bDBiV0JrcDNOOGJOY1VSWDZTMVVyMGxPaHNwQm0yanhWRzZlZVJ2ZVU4Rm1hb1k5OWJoaVNjWkZXalNtcmExS3lRd3hTM3d5d1VndlViSFJBZHV2Q3B6dG1MTjctTXpEeWlpNjJOVFJNSEd4Skk2dXJmMjk5QVV4UFBPREZxblJfSTJEMDhOQ21vaUI3ZDVKbkpiQU9WTnJGOHhScFE?oc=5,0.0516,positive
2026-07-30,2026-07-30,COST,Enplas (TSE:6961) Stock Price Raises Questions As Margins Improve - simplywall.st,simplywall.st,https://news.google.com/rss/articles/CBMiwwFBVV95cUxPdS1Xb3hRR18wTjhZRGRTTkxQZThsTzg0OS1pSzNRSXhTLTNxNFJ3U0Nod1R5UVlsRzlFZHEwVFBnYUZqcGs3SzZ0VkRiUE1jNDRiWVZxVWJRTjZrTndZQV91bVZYendDRkwzVmJDSUpwRktpR0N6MFlkb0F0b1AxTl9iMkZoUXRVaTdheXdNX2RUU0o4allpMmFlYlUyTzRhLW91eXFueWpia00tOTF2eWFGX0QtNmRMWFZ6RVBrclZYUkHSAcgBQVVfeXFMUExtei1ZWGQ1aXpJSXVDcTRMVEtTRnktTm5qSlJqTGlFLWNZS2g3OVFwOTB2WXA1VEZHcW5zVzJJR21NV185TjdzZHQ0aGM3MjROUzBEeGM4WnJQX3FtUnFTOGdqVzMxV28zNmdJTVlJVVNmazZhbm9lZVE0c2JmSUFTdndtUXBja0huSjcwcktFU3dkajcyY3NaTHM3Q01odUJ1RFVyMVAzd3dWMmxBSkR1cGN4MnlEVmZ6ZUNiM3NRYjlHb3VxSEI?oc=5,0.4404,positive
2026-07-30,2026-07-30,COST,Trinity Industrial (TSE:6382) Stock Price Reflects Revenue Slide And Earnings Strain - simplywall.st,simplywall.st,https://news.google.com/rss/articles/CBMi3wFBVV95cUxPZ0FBaUh3WDBKeHh5YlJZVmhfN3R6NE82RHl4VU9zN0xIT1dlRTN4eTRYYlkxenFXa09DS2hhcndzZEQzRmw5dG5SQmI5UEhRM3NVX2Z2TDRMSU9HYWY4WTJRZVpvaHVLSDR1dERDb25LTE9qRUs1WTViZ3UzVWVQTXAzeE5OR0FzN19YTjJYMzN0ek1YQ1Q3alF0bnRKU3pGUmUtYjR6cHViWE9UaXFNUDUtWHJ5aVozMUFPR1FPT2p2TXdDMHdQQlVRY0EzUXN5VGNDcExlbTVHbDk1NzNZ0gHkAUFVX3lxTE9QaThFNERGVktwZTU5MDR0dmdkOFp4TVRoQWIzajQzd1I4NS1oUW9TSHVmaTJvbjE2ODZCRFU3ei02NVBPSnlNWFQ2OGQ2T3poZ3hidk5oZjF2ZVpyNmZHOXNkN0xaMmpmQ0pjREt5ZkhtMTF2ZVJpbzAydFhCLXRLNkk5RTV4ZERMemtJcGxOTkRGaWFaR094TEFUd1J4NVQxYWJ4T293UlVtbGYtMkotQUxQbWJXUUl5OXhxYTd6b1JUb2tNcTJXWWFuNXFKbVhrZUttT1Bza1MwVTZwd2Y1Q3EzNw?oc=5,-0.0516,negative
2026-07-30,2026-07-30,COST,"Stock Market Today: S&P 500, Nasdaq 100 Futures Gain as Federal Reserve Holds Interest Rates—Meta, Micros - Benzinga",Benzinga,https://news.google.com/rss/articles/CBMihwJBVV95cUxPakk1TmYzX0hGdldnNkViLWt3LWJuVHF0d2FneWdFd1gzQzNtcDQxUWw1THVfa0pXWW9jd0puYjhTUWwxNFBNSkpyNG5fSmRuSzktWkxzSGtkLTRGTnhHQnFsdi1xRjU4NmwwNmFJZUdiYkZvcGFNR1praEFBcFBnbGVoM1B0MWZ5cmw1RHA3OXJsLXhLem9ZaUxTNk9ZemRBUVFyeHZQSG4wempuelhxV2lSOV95TzVPekxSRlNfaFpQOE5RaWNVQ0xZUmY3X1NoOU1BdFMydkM5N01JOVpPQW9aNEdZanVQZW9NblY4WVVJancwSmdQUUtFX3NoS1d1WGpHWUppTQ?oc=5,0.7506,positive
2026-07-30,2026-07-31,COST,NVDA Stock: Where Compounding Could Take The Price - Trefis,Trefis,https://news.google.com/rss/articles/CBMirwFBVV95cUxOZDNVcmVyM09pWHBZcjgxZzVpdkgtUHVwNGhJRGN0aEpjdmpxZ2EwY1VoVUlVNkNjVkg2aHA5RDEyT3ctMzJ6aUwyaldXNUsyZkxMMW1TTlJ6MkpIVGpVX0ZPdHItblJJWVdFTUttMWZUSHFSREVwYW9pZVRneVJDLUQ1OHdwZEhsd0JpT19MSGwxclRzeUVDWHVFbHQ0MDI2TGpaRzZhU3BuYmNBdTlN?oc=5,0.0,neutral
2026-07-30,2026-07-31,COST,"Jersey Mike's stock falls 5% from IPO price, raising nearly $1 billion - Yahoo Finance",Yahoo Finance,https://news.google.com/rss/articles/CBMiygFBVV95cUxPRDMyRmViOFpYUFJhaFNrQS1EMzNrWUF6bnZYVmw3RnBLT1VIOThLWW9GOVpIaHFEM1NNUEdNQXRKX2NzdXM0Sy0tN2Jla0dBTUpWSzFQSnJBU3FidHNzODlKWm40UDlIVnJ0RC12SmJ4TEFGVy1TR3JROFljU1BkekFDcVUwZXpuU1VQRjJTeUVIOWZOS3FyUm9yQmJqSmFQZy1DcXRGdHkybnE3dWE2dnhDNXFlQkZVR2t5Z3VfU0psMHhMOFd6LVhn?oc=5,0.0,neutral
2026-07-30,2026-07-31,COST,Jersey Mike's stock falls 6% in public market debut after pricing shares at $23 - CNBC,CNBC,https://news.google.com/rss/articles/CBMipwFBVV95cUxObHhtNkt1anhabVF4Sm1vaGxYa0NHSGRhLUdVR2FEVk5aekd6VTltOTBnZEFBOHFZdUFjVmx2TXE4Ql90R0FPMmRwNUxuMG9GdHlUN2JHbDYzVkZQTERHZEFpUHdVMzBUYm1CWXpWZEhIZENNcjJ4dmR2MG9KLTB5Sk1MNGdvX1k1SkJpeHg0X1JnOGNfOWF6X0g1dG45aEE5dV9KN1RhVdIBrAFBVV95cUxOdHMzeG9Iejc2TlJLN3RUWEo4NklmcWcxS0pnaXNHbTZGYnNQLWMxdjd5MzM2YjQ5c2d2S3RvSHpNYTlLaTJyMVhzbXlZSE5oaDBGSVh0YjVzREUzRl9OMHNTaHJWSGVSYzRpV1M3czRMaGlOV01yaGNRQmVCVGRVVl9lOEVuRFhOeklNMG9Va0RMazVha1cxdExEaFNJZS15Ty1mUHhSbGh3ZkZi?oc=5,0.296,positive
2026-07-30,2026-07-31,COST,"AAPL Stock Drops 7% After-Hours — Apple's Q3 China Sales Slow, Tim Cook Flags Memory Supply Constraints Affecting Q4 Revenue - Yahoo Finance",Yahoo Finance,https://news.google.com/rss/articles/CBMikwFBVV95cUxON0IwbTE2QmJhSUV0ejlFUGIwalBvLWNpYktGQVI3Rk90YkRzNkY3WDFYbURERnhsZ2p1WnhCbW1SMTMxMFB0aFJkaTY3VXVSeE8wUGZkN0huZ0tvQkdNano3NjBYVTNJYUkzZ1ZGTE01WFFtVFFWc0ctallzcFR2T0h1X1FCS3NubDUydEp1d09lenc?oc=5,0.0,neutral
2026-07-30,2026-07-31,COST,Why Analysts Are Raising Their Seagate Stock Price Targets Left and Right - Barchart.com,Barchart.com,https://news.google.com/rss/articles/CBMiuAFBVV95cUxQM3NYN1BJZ3NxVnktdjVrZjFUdkh2c2lZS3pyYlB6dDhSYWpFSE1HcjZURGVDTEZSVVA2SlBKRFhYcGY5VldlM2FvQXIzaGpXelVTX0dXX1BnUzJwSk16Qi1fMDJKOTZxMzlGSmZ2RWx3cnJzajBnZzcyTUxuYUxIdU9XV1JNS01YUlgyQ01aWThEQ084SHJCVS1mWTIzLU00TTNRSmI2LW85WER0Q3RqV3JmaWxGeHVF?oc=5,0.0,neutral
2026-07-31,2026-07-31,COST,Apple: What We Think of the Stock After Earnings - Morningstar,Morningstar,https://news.google.com/rss/articles/CBMijAFBVV95cUxOOVFWRGxGcWZWWS1JSnotRDJOMWZBNHFXY2JERVFyLWZibUlwaEVKcnZnMG5QMkFKb044bWFONEkxUXI3LTVtRDcxaDEzSXJyMllESzJWai1EQUtBQlNKdUcxVXpFN2VMMXhzb01nZGV0TEhtS0NXNzNBTXY3Vy1XTmNTQWdvc2dOZzkzRg?oc=5,0.0,neutral
2026-07-31,2026-07-31,COST,Costco (COST) Stock Still Looks Stretched Despite Its Off Grid Energy Move - Yahoo! Finance Canada,Yahoo! Finance Canada,https://news.google.com/rss/articles/CBMihAFBVV95cUxPWExWVUdVVGFYdk5obFl4VjkzbFdndDk0QkU5T3VDQWM4OGhEWHprVzhlcXRETlJzS1ItZDFNNGZoTTFpNjFqeHRwYnNLOWFLb2NjVk53T3p6Vkh4UXZ1T0h3b1pTYXE1bExxaXFuWVp2UHROMC0xajRRWGNPYTR1MXUwWHY?oc=5,0.3382,positive
2026-07-31,2026-07-31,COST,"A Can Of Coke Cost 35 Cents When Warren Buffett First Bought Shares in 1988. Here's How Much You'd Have If You'd Invested $10,000 In Coca-Cola Stock Then. - 24/7 Wall St.",24/7 Wall St.,https://news.google.com/rss/articles/CBMimwJBVV95cUxPU19vMEhUR3prakxUd0xsekdibTNRWVljVjB1TWxUOFJDdmJlVzR6dzgybktIN2Q4d28yaWhtcW1BOGdBcEw5RW1xOGxLekQ1MTh0Zi1KbnF3WncxVk0wLTZveXY2LXFucW9Rdm9kTzBKeU1LNXE4Sm9BRUF5bm95anZMUmRsNE5XdGlaM1FCZkJBVTIzeTZOZ2JxQUVLMXZ3eVozT3RzdnBmTnNVZDFQaFRVU2lhdVhWcWtfQUtkOXhuTXFZYzRKODNORE1zU1p2R2hnekRXeEpuNUVRNm5wd0hMZm9TQ0N6eENLQ3hSSUNWcFpLQWtERTE2bWpzV1VpaXBWY0cybDlXbGFCR1drTDV6MHVrZ3ZybW1Z?oc=5,0.296,positive
2026-07-31,2026-07-31,COST,Jersey Mike’s Stock Slides Below IPO Price in Market Debut - Barron's,Barron's,https://news.google.com/rss/articles/CBMigwFBVV95cUxNaFdJLTBtMGt0Sk9UMGhSbjhNc2MwNnFRRmNmYXVOSzQwNHNxdTdvcnd3VjBZeEVVNnJlaE9icnFueUpiWG94UTItbmtlVGVvbmR5UFRyWUlFZTlERVdyWFgyMlRhb1h4bHF1WHBTOXB5V1AzZTQ1a2NqNUJBNThIbmdfRQ?oc=5,0.0,neutral
2026-07-31,2026-07-31,COST,Wells Fargo resets Microsoft stock price target - thestreet.com,thestreet.com,https://news.google.com/rss/articles/CBMisAFBVV95cUxQdV84NWYzTFZKUFVZXzZWaGhfX29QTWhlanVwMG5JOEdxSmFpeWhjU0paRzFVdmtRQ3BMbVphX29YekVLeW5ZLTRQcF80SWlGemUtc3dlWHBxMHE2RlpHMVQ5YldsZ1JvMzZ4Vm9nU0MxalJ1SmJRN1VSalF2MDFNUEo1NzhUNk1aU25XMm04Z2FBYnU4amZvcDg3WVZ5OExUNDZSakRqVlgxQmpNeVJidg?oc=5,0.25,positive
2026-07-31,2026-07-31,COST,"Stocks climb as Amazon, Microsoft results reignite AI trade, yen swings - Reuters",Reuters,https://news.google.com/rss/articles/CBMigwFBVV95cUxPNlVXYXdFRjZLcGRvZUdsRkVNc0ZwYUJzNE1rcHdzN3VQOC00WF90TVNOdXhudGZVY3BqWlJ5ZUVTUDZYLVVhd2VEekFRX25rdnZwck13QThNMUhLOEpuVUZHUDhMV3d5ZmlKbDJOTmJmRDQ2Y29uTDBONzZSZ2d5aGtNZw?oc=5,0.1779,positive
2026-07-31,2026-07-31,COST,"Citizens reiterates Coinbase stock rating on trading gains, cost cuts - Investing.com",Investing.com,https://news.google.com/rss/articles/CBMixwFBVV95cUxQeUdjRW8tOXU1QVJWMF9DRUpiREUtbjZMTmY0ekQzVkNaU0kzYUxjMVk3Vm9LT2NuaUxZZWJEenRsS2ljNUI3SG5PVDY1d2JnelF6TWZPS1pNNnhkWE9aTmlPRHRUNEpBVjByRmN0aVE0OUk2ZG9HTmJaRVgyZXpSVHhyNElIRzAtZkc1ZDE1R1RFUk81NGpaVXltTVpLWVJQMXFObkFjeklLcXBXaVdYclFTN2hKbDl5UDUwcEwwcnhjbzlleXFn?oc=5,0.0516,positive
2026-07-31,2026-07-31,COST,"MU, SNDK, WDC, SKHY Stock Jump After-Hours — Memory Chipmakers Soar After Amazon, Apple Management Flag Soaring Costs, Supply Crunch - Stocktwits",Stocktwits,https://news.google.com/rss/articles/CBMi4wFBVV95cUxQZjlaZEl3bE1qZWExVXIzN3BhdEhkT1prYnk4c3Y0TktkVjJZQ3FfRGE3aVhVVjhKbFk3dGlsYnNmd3NJbGNpNnU2VkJybEx0dFRybWFmU05HRWNfbi16OWNIcDdneENNWHlkQTdEaXVRcEExM1NOalBEN0tvZERlZlAyT3YwSTJwZngtN0FGNUgxbHVwNUhaR0Q4dXFkbmJzYjlJWk1TMjA3MzhhbHFCV2ZZZWwwVVQ3WndhQ2FGUnB1RFk0NmJfQ2hQTml2c0pubTdtVXFRRGJGZVBpMTRHTzJDdw?oc=5,0.1779,positive
2026-07-31,2026-07-31,COST,Hayward (HAYW) Stock Stalls As Margin Strength Meets Cost Pressure - simplywall.st,simplywall.st,https://news.google.com/rss/articles/CBMi1AFBVV95cUxQbS1XNFp6NnlueW5BRnZLelhjcGg0cVN5LVNiNlpOcDNkSUJ2aGFvelNrVzFwN0xEYjhHeWZnWktmQlBfVlMtbjd6azJiNnl2cXY5Y1pWeDVETjQ3bkFTNXJNQUc3bV9XRHUyNUJ6NFFOQ0dCY05RUHBNX2FHeTQ4WjdnN196alBHVml2SUcwX3pobXR3ajlyNTM5MWhfSThHVUpWZFh2OXM1TWpUNE12Q1hfUFNuOGVYWTlwa1JFblJ1clE1Z2pfQWNNZVBfZjNvUzFqQdIB2gFBVV95cUxPN1pLRlF2QUdPeWRkRGdJRFo0VmlzZHNldVQwTlBjZnYwOE93Slp3M2dRSXYzeHAyTXlVLTNoSk5lVktVXzQzaVVRZDRqWHNCSUV4UndINHBldDZfSGpMd2VQYS1YLUpoeEZUNktlbnhsR1FndDR6RlhOTldnLUFqX0kzc0xxY0E5MlZUUk1ZNzl0OUJEN2tLUFZjYWF2SXBYQUJvNF9iVGptUW9KUmR1aUtMYWtFY0dWVmlDYUhHRHVRSXk5MlVyZzFuamw4ZE1taTYyeDY0ZjJwUQ?oc=5,0.25,positive
2026-07-31,2026-07-31,COST,"Anheuser-Busch Inbev SA Sponsored Stock 12‑Month Price Target Raised to $98.13, Implies 14% Upside - TradingView",TradingView,https://news.google.com/rss/articles/CBMi7gFBVV95cUxQb3dCWFc3OGZiZEFBVUYwSW0wTEdtdjNJTnFvbE9HTlhaVFZaOXJiZndqVFNkQ3lWbnNPV0tTUGlqTTRwZzJmN3FTblNuSGZxd1N1WlRFZXlNSHFTSG1qb1dkaGk5cDBlT1VDZUJtcG9pOHNCZGMzQkxiTkk1X1lyeFloUnRXekxLSnFWa2VhZ2g3c0lSMFVlY1pCUHFHNUMxam5TTjRIUUR0QmV4eWtrb0stNmI2dnVGYXlPOE1QZHJDZzFUNlloWWk5QTJFUkdOZF9kamhfR0NPMmVkYThibFE5NTNvNUY3N1h2VmZ3?oc=5,0.0,neutral
2026-07-31,2026-07-31,COST,RBLX Stock Plunges Overnight: Roblox CEO’s Retention Bet Comes At The Cost Of Near-Term Growth - Yahoo Finance,Yahoo Finance,https://news.google.com/rss/articles/CBMiogFBVV95cUxPUEh6blAyMWV6eG82NHhQNjFiRjlKbWMxODRxaUZPaWZtSGl4QW94X3Y3N0hybHpiU3pNUWRnaTR3eS10OFE3dUtzYnB4Y2tBdTk5NHRQNk5JU3lkUDF3ZEhPT19wOFVrOGJ1MUFyWDNMeDFNVHMyRmQwbDBrMU0wTXItVmZOalFSUnlLVC03NzBha3EwVExDTXkzRGhORUhoQWc?oc=5,0.3818,positive
2026-07-31,2026-07-31,COST,Sonos (SONO) Stock Sinks On Memory Costs Despite Return To Profit - simplywall.st,simplywall.st,https://news.google.com/rss/articles/CBMizgFBVV95cUxOblE2UmNpVTJVUjBXNG1QZkM3V3lYYkRXcDhUN2VLNHlFNTdGQkxBUTNKNjBfVkN1UmNreURqY2ZhLTA1VXBtdmRYVWxoZFB0c2FpZS10Y0Z6Z2FRUjVFdHFPTF9DeTg5VDN6V1R1YTRWemxaSGFtUkZuc24zS180S2JoYWN4Z2I5cTVCWURUQkEwMHkwX2dUVXFMX3J0QnFwSWVESGJ2MkNfZnBIejVOSGpnMU95MGNRVlB3RXNuUTNCT2FESVB2VzZrTmRoZ9IB0wFBVV95cUxOOS1aR0ZHVXJqOG83Q1JhZXIxY0ZDZWxUb0psR3NkMmRWWHBNbkRyaEVFV3E5Nkt0dWZQZkpoT1FIY3NHamtwd05jZjZRbElxb2pTUDdUbUdWRGlxUF8wbXc1WXM4cE5nQm1NSjU2WklrT3RPQWxhb0xxWWNqWEVNUzExX2diZjNfX3g3amhfOXctWGhsSFBPZnFZYWx1STNuSkNlMF9kQWZXRzIzMURTTUUxbDk0YjFUcjU5ZEtMbWNmcFlhY0ZqYVZyNTRBeVJVVmpF?oc=5,-0.3412,negative
2026-07-31,2026-07-31,COST,"SPS Commerce, Inc. Stock 12‑Month Price Target Raised to $71.09, Implies 8% Upside - TradingView",TradingView,https://news.google.com/rss/articles/CBMi1gFBVV95cUxNeEpHMWF5S2RsMXMtNFJNNl92dnhzV3ZDbjJsSjVVSEN4Rjl2VU8xM0dJdU82b0k5WTVKT2lNZmRDMGtQNWV1UkllQTczQ3RtYmZmbWtJYzBfZXBqVmdTbmhDRGE2Z3pnaUx5Rm8zZzQ3Rm1RWmlNOFpBZlZsendQQ1FRTzU1Tm1CZG5ST2xvNXZ2UmhwWVhaQXVNSVpLd1MwUUs4QTA0WVpyclRTOVFuZkpUbng2R1poT1Azb2hLYjIyNnJ2VTByT3hubGNaT3Y2QzVEel93?oc=5,0.0,neutral
2026-07-31,2026-07-31,COST,Apple Stock Slides as Tim Cook Warns of Rising Memory Costs - Apple (NASDAQ:AAPL) - Benzinga,Benzinga,https://news.google.com/rss/articles/CBMioAFBVV95cUxQbTBkWS1Lb2hjWDJqdjJXMUV6TjNFYklLbVMwcTJBa28xbzZVSXdKVzBack9fUXJxd25sRUhPNTViejRYSlFXU1BYZDhsSEdNeEllcGcwdzdIRXNLVXRyOWJ1V2RweFVocjJUdnc5ZUlrang4WVNXUFR6ZkIwZGlFVXNVVC1vdFpDdmNNb3NXY1JGQ3hzZmZwLTFQZGRybk05?oc=5,-0.1027,negative
2026-07-31,2026-07-31,COST,AGS (TSE:3648) Stock Price Reflects Revenue Growth And Profit Compression - simplywall.st,simplywall.st,https://news.google.com/rss/articles/CBMixAFBVV95cUxPYVpYNjQ0N2FNd3VGUWRON0pqZE5UVjQtWFloM085Z2FwTXd1YzU0bC0tM3F3Q1MycFhJSGpRa1VFanJ5N0NzNUlmU3lOckt3OTZDUE56emc4VHJxSElrTUsxVGlMc1E0TDRJNWcwVGdLTU1KVUxtMF9JVzBiTU9QdFlIeGs1emp0d2JmRmFNS0F4V01ieUpYRldnT19BYzJRa1Z2YjlzbFNad1hNc1h5Z2hGSEdnZ2k4NkxIZE12cVY0MEJI0gHKAUFVX3lxTE5Yb2VhalN4emd4cHFTWHJHbi1wSkU0UVY3UDRUTEZzM1NCSkMtYmhVWnNDSUJKYkw4czI3RkhSTlhGNlNaOElXMDZ3cnEtbGhhVGhpcWVMbUVMUTkyUy1GQkxFYU5ZeFhWN1R1TkdpV0c0ak05Wm9CUmJLb0dQOUgzeVdCN0ZvU0VrYXlhR0Z5dE9LUDhwaUFBNjNWN2pZSnZFTjYwMDJGZ2doalRaLW95akF0Qkp2d19VNW8xYkhPRjVxQjNmV2xxS2c?oc=5,0.6705,positive
2026-07-31,2026-07-31,COST,"Mizuho Financial Group, Inc. Sponosred Stock 12‑Month Price Target Raised to $11.3, Implies 9% Upside - TradingView",TradingView,https://news.google.com/rss/articles/CBMi7wFBVV95cUxNaWhrZ1lzUGhJVUkwX25nU2ptTDFRUEJPcC0zbDVNSFJQWFhHV29obGE1UlJDZkhSQzk2ZmF4RDY4RHU1OWFSSFNmeTRwNmlkSjlnZEdIVmpnYWQ3aDNpMnljUTdSZE1DSlNQakRIUDFMbEhjaWxFMVlBNWVFQlYtQ25zRXd6bVY3ZVpBVmxTRUlNNUdmSmdSVkJXNWh1dm4yR0ozRkpKWU5OZkxveldCXzl4OTNiRjZjRkxMNlAtOHV2RWptNWVfQlNiTTI4ek0yUk1ORTg0RHotczNlNlNRbmk4OVFTNmJuNDBQMTdwNA?oc=5,0.0,neutral
2026-07-31,2026-07-31,COST,Reynolds Consumer Products (REYN) Stock Dips As Profit Strength Meets Cost Pressure - simplywall.st,simplywall.st,https://news.google.com/rss/articles/CBMi3wFBVV95cUxNVWx5ZW9LcFkxS0p2aU5vN0t5RjU0U0Q0Rm44ZWxKd1VhbE5iY2NRRFdsaW5XeUV2Sm0yd3pvNFpmSTdELXV6ckVCUU9SNURnYmc3eThOUUZGYjFBNG9xaVhxMXVjajg4Zk5RY0p6OVhIYkg0bzlFakQzS1l0bTlxOWJxRTlKQ0ZCOGNXNUs2dFY4Z1FZYU14UXhDNm0yUkxPSHJjUUZpZW15NE1VeWNjNU9INFV6VHA0OHFaVHcyUG1WVkt5R0JvQ0duRmp0R2pkNXMtWVh1WFI4MWR2UG1F0gHkAUFVX3lxTE5oOWxxMDBWWktqdkhoTjkyc0R4N0trNmtmUEZYZFd5eGgwbGlpUHdZTURYZVZtcThsSkZLeV90UzJMV2VKTVVJcnAxSHNWSTB4OHJ4U2NobWlISWpNUnhyOWpZMlVOdEs3QVh6Tm5hZ2NodjJLcXdCX09hMEthU2VPSl9ocjdzVFgxSEV5YWtab0hFSTdOb0xPSjluXy1YQUNPekxFTmw4WmNJcGNVQkdqNzZtd05SMjhLaThXdFhwUU1UM3ZWMVpmT3B2dE9KRzZNcWJPQVFyaUR5cVlSM05rd1RhUw?oc=5,0.5994,positive
2026-07-31,2026-08-03,COST,Costco (COST) Stock Still Looks Stretched Despite Its Off Grid Energy Move - Yahoo Finance,Yahoo Finance,https://news.google.com/rss/articles/CBMimgFBVV95cUxQc2JwZk5FZFRLYkszSU9VWkY2VUhLUXZ2UURoX0NReGZGcTJ4aXRtcXBiVlpFeWE2cy14Y1lBY3FpX3Z0UHY3MnkyM005Qm5GeTNfZlctSUN5d3cxSzBVaEtiSWhiYjBFUHpOeUdHTEhLUnZtakRZY29oTVY1bVZVX29VcFRKNEdXWEF1SXF5NzE1TTNOanliSXh3?oc=5,0.2732,positive
2026-07-31,2026-08-03,COST,COST Stock Draws Price Target Hikes From Wall Street Post Earnings – A Look At What Keeps Analysts Happy And A Bit Worried - stocktwits.com,stocktwits.com,https://news.google.com/rss/articles/CBMivgFBVV95cUxOTXFxOXM0S0VCeGxGc0hoZlp5b0c0X2F4SG94TkVkZnMyQ3dYNXZmZ09BaWJlQ09ud3pDYThxRkZOSWdRc1VET212YkkwUDFBMEtQeGpkd0tFUG10VTE5clBxX0M4QUM3T3pSNFhnVTRaM2U4UHU1TzV6LUdmaVF3YlB3X19wb3lXd3p0OC0wekkwNURoa082ZjBlUzNqWnZSNDloUUlGbkRiSFllazAzeE1BQ2xSZ0R3YTM5dmd3?oc=5,0.3612,positive
2026-07-31,2026-08-03,COST,Goldman Sachs Group Inc - Google,Google,https://news.google.com/rss/articles/CBMiV0FVX3lxTE9OcmpUbEFPQkIwSGNBd3hfdTVORzRyRVYxaGZTY2tLbDJmQ0xNZWNfUkZJU2lHY0Z2aS1iZU9CYy1KS0hZRHdOaDVKSUMtWUNsT0ZEUlFDRQ?oc=5,0.0,neutral
2026-07-31,2026-08-03,COST,BA Stock Quote Price and Forecast - CNN,CNN,https://news.google.com/rss/articles/CBMiTkFVX3lxTFBfc2dScnU5N1REM1pqeUJYVE1SR29tR19PS0F2aDl1bnVNdUktVzJ0X2pRN2hBeU9CQVppaU5BZEdHZURGUkRQQlZqOE1fUQ?oc=5,0.0,neutral
2026-07-31,2026-08-03,COST,Rivian Automotive Stock’s Best Case Is Hiding In Its Cost Per Vehicle - trefis.com,trefis.com,https://news.google.com/rss/articles/CBMiyAFBVV95cUxPeWtGRlFoWnhpelNnUS0tbncxejRZbExmYTRmN3F0eHN2eUZmeC1vM1NDU3IxTi1QZ0xtdlU2WU1adTVZMm1hY0h5WEdtZjBjWlBWOG9MNThfUmkxX3BrWUo4bXMzZ3d2d1VEd25CYXg0eFl2bHpYdmw3b0d2TkFHMTc4MU9HVWowZWtqQ1ozc3VBU0hTX05tdjVFeXFVWHhPV1RLSTdlRTJmY3htdnl0R204LXozUFh0T29ubWdBLVdJRG1uUC1DYg?oc=5,0.4588,positive
2026-07-31,2026-08-03,COST,Costco Wholesale Corporation (COST) Is a Trending Stock: Facts to Know Before Betting on It - Yahoo Finance,Yahoo Finance,https://news.google.com/rss/articles/CBMiqwFBVV95cUxPdV9qZVN4QjdNWnlsQlRkY0g5b0wyeTJOWkhIalRzeUJGOGVZRk9WX0ZFZnkwVkZoT1ZWNzg2N3dyYVEzc2FHTElYUGQxV1RPLTJ5UTNpdHlFbXUyZnhJYnd1RmpYNnE2dVk5OTNsQ3lRVWNIQjBSV18wVXlidzJEd1BRYjJmeEh6MEpBVmUtYXNnbVIyN08wOVEzVnMtWTY3QUxXbnNzWlFXdTg?oc=5,0.0,neutral
2026-07-31,2026-08-03,COST,TotalEnergies Share Price on Euronext - TotalEnergies.com,TotalEnergies.com,https://news.google.com/rss/articles/CBMilgFBVV95cUxPM3NjSUo4QlpQa2M5VE1XMFIyaW9lMzRlbjVXR183eXctQ0wtTHREYnVWNGFtcVFOd0trSHkybkxzUVNZZEEzaFgwYmJ3QTR5VlRBblEzckpWYWxYMS1wSXV5RmJuY1ZneTIycEY4R0E1Q1lOUDJPYTRZQlkzS3EwekREWDZTQjNwbHlrcVRMemV4MllKRlE?oc=5,0.296,positive
2026-07-31,2026-08-03,COST,eBay Inc (EBAY) Stock Price & News - Google Finance - Google,Google,https://news.google.com/rss/articles/CBMiXEFVX3lxTE5RYTBnSnJWNERkdjBYbE5pTTJQYjM0ZnlvSTVvODR3bVc3Y3oyMDJENUVPWEFmb0VndmFwcGlMckNFc1BNVE8yU2JhZ0lnM3VsM3J0dkl2VGdYYjU0?oc=5,0.0,neutral
2026-08-01,2026-08-03,COST,MCD Stock Quote Price and Forecast - CNN,CNN,https://news.google.com/rss/articles/CBMiT0FVX3lxTE90ZjFxbFFucF9jd0JtVG4yWjVwNVJYNENJX0RMRlYyRFlQU1FJaVdJYXoyS1NzbUE0RjRIQ3hpeUR3XzdXUFpRVndTTFlkS0U?oc=5,0.0,neutral
2026-08-01,2026-08-04,COST,GOOG Stock Quote Price and Forecast - CNN,CNN,https://news.google.com/rss/articles/CBMiUEFVX3lxTE9tN3FRTUJqdzR0OHRfby0zMld6YVhBbml5OFV4SlVRejVlVDhnVDd1YVVReGw2UWFvR2YzeEdxV0I1bUFQRXRjeWhyMkZHLW9N?oc=5,0.0,neutral
2026-08-02,2026-08-03,COST,Micron Stock Falls. Here’s What’s Overshadowing Big Tech Spending. - Barron's,Barron's,https://news.google.com/rss/articles/CBMie0FVX3lxTE5QVTJzU0tLNjczbUhqX1VaZXlTRDBQajhRNi00eGZGN3I5QlU5S2FJb0ZYdzNTNDJPLS1tajdTdWladzllT0FscmM0Yk1xWjd3ZU1KVFBYYTBwY0VvdExrTVRaQmdIS2J0dGoxWnIwUzQzekM2RFNEQ2RDZw?oc=5,0.0,neutral
2026-08-02,2026-08-03,COST,Is a 53% Decline a Stopping Point for the SpaceX Stock Price? History Offers This Answer. - The Motley Fool,The Motley Fool,https://news.google.com/rss/articles/CBMihAFBVV95cUxPSnJ2RnNSYkozTjgwa1pIcWh6a0JWN0ZSTENBMUhRRVYyLUdkNy1xZ3E0NWhkRDdtdzZRbEEwcld3aGlsblkyMXd3TlVBT193TDd5b1ZTSVZUazUwOTRHTlBfU2g4N3E0ck1zaWVyUEdPVjF4bXprMjQzZHRNcVR4ZWN0WGM?oc=5,-0.5423,negative
2026-08-02,2026-08-03,COST,Are Olin’s (OLN) Ongoing Losses Reframing Its Cost-Cut and Portfolio-Upgrade Narrative? - simplywall.st,simplywall.st,https://news.google.com/rss/articles/CBMivgFBVV95cUxNSVg4Sjl6VV9wTnR4ek83OW1JSms1dTFLOVR5WURua0pkR3c5eUc2MDFUZnFWUFhpbUJfbFN2S19zb3gyWlU0QWxyUTR6N01iT1Y4QVJXMzhJUXVZZ1IyVEJ4MlNSZ2xIX1pXVjZ2S0NJZGNpUWdaRmo5ZVFYYnNKOUdHRWpQYUk3aWszWTY3dTBNMENpNmQyS0E2MThBN1hKTmgwQlMyYi1pU0o0bVltOGxNNTZZNjBpNE1xOUR30gHDAUFVX3lxTFAtMm80YWJrZ0hXak1Cc1hxUDJ1WWNMQ05HTUpwLTl6Yy1uUlgyWlNsTElYVlIzWEtVdzJ1RFVXMG1FX1FaMFgwaXp1cE14VzFwWFVydVFUcGd4bTRBNWhIbHhBZHBvWmxZZzJtOHF3U0szOEdLMEl0UnFQRlJQVHdRTzhCbjJOb2l6ZjhKWi1kclhYcTBXNUdpUVFScUJWTDRzaHJBSmsyTDE5RnEtWUhBakJuZ295VlVZUTFWSm52ZWl1Zw?oc=5,-0.4019,negative
2026-08-02,2026-08-03,COST,Prediction: Costco Will Become a Trillion Dollar Company on This Date - 24/7 Wall St.,24/7 Wall St.,https://news.google.com/rss/articles/CBMisgFBVV95cUxPMHRLcjZkSWlPdnIwUmZNYnJzNi1RNEs1UFZzc0pDSVRJQW1ZUm1aYW5OZDZ6eWZLRGRNVUNPOEx1YklsNUV6dFVGT095TVdKNVAybV90c1FSZFhtUzZMQWE3RHl2NkUzQndjOEhNbGNnYUtIZzRPVmd3cjVEcDRWc3ZqTzd6Tm0wLVNJSU50RWloWUpyOFlaX25jckpWa3VlUlBLblFiQWZTWVZSc2hLQ1Zn?oc=5,0.0,neutral
2026-08-02,2026-08-03,COST,Butterfield (NTB) Stock Still Looks Discounted Following Acquisition Cost Hit - simplywall.st,simplywall.st,https://news.google.com/rss/articles/CBMi1gFBVV95cUxPUDFpMWphc1VZWmR6OUYtdHVQUC1HN3A5eHIyS3BpQ3hUNTJyQVBLZGRmNEhpMjZEdFZ2UHJXeDZnR2FkWWFzNFBtU2hhYVducnJuZDJZbUxyRUlzNGFWM2FvekZxWTNkRnpmeW85TXhkdGZrWTF4cUhqOUdodTRkUUxkTm1lTlZqQ1N2UUVaLXlNX09yS29CV3VRNzctZ21LNm82QmRmdkFKUlBuNXNoeGZzck1rLVFZZUNQNEdOVC0wS1gyVkQ1eTR3VHN5VUtxOHJ3WHNn0gHbAUFVX3lxTE1QeVlXVEVtVm9VbGR3V0VlOVJwOERfSFN3R1RydmRvQnZ3ajhJTDlTWEQ2dnR2a1JCc1dna241OEhvRkRxZGhnOWhDN212cHlRWG80ODZKVXc4RUw3Wm45WmFnSTl3Yk5EcWFUS29XY2pudjcteHk3YWZBRmpOZ2Zvc2dSMG9aOWlHS1dzMDJqbFFIcmNfQ29RTzctR0RXdGRIRVlyZ3lhcWlKTWxsMUtsd3ZMZTRadVZ0ZEZoeG5aZHVyU2hUVUY2NE85QUNfNXFhY3Y1WjhYNHBCNA?oc=5,0.0516,positive
2026-08-02,2026-08-03,COST,"Preferred Stock ETFs Pay 6 to 9 Percent, and After Comparing the Three Giants Only One Is Worth Its Fee - 24/7 Wall St.",24/7 Wall St.,https://news.google.com/rss/articles/CBMi3wFBVV95cUxOa3dzeU5Gc1JkQV9wdmlsVDB0T0plNTFteTRRVnA3QWFaRVFKQnBfYjBsdVZSYjM1RjlpLWdEU25IN2NNbGh1VFcxdUtKQzJoTldqMmVaMThXMU8xRHlOVXVXejNLTldVNzAyVFF3akhaYjRmTTVfN2VqZl9Bam1Ockp5dlQ1NFlHdXpTOThKZmN3UUtZbVQwTmNUNFozNFZRbjZtb2tHSTRwdGw2cGFHblUyWVo0QkY2enFTRDMtMEc2d2UzZ0F2NVBfNmVseEJQd3JqNnRrQndpTWctX0dn?oc=5,0.128,positive
2026-08-02,2026-08-04,COST,NVDA Stock Quote Price and Forecast - CNN,CNN,https://news.google.com/rss/articles/CBMiUEFVX3lxTE5oakpQaVAtWVg3Rjh6M2FFaExEa1JVeThKN1FIX1p2OG1lWmVaVnhlU3Zsek42ZlRyd055aXc2dGNHa0NxV2RfU1I1dUoweXNi?oc=5,0.0,neutral
2026-08-02,2026-08-04,COST,COST Stock Retreats After Hours On Decelerating Comparable Sales After Strong May Performance - Stocktwits,Stocktwits,https://news.google.com/rss/articles/CBMi7gFBVV95cUxONWNJMUNWVk1sbFBCbkpaMlV1dGpWNHplc3VFdUFfNlc1N3lwbHYwNTdPbFdLWW1tcFJ4akNfMlRuaENNazktZ1ZrdVN6bnktdDdVU3pQSV83VWtYdE5zdDFIZ3pTNkM2aU9MUVUyVVhYM1htMC1pSGVPb21FSGVNYlg5cWt6RUFiaUN4a0pPd0JLS2ljNUVZUzlVMnQ3d0F5bjVTc1d2WkNtQnQyWDlBbU90dlZzNzlxYUhsdTVCSUt0dWNqMGdPZmRJSXhCUG5ET3VFc1Z5OFR2RkFDeTYwOVE5UlNsbVhLQ1lpZ1lB?oc=5,0.5106,positive
2026-08-03,2026-08-03,COST,GlobalFoundries Stock Costs More Than The Market On Earnings And Less On Cash Flow - trefis.com,trefis.com,https://news.google.com/rss/articles/CBMi2gFBVV95cUxNOGttMXk2bllfWUYtX0VqOFVnTW5vREx3V196LXBMOTU0UDdWWHo3Q1pqbjRUMWFPWEFYT1F3OGJZbVBaTTUtMVZUSHNqR2ZtSWRZZ0xObVVUYTZHTnR0T3lHNHg1SVEwb3p0OE5nUXB1R25TdjdXWVJ4UEZpM1ZHd0huV29NWVJiRmlEREhEanVDdjAxWHpSbHQyeWlha0RvaHdYdXpmOENsM29DMTlKaFpGeGZWcTA0Zl96a2JiWHJBNE1jM01sNF9POTRJVUxBMlRrRXk4YnE0dw?oc=5,0.0,neutral
2026-08-03,2026-08-03,COST,An event on 6 August could send the SpaceX share price below $100 - The Twelfth Magpie,The Twelfth Magpie,https://news.google.com/rss/articles/CBMiqgFBVV95cUxPZkxLRTY4cm0zS0hwRkdBQ2ZVbkpyS0R3LTZhSUJPVk1PZG5FajVNeENTNkEwRTE4ZE56dWJ4ZzJDMzJXcWk4RDhQb2Radk50UXk4S21JWm5KTXJuS2pZRExwWVU1Z2JCejVGNFJTRFotdlk5MWF1bFFUSTFVdlBxUWxHSnFIUHNYYm9XeEpNaENLOXJ6c0pzX3F4ZUFidDQ0ZmNFTGlXa2RTZw?oc=5,0.296,positive
2026-08-03,2026-08-03,COST,Two Drugmakers Plan Merger; Combined Annual Revenue About $2.2B - Stock Titan,Stock Titan,https://news.google.com/rss/articles/CBMiuAFBVV95cUxPV3NCbEZMcDJqUUNrcGp1S2tuRlVqcG5oSHUwMXM0ZVQxTEowb0F0dktJVUdKVEdMU3JFYXRkNHN2QXh3T0VoR25kMWkxc09RZGEydUZSVy1IbjZqc0VhWml6aGp4aUlZOUJOM1VUUGwyTk5fT2NNNkdGTTdmN3JIaHJBeFkwaW9GM05LYlQ5aXhYSldfcXlLSzExRDJjNE11dUE3X1YyU0I0NUxYTlVOS3BJNjlEcWd6?oc=5,0.0,neutral
2026-08-03,2026-08-03,COST,Prosperity Bancshares Appears Deserving Of Its Premium Price - Seeking Alpha,Seeking Alpha,https://news.google.com/rss/articles/CBMiowFBVV95cUxOX0wxTGtVRU9CZ2pZRWM4OTJIQUQ3LVhxR3FlSE9JU3MxWk1EUVptUDBhNUhqek9xb29LMVBUM3AzbHZ2dDNta2h0VnIycjJ5WGxnYV9JbGNjSEFiRWVIX3FqR3Z1XzZzU3VsWFV1YUpQMEd6OFBSZnppdElXZVcxbmc5SG1RRWxRS1M3bFdZSVZyRkhKQzUwalNiRlQ0b1hEN25N?oc=5,0.0,neutral
2026-08-03,2026-08-03,COST,Quaker Chemical (KWR) Stock Fair Value Edges Higher After Analysts Back Pricing And Cost Execution - uk.finance.yahoo.com,uk.finance.yahoo.com,https://news.google.com/rss/articles/CBMihgFBVV95cUxOdXhmdDZmX0JLd1picWZPaHpGUFhfQXBQMDRDYXdQSEl2S1Z0OFBnd0ZFSkJoTC1fQzZLcHQ5N1BmTlZSMklVV1Q2V2NMdTZGc2lKVjRxck5CTzZvSmhqUW9rZlpRVkM4YjQxeFZMdVNSUk5mQzF0NFVyTDVYbzdJTlpWSUNJUQ?oc=5,0.5719,positive
2026-08-03,2026-08-03,COST,"SOFI Stock Got Hit With Price-Target Cuts After Q2 Earnings, But One Contrarian Says Market Is Missing Bigger Story - stocktwits.com",stocktwits.com,https://news.google.com/rss/articles/CBMiigJBVV95cUxOamZyUXFtdWpoUUw5NGpkUXM1N1I2SFBHcFk3ZzA2WXhwd2lWbzZaTnFkRmNKZW5Kd2ZScmY0VXJFUU5SUklmcXViN0VJYzU4eVkyZWp4eHNiaXY3d19RTEZYWnpIWXlRaWxIOEstTFNlLV9RSnpKVVFEZE5RX2tiUVVyVnRmVjlhNDh6Sk1XN2swdEdJZnJaQXpDNmZ3STJqdGJqbE1WWDZVTjFWcFFpQnE3azlGcDNlMlhVRjhHZ0l6cTNHejlxMnF0Q1N4Z25JbFFTbkJCNm5jZUx0OEluVnkta1I5ZGxSZXBhREhuNmpVNGJMN2JJeHFITHNWRHpsYy0taWlxNTRTdw?oc=5,-0.5267,negative
2026-08-03,2026-08-03,COST,It’s great news for the Rolls-Royce share price after H1 results - uk.finance.yahoo.com,uk.finance.yahoo.com,https://news.google.com/rss/articles/CBMigwFBVV95cUxNUUtwZXpCU1k3VkpiQ2NKdTVJZmdycU9OdWJoSU1yMmFic1cwaFVJeXdlcWcwc2p1emxZc05KWmp5NnBCU1BuVGhKU3QycDROTklPeHEzN1FRM2xYODVMdFN6MXNFNGhYREcteXZkamtTV0stWUVwMFNQbnFJem5WM1Y3UQ?oc=5,0.743,positive
2026-08-03,2026-08-04,COST,COST Stock Draws Price Target Hikes From Wall Street Post Earnings – A Look At What Keeps Analysts Happy And A Bit Worried - Stocktwits,Stocktwits,https://news.google.com/rss/articles/CBMivgFBVV95cUxOTXFxOXM0S0VCeGxGc0hoZlp5b0c0X2F4SG94TkVkZnMyQ3dYNXZmZ09BaWJlQ09ud3pDYThxRkZOSWdRc1VET212YkkwUDFBMEtQeGpkd0tFUG10VTE5clBxX0M4QUM3T3pSNFhnVTRaM2U4UHU1TzV6LUdmaVF3YlB3X19wb3lXd3p0OC0wekkwNURoa082ZjBlUzNqWnZSNDloUUlGbkRiSFllazAzeE1BQ2xSZ0R3YTM5dmd3?oc=5,0.3612,positive
2026-08-03,2026-08-04,COST,Snap Loss Narrows on Higher Revenue After Cost Cuts - WSJ,WSJ,https://news.google.com/rss/articles/CBMinwFBVV95cUxONW1pcHdQQ3hPMFdSSG1NcXFqTnNmZVNsTU9RMWpiNW9nWm5UcGx4bF9HdVdPNHp5RDFXWDd2QzFjOWdfT0wwa3ZsQjRWR3o0U0UwbWNMeVg4Q3lUak5Pb0ZhUWtINUFiZDFER052OHBqQmRLemVGN3l3bTRfOHhuWGJXekxMeVhaRFVNRXNNd2xvNWdFT1ZnN0w0Qm4wclU?oc=5,-0.5423,negative
2026-08-03,2026-08-04,COST,Fund Update: New $687.1M $COST stock position opened by EVERETT HARRIS & CO |CA| - quiverquant.com,quiverquant.com,https://news.google.com/rss/articles/CBMiwwFBVV95cUxNaHZYLXpwMU9TV01RMVU4ekFEVC1feUZ1UXRJMlJwekFQeTVlczAxV1JIOXNUUXdJNGY0eDJ5WkJXZUtQWXdVSnAwWkh3RC11UnVNTG9PS3dUelZOT1RXWUlMVmxzaWN6N1RkUmZ0SjR5d3BiZ2NWc1NNbnZCOWtJejZ4WkFDVkJ5Qzk2VEFTMXRWTllSV3h2WVAwU2lQNkZVaVdUUzRBanRtUFRSMXlvZllSaGNycmc4blI4Skcyb21PMTA?oc=5,0.0,neutral
2026-08-03,2026-08-04,COST,Tesla Price Prediction: Could the Stock Rally 30% From Here? - 24/7 Wall St.,24/7 Wall St.,https://news.google.com/rss/articles/CBMiowFBVV95cUxNUzVDNDRHZE5PbTYwcVBNZ0d5UHhmR2JLRVR0Umd6Wm11OFFaaDRYTDFMYXd2WUcteXZfOVFYMlBOY0RvT3VPbF8wX2IwNF9UTlQ1dGZ3MHFmekxuWEJMM3ZENjFYeldFbkxWSUdxcWN3N0lnSXpJUWY1cHNGZ2FOeU8taXBTTEZwRlc2ODZwOVZkSlRVQ1kwQ2l1OXNmVDhZRHI0?oc=5,0.0,neutral
2026-08-03,2026-08-04,COST,Cathie Wood's Ark Invest Is Buying SpaceX Stock as Shares Sink Below Their IPO Price. Should Investors Follow Her in? - The Motley Fool,The Motley Fool,https://news.google.com/rss/articles/CBMilAFBVV95cUxOU0RUU2hIZkdiMVYybHlRV2FfNlFVakdvcXNBUi0tQXZ5U2hyeUE2TzdSY0xldXY1SVo0NnRKczdDbmZBNktfRHYyWjYteHF0azJQczdoekhBcEhUYkhESzl3NlpfNnppaWt3N2JMSGh3OVExdmEwcUZGaUU1QS1rdGczMzRXYjVGVDFTR29WekhQQU92?oc=5,-0.1779,negative
2026-08-03,2026-08-04,COST,"For Micron Stock, The Growth That Justifies The Price Has To Arrive - Trefis",Trefis,https://news.google.com/rss/articles/CBMiwwFBVV95cUxPOWljVnAzdXlBSlJUeUpaZnV3NE9PNjFxLUxnM3pQZ2t4QTIwNGVjTEhNODQ4cFVackxSMTdwcHh4QnZFR0phTjZIc1N5eTVlb0ZvSzY1X0ozZ25TclJkX0lYX2ROancyc0xfUDN3bUM1NVpjaVlvRklSdGlXdkVRc2FXbHctSVBBOU51UzJqYUwzWFJnS1VwdmhpcldENDRrWEJrb1dSdDdlNmF1bDdsLXpDWVJJZk83b3VTUkFwSDQ3Z3M?oc=5,0.3818,positive
2026-08-03,2026-08-04,COST,Tesla Price Prediction: Could the Stock Rally 30% From Here? - Yahoo Finance,Yahoo Finance,https://news.google.com/rss/articles/CBMioAFBVV95cUxOM1NVY2lHb041VkpfODNzNjZfeFVIUmV2ZVMyYnVhTkEtNllMcy00X2ZqY3FGMkt5LU9feTRnRmVtTGVYbUdrTDhaNzVrRi1ULW9POFRKWlJhMzI4WExPUFpOS3F1SUw5NFNIRFd6WC0tM3VWZUJhQ2lvaDVBSmVIaGw1WVJRNUgwR2RlMlNoVlVqOTI4V3lNM2JJVjY1MmtG?oc=5,0.0,neutral
2026-08-03,2026-08-04,COST,"Stock Market Today: U.S. Stocks Rally, Oil Price Fall to $79 - Eurasia Business News",Eurasia Business News,https://news.google.com/rss/articles/CBMiogFBVV95cUxPN0VhcHRQSVdTZUFnYXkyRXVyR2twMFBZUFYzUS1DaDliY2FrVUZxbDhJU2dTVnpwclRnUXpYb1FSOE43WWlaOVk1NjlyeXRpRkNjR2VWbkUxMUtoc0VsTFZORldvaHhrdm5ZdUU1bWJzYlZkQl8zREtlVS1qaUM5TGlxUjRHS0J5Z000VDVWc3dkSkgwLXVLWDJaNDFOYmJwVHc?oc=5,0.0,neutral
2026-08-03,2026-08-04,COST,Rivian Automotive Stock Asks The Market’s Price For Sales That Do Not Yet Pay - Trefis,Trefis,https://news.google.com/rss/articles/CBMi0wFBVV95cUxNRkdPNnBBZjdXNUdveEk3SVJ6N2FIMHB5VGZUalhUcjF3aFNoWUZxeFFleGVIay16WEpSbjZ4Ml9SbzY0c0VOdGJTMGJKZkpEbldOdjhMNTg5bWNCa2xRLTVwdG9IbGEzY1JqN0FkR1hTOThTOFozNmpsVk1vYXlRYXZhbDRhNEJJVHpRTTFXbjU3Y1Q5b2JtN0VuUDl0NUVPX050XzBjcHdCVlEzbFRZS1VGYl9VRUZra01NZ0JBbVNJMklvd1l3bVBYS2FDVEhSam1j?oc=5,0.0762,positive
2026-08-03,2026-08-05,COST,TSLA Stock Quote Price and Forecast - CNN,CNN,https://news.google.com/rss/articles/CBMiUEFVX3lxTE9qejEtbzhHOHJnMXJRWUVEbUxyUFF0RnJuNEtEN0U4Mk4wTlIycHNTejNyYTJYQlRDMFRCMllMcGJtNV81S0RNME9IZFBSZkRJ?oc=5,0.0,neutral
2026-08-03,2026-08-06,COST,How do changing interest rates affect the stock market in 2026 - U.S. Bank,U.S. Bank,https://news.google.com/rss/articles/CBMiwwFBVV95cUxQVVJpa2pCR3B0TmxRZGlpSmRZaFctZ21ybGtrVUVBMFozZ0xiSGFRY0ZZdGNWaV80dnhHUTR2TTVoSnZEU190aGtMamY2MDAxT0hYYzRXcUl5OUEyOGRGYWlBbm54T3ppaEZWRWtyV01EOEJGcVRaM2xROWlCX2FxSFYxX1NXeUQwZmJLS3pqcGhCWjR5RVJrNlhmbUtRcy1EUGJLaFI4UTNkUHg4emNPUE95cTc0bnlDcklaaG5EcWhBeVU?oc=5,0.4588,positive
2026-08-03,2026-08-06,COST,AMZN Stock Quote Price and Forecast - CNN,CNN,https://news.google.com/rss/articles/CBMiUEFVX3lxTE0tdHJKMDN3STJwc2Y4eFFtWHI0VkFfWFhrWk56MGRaNXlLTDFXeDRqdmJBc2UyZno1MlRMZ1NFdFhsZUFoMWNSMEJpZHBHTlhz?oc=5,0.0,neutral
2026-08-03,2026-08-10,COST,How do changing interest rates affect the stock market in 2026 - usbank.com,usbank.com,https://news.google.com/rss/articles/CBMiwwFBVV95cUxQVVJpa2pCR3B0TmxRZGlpSmRZaFctZ21ybGtrVUVBMFozZ0xiSGFRY0ZZdGNWaV80dnhHUTR2TTVoSnZEU190aGtMamY2MDAxT0hYYzRXcUl5OUEyOGRGYWlBbm54T3ppaEZWRWtyV01EOEJGcVRaM2xROWlCX2FxSFYxX1NXeUQwZmJLS3pqcGhCWjR5RVJrNlhmbUtRcy1EUGJLaFI4UTNkUHg4emNPUE95cTc0bnlDcklaaG5EcWhBeVU?oc=5,0.4588,positive
2026-08-04,2026-08-04,COST,JNJ Stock Quote Price and Forecast - CNN,CNN,https://news.google.com/rss/articles/CBMiT0FVX3lxTE9weE5QcktLckczbFNmMFlOWEllWHl0S0lhQ1VYU2x5Zmszd0Y0YXZ6V2hTU252TW1JNWxEYWNtUWRCaFVZVzhDeHlnc2xyYUk?oc=5,0.0,neutral
2026-08-04,2026-08-04,COST,"HSBC Resumes Buyback, Ramps Up Cost Saving After Profit Beat - Bloomberg.com",Bloomberg.com,https://news.google.com/rss/articles/CBMitAFBVV95cUxQLWE2cl9QbXFKWmZwMnpwNVV0UFh1dEpQNjJjOHZETVpoa2prQ1BzZW82c3B2NXRsYmE4aXBXb0lrQWdlc1ZYNXJYakNwWHYyYzN5cnhQUWZTbzI5NDk4X19ELXhxb2dtRWdQU0ZkcDVvRU5GdFAzSmZhMzRVSUVTekhqOWE4QWlFOTlxY2dLMmphUGxleVdfQ1dpZUtXVi1sSE5kaDk0LXFzZDNEUlExbFpFMm0?oc=5,0.4404,positive
2026-08-04,2026-08-04,COST,The Price of Reinvention for SanDisk Stock - Trefis,Trefis,https://news.google.com/rss/articles/CBMipgFBVV95cUxQWm9XZGJqSE82SnZIOXZLTVZqOFRLZHVOWWN5cmZYR3ZEdk1kZjVncW9BTVJOWWU5ZFNJVUg5Skpad2xkV2V3SENjdC1oTkhIV3lFOGN6OFVTbEZiclAteVhNR3VPTXQ1Z01BVjFmVXc4WTFRbW93OUJ6WnFDV1BFZnBzOTZGbGNTNXcwc3hLNE5EeWFtYjYyX3FYb25uNVRfN18wVTh3?oc=5,0.0,neutral
2026-08-04,2026-08-04,COST,Retailer Zalando set for record daily share price fall as growth outlook weighs - Reuters,Reuters,https://news.google.com/rss/articles/CBMisAFBVV95cUxPMklnbmxNYkFyb3ozZl92bks3VDNma0JuSTNmVEpYT0NjSGd0UTZnYWdLanZ0Nmd0QWh5ZldjWWFYMEJxcGdmSEpBNFhBVXlmeHFmX1h3UnpaSjFULWgzalpzLXNDdkt1TjZxNDhBMjZrXzlqTU5ScDVzMW80dkJDZlRfY3p0V21zNFJid0VnU2c0VlFMZlVLN1g3VWtGdFNDT21oQ3V2OGJjZHdZVWFvNw?oc=5,0.5859,positive
2026-08-04,2026-08-04,COST,"Comcast Stock: Ordinary Business, Extraordinary Price (NASDAQ:CMCSA) - Seeking Alpha",Seeking Alpha,https://news.google.com/rss/articles/CBMilwFBVV95cUxOd1hIcHgtcFNZNXJBSXBiT1diRXlnSVpkVFpwMDVRR2FFQWtXMWFvZWN5NXZxdi1SV0RET2hJRFVOa3NMcmsyMElaZjlOUnF1REdSckhqVDFtQUNSekNsS2dRdHdOV1FrZnp4eWlLTXR1cm5hYTRaX2V3N0lUVFBJeUpjazZCN1gyUENiMmxJTjcyUDBFOXUw?oc=5,0.0,neutral
2026-08-04,2026-08-04,COST,Krystal Biotech (KRYS) Stock Price Drops As Premium Expectations Reset - simplywall.st,simplywall.st,https://news.google.com/rss/articles/CBMi4wFBVV95cUxOSEJ2NUNSWkh4dUl5anR6M2pzS3BEU1haVGxUcFExeElYZ1pGWkt3c2lIZHhRMVFLeGNjekhaTk92b2tVM2F2ck95N0tQaFlyXzVhX2FseElzZWEtcGlUR2dDTkEtYmtGNDBleVZHTDUyV2xBNnZDRDJCS19wdk52WTJJLUp3bzdDSGl1eFNhVGllRXlzRXJBWFFKWXZ5NldKLVJKWDNnVlVhdnItMWFDWGNpNlhGdWRQTnRybDFPQWJyTmEwUm9telhkeG9EQ0l2YW12S2xvQncxNGJmOEozNS1ab9IB6AFBVV95cUxQT2x5SVQ1ZVpYUDhhMTdkU0lPQWdLUkwzeWVUNTJpNW1SU19pREVYM0JlamhicC1ZRWx5cGxBWmNzby1mMFZvd29ZTE9CWWZqRDRvejR5a2JxUUEtZ2lSUlB4ekdIcm5mSDVpYTd2Mlc5bnptN1BzTHRfNWFKMUtCdlZJWW1UMXlTb2dVV01ERXh4WVVFRXB3dGQ5TXUxX3NPNk5MUkJqQWJaRzJrdXZUWXFLNTBEdmFLLW9keVF3enJmTFl5QUdYRzhxbFdDRmlIWU14Nk5NMm9uOUpGaU1OVHJKOG5KaW15?oc=5,0.0,neutral
2026-08-04,2026-08-04,COST,symbol__ Stock Quote Price and Forecast - CNN,CNN,https://news.google.com/rss/articles/CBMiTkFVX3lxTE04ejU2SUQyV194ZFNDaHY4RFJ3R3E1Sm53bzRndWdCeGRNZ3BxU0dGVjJGQmpIRW9QVlphdmw1WndWS1RzT2xKbFREejNPUQ?oc=5,0.0,neutral
2026-08-04,2026-08-04,COST,"Nike’s ‘Win Now’ China Reset May Cost $1B In Sales By 2028, Analyst Warns - Stocktwits",Stocktwits,https://news.google.com/rss/articles/CBMizwFBVV95cUxQYlQ3QlBiMG5wXzdmZW5jZi1oME9Zam9VTVFSdmFTeTdjanM1QW40LXFIaUFET1pFaUtOYmpWTElSVjdaSkdiYVhoaEYyQXR0bzRpNzl6MkZwTTlMcWh5eTB3c2gtbUF1YWFiTWV5UkV5bzhqQ2trQzQtbFVoUEJnaHZvSm42QVF5b01KSmE0NW9fRFd5TjJWcF9CU1RFa1liX3hKSEpmdHhPdHRqUmZqZUpnT2RVbHJiQU0tNUQwM1lZSzlabU5SY0U4TUZIcHM?oc=5,-0.1027,negative
2026-08-04,2026-08-04,COST,SCHD's 0.06% Fee Hides the Real Cost: How March Reconstitution Triggered $0.8241 Per Share in Surprise Distributions - 24/7 Wall St.,24/7 Wall St.,https://news.google.com/rss/articles/CBMi8gFBVV95cUxOaDBtTXFZNm5kNGpoUEswMk51LXhXU1owdWpia1h6VFQyYXRpSVI0Q0F5czdDRVhqaWlSTV81VVNhQkZweTRBWjRLTmZwSVRkX3BLZkN6MFFfLWNOaS1BejBjVDBIYkRrbFEzWURVcjhTSllrNkZRZk5WS2x6Y0VBVjNrVjVfOU0yY28zSWJNdVRfaGRURWdjV1VKczJwaDF1aWw4ajRkYTFIS0pSR2tzNE44M2dnOFR6bk1jSHlrQXVWcDBaRVJlUnc1TzFCdEZVclB3ajdidXE5SllYN0ZsV2ZTVW5MWDJXMkRvZmtDcEQtZw?oc=5,0.3818,positive
2026-08-04,2026-08-04,COST,VST Stock Quote Price and Forecast - CNN,CNN,https://news.google.com/rss/articles/CBMiT0FVX3lxTE1jVmVzM2VzMjNnNUVhd0wyVFBENm9PM1QzWkh5Tm5KN09TZnFONlhtYlFabk9Xa2xDb3FSOS00NFo3Vkk5RGZQdjE1MTRoNUE?oc=5,0.0,neutral
2026-08-04,2026-08-04,COST,Wall Street sets Advanced Micro Devices stock price for the next 12 months - Finbold,Finbold,https://news.google.com/rss/articles/CBMimwFBVV95cUxQbHB6cHhIaFZoS3ZfNFJfRXpTTVdCODByelViYy1Sc0kxXzQxUWk2a0U5am5oZ1IzZUhwMzl6cjhCenE1NjdWMnlsOXBidks0bHdXenVhSU4yNTdvcDE1WHFYaXRkbTdzN1VpbllUd3RtMVRzVm9fUnJ2R2Y1azdjcmQzM3diVWYwdEcwdFpBWEpEd04zbG44ZkVOQQ?oc=5,0.25,positive
2026-08-04,2026-08-05,COST,SpaceX’s revenue rises as its once-soaring stock price drifts back to Earth - NPR,NPR,https://news.google.com/rss/articles/CBMiiwFBVV95cUxQS1B0cEE4YVhlY01OXzg4SU9jZjYtWUlPWnk3ajd5dVRoM1g4bEVTaExGZ1k1MlRzWS03VFRYbVdneVNfQWVQNEJRNXNzbS1pTTNFaDZsSXNkN2ptOU51Qks4RXBjYmVpdTdNY01ESzhrd05CTTVWRUFDbDBva3c4LXlDTG51MFR1a3RF?oc=5,0.0,neutral
2026-08-04,2026-08-05,COST,COST Stock Draws Price Target Hikes From Wall Street Post Earnings – A Look At What Keeps Analysts Happy And A Bit Worried - Stocktwits,Stocktwits,https://news.google.com/rss/articles/CBMivgFBVV95cUxOTXFxOXM0S0VCeGxGc0hoZlp5b0c0X2F4SG94TkVkZnMyQ3dYNXZmZ09BaWJlQ09ud3pDYThxRkZOSWdRc1VET212YkkwUDFBMEtQeGpkd0tFUG10VTE5clBxX0M4QUM3T3pSNFhnVTRaM2U4UHU1TzV6LUdmaVF3YlB3X19wb3lXd3p0OC0wekkwNURoa082ZjBlUzNqWnZSNDloUUlGbkRiSFllazAzeE1BQ2xSZ0R3YTM5dmd3?oc=5,0.3612,positive
2026-08-04,2026-08-05,COST,PROLOGIS ANNOUNCES PRICING OF COMMON STOCK OFFERING - PR Newswire,PR Newswire,https://news.google.com/rss/articles/CBMiqwFBVV95cUxOaUhETmVQQ1BDc2VsbXVmMlJiLTBQOGR0Rk9jLVlYR2xxUG1OcHNHUGoyZUtoRVNFcGh1b3dFZ1d0RUZwdW02aDFBZnhaay1jRV81NTN4WGx4VmltdkxPWEZLdll6eTBfQThiQjZnaEQwNVJBdkFDYml0Q2x0ZThxUWlhQk8zSWl4TmFFdmpVN0UxQXc4cVB6Q3NiRXo2S0pLOGs5ZXFmQU1VZ28?oc=5,0.0,neutral
2026-08-04,2026-08-05,COST,Booking Holdings Reports Higher Revenue on Strong Travel Demand - WSJ,WSJ,https://news.google.com/rss/articles/CBMirwFBVV95cUxOQ0YyRlRzMUZkSEdEZUEzOXRjV1JpLWlIVjZWZlFodWVBb2wwVDEtV2lBWEdaU0FUR2VvYnc2SEk5TktVNHp1ZUhmV1NlWE9SZjZoZG1ER0wtM09KS3ZHdHBfMXotQWU5NzNpMEpwRm9wT1hFbnJ0RGpldzBqeVl6YWRGcENfU0NDVnM0R2Y0TUduRGowb0dNa0dxVmRtLXZfYzJHMXUzRnNvb195c0dF?oc=5,0.4215,positive
2026-08-04,2026-08-05,COST,"Way more Americans are worried about cost of food, healthcare than the stock market: poll - New York Post",New York Post,https://news.google.com/rss/articles/CBMixAFBVV95cUxOSU5JNzN6N1B4TzRxRmtoTGVSMXNKM2VpRFRIVlVXeWFFOUM4YzRfVVRUb0F1UHozaGRscGVtTHdTeVBpNDRLTnhiUlcwTUlqU2tuMUc2X01tWW5mQkNQeDBOR0Y3SGxmY2ZUTkhYNUh4Rmx6ZW1TRV8yZmFQLTBDSlFNX2l0R1UxZW03dkc3RDBlN3NxWEVpTlpqNUFidXR1QU1xbnhncV9iU1pGZVZ0X2NlRmdiZkwzN3FaWjJDaExNTkRP?oc=5,-0.3535,negative
2026-08-04,2026-08-05,COST,Officials still unsure on cost-share model for Brookfield alley program - Riverside-Brookfield Landmark,Riverside-Brookfield Landmark,https://news.google.com/rss/articles/CBMihwFBVV95cUxPZFpCbTNqaWV4d1FPdkVOSnRkZWc0Y2xGVjhCU0VlUV8wZVpWSTU3WW42V19GNFViSE04c3g0aHpZeXlxNUY0YVJCMEdxNzFDRTExZWRBMElMaXV3c2hpbW1iaERoS3RsTGRCUldyZ1J5cV9feFI4MkhpUWhQcWttYlA0Ylhqbjg?oc=5,-0.1779,negative
2026-08-04,2026-08-05,COST,Spotify Execs Bet People Will Pay for AI Music. Stock Price Plunges - Gizmodo,Gizmodo,https://news.google.com/rss/articles/CBMingFBVV95cUxNQ3I3RzhDYmw2QlhILU5fX0tKTmdxTG5kbW5FWE1oLXJWNzVfdUk4ZzFrNk1zYVZHZ0VxV2NJUUZwNThEZ1NBb2dLWUg1NlBrMkI5WFlBSVFMeEVPNWsxTkhsU0xZTno3eTlLUDBzOWl3MjdzY0ZCd0tTdEpjcnhla05JbFNVa2RsOWNXc25QbGRsQlNoalA1OC1vZGI4QQ?oc=5,-0.1027,negative
2026-08-04,2026-08-05,COST,"Palantir Just Guided to 134% U.S. Commercial Growth. After a 15% Pop, the Stock Costs 42 Times Revenue. - The Motley Fool",The Motley Fool,https://news.google.com/rss/articles/CBMimAFBVV95cUxPWDVpMWR5WjJtQ3JTMks2NHFUYkhSU1gzckhGY3lQdUFOZjA5MTZpZW5YTHpiajBzc0xUVE1nX2V0WWdsVVZHSVE0clYwREJPY3dPNjVlMVdIcDBVX3VLS2pQSG5iZ1c2a092NzdmeHAxa3FsUnp4cXdLdjQzd2lNT2hTRHI5ekd0Y0FjYUVhX2RZTFhfX0VnMQ?oc=5,-0.0772,negative
2026-08-04,2026-08-05,COST,Caterpillar raises 2026 sales growth forecast amid AI buildout demand - Peoria Journal Star,Peoria Journal Star,https://news.google.com/rss/articles/CBMi1wFBVV95cUxOcGREcEwxakVCejhubk5yZmRKdm1XczJTc29BRjRMNTRFdENiVkpacUU5eHFOOUtoT0FVV0wyTnhZMlh1Y05nOTNEUHZKSk1iellMTU5RTEJfYVFHNEUzQmFkQXYtdUk2U01QMlE2UjdSRzNPUEdfU21BV0hhMmpJUXV6QmtGcWhRblpKZk9zWkE0N3FFRzBEMF8yclNjSUlUTE1KRmdLZXY4SHJVREFhd1U3c0xrY2pwSlhVNXRicldWNjRYWlFtRVB5aDFfZVZCeFdwTEQ0OA?oc=5,0.2732,positive
2026-08-04,2026-08-05,COST,SpaceX beats revenue expectations in first earnings report after IPO crash - The Guardian,The Guardian,https://news.google.com/rss/articles/CBMiggFBVV95cUxOQUlMai01RVBkRWk0alR2bUl1a3p4a2pEX0d3WGNiWGFpMkQtd0FiS1F3Mmx3QXptM1JLWG9EZjRpSm5SOHJYbU5VYkcxMXhBMXpmRG8yQWg0ZUFxUlFrajZsVkdIQXh1cURtX21RZWpEX1duZ0ZKUk9SbDZKZ0lJc093?oc=5,-0.4019,negative
2026-08-05,2026-08-05,COST,Explainer: Why has India's new closing price system for stocks spooked traders? - Reuters,Reuters,https://news.google.com/rss/articles/CBMirwFBVV95cUxNRklsZjZwdC1RbHR1eFVXOW83RlNmNVNyZDdGbjlLcjBMREpSMVJnWXZLakRGaHEyeVA5dU4tYzNLbnk1TDY0NnNaZWQ2Ny1nWTF0REZtOXhaak5rU3EwcjBSNGROdUJLTnVqbWpzRTlkSkdYWkp1Rm5LSzB4VGRMejQyQmM0cmNUdUt0dlNYdm9iSjl2LVdxVUx1OU15MDMwTEdGMmJCWF8xUWpiV3Br?oc=5,0.0,neutral
2026-08-05,2026-08-05,COST,SpaceX hit by surging AI costs as insiders prepare to sell their shares - NBC News,NBC News,https://news.google.com/rss/articles/CBMilAFBVV95cUxNRE9hRWJJZ1lJRGl5clJ5QmJ6UkVZZmEybmVPVlAtQUxmeHpYcllpWk5wRW1PZ1IwaWNyalAyUDhqR2x3TThKMWNTS1FzVHpmczNMMWNpLXNJZHlndWVPWW1BMHVLc3NUcGFKZV9UTjh2aXhRdnJDUXpjbDhsT1BFczRCT0phOXhLNDJUMzJxVERjZ3BJ?oc=5,0.296,positive
2026-08-05,2026-08-05,COST,SpaceX's stock drops as AI capex costs jump in Q2 - Yahoo Finance,Yahoo Finance,https://news.google.com/rss/articles/CBMi2gFBVV95cUxNakhCc2N6UVhQR0tpb1VXRUx2SlJMMkY0ZXpkNHYza0k3d0NyNWpKcGtBblZrbGVac2FBNEpIS2kyU2NYUmtPN1RQVTB5TFVQSm5FRFhONEppeldIRDdsNWtZYnhoSEhKUzJOemxBcG5Id1p3bUwzX3hzcWNvbk5nal9aTzZNbF85UzgtRURzdUFtYlZqV2x6QmQyUUdtUVFHV2RRemNSZlVWcUFGaVZPYjA2ckZ0NkJNU0JTcDFScjIyWmhROEVmSmp2cUZNeWdqZEh6WkRETmtKZw?oc=5,0.0,neutral
2026-08-05,2026-08-05,COST,SpaceX shares sink after first earnings report reveals huge AI spending plans - BBC,BBC,https://news.google.com/rss/articles/CBMiWkFVX3lxTE5wbjR2NmVoNEx2eWFOWDhUWm9CbnYxZDktb3ZpVXRPdFRSUDRqZUZtOXhLeTloSGhuQ3VLR1dqdFpUSndpcEtrT0xRSUtRczAtOTRJV3R2djBIZw?oc=5,0.5423,positive
2026-08-05,2026-08-05,COST,Bank of America doubles down on Micron stock price for 2026 - thestreet.com,thestreet.com,https://news.google.com/rss/articles/CBMitwFBVV95cUxNZm9oYlRaS0hCVEZ6RzZEOTRURkY5aEV1eXhMUFE4SFhDQXFrVklSZzZ6dnlEUkVmNzIxdWx5Mkg2NV93OGhLam9sSE9RekQxc1ZPWjVTWTVpUWJ2ZG5OUXB4c05rNFl6TUVtUWNXa19fNEdiOUh6SzhaTlRIQ3RCZk5sY1RnX0lZRnlKNDF2bmx5MVhnSk80NFV4aXRud2dza01nMlMxZVZQM2R0VlFLWG5xdjVsVzA?oc=5,0.0,neutral
2026-08-05,2026-08-05,COST,SHOP Stock: The Math Hidden In Its Price - Trefis,Trefis,https://news.google.com/rss/articles/CBMirgFBVV95cUxQcU9kT2g1MHhMbTlCTktvRFBQdzlZOWdQVGZNdHJ5UVdfcmsteWpfNkZwN3o3V25STG9vUFZYM3otaGFWWkxpcTRIZW1xZXFVcXdtUHlMY2tQbF9xQWdLT3N4TjNSblhYWjJQcWFrQ2lMTUoyYkFuNGZobzduMi11aW1VLTVoNTZOdjg3aXNNZlhNYndWN2dnRWhkQ0VrUW5ILVoxVmhDTkZOaGpIREE?oc=5,0.0,neutral
2026-08-05,2026-08-05,COST,Clorox (CLX) Stock Price Masks Margin Squeeze And Dividend Strain - simplywall.st,simplywall.st,https://news.google.com/rss/articles/CBMiwAFBVV95cUxQczRPcjBwOFNUUmVodHU0Q0lhZUxyMm05THdGTVV0MEZVQXdfSm10T0ZUdzM1RElkNkNoanFQYUlQZVhtaE1TQlFiZEQwUnU5QjItREwzdmoyYjFkRGl3U2NEcXBOTFdNMnpTZTRTLUJwdHJ1LUlCanpLNDZDVmZxVF83SWlDWmNGdlBEYnpwT09ENlNBOHdtZEQ5Z09PN0lReWo2Z2lrV21PenNSR2MtS2NNNURYcWIxWjB6cGpJcUXSAcYBQVVfeXFMTU5zMV9KRDRWUTBJd0VnenRHYk91dTB6dElQUWd0bGdZcWJsbEtCTUtQYk5HeDJKSTc0UmF0dTlZa0xyeXlQanF3d0xzUl9URS1kMzJiSDl6UHo0QWVxb0xzdVk5b29fZW9OQlYxcjRIOWhvdU0yYk8yU2w5SGJrZVpSTlJnYTdFX1k0WnJTdDhyWk5Pd1ZPS2Z3eVRBMTdOUHdHckxqWmpudXpGZmM5ZWt6SzRDOEdrOTVsNXlZRkpudXltelZR?oc=5,-0.0516,negative
2026-08-05,2026-08-05,COST,VOO’s 0.03% Fee Hides the Real Cost: 28.7% of Your Money in Seven Stocks - 24/7 Wall St.,24/7 Wall St.,https://news.google.com/rss/articles/CBMitwFBVV95cUxNZFFON3ZfOXNNZHp5aUs5b3RobmoxU25Sa2tBSUg1dTlmbXloWlJhOVU3WTcwQ09sbG9GUVlNT3hmTDFsVF9vNFB3c2xhWnlDMlpEa1g1ZFlHNTAxbk9ITWluWGwxcWhuRENsMjdwajZ0cUJZV2h1eFF5YTl6dmpEN2VxbVhiTmZKWFdud0tXeDRsV2NZQ2V1elp2eGk1VWFRSi13OUQwbTZmVFY5ZGZrVVNld2dBZEk?oc=5,-0.1779,negative
2026-08-05,2026-08-05,COST,Twist Bioscience Announces Pricing of Upsized $300.0 Million Public Offering of Common Stock - Business Wire,Business Wire,https://news.google.com/rss/articles/CBMi5gFBVV95cUxPdU1GbjZtRjlFNWpiNXQ3SjV4U1lONDNMWkpQRmE5RTNTbExEN2xVZlkwcm1FTWloVmZ1VzNINjU5NXRYczRZWlRWaHluREpCVjNKWTVuTjlsdWdLbENJcHhNXzYwV0Z0dktvZTVBZ1BLN1lKcjBtdmFQTWY1RkdjalBmcHp4RGZPek0yc2p0MTA3a2NIWll6UHliOE5PU3JzTDhhVkl5R0JlZU9EN1Njc2JEb0x4Y2YzZnoxZXZhQmNEQUZBNjVFSHFNSlBPbkNmWkRFYVJ0MGd0S0N1Z0NtSzVKcDYyQQ?oc=5,0.0,neutral
2026-08-05,2026-08-05,COST,Indian share benchmarks inch higher after RBI rate pause - Reuters,Reuters,https://news.google.com/rss/articles/CBMipwFBVV95cUxQVVdvczY0a3k0cFBWYWNRLXVWTUZudDE4Z1I3TG5lSWxLQUx4aHkyMkcxY01aYlk5V2hVMUo0cVRUOG40b2JXYW5kWjFBdXRiYTJFWmt4enA3TTZEYzNLR0tyblpsZzFrVk9SZTd2c3VaZjFCcGppYThwaDE2NTVZRm5fMkVhS180VllpSEhObG9tVWxHM3Y2RXFhb2F3elkxa21nWktHYw?oc=5,0.296,positive
2026-08-05,2026-08-05,COST,Tight Nitrogen Market and Cost Pressures Could Be A Game Changer For CF Industries (CF) - simplywall.st,simplywall.st,https://news.google.com/rss/articles/CBMi1AFBVV95cUxQMC1tb2ZZS1d2OGlqSGQyTVhOa3JhS2JoS2hyaTNhYmNSNm9yb3B5ckMxcHJ0dUNuVTVXVE5oSnc2UEVkRnZLQXF5dnlaWW55cVhuUUFyb3pva0tTdTYzVXJUZ29BQkRTMlR0dVVOZnZrWUcwdVZzLTAxWjlOcVVIQnRJNGFZM1kxXzhqckRPYi1WaGU1SWU2TENEcTNCSE05anJUNlZFR2ZCNU1hd2JmM2h1eUdmTzh0UWgwaUJhOVZqd3ZtNlBRZHlXa09OTzRFUmdER9IB2gFBVV95cUxOdFVFN1V2aHZNRHZSSGlFWHZKYnVjMGdFTEo0RHdJMldRZHhVSnF3Ynp6Q1ZPczRmWjFiWTEtWGNHVGNtTG5FTmltX0xsbjJSRWF6RS1ZWU1ydGhyNlV6UGd5MUU0OHc2YkRYTG9nMnMyX2lQVEFOaDR0UDJ1RDVJRjdUUHczb1pMTkRZbDJrSE9NZE1qRFRiYk5LLV9mNU51X2hpb3VzUE5zSEhwdm9QSlN0VWpDMzBiWldDTk1jM3VCa3lHTGh5a3RQbEQwRzVjYXF6cWo3Y3ZoZw?oc=5,-0.3182,negative
2026-08-05,2026-08-06,COST,Expedia stock price pops on quarterly beat - CNBC,CNBC,https://news.google.com/rss/articles/CBMijgFBVV95cUxQSlZHQUZsNFNtTmo5YkdGRmtLdGlWTUJaVXB4ZWJ6TmhEQWJoNmgxYjdzNVowbjk4YllNVXVjR3pya3JWMHR5LWxCRFdhdmRGMGVZVUVZdFFOMjEtTHlCejFiUEJlNEhpVnBLalNfVGxuMkpCQ2p1b29pMVYzV0pzU0JfM3NtQ2lNUkdqNjVB?oc=5,0.0,neutral
2026-08-05,2026-08-06,COST,Publix cuts its stock price amid another slowdown in sales growth - Lakeland Ledger,Lakeland Ledger,https://news.google.com/rss/articles/CBMizwFBVV95cUxPOVpBaDBBQmVUN3lUVk1DT1daRWc4N1ZYbndqNGVDSG5pSUVDUGNSYmJNNkFlVm85SXhGMUx0bWpBUk5oejlKZzJfcFNfc1dxbE1YLVNNdXZpQmt1VFVyMVF2dnlHYTZCczlfeFNZQThLTHRtZTR1Qk9rRHNabWVFMm14NWw3T0lnLVhXbDRIRDlualRQU0NTQ1FfeEk5cnNUeGxJaXo2YzFOcXBSOVV0UUxNY1FEcXlPM2lYdzJERDhFQWR1RnU0c2hCdEQ4X2M?oc=5,0.1027,positive
2026-08-05,2026-08-06,COST,ADBE Stock: Where Compounding Could Take The Price - Trefis,Trefis,https://news.google.com/rss/articles/CBMisgFBVV95cUxPQTJtYXVjcTkwZ1hOVC04TzhiZDkwZ2NaTDlrOVFnWmY3am5zZ2U4OW9ZNVNiTmxlR2lFbEZOV04tUjRqcTk0VDRlRDV2b2NvcVVXZUJfZzRyNG5aenFvbXdmenZOcFVTaXJhcFhNbG9sMGlkSGVQcVZkWTlhNTlBcGZuNTFtTU5FR2RMQmNJNXVVOXJVSFdCMFVLM1Rxd2J4V3A4Z0hyOHdPeFpodExqNnZR?oc=5,0.0,neutral
2026-08-05,2026-08-06,COST,Fortitude Gold (FTCO) Stock Profit Rebound Faces High Cost Doubts - simplywall.st,simplywall.st,https://news.google.com/rss/articles/CBMiywFBVV95cUxQeW5iMVRQUTQxOUdKblc5LWk0VXVwNEprdWhvZndlRlhjSjNHWnRpQXRhVmlRM2NIMFlmOTJNX2xhNXdjRzdzNVBYS1NCUUo0dGNkUUl2ejBJeVMwUkFxTHgxYlRvMWlFRDNhUHhBdWhiMHdlWGZSOHloM2FGczY1cnRaRXB5Rm9BbkEtYkEza0J3ck5xZ0VGbXV0bmh0OW5XN0FuWVpWWm9FWWFzNF9OYnJKVjFwYWVGeVphNUJoS3lXaDFsc1M2V2VJUdIB0AFBVV95cUxOa2ZrcS10NVZZcVgzdWJGQ0N0QlNlZU5JRUFfdkJqYlR3Ri00UnFTWDZpSlBmTklrLVZ0M0pnUkNWcWxmaXRhWnNKaDRiQ2dBbnIya2piTmNLUTRYYnZBZk52OUlYV1dub0gyU2JDUW5BLWJqTjJ4TDd6UWw0czVMWnZ3dWVvTzAxdURpRElPVFItem52N1Y5Y1JQdW9oRWhRazlGeWZxbjdFUE1ZbjNOV1FzY1M1RS1RbUQwZmRlcjd4ajgxUVJ2MS1sTWFSeE10?oc=5,0.1779,positive
2026-08-05,2026-08-06,COST,"SpaceX Stock Dives. Analysts React To Earnings Beat, Shift Price Targets. - Investor's Business Daily",Investor's Business Daily,https://news.google.com/rss/articles/CBMixAFBVV95cUxPdDZ5ZGNEdW5BOC0zYkxWVVh0Q1lmcHRkN19FT2JWaEw0ZVlOUnNXMDlQNFVPQndFd0lPX2ZpbzJueGNDNE81THJQZV9pV2RVN1BlMGdUcXI4bUJZN0M0ekZ6TnRpZFFQOGxYbmlzbTdLNVJkSGVkWmpsSjNIR1cxc01SbUJuNm51ck00aUJxZlFqWkpQQVAzclUtaDhhVm9tQmVvY3lQX0EyM000TTJmRGVzVGJ1TjdLZEduVVVoTFZuNzlv?oc=5,0.0,neutral
2026-08-05,2026-08-06,COST,"SpaceX moon crash is a perfect metaphor for rocket maker’s share price, analysts say - CNBC",CNBC,https://news.google.com/rss/articles/CBMiggFBVV95cUxOZmRHUnNUSFJ1eWwzRnVYMzljRW4xOTZvQ2FCU0pIMEdFb1N4V1RoaDJmaGdTVmlhbmNtRjJVa0RaT3IybFgyRUtDaWJJZHQ0cmlQZjg0SVBBN0Z6aXExVVFlNEpBaEJOYkQ0S3U1S2VvNV9SdEJDQlhONHo4dm9XTEpn0gGHAUFVX3lxTE9QalBUMExFUzc5b3FMaWcyWFJ2eG9fX19fdUJpWWo5VWgxNGdTazRuX3NzM2MwUHhJQVVEOVNWYXAzdmx5WkdlMjdHcmpSUVpCeXBOOTMzOHRHMGxQOWh0Q3ktNWdFZXVWTWNMVGo0YXF6MGx1SUR4cFVKUi1FV1JpYXdWWXd2dw?oc=5,0.4939,positive
2026-08-05,2026-08-06,COST,SpaceX’s first earnings reveal the cost of becoming an AI giant: Chart of the Day - Yahoo Finance,Yahoo Finance,https://news.google.com/rss/articles/CBMi0gFBVV95cUxQWUszVVFKTlQ0R0R0YVNtaUJiZjdvSVQtemx3TlFBN0o2MGxFZE5LYUVnbDlPLWZXM1NiTzFhUUpKRXFKdDBKcDBYNXhYdWxEUUNpUXdKMWhObXBXMVd4MTVpejBlZ0dWV2R0SVgyN01QN1pCWmJoUmlHaVg1NC1RanE4dDhkaDhGUTJWcncyLWNvenc4MmRBY29XcFEyZWhsYmlWNkFqZENBck1lWlI0dDdDMUlFMklMNEJRLUREN3hCX2w0X3BobDNYY1lxRE10SUE?oc=5,0.0,neutral
2026-08-05,2026-08-06,COST,"Many bought this stock to play the GLP-1 boom, but it has bigger opportunities to boost its share price - CNBC",CNBC,https://news.google.com/rss/articles/CBMipgFBVV95cUxNVGNPbVhDVlpneDBPNW5OTFI1XzNRcDIzWGExenViYXU4dVZ3c3BSX210cG1MaGN4ZjY3TzM2aU1Gb2RXM3JOQThNb1JFNWExNzh5STNRYk40VTBYNk5TZmlhUkR0aUo1WFN3RktwcVVpSHV1X3NUcHpzMS1Nd0hsNUVzaDZiUUFSUkNnb2NKMGl0Ym43a2dDVVRnbE91QWxELWpIXzhR?oc=5,0.8873,positive
2026-08-05,2026-08-06,COST,Price Prediction: ON Semiconductor Stock Looks Ready for Its Next Move - Yahoo Finance,Yahoo Finance,https://news.google.com/rss/articles/CBMiqwFBVV95cUxOSU54VUtndmh3aWZSeEpqRUFQbnhnQ203VUZtQ0dxWU4wX2k0SVNvUXA2QXFseWkzS3Z1SWhnSFB4dnQwTW5FTzBiTXRYNVdXbkpoNzdpLXJIc0hKY1hUWHFiR0libk5RSDY5OUs2VGttblBKWnBfZTBkVV9YbHlvdmpaa28zLURiZVdiN0d2SUZmNTlYSXlVVW9WN2VjNlF3YjFuTTZRZEJ3Znc?oc=5,0.3612,positive
2026-08-05,2026-08-07,COST,HSBC: What We Think of the Stock After Earnings - Morningstar,Morningstar,https://news.google.com/rss/articles/CBMiiwFBVV95cUxOS1A5LVBsUm1rcG1uY1RyUlNfajV3UlNPWTZFdlNndHdpV3FiSGVQa0FxWlQ5Q21qMVFEOW9QOXdYcVBzYmMwNjNLWEIybHcxV0Vtel9SVVJNS0hOcHRfSUluZER5ajdKV2NiZGx4U0x4UlZmZld2ZS1jVmEyM3RwckpUUG5fYjY3U1Nr?oc=5,0.0,neutral
2026-08-06,2026-08-06,COST,"Jeff Bezos Says a Company's Stock Price Doesn't Always Reflect the Business, a Lesson From Amazon's Dot-Com Crash That Investors Can Apply Today - The Motley Fool",The Motley Fool,https://news.google.com/rss/articles/CBMihwFBVV95cUxPSWNadEtybGJyNlI0bTlzU090b1pDNnd3R0NNV2NRR0VMRENVaUEtcTlfb1llOG5PWWlsb1A0ZmFSV2JZUWRfVkMtcjBXTkt3Nm9abzBCSVhUMHI5U0NWRGREZ25HVk54SXRIU3VZb2ZaMUZuTTZIRzRkd2JZWlZ5MEs5QTNqazQ?oc=5,-0.6808,negative
2026-08-06,2026-08-06,COST,red violet Announces Pricing of $100 Million Underwritten Public Offering of Common Stock - GlobeNewswire,GlobeNewswire,https://news.google.com/rss/articles/CBMi8gFBVV95cUxNc0JPekZzRGcteE1tNVRxd01QcWZMOUd4dVdSUzJNS09SemVBckRSWkMxX3QzTlp3U3I2NVlkb1hCeElxd3RuTGx5dzVOVm1RczVLNE9VMDVqS1VNbDFjTU5XTnVwSG12bll5dkV3c1hRc2pMZHAzT2hPLXh5bmFDUDBVcjJBbXdEVXNkQ1dva3otY08zeGQxczkwVmRHVXpkRlVMMmFjTzNpRDhsRDExTGdfTHQtbU40eTZYN095UVV0UU45bmc2OERzSXE5SVZKX1E4VFc2Y2NIMUlwWThvMW9NRFJqYThaY1AwckxnbHFaQQ?oc=5,0.0,neutral
2026-08-06,2026-08-06,COST,Amazon Cites Higher Memory Costs for Raising Capital Expenditures to $220 Billion. Here's Why the Micron Stock Price Still Dropped. - The Motley Fool,The Motley Fool,https://news.google.com/rss/articles/CBMimAFBVV95cUxQczZza0RoZWktazIwX2ZEeHJKb2JERU9iLTZGbWNVeFJYQmV1ZnB2QmdSV2JNY2lMblh0SXNEVjlrSHM1OGU4dlF0M3dSQU5IY2JJcWtUak95MXNocGhnT0Z3QTBoRVA4d0JRVExYWDlKd1RXWEE5czJUWHR6STdYTmdkQ3N0c1RPamp2WWtuVC1OekdUT3NTVw?oc=5,-0.296,negative
2026-08-06,2026-08-06,COST,"SNDK Stock Plummets Premarket: Analysts Cite 'Muted Pricing' Guidance Despite Record Revenue, $14B Buyback Plan - Stocktwits",Stocktwits,https://news.google.com/rss/articles/CBMi1wFBVV95cUxPN2l0Y0lPa1ZOVnRwc0Y1dW9WYzJneVFLcm9PTWFHRFdFX1VnYmo4d3Y1SjVsT1Zob3pJclIxaUx4b2c0Yk1CUTU0NjB6UGZxZHpXc3BfV0VLaDB4T0Jha3dBZm5YNmpfdDNxSnZKZExabHFETDNuYXpWOVJfTTNFQnE5TFFWOW1aNEU4NnRNd0ZKVGlzRE84dE52bEIzTWN2cThuU1RHY2hpN1BLR0Y2SUtWQi1ZeFJzWncyclVyNkJJaU1WOVlzZXFwNmFLTVV0dU5jbW1ESQ?oc=5,0.0,neutral
2026-08-06,2026-08-06,COST,Teradata (TDC) Stock Price Reset Sharpens Focus On 5.4x P/E - simplywall.st,simplywall.st,https://news.google.com/rss/articles/CBMiuwFBVV95cUxQX1VSM1NtaVFZQU92Y2I1bnd0MW5wSmMwWmZtcVNaZ19aSWo0U09iVEpoa1hNNkNyV3JXUUk5bTQ4cXFNTUVscmpqRzJlOEU0a2ZNOXIzY29kU3pFbXhOOHBKd2RtZTN2M0Q4XzdRUHdzS0lHOGdoQXJMd3pPVHBfek1rNXc3MlNYTzNwUnVHODdzSWlkQTVJbkdMbHBfMlo4S3lBQ2duWHp6WEFSdVZ2X0JnN0ItWUxJNUVr0gHAAUFVX3lxTE1oTHo0VGxoV09hUFplYUFvUHVjS2ZQT1ozUkhiYjlIQ2JnQ0RPTzJUYjZmVF9VSk9zclRQazRxTnRXQldJM2hxUk84aDQzODFNaTJYRk1FYjdpMl9UVTNub3pUQTQ4ZFhxM3g1X3N5S2pJQXpodjZQWGNIQ1dEQVJhWWlhWmcxaHlWei01dVFZdDRIcEpzWlhTenNZNG1VM1JmS0NpWkg2cGY2QXR5ZmNlMkxTaGpQR1B0a05YdUYzYQ?oc=5,0.0,neutral
2026-08-06,2026-08-06,COST,EOG Resources (EOG) Stock Price Sinks After Record Profits Spark Durability Doubts - simplywall.st,simplywall.st,https://news.google.com/rss/articles/CBMixgFBVV95cUxPSnNaRWttc084WDdYd0NlcjZ5VENRQXgzNnVrRUNjNFo5eG05VW9IUmktLXhRTjJ5SDdacVpSWVNsOEZmdWotT1paZl9ZVmlmNVpNQ0cwMzl0MXJPci02N3ptclZrY0g2d1BId3NnVGt4Tm5RRVNBRW55TUhTMmtiRVI4SWhXUzdOWGVVUHNwNXZQSXJyMkpiQ294VENxYWVaOUhGeXBPQjF3QzFGZXBGazdyQmpfTHBhNDBmdTJjd1IxSVJ0V3fSAcsBQVVfeXFMT0hPY2lRM0xvcVpwXzdpRXR0cmQ1bVUxcEprMzBkbmFDTWVOUWRsY3JnVGxBaGUwaDRXZ1ZFSXlOdG9YTlRMdHBCVkMzN3ljSTZlcXJidDZxTFIwQ1hxWU1BbldodVRkWk5CbVBLWk8xbG9RTDlwaThQbzhCOXg5dXA3X1Ata3JmdElIVk8zYnB3VF95cEZ3NERuWUxUTXZ3VnlidHZtRnhPZ0Rhbjl6V2t6OFBpMDNBQjZ6cVg3T2pveUlFdWlDbEhJQXc?oc=5,0.3818,positive
2026-08-06,2026-08-06,COST,Ferroglobe (GSM) Stock Jumps After Profit Return Faces Pricing Pressure - simplywall.st,simplywall.st,https://news.google.com/rss/articles/CBMiyAFBVV95cUxOOUtEOG1SUG9IWjhWZkEwTTF4UHJCa2QyakJ4THdDanRDNkVXOTBMTzRvZVdQbGx4cFBjME5YUWUzdGhsdzhvT0hzZzVIQUdGRnh2SlN3UnNMZEJMdTlYRHhBVTFoR0dMUzIwbTZvelplQzV0aUFEbVNzZVh1SV9OWV8yMUpPQjlmclI1SWZrVG5FS2hzaVdmcTgtZ3pURmpoTjFlNElRZ1VLZkxDVWswaTg5cE1Qay1XOXd1Wmx3aTJYcEFad2tWSNIBzgFBVV95cUxNRGxwRkY5YW1naERubmhwV0IzT0pMTUF6TDhDejNGTkpFN21GQnlIZG9ZTXp5d0NfcWtOZjhzSWw5RHVkc05fQXFWS1JuWlRzNDFLd1NXRDZCaUNEN1RpaTVoNHhKV1A2djAzVWZXejJkak5XUWtiWm5FWVFUNTdxR0VNUUkweVB4SDM1UnFLbFlkUlFVbzNxWmZmRDN4VUhLM0NqSkZmaFRUTk5jXzQ0Y1JxT3BLUEkzYnlySFpUaTFPYzQtYXhLLWNQQWwwQQ?oc=5,0.1779,positive
2026-08-06,2026-08-07,COST,World's biggest spirits maker pops 4% on $1 billion cost-cutting plan - CNBC,CNBC,https://news.google.com/rss/articles/CBMikAFBVV95cUxOTlFXUHk1dUxkQlJaeFc0LXBIYVhtUG9mQkZRN3dCdWZFX0RaZVFUMnQ1OFRfMmtMc3YtTGNOekg4OHh1TE50bEhraE1DUTdtbWRBcjhNbWg0eGxhdEl4Tm40SHByNHpoQ1BxcE0ybUVrQmpzVlUweUFWZnQ3dW14ZFdCUHZlVURYRnFBczNCX2rSAZYBQVVfeXFMUHg0ZWJ5UnpLanVqX3A0aTJaRGFsb0lvMUpCVTRIeWVhM3pqdXlBYnA0bS1LOFhoNDZDXzE2SDVHMjJZb0U0M2Mza2lzTEVpVzlLaGRTc2dYVHBSX3NMV1dfbThJek44NWZJcWFUdTVxT1d0ODR6SFItYk1tYWNMaVcyR2Z5bXBWMFVoQURaOFRRUG5pZ3RR?oc=5,0.0,neutral
2026-08-06,2026-08-07,COST,Figma Q2 2026 earnings beat but stock falls on AI costs - qz.com,qz.com,https://news.google.com/rss/articles/CBMib0FVX3lxTE1XaGNpbklwMGVMSmhVaUdNVnhYMjZFWjRQbWR0cV9OU0VaM0VaY3dKOVJ2dkRuVjNONEJfWkpJR1VFMHlTRTdTY0pKaGVoTnlIcWFaNkMtc29tTFR4dUt4cGxPOWdGVDY0VDdWVm1UMA?oc=5,0.0,neutral
2026-08-06,2026-08-07,COST,"SpaceX, we have another problem: 900 million shares unlock today - Business Insider",Business Insider,https://news.google.com/rss/articles/CBMipgFBVV95cUxOWnRiWTYxOXVpalRfeWtnUDJmMmk5UGE3NHZ0UDVUX1M4d1VrRmsyNGVLUmlQMmF4M1FyaTJIUEM1bGg4UWw1bHlGOWxRdXN0TGtCNDZ1S08wY0pJanVHYmIzOXVMakpkeG9PNzNqT0RZWThHckVIcjFfd2hXYkFMZ3gzZ09WME5ILTIzSVNxNXFiaXpoZUpPanJNX2dQLUVZczA4RzNn?oc=5,-0.128,negative
2026-08-06,2026-08-07,COST,2 Analysts Just Upped Their Price Targets on Fastly Stock. Here's Why. - Barchart.com,Barchart.com,https://news.google.com/rss/articles/CBMisgFBVV95cUxOaWdlcmltVThISm5UckpIZjRXNUtjZ2hQUm95QkdSUkN1elNVUWNQTVcyc1hHTmVBY19DUGpXWEtNZTlsSXNTQzZRS1lWWWNnOUpyUEtXdHVlRzdDTzJ5NW9TME1kM1R4cmlPMDQ1TldET250UmhOZjRERnJ1X29HV25rZ1NEbGJJX2ZGeTJGSjZDVXp0aTBVckE2R0JCZDRYQ0NjV1Ywd0R1S19qVk9VSE5R?oc=5,0.0,neutral
2026-08-06,2026-08-07,COST,SPCX Stock Quote Price and Forecast - CNN,CNN,https://news.google.com/rss/articles/CBMiUEFVX3lxTE9mNFpQdmpQSHpfbjh0RmFkcGxLQ1d1dWxoeUoxMTUwM0pnRmYwRDVjMFlvdVNKQm85LUsxSjNVZFlSZm9iSmYwRkJfSVhlNmtK?oc=5,0.0,neutral
2026-08-06,2026-08-07,COST,Albemarle Earnings: Shares Rally on Lithium Price Outlook - Morningstar,Morningstar,https://news.google.com/rss/articles/CBMikgFBVV95cUxQSG9ndHlpcXJZSzVocUlmWGJMTnpXYm5uMHhSMzQ0ZEhuQ1Z6b21LdEgzQndFdlVWS29XTWlvMGJydDZZakhRUUFTUkF5aHVna25EQ1plazY4Mm5wM1VzNTlHaHdmVXRIMTRjYmNoOVVWTThXbUVMeThra3ZuMWFWWkt3Q2dwTnBZYXhiTEVpYkdQQQ?oc=5,0.296,positive
2026-08-06,2026-08-07,COST,Prediction: Tesla's Share Price Dip Will Prove an Excellent Buying Opportunity - The Motley Fool,The Motley Fool,https://news.google.com/rss/articles/CBMimAFBVV95cUxOY1RNRDB2aE41b1JBZXpCOUNlT0pHYnBkdWREcXlqR3dVeTVaTVEwSDFIS05fU1RoeXNCclRyak9yVE5NUjh1Y012RUMzQXZvNmJSV3RiUEhBcFFsVEZ4YXRBNjBxQVNuLUR6dzlOY0d4UVd1SjN0bFNxU1ZhaVdtRF9yYVMtZjBNMmE4ODNUZEtfVF9memJLRw?oc=5,0.7003,positive
2026-08-07,2026-08-07,COST,Diageo: What We Think of the Stock After Earnings - Morningstar,Morningstar,https://news.google.com/rss/articles/CBMijgFBVV95cUxQcnVnYl9OUklVNkxFd3ZkQ2tHNGVLanR3VmlnbGZtRzBzWDNSWDFGNFA3Ry1qT2xRNFhaOXFyQzVabGNkNVc5U1d6Q21zTHBPam81NGJremxpSlJYSzgzbHc4UWZKN3BzemtzRmxaYVhFeGFUZTZEaHQyTTJVZTZ0X0lhTzhXSWxxeklmX0xn?oc=5,0.0,neutral
2026-08-07,2026-08-07,COST,WMT Stock Quote Price and Forecast - CNN,CNN,https://news.google.com/rss/articles/CBMiT0FVX3lxTE9NemgtNE5ubzhjTGxSbnpGcTdPSzBWdS1rSmZOMWZCYl9HTmc3ZjhYbkYtbmQtWGpBRElyNjNTM2dGeXNsTnprNmY3QVJkd3c?oc=5,0.0,neutral
2026-08-07,2026-08-07,COST,I asked ChatGPT where the SpaceX share price will be by 2030. It said… - Yahoo Finance UK,Yahoo Finance UK,https://news.google.com/rss/articles/CBMiiAFBVV95cUxOcUVyRHRRaksyZ095SFFpTEZabWhjYS1tTENZQTg4TkY1UHlEb21va1U2ZWNJUGk0UmF6d2ltTWdxZ3pOQnZLY1VybFBVSlBvQ0RWcXpQZ3hFX3FMdmdhMzg4dlA3M1h0ejNpMGJncENxbjBGUHY0YkN3RmQxYllJMlBmY3FsYlJ5?oc=5,0.296,positive
2026-08-07,2026-08-07,COST,Costco Wholesale Corporation $COST Shares Purchased by Sarasin & Partners LLP - MarketBeat,MarketBeat,https://news.google.com/rss/articles/CBMi0AFBVV95cUxNdG4wQmgyYTZLZ3RCeGJoc0hrUmhTVmIzcFdwNEYtOUNxaGo0d0E5UHEyZ3RUVnlJbDRNRWxfU2MtRUlRM3d4bGhCMjNsMldXR29FRlRBLVdqZjRhV3BrTFF2aFdQUzdtM2h6RVZEdW10LUlxRlN3WWQ4MHBPaWphU3dDVXhGRWJINy1jQ29xTFNBeXd3bVI2X1JMeEZ5OWt1SjVXS193eXVhQ3pkYk9uRmxqaWFfWEhpM2MtRVk3dllnRDMxaFQ4TjI5Z3N3SzVp?oc=5,0.296,positive
2026-08-07,2026-08-07,COST,Totetsu Kogyo (TSE:1835) Stock Price Slips As Margins Hold Firm - simplywall.st,simplywall.st,https://news.google.com/rss/articles/CBMi2AFBVV95cUxPcVdQT3dySUpjUEl4V19CMVB5YW0tTjBhUGlQQWhQSm1SQXlONnhiVHVhczlKOHlmUkt4TDFuWTVqQjlGN3F1WnZZeWl0aGs0eEVnOXhabWp4ejJBSS16MFdXN2k1SThfSjdrOTV2TlExblctVUp3UnB1OVZUTFd0cnVQamRjTi1CekoxVEVOZUgxWWRPZXcxN1FwZ2tZZndHd1FXeXUxeHFhVmdkczQ3cE9fU200UE15cUNUYU9LVjdWQVdzQngyWUE4Tjg3MmlvaTJtNDFaNWfSAd4BQVVfeXFMUHFoampMbVNWRzVyRE9MMGZ6RU5ITlhtVGVkbjZpMGZZRDFDMkw3eHh5UFc5VllFbkxISElFVW13OVJtV3VHYkVsLTVSdmtISG82RHVLRElyb1VWQ25FVnRGRUdJd3RtajczazA3ZzRVZzFROWdWR0xOdE1rRU5HSGVZak9jWXhNYzNLYl9IZld4RkRLb0FvR241RWxNN1hRZGo4ZVJISWx2SVM2cTZ1X2ZEODR3VllGVlRDVjVrNFJVd3VmaTBQVExTZ3lNTFhsRkk2aWx0TDV6UVZrS0pR?oc=5,0.0,neutral
2026-08-07,2026-08-07,COST,Persimmon: What We Think of the Stock After Earnings - Morningstar,Morningstar,https://news.google.com/rss/articles/CBMikgFBVV95cUxQRFZQSkR3S3pqdUZOTXpQemtXcGx5dzNfY3JKc25GUXJhamhFRkpYQURTbTMwb3JRMUdWU1RNYkpfLXJPSGwwUTNLdkJEOURrNHVHdFFFWlhOMWZ5eE5yN2t6aFdSUzRPN0VQTnNHY0NjaVpXQ1RIY1htbnNsM2FVZVY0VUU5QzlZQjFRT09qYjBuUQ?oc=5,0.0,neutral
2026-08-07,2026-08-07,COST,JNJ Stock Quote Price and Forecast - CNN,CNN,https://news.google.com/rss/articles/CBMiT0FVX3lxTE9weE5QcktLckczbFNmMFlOWEllWHl0S0lhQ1VYU2x5Zmszd0Y0YXZ6V2hTU252TW1JNWxEYWNtUWRCaFVZVzhDeHlnc2xyYUk?oc=5,0.0,neutral
2026-08-07,2026-08-07,COST,"Czech National Bank Acquires 5,395 Shares of Costco Wholesale Corporation $COST - MarketBeat",MarketBeat,https://news.google.com/rss/articles/CBMi1AFBVV95cUxPaFNKQWRRQlJnZm1FWUVpaDRBZTFiZ2loRWQyM1ZQbUZBeGxxNDd0cEU5czhTVnZvbDVMaWdyRF95d3hhamZsVTdZVXdrYUNRWXBQVHo0cmtWWlh0ZEdRWENkZGhlN1JiY1pHd1FpakZlN3hqSnlaZm0yb0N3M1hlbFlZTkFnUDkwS2VVSHVCLWJzM2JBY3Bsb1RGN2VPTGhUanQyeGZLSTZIQ3ZYdnFIc3NHQmp6RE01SHpaWGNqbUFELTNVTHBxOVY4RTYteWRMdGppMg?oc=5,0.296,positive
2026-08-07,2026-08-07,COST,Allient (ALNT) Stock Price Surges As Margin Gains Reset The Story - simplywall.st,simplywall.st,https://news.google.com/rss/articles/CBMiywFBVV95cUxOT0Y4QlNvSllyeWc3Z0lueDB5R3poeVlTcW8ydldrN1RwNE1meWZQT3FZMTdkTHRzZk9RdnRRUHpTQ3VFSmF3aDFMX3Q1dUVfVXFJTExEOWlJWWd2Y1FpM2dqUWQ0aHpDRmV5ZVE3N0czWTZwTDRHZ2hHRFVJbUM5UjJKcUthOUJLOTlBWmdzSHp0WnFfNElDZjdkSmZnSnpvQ0NwRUNKeWw5QzZadDJ0Z2c1V1dSRVRpVjZaeDd1LS1Tam9zbTN6WXNtONIB0AFBVV95cUxPd3lrazdvZk10cmNyN0FzOUdlRXpweGdSUTh1dnJPTndwYmJEblBKY0ZHMFVCYWV3aW5BVXhZbG5PZVhqWVNkYUZDMzF4N3RpaktxYlVEVTBqOTQ2NHVGcHJkRWowc184dTdRZFlEcE02U0NqZ3M1ZU9sU0thUEtBXzh1dV9HM2NGZDIyZFViOUk4RlJEZ1RVcVI1czZpQjMzTUZsLURzQ2hGandvQ1ItaXExbmxSOTVtbU9ta2JnRFQ2YVYzTnUxV3R0cmEweUYx?oc=5,0.34,positive
2026-08-07,2026-08-07,COST,SNDK Stock Edges Up Overnight: Jefferies Slashes Price Target By Nearly 50% On Memory Growth Concerns - Stocktwits,Stocktwits,https://news.google.com/rss/articles/CBMi9gFBVV95cUxNUVNTVkRZY25FVV84OEsxajh5MHB6NEE2NjQ4d3VVdDhmX2JRYjJCM1Z1ZFViNVV4cHdScldvU2pNSlNUSDJBUm5wc2lJNmVMTkx6cXJmeVZSdS00X3BKNEhQdnFKX21NVVVaVGVhbjUtRF9GM2ZMcUtDQ3NuZFpta1FkMi11Q1JyTEZfV05LbzZuQWdPNkdZem9hWFk5VlBmZnRTVGV5MGxBOG9fMUZsRXg3T2NKOFA1dzQtaTV5R3VScHJURzRyVUhtSG01VWh5ajRwdzdwaV9rTkJDVTNvWWR6WHQ3ZHdHVjRmYXBrOWdZal9BekE?oc=5,0.2023,positive
2026-08-07,2026-08-10,COST,COST Stock Draws Price Target Hikes From Wall Street Post Earnings – A Look At What Keeps Analysts Happy And A Bit Worried - Stocktwits,Stocktwits,https://news.google.com/rss/articles/CBMivgFBVV95cUxOTXFxOXM0S0VCeGxGc0hoZlp5b0c0X2F4SG94TkVkZnMyQ3dYNXZmZ09BaWJlQ09ud3pDYThxRkZOSWdRc1VET212YkkwUDFBMEtQeGpkd0tFUG10VTE5clBxX0M4QUM3T3pSNFhnVTRaM2U4UHU1TzV6LUdmaVF3YlB3X19wb3lXd3p0OC0wekkwNURoa082ZjBlUzNqWnZSNDloUUlGbkRiSFllazAzeE1BQ2xSZ0R3YTM5dmd3?oc=5,0.3612,positive
2026-08-07,2026-08-10,COST,WPP: What We Think of the Stock After Earnings - Morningstar,Morningstar,https://news.google.com/rss/articles/CBMiigFBVV95cUxOSUZOdGNkZnNEWWxWQTZFRDdTTV9CeUE0cEdOdlM4Yk44cDNjdnNUSVlBWTk0bklzNDBXcTdQUHZRVEIxWmg4Nk9Td2d3eDQzRk9wWkNoSThYNU41dklPemNqLW1uak9nTmxVMi1TYXlQM0dOUzhVazhkOGs2bFJKQkt0czRBV0xieGc?oc=5,0.0,neutral
2026-08-07,2026-08-10,COST,COST Stock Retreats After Hours On Decelerating Comparable Sales After Strong May Performance - Stocktwits,Stocktwits,https://news.google.com/rss/articles/CBMi7gFBVV95cUxONWNJMUNWVk1sbFBCbkpaMlV1dGpWNHplc3VFdUFfNlc1N3lwbHYwNTdPbFdLWW1tcFJ4akNfMlRuaENNazktZ1ZrdVN6bnktdDdVU3pQSV83VWtYdE5zdDFIZ3pTNkM2aU9MUVUyVVhYM1htMC1pSGVPb21FSGVNYlg5cWt6RUFiaUN4a0pPd0JLS2ljNUVZUzlVMnQ3d0F5bjVTc1d2WkNtQnQyWDlBbU90dlZzNzlxYUhsdTVCSUt0dWNqMGdPZmRJSXhCUG5ET3VFc1Z5OFR2RkFDeTYwOVE5UlNsbVhLQ1lpZ1lB?oc=5,0.5106,positive
2026-08-07,2026-08-10,COST,"Coinbase stock price today: August 7, 2026 - Yahoo Finance",Yahoo Finance,https://news.google.com/rss/articles/CBMinwFBVV95cUxPUlpjbXZHYmNFQmpSX1BoMkdUX2VSZzRQUEJpZVVzcUxORm9uWFN0X0xfaEo5aTNoYWVsdkI2TDdyODc5eTJ0NlUyQUM4TU9VZm80MmxzUU5fVGVaa3lQYWEzMDBLaFNpQ2ItYjNsV2tRTGRiZWtZRUxHcGR2VlRsaHUwekV6SE90SzBKMEtxVEczVWhlVUs0Zmc3dGhoMzA?oc=5,0.0,neutral
2026-08-07,2026-08-10,COST,U.S. Stocks Notch Fresh Record After Jobs Report Eases Rate-Hike Fears - WSJ,WSJ,https://news.google.com/rss/articles/CBMiswFBVV95cUxQeXhpWklsUWJ1bklDSzk3OFhCeUhOYWdkWlVnMFp5RkhjOGNQUmxTbmtLaXYxU3FQTXhPS21XbUtsZDRIXzVLZlI2aEVBOHlkNVBrdnRnVTF3TlczZWwxNTQ2N21kbm9XSk1ONWNnZnFnMk0wSUliU2lKLTI4QllQSG9NMmo0ZURzUFRvVC14UWZZU0JqUDJZUHd0WXQwSW9VLTEtRUhnNll6dC15UzR4VzF1UQ?oc=5,0.2023,positive
2026-08-07,2026-08-10,COST,BA Stock Quote Price and Forecast - CNN,CNN,https://news.google.com/rss/articles/CBMiTkFVX3lxTFBfc2dScnU5N1REM1pqeUJYVE1SR29tR19PS0F2aDl1bnVNdUktVzJ0X2pRN2hBeU9CQVppaU5BZEdHZURGUkRQQlZqOE1fUQ?oc=5,0.0,neutral
2026-08-07,2026-08-10,COST,"Wall St Week Ahead Inflation data to test record-setting US stocks, Fed rate views - Reuters",Reuters,https://news.google.com/rss/articles/CBMiwAFBVV95cUxNT2tydC12dWhpUnJJXzhSQXpxNFR2S2VQamVXcTAwMms4YWNSZnVwSnJEeEtMMi1WZW1EQkc2dzJwSEt0V0hBc3N1VUxHODRfZkhodk5teVg0NHBGS2xBNHVTczA2U1NvTE4xR1Y0dlVDVE5mOWpqbnIzczZiZ1drb3d5V3VWX0xOLUgwakItMF9jTXZzR3hhNWZjRXlnaklZcFg4MDZzOGtZd2RaZkhsT1laaXpST3NUR2JtVFlCNEo?oc=5,0.0,neutral
2026-08-08,2026-08-10,COST,Costco (COST) Stock Price Forecast: June Sales Up 10.6% But Stock Fell After Hours - Short to $899? - TradingKey,TradingKey,https://news.google.com/rss/articles/CBMizgFBVV95cUxNRzZhVEh2RktiaUpZMldjMmJiUmx5V3lBdUhhVUdxVHlYYlViT3RCeHF5N0lmVmZ2aEhpdkFCb2pwWmpXZWg4YUZ1ejJHaHRIckVDSWtsQlpLbTBzTk1FVDUwOE85SFZHSVVuS2dvWEVMeVU5TGU0b0lHZHpvM3M0ZmxoYzJIRWpEdDBDS2dzbndXOUFNc0U0eC1NX0ZqenhfTHZVNEZTV3pVQ2lqYUZkbzZzQlZfODZ5TjBGUnhlaWVBd0VaNzBwY01uNE8yZw?oc=5,0.0,neutral
2026-08-08,2026-08-12,COST,COST Stock Retreats After Hours On Decelerating Comparable Sales After Strong May Performance - Stocktwits,Stocktwits,https://news.google.com/rss/articles/CBMi7gFBVV95cUxONWNJMUNWVk1sbFBCbkpaMlV1dGpWNHplc3VFdUFfNlc1N3lwbHYwNTdPbFdLWW1tcFJ4akNfMlRuaENNazktZ1ZrdVN6bnktdDdVU3pQSV83VWtYdE5zdDFIZ3pTNkM2aU9MUVUyVVhYM1htMC1pSGVPb21FSGVNYlg5cWt6RUFiaUN4a0pPd0JLS2ljNUVZUzlVMnQ3d0F5bjVTc1d2WkNtQnQyWDlBbU90dlZzNzlxYUhsdTVCSUt0dWNqMGdPZmRJSXhCUG5ET3VFc1Z5OFR2RkFDeTYwOVE5UlNsbVhLQ1lpZ1lB?oc=5,0.5106,positive
2026-08-09,2026-08-10,COST,5-star analyst resets AMD stock price target - thestreet.com,thestreet.com,https://news.google.com/rss/articles/CBMijgFBVV95cUxQMEFqUEV5LTFsdkhpYXVpbkJYTjV6aHk0Rks4QTEtc000WTdPR0QzT19vSGx3emlONXpUcFBsclhsYV9ic2t5WUZZOENHbHN0ZW1hSjlZWlE1c1lMcml1S3ZKTmF3WDVfYVkxQUFsQUNkYTZ1S1BuQVRtME9TYXRWZ0lpcVpiUm00bWtWYnh3?oc=5,0.0,neutral
2026-08-09,2026-08-10,COST,What to Know When a Victory Capital Insider's Stock Vests on a Price Target - The Motley Fool,The Motley Fool,https://news.google.com/rss/articles/CBMiwwFBVV95cUxPaU9EdlJnOGpjTGtGcjRwYkNzQzYyN2daZjl2Qm5kazM2eTJGY1hha3FpTlg1eklSbzVqRk1WcnRHSDJ1eVhMYm0zaWRZYlhpZkM3S2Vwc1hiWUZxNW1XSEFfYjFMa0dpYmkwcHRWeDFVZkZ1NW5EaTc2QzBWYVREbUVCMlY2QlhMcmhsNDhKT1N5SGZ2S19BNGR0SEV3bzA1U1hWbk44QkFnbDlkVDRfWXZRc3JpVU5GUXQtSnNvMzRfY0k?oc=5,-0.4404,negative
2026-08-09,2026-08-10,COST,Chevron Hit Its Cost Target Six Months Early and Set Records. Here’s Where the Stock Could Go - TIKR.com,TIKR.com,https://news.google.com/rss/articles/CBMiuAFBVV95cUxQYU84Q3ZSV3JKX08wUGpaamFJcllUVDhPOUF0NkQ2VWctYm54T2l0MGFnUXJDWGtUejQ4ZEhMOC1CTndUR3k4bWF0MXA4Zk5EcVo2UFZ6UkJ4YzJ4c3d3a2FnejBxeENQX1pOTXdNbm1VN213V0FfdmpDUDNjNlVVQW5rZ3pKckFnSGZJS3FkanVnTzROOWVwb3JGUktSd05vaHE0dUQ5YlBjbEFnMVNqRk1PY09ELWwt?oc=5,0.0,neutral
2026-08-09,2026-08-10,COST,Berkshire breaks 14-quarter selling streak with $23.5B of stock buys — $10B went to 1 company at a private price - Yahoo Finance,Yahoo Finance,https://news.google.com/rss/articles/CBMiogFBVV95cUxQU1l3bUVhMHlwTHFadlhrSmJMZFl5TXVKazBDNDRGbXFVcF84QkZYU2EyZnM2LVZkb011aExwU2c5R3VzRjBySVlkVGVKdHhBb09MSHE0WUhVVllLQWlYVVcya201UTEzRlNBVFlJTWhXZ28yNmxqdUp0RXBuQnc2VFEydVpaVkpKNG1wc1ZlQUVwQVNld0xWM1RzanRnSFVKWXc?oc=5,0.0,neutral
2026-08-09,2026-08-10,COST,Victory Capital Hit a Stock-Price Target in Months. Here's What the CFO's Latest Insider Filing Shows - The Motley Fool,The Motley Fool,https://news.google.com/rss/articles/CBMi5AFBVV95cUxPb2FVcy1MQmJzWUczZ2g5WFVVZTV6YlYyN3FyYW1jVWxlcU9pUHhBdDF0WXNkSk9uTWJBaUZfTGIyRTZacEd1YlpVY245MFVhb3ZxQUtrcUJmdGxxYklCUmhuZFF5SG95SEg5LVMyamZMSFlxUFJfQVo3aElrMW9EdXZDQmJ2UTIwV0djTl9yWmxnejRzc0JVVy10aVdvVVdjRjlSaGdiVVB0U2dpSFpsX3pFSkpuLW9DLW9sdS03RWZGMlJyc3duVjhEODg2Zlg4elM4ZmtSQkV0OTFkeVU4eExQdkw?oc=5,-0.4404,negative
2026-08-09,2026-08-10,COST,Walmart (WMT) Stock Price Prediction: Where Our Price Target Sees the Stock Going Over the Next 12 Months - Yahoo Finance,Yahoo Finance,https://news.google.com/rss/articles/CBMioAFBVV95cUxPQW15c3dNaVBvVjBEaUVCRzlYZUJJa3k4djVYbkZacjNWY2VRT3RVcWZIUmF2OGpvU3VCV1A2Ul9NbHFqck5wOERha21RaG1qTmgyTHJ4UmRFNGVCMFJrWFVzNS1IU3ZWR0paV015N2hwNzZQZUZUNXJuTHFQUGw3aGdoRUJHb2F6UzJjRHFLSnFiWnhYcVhSaklVdF9oT0xf?oc=5,0.0,neutral
2026-08-09,2026-08-10,COST,Victory Capital's ETF Chief Had Shares Vest on a Price Target. Here's What to Know - The Motley Fool,The Motley Fool,https://news.google.com/rss/articles/CBMiywFBVV95cUxOcDI1OFZNcGxOb3lkaFotd1NjbzNUV09QNmVFeGF5UlZqVVg5OWtScmdIM290WmIxOUhJaU1EYldVSEptV0RDQThxVGk3OEdrcFRwcHVCU1B2X1RXZzVIYXpWUmxNNHlXSWJ5N1ZONk93VVlGZEtPZkhaekoxMWVNWmNYTHZxWWRDaXlLSEt0QVg0WGhFZUxsY0kxekJkb0RFakxhMUpOWDBDZXQ5TTB3SjRJZV9EcUp1ajFQMUlyaU0yY1NHSTVpWFVEUQ?oc=5,-0.1779,negative
2026-08-10,2026-08-10,COST,Here’s my Rolls-Royce share price prediction for the end of 2027 - Yahoo Finance UK,Yahoo Finance UK,https://news.google.com/rss/articles/CBMiiwFBVV95cUxPYlFEejBvQUt3aGpZVnBnSWFCY3dTdFduZzdFVnBWNzk2TUxfWjA3M2pnbkw3VVc5ZUVod3czSHZib3FUdE13SHZIQTJ0TlRFMGZ4M2Z3anJYZmwxS2xWNXUycHhIYXFOYWxCTEZQdlFfS2t5VGR6SlA4ZXo1RkVfMVhzRlJFbkRmS0Vv?oc=5,0.296,positive
2026-08-10,2026-08-10,COST,"Sax Wealth Advisors LLC Purchases 1,371 Shares of Costco Wholesale Corporation $COST - marketbeat.com",marketbeat.com,https://news.google.com/rss/articles/CBMi2wFBVV95cUxPVjhET0poc0RxZkJJdHRld3djQW5teVdrOGZWb3loa0Q5NHh4cTFKNEpQWXFzTGhWazdEclNfaWcwaHc4bkFLeFoyLWtBRVFIZlFGdk03blVJV3AxckJzWDJWOGVwS2pEdURJbVp2VVJvWGs3bFRfZEQtVUFXamV6b21EMlNuWE9ybndseDI5aTZIcXhnN0tacDhOeEQzeHhuX210dDNlZm5XYmltWXZRSnJoZTNpSzY3YUJGdEx2SVlhLURBYU8tZnhod2xyNHVCRjVRbzhjTFFnTmc?oc=5,0.6597,positive
2026-08-10,2026-08-10,COST,"Stanley Black & Decker, Inc. Stock 12‑Month Price Target Raised to $98, Implies 6% Downside - TradingView",TradingView,https://news.google.com/rss/articles/CBMi3wFBVV95cUxNMlVoS0pZU2kwYmVYXzEyV0NVRElpMkFEXzJ3QmdMYjloYUFQOW5IWlpUQTNCcDI5TkdsRThBNzZ5Wlp3OE9QWUhvVTNURl9HeUk5QnExUFJjOTVhYXU3YlpPemZyeUdoQnlDVU1OQkFqYWZfR3JSX0ZaV0hsT1hNNEE5NmZVak1RYTUxTm1PdnV2cERVSWM4MWVldXhmZWFNVDFNYi1ORGZ5c01LQkNJenVvUkRab3BPazRLbXNURnJmcm4tSXllY3ZTT0g2OTI4NmV4dHg4bEgwY3pQWG53?oc=5,-0.25,negative
2026-08-10,2026-08-10,COST,"Stock Market Today: Dow Futures Slip, S&P 500 Gains as Trump Says US Is 'Only Semi-Negotiating' With Iran - Benzinga",Benzinga,https://news.google.com/rss/articles/CBMipAJBVV95cUxNbGVlbFVVVEc1ZGZ1SUIydEhvQUxBUkVSYnpNcmtUN1J0S3FLS0FUVWI5UWI1SzNuelJrbXFyWHFRUmJhc3RkbWZZN0hoYmFMekNJNm8wRkEySXRjZlgyZDJwQnJRN1JWcFgzRDJPUGFBUHk0R3dMZGFFblA2UW5rNnh6eDJwdUlBeUFfcFV2VUwtemFHblY5NTNoLVNjT3hndXIwdG9rYzUwaE8xdjBqc0N0enRBd2cyWFRrWFZGOVlkcS1lVi0yWHo5bG5sUkEtcl9TdFN4SFg5aEhSbnlVMzZqTF8xZDZNMnJJWWRVc203d3BIYmVuTFhHX1hXQmxrZnMwZGVGV3RTUU4zbTFrR21JS3ZlVFhaVVBtSTEzelpUTUJa?oc=5,0.34,positive
2026-08-10,2026-08-10,COST,SpaceX Stock Price Forecast: Shares Surge 26% After First Lock-Up Expiration; Will Rally Continue? - TradingKey,TradingKey,https://news.google.com/rss/articles/CBMisAFBVV95cUxNUm9ucnJaalhISGtYWkdzLXFIRXp6Ni1TTDRObGwyc3dsc2NJTUNIN3I2RmNEOUlFcVdrLVVXdmZiT1FjcVVoUks4Z0V5dEpoZDZRUG1Db000NVcwTER6eDNFQ0lfVlpBYkhPcHBNTXAtekUwMENWLWNOTHdKbEtGUmZ4eFBweml2VTNSMHlCbDgyYmRCdXhMODJ4ejJLUy0wdkwtTjg2TzRhRklWNWVMNA?oc=5,0.296,positive
2026-08-10,2026-08-10,COST,Nvidia stock price prediction after August 26 earnings - Finbold,Finbold,https://news.google.com/rss/articles/CBMigAFBVV95cUxOV3hkYzQ1VTY4eXExNXBEVG5NMmZIZlZqdjVMeGFZWGtSTGdHcFpiWE13UHdUaVhYWTdtVkFRbWluZGMtakFUUFE3LTV3Rll0RXhvamtJdG9UdUtuamdqLWxTUUJTTG91aXh5MlA2UFowYjh5aWc3UXQzM1lieUhiQQ?oc=5,0.0,neutral
2026-08-10,2026-08-11,COST,"SpaceX stock rebounds, closing above $135 IPO price for first time in weeks - CNBC",CNBC,https://news.google.com/rss/articles/CBMickFVX3lxTE9VOHc4Sm81YzhkbHJfM3BtQWFUbnlFb05ZbTdhSkpSdlJvQ2MtTnkwMGlSWmR0REhPbXRnRG1felc2TV9aeEg0VURhZlhVQVhQeG5ZcGpZVmZGcnA3SDZxWEdGMm02RkktVm9OVklpT1pqd9IBd0FVX3lxTE51QVZEZEZhUzNydFVqOGRaUXJzcVZCckRGRkNuWXAtVFVCbHA0Vk1xQVp4OEpMSnZiaFR1QTlRTUNleWNxLS00SUZPa0JTMjhEbVE2V1M4WENab1o2LVAzNEZiWkZNUi0zWlptNjFMZF9WOGVubjZr?oc=5,0.0,neutral
2026-08-10,2026-08-11,COST,SpaceX Stock Hits Resistance At IPO Price. ARK Buys Shares. - Investor's Business Daily,Investor's Business Daily,https://news.google.com/rss/articles/CBMif0FVX3lxTFAtUVAzMmZPSm5oSUtZa1lESzVhU0lRa2pubXRtRmJhbGI5VXVSd1RmdHhtaFdvTEFuMlV1TEpDM1VuLWc1NFJBV29oYnV2QVhfNFRaQUVFOVFXRS0zMXd3MFJDZDBTd2dDZE9rRzNja1VsUUhwdGdwazEwbjNYRTA?oc=5,0.296,positive
2026-08-10,2026-08-11,COST,SpaceX’s stock moves above its IPO price for the first time in almost a month - MarketWatch,MarketWatch,https://news.google.com/rss/articles/CBMiuwFBVV95cUxQODlfeDFlOEtvaTRXMjM2TFB1ak1fYzEtYkxSbVVMeTJ1dUQtaVBVMlNEYXAxYjZuV1ZxTUtJZm43bXdmREFxaDV6SXRGc21QRXpGcUhjd3RzdGtwOTQ5V3VCeWpCRnNLVXdTSVZQOU5hbk8yeFk5a2lCeUF2UnliRXEtdlF2a3dsV0dDYVNCNWpIQWNzNE1JaXdiZWQzSjZOdFVNOV9zTE0ydzNNWVJPaXJFNjdlM19vX1BV?oc=5,0.0,neutral
2026-08-10,2026-08-11,COST,SpaceX Stock Stalls Around IPO Price: What's Going On? - Benzinga,Benzinga,https://news.google.com/rss/articles/CBMisgFBVV95cUxPMDNzV1VFV1g5SURXRjhtMGxsZlU3d21pejNvOHJ4djF6S1pIanplajlLU2hNODNxSlJlejRyYWpybmhVSFV4LXJjRzZ3aFJGTFFwT0J5NU43OUtpRl9EV01FZ3FUT2pNY2ppUHlSdE1FNFR5eG9JNWYtdXBtLWd0OUozM3psUmJOMUpia3FiZ18xdjBIUkRaczZPbmVRbWRHTkhkdXFYNFVlcVFvQTdTVGJB?oc=5,0.0,neutral
2026-08-10,2026-08-11,COST,NFLX Stock: Where Compounding Could Take The Price - Trefis,Trefis,https://news.google.com/rss/articles/CBMirwFBVV95cUxPQzB5WHdYNUh5SkpmOTQwODJ3XzZwMklsY3gtaVlYN3llUTByWXhIRnZMc2dfRUNqMVV0eXR6Q2hvY3QzUFhHUGJwUXcxZGNsNVQ0TVNPendhbENvU3RWTFpSSElQOHpRZS04R3J4SDJpSl8zc0ltYkVHNmk4WVU2YVZoMXdtVFowc2NDWjE0T2xfMTB3YThBNHYwUUVoYnJNY09tSGxpSTZGc054c1dV?oc=5,0.0,neutral
2026-08-10,2026-08-11,COST,CRM Stock Has Bounced From This Price Before. Now What? - Trefis,Trefis,https://news.google.com/rss/articles/CBMitgFBVV95cUxPSlptQXNKTWFRclFpVEtvanBUN3J1QlM5X1dzeUxFcjY5QmRqTVdmeHduQW12Tzh1OGJUbkhSSXpXcElVcVMwSVFGc0NSX01SN09UdUxhTTI1dlIyNTFMR2hocTdoRkZuRHJZc2VPN0tKZlZhM2I0WXFPM2pwaWFGR25kS2RSMTZZbDd5aVFSdVE2dlc1eDBRU29NSEJha0l5TE9wZXN1bHlvaGR6bWlsdnZtQ3BkUQ?oc=5,0.0,neutral
2026-08-10,2026-08-11,COST,Retail investors end SpaceX buying spree as stock reclaims IPO price: AlphaCheck - Yahoo Finance,Yahoo Finance,https://news.google.com/rss/articles/CBMi0gFBVV95cUxNTEh2M0xIR3U3M3RUa0lHTGR1NGtEZnhnbk9GZkJPdDJabDBPODF2SGNwT20tclRPMXM5Q3ZZbVFkTC1KSVhyQUNScjZkVnYzT3VaR0RCZnI1dW5mb25FZE92UDlLc0hxcU5FRjZTNFhQb3kwSlItNjUwOHBCZ2tZTlFpa2k5bjlHczVjOTRLSDVxSTk4NlF5U2x1dGtYVFhnNUNlUnBHbXNHUFpWbmFrTWJPVFdpNnhvSFRzd3VyQV9kUThmWDJaOEloS1oyeDhpR3c?oc=5,0.0,neutral
2026-08-10,2026-08-11,COST,"TTD Stock Tumbles 7% Following Disappointing Quarter — HSBC Downgrades Stock, Cuts Price Target By 50% - Yahoo Finance",Yahoo Finance,https://news.google.com/rss/articles/CBMimgFBVV95cUxNaGx0VGpZVDNVRkd4MU9jNG9welh3ZTZBSkdweDhrR09MZHNNNlJURlQxb3hxbDZBX05LV1RVLWM1THZ1dnpvSC1sZkMxdW1EYk9kQllDVXZRa3d6V2pJRWpFYmdYOE1TQVZNSmxBWFByWEcxRlZURE9JS3hoVElIaEtIQmF3MXVNckJfcHgwWmV2b2d1eU1zcVV3?oc=5,-0.6597,negative
2026-08-10,2026-08-11,COST,SpaceX reclaims its IPO price as jitters about insider selling dissipate - businessinsider.com,businessinsider.com,https://news.google.com/rss/articles/CBMiowFBVV95cUxQWS1Ma2NBcHpkcVRhMV9FQUZjaHZhOWZFZXRSR2ZhQm1XQU1STXFGZXBVeUJnNkl0SHNmZHdWUzh0el8xOGEwdVpmWUg1WjhlZE94enRfaVEyYWF6Qjg0QVRyVVhXUVl5OE1sd2NiVXM0akkyY2RKSVhBQ19xcURPdWdRaHRDcDQwUkdvbE1EVVE1dnRsMmZZTmRHVk1nUV9FMTl3?oc=5,0.0,neutral
2026-08-10,2026-08-11,COST,SpaceX stock rebounds to its $135 IPO price after post-debut slump - qz.com,qz.com,https://news.google.com/rss/articles/CBMiYkFVX3lxTE9WbHVRSU1WemFUM0ptV0tyLWtRSTRKWXVFMUhyQnJJcGZJenFGaTdFakQ2QzhnOFljZTAxekpjZUVKM1lGcy1zUk1zSGhPQ3M5N2JfWkVxZnUxYmxMSE1NUHBB?oc=5,0.0,neutral
2026-08-10,2026-08-11,COST,"Ondas Inc. (ONDS) Stock Price, News, Quote & History - Yahoo! Finance Canada",Yahoo! Finance Canada,https://news.google.com/rss/articles/CBMiUkFVX3lxTE1zendhMThzTUVoSlNIQlgzcUxjQ0hhUVZ0eDJpRFVZNXNjVng0UXhtRk1zQ1phcVM5TmY5SEdqd1BFSzZWc1N2R2JWb2EtTWNFNlE?oc=5,0.0,neutral
2026-08-10,2026-08-11,COST,"SMCI Price Prediction: High Risk, High Reward, Huge Potential - Yahoo Finance",Yahoo Finance,https://news.google.com/rss/articles/CBMinAFBVV95cUxPMW0wdFZJb2tyMVNENmlQS2o5NGszbDZqSmdDRTRxanlFNExEZzBkekd6UWhsYUd6OXhNUktETURHR0k3aHAwdUFJa0ZoMDVaQy1HaTRLM0dKNlJELWYyalJhQklsZUVYZVRBdllLWHI3NGdHRFF1WjBSUUk0X3pHemhWR3JycWpfbGlRT21UTkxCUzZzTWNlLXc0UTk?oc=5,0.5994,positive
2026-08-10,2026-08-12,COST,"SpaceX stock rebounds, closing above $135 IPO price for first time in weeks - cnbc.com",cnbc.com,https://news.google.com/rss/articles/CBMickFVX3lxTE9VOHc4Sm81YzhkbHJfM3BtQWFUbnlFb05ZbTdhSkpSdlJvQ2MtTnkwMGlSWmR0REhPbXRnRG1felc2TV9aeEg0VURhZlhVQVhQeG5ZcGpZVmZGcnA3SDZxWEdGMm02RkktVm9OVklpT1pqd9IBd0FVX3lxTE51QVZEZEZhUzNydFVqOGRaUXJzcVZCckRGRkNuWXAtVFVCbHA0Vk1xQVp4OEpMSnZiaFR1QTlRTUNleWNxLS00SUZPa0JTMjhEbVE2V1M4WENab1o2LVAzNEZiWkZNUi0zWlptNjFMZF9WOGVubjZr?oc=5,0.0,neutral
2026-08-10,2026-08-13,COST,Share price chart - Continental AG,Continental AG,https://news.google.com/rss/articles/CBMidEFVX3lxTE80cVNTdFRBbElhLXJIYVBXM2lQQXdRa0Z5b1RCUlJUTEM5b3VoaDNhdGtINHZHbFN2bXJCZ1JFQzhnSTJNSTFpOWkwRTUwN0RDS2VhUUlmUlVxUDlTTDJDbDV3bkdVSVpaVVVDbVA0RjlDRFhL?oc=5,0.296,positive
2026-08-10,2026-08-13,COST,GOOG Stock Quote Price and Forecast - CNN,CNN,https://news.google.com/rss/articles/CBMiUEFVX3lxTE9tN3FRTUJqdzR0OHRfby0zMld6YVhBbml5OFV4SlVRejVlVDhnVDd1YVVReGw2UWFvR2YzeEdxV0I1bUFQRXRjeWhyMkZHLW9N?oc=5,0.0,neutral
2026-08-11,2026-08-11,COST,"Costco Wholesale Corporation (COST) stock price, news, quote and history - Yahoo Finance Singapore",Yahoo Finance Singapore,https://news.google.com/rss/articles/CBMiUkFVX3lxTE5rSWNONkd4T3hmNHYyb01BcGVwdTJTTXJ6Z2tvVExmZDV3Z1BOWmx3NnVQY2VGYmVrdjM3Y1IxamliZmxkbXpzUV9zeWdmMVV0QXc?oc=5,0.0,neutral
2026-08-11,2026-08-11,COST,Rolls-Royce Share Price Hits Record High: Is the FTSE 100 Stock Still a Buy? - Morningstar,Morningstar,https://news.google.com/rss/articles/CBMitAFBVV95cUxNVUdlWTJLY1dOYXdEa3NjY0dmSTNIaGhlQi15Zm54MFR6N2E0blZzb01ZTENWVnRQbUZOZ0hKN2tiMnd0Z1FoeHQ2SkREU040OXZVSmlCcVZhVEZweGRSdDh3RGVqYzZ6NzdBWGZ5WS12SDQ1d1VaWTVxRXFlMDBIYkZnSTJPcG5ody1oTDRkejdEY1l6Skh1NDFrVUVNWnZHdUl4clQtZFFBZHVWck1yZXhHMWo?oc=5,0.296,positive
2026-08-11,2026-08-11,COST,Two Reasons Space X Stock Is Falling After Regaining Offer Price - Barron's,Barron's,https://news.google.com/rss/articles/CBMidkFVX3lxTE8xMjhfQ1FQS1poa0VRdHNrT3Y1Ml9KemRGdm9xcG14ZVZNc1NWQkgxaWxjRUxya3hiUm01ZVdoUHpLNFRNWXA4Ti1SM2U0c0xFVmZPV003b1pMSmVNaUxmWUI1MVdnRUxtbkZxUGl3NVg3a1ViMXc?oc=5,-0.1531,negative
2026-08-11,2026-08-11,COST,Costco Wholesale Corporation $COST Shares Sold by Constitution Capital LLC - MarketBeat,MarketBeat,https://news.google.com/rss/articles/CBMizwFBVV95cUxOSC0wSUJZWEdxQmZhRWxfOXlXRFNUWFFKd19pLW04ckZhUXR0aklycnVTOE9Vb0pyenhYZl9pWHNiTXBRUGl3TFdvT0Mzd0pleEhOOGJlOUVMYmE3TGR3QV9jWDVpT1oxVUhkZDRrLWNIeGVDNUNyNkFvT0FYT1VsR0tmUEZQWFg1bDdTUEM5QnUxYlNiMmdwVzlJelQ3MTctaWZDVkVWSVJhYXFTM1UwZG1COVVvdGtYQ0pHMWdzLWNkdDhPT0J5b25EZUcwN00?oc=5,0.296,positive
2026-08-11,2026-08-11,COST,"Hims & Hers Health, Inc. Stock 12‑Month Price Target Raised to $30.31, Implies 5% Downside - TradingView",TradingView,https://news.google.com/rss/articles/CBMi3gFBVV95cUxPa2p4MkpncHJ2VnNsSk5EemVNNFlzbkJJTlhBNUlJRi14cnp2RWtMbEhJT1RQM1BWVm5PZlVjaXREWExYeGtoV0VFVXRaSU5lazBQQ1h6dUFtNjRoNVZnVjczaHNMSXpaTDZOVHduRkUtdXRwVm1Fc1FRa2dJS0kzdDkzMmMtWTZMd1NZZEVXQ2FDMmNtTFRiTXFMeWhkSDR4SnFQRnVSQUZfU0xWWkg3aHV5NUZzOXB0VDJ6MlBJckE0U1loV3pqT29HcDNBeWozd2p5RVJBOTQ2XzA0MUE?oc=5,-0.25,negative
2026-08-11,2026-08-11,COST,AI Stocks For Cost Cutting Growth With Atlassian Bitdeer And Everpure - simplywall.st,simplywall.st,https://news.google.com/rss/articles/CBMixwFBVV95cUxNX3JGNXZxaHJZb29iWmwzaVhUWWpFUTdDVDJKTjM1LU5RNDBzMnE5OWtVM3I2anE2OWVJR1BCdHZNVmNsQmdoMG9mc0gzZVBYUE1ueDZmM09RUnhvU2ZwR0hPR2FTVDFIYUpNWHVzNkJ1Vk9GQzB1TWNUcWxiVlFTTmRGdkRnNEcwWmRmZnduS1NyVDlnbzFXc3dYT2VqUHgtRmdleEF3RzBuN292eHowZ2tzU1ZiN25OMWJfNXVrb3pyQmJXMFhv0gHMAUFVX3lxTE93UlU5Z25PUnFkMGF1cmVYenV4VVd3YlFFdmNSc1NleTB1V2luMFJPRWdJdE53aTdxcGROamhITWRwWDNjNXN5Mzh0OXlUWGxUS04zWTZwT19BN3V6X003bzY5Q2pGRFRoM3JlSUdZenU0RnFIeVlSbWV5VVhLR3p4UE5ubHcwa1JsX0Z0UkhpZUVCTTI5aEpIVW1iVlpqRFhhUFIzb2I2dFoyWDNnamZPU3NPamtOZ3NSaVdtSDZKTm5PVzcyN0NzUk4wTg?oc=5,0.2732,positive
2026-08-11,2026-08-11,COST,American Healthcare REIT Announces Pricing of Public Offering of Common Stock - Business Wire,Business Wire,https://news.google.com/rss/articles/CBMizwFBVV95cUxOSzJyMG55NXZ5RFdCWnEySTZlTFZ6MHpRRmM1ZzQ4TC1pNnlzbllldnN5bk5acXdMaTA4MG1rZm5aSUthell4Mm1pU1NQMGxGZkdqdXl1WGxYQUtsS21Ma2tUdmpYVjlJdEU3dU03dnloYkhYWFNNX1luQUlIb3h3SlJ4RzRndlY2S2xZaHBBTnFsY3gzcmh3RlhqVl8tSS1wU1hFek9ZMi1JaUd5SHBaSGNNSTBOSG9ZT1YxSEFyUlRoSGUweld3eldvQmpONlE?oc=5,0.0,neutral
2026-08-11,2026-08-11,COST,US Stock Market Today: S&P 500 Futures Edge Higher As Rate Hike Fears Ease - Yahoo Finance,Yahoo Finance,https://news.google.com/rss/articles/CBMikgFBVV95cUxPbU1ES19VMFN3OEZTWV9JcGx5TG9aZnVZY2c1YlVhOEhIYmtBQ2pPMHRkMmUxaFJvMldzZng1aGlTS2RXMi1fekFWNGZtb1JvN0xmVG9TbW1SUThVN2lLTVlZbG1faWtLLUlCOTd1Zldpakw4RFRvMTRLZFlCR3E5cHR6X2xLVlluMVF0ZmZ6UHBkdw?oc=5,-0.0772,negative
2026-08-11,2026-08-11,COST,Venture Global Stock Falls After LNG Company Beats Earnings Estimates. Higher Costs Take a Toll. - Barron's,Barron's,https://news.google.com/rss/articles/CBMigwFBVV95cUxORzNWQmdNeWZyVjR4cXVJd09VaEMyX1otV0JMT20tWE9iY0NMLUlaWm5FaFFOTzhTc2dtYTBRbkxxWDBYRWloYW9faWYxd0NubTJzRllSOUQzN1BkTk1XTGVzaFVQVWs0akh1Yl93SktLdUlUYWhnaHFWUnQ2NVdTU19ybw?oc=5,0.0,neutral
2026-08-11,2026-08-11,COST,"First Bank & Trust Sells 1,706 Shares of Costco Wholesale Corporation $COST - MarketBeat",MarketBeat,https://news.google.com/rss/articles/CBMizAFBVV95cUxQSllEVzVyb1ZkLVJneXVaM01CLTZXczRFdERHa2dwb0hwWk1CVnEzc200WjRsUEdWV25mdFM3dVdKU3hIRG5LcjJYNG55Z0JfdGtjN21nOHZhMTUzYzJaV09Md2RUdWs1SDBZUXNLc3dYdWdBTWdRb25QVTllTmE1VXE0dmFST0ItV2ZvUVNvTlFLVVJzZ3J5cU1QakJPVVVmaUNLZ2dJZ3lXZUFsZW5CRmVYRnJYSUE0aXZwV0JqbE1JOVFYaGh5bnh3LVk?oc=5,0.6705,positive
2026-08-11,2026-08-11,COST,"KMG Fiduciary Partners LLC Sells 1,502 Shares of Costco Wholesale Corporation $COST - MarketBeat",MarketBeat,https://news.google.com/rss/articles/CBMi2gFBVV95cUxOMnl6Znhmay1zZUlyMjlEWVpyUndqRTdYdGgycVUtdWQ1dU9UNHZjU2R6bGtEZmlJNWhBTTRYTEVaaGhOOVVibjd0Und4Z1djNFQxQkEwa196SGdUSTNRY09HY2h1UHJKZTN3ZU9DUWM3YU1HcjJCdkZzWXBUMnJtaFB0NjVXbFRybjYySlZSb01IcWFhWURfTUNOV2ZGenRPRjNUa1MtN0lQbWxyOUpzTUpCQ19sMTg2Ul9NX2M1d3lMU2VvWW0zc3h4QTg0ZXdnUDRCUUJVLWtPdw?oc=5,0.296,positive
2026-08-11,2026-08-11,COST,"BAE Systems (LON:BA) Stock Price Expected to Rise, Deutsche Bank Aktiengesellschaft Analyst Says - MarketBeat",MarketBeat,https://news.google.com/rss/articles/CBMi3wFBVV95cUxPMFJaTm5GOFFqckstLTk2WnVTZklIbW85MkNXVDR1UW5CWkNNVFhNYWFzYkY0aGJxdE80Mk9OMFpvZlF3a1phaHpaUnZVU2F6akh3V2pjMHlXaE92MW1TNHVPM0M4dlp2VktSSXpwdDRxTVVrOHhWSnNZTkFHNFlWUVlhazB3VUxBVXpncjVhdVpKWXp0Ry1UdXlMUU1wMUVkSUdlZVR4TDBpZ0JFUjUtYTNCamtCQjhaaW41Wm5DOXZrUW4xZm4yYmRURkR2cDZlR0oyN1pVUDZKOUhqaDRN?oc=5,0.0,neutral
2026-08-11,2026-08-11,COST,Intel Announces Upsize and Pricing of $20 Billion Common Stock Offering - The Malone Telegram,The Malone Telegram,https://news.google.com/rss/articles/CBMikgJBVV95cUxQbzA0Q09NLWJGejNzZEJ0b1laWUdlcjM0OHI5Yl84QXhlT2NGOE00X1MtbWg3T19sU0J5N3JJSVgxVEpPY0k4SFFHclY2a0hRV1ZPTUpzUjNMLVhtMDRyMjJzTnJLbUhLbFJjamVBN2NHQkgzZnlTcUVEdnl3UkxVNW45WnpVeUV5aTdCa0cyNnBBc1NHcFg4OEtpMDdFSHYyZVBka2R0M1FQd1JWR0tCYmQwbERUazBqWTV6TzBTUWg2aWZMak5pNkVZdWlhWEt3VS1DY3ZYbmprSHNpeUJqaV9NWS1oaTh5eE5KOXJ0NzJRTllLX1VYMjgwMlpmZHM3ck5PeFBLUDFmcGozMDNNeC1R?oc=5,0.0,neutral
2026-08-11,2026-08-12,COST,"U.S. Stocks Slip, Oil Prices Rise - WSJ",WSJ,https://news.google.com/rss/articles/CBMiqwFBVV95cUxPTE52c1ozbzI4ekd5U2t3a1ZLRUwzLXA1ZThEMDhRUnpzbzh1ZjhlaTR6Y3ZISmI2OEI1SnJDYnh0TnlMak1RX0FfQU1KdDBFT0RDMW1HdWxscUpBSGNGMFh5VEFqVVV5X2swTGVCbFNNcm9HQjVQbjJhd28tVXFMaEF2ZXNrVUgyZkxFV01peVJ4OW05TFcyV3ZUaEFFYVJYQTd3b0pabU5aQXc?oc=5,0.0,neutral
2026-08-11,2026-08-12,COST,SpaceX Stock Drops Below Offer Price Again. AST Earnings Is Just One Reason. - Barron's,Barron's,https://news.google.com/rss/articles/CBMifkFVX3lxTE1KVWVGeDgwSjhZNkdiSWY2WHhueXg1Y0hyRmJ3OWdfZzE5Y193TjdJOS1odDZEbWpfTE5YZVE5UUlVS3FDN3JKVWlXdW1mUmczU3pyNWplQ3dVQUg4RjBqZnhwNUVEdUNsSmZkV3FzZmFtaHN4UE5xRXNUQVFoZw?oc=5,0.0,neutral
2026-08-11,2026-08-12,COST,Stocks Still Await Signs of Price Stability: Stock Market Today - Kiplinger,Kiplinger,https://news.google.com/rss/articles/CBMiqAFBVV95cUxNZWRYXzJ5YUROWVVnRVRSNzhwUjY2RjdoMFI0MEtWMXBiVkt5WllCR2Rrc0g3eFJLSjhuT2hLVDRkQUlxemJ0OE9xc0xiQjRIeXpWQzBXNGRwY0ZCX0E3VEctOExVcVluRFc2d08yejN3T3o5SWJCbkw2Zm9HSWZMZE9OdU8zRXFGWWRRaVdGbWhDLXBoT0FubFI5TmRhQzhRMTlJeEQ5eFQ?oc=5,0.1027,positive
2026-08-11,2026-08-12,COST,Fund Update: New $43.5M $COST stock position opened by MUTUAL OF AMERICA CAPITAL MANAGEMENT LLC - Quiver Quantitative,Quiver Quantitative,https://news.google.com/rss/articles/CBMizwFBVV95cUxNbnpiNnVoejQycG4yRWkxQTdWM1RZOUhSbGhuTngyNXRUN0F4YW0zRnJ3WmNsVWhtQXd4LXZkaWNVNlZ4em1iZlA3YmZ2bVV3UDdJSjZHQVNTSllYM183M2NmLVk0ZEdna0pVMEZQbHl1RnNSM1FIYjIzVmpOLXVBb1ZSSWREMzNvam84NXdfdGFWUi1LMjA3TlRpQjRUR0owRkg5V3VKRXA2T3NVdGNDNUtwejNVeko0SVh4QVVRREZTcTZ3SkdiampCMmgzZkU?oc=5,0.0,neutral
2026-08-11,2026-08-12,COST,Costco: Don't Count On A Sustained Share Price Recovery (NASDAQ:COST) - Seeking Alpha,Seeking Alpha,https://news.google.com/rss/articles/CBMilwFBVV95cUxQY3VmQUVQRnVlclJyWHllQVhDUjZOQmUxMktvcElMUFBPYWxvcy1DZFJyczBXbHVXS1ZWQkdfR3lhN1FGZnVWcnZmVk5VRWQ3MGJSbG1QTGVNRWIweXVzZ2htZ2FEN1BaVGRSVXZfVXZ1LW9PUHdadG9aRkZLYV9MbWlZQU5uMEU5ekNqUGloYVpSZUVJWlBz?oc=5,0.296,positive
2026-08-11,2026-08-12,COST,Duke Energy announces pricing of equity units offering - Duke Energy | News Center,Duke Energy | News Center,https://news.google.com/rss/articles/CBMilwFBVV95cUxQVGN0Y1huWDdySmRhcGlPUDA4SmRVNHJOYkhxYmwyWmFCdXNObnVkSHU3UXZ2YzkyN2ZGTUM5M3QxTzdmY3V3ZllKaEtmSTFaZTljMWFpOTdaM0JySTE3cXNuMXdKUEVVcTFLRHZzWmlqSTBEYW9mdWlCYmlYTE5VLUVvNFBUMUxjZzRSRXNMQUJvYWwySURB?oc=5,0.4939,positive
2026-08-11,2026-08-12,COST,UnitedHealth (UNH) Stock Slips As Medical Cost Fears Mute Profit Rebound - simplywall.st,simplywall.st,https://news.google.com/rss/articles/CBMi0gFBVV95cUxPUG5ZTl9YRm9nRmc4ajJWYTFPekpLNmhybVFHVWh3dXJqX1BncW04NjdtUGtuVW9wbkZmU3FoUllfZ3NERk1EWGFQVkI5ZFZrZmVNZE1SMU8xWnFPc0k1VTZLVnJldUt1ZnFZc09wN0dOMy1BT3NaVFFUczlMNzM4Vm1RNmY4VTkyUWs5UHBBZUdPTm11bEdPYmpFd2c1SFF3M2lvbzVSQWR5dXdMb0NQeWlaSFVBWkVsTHV5Sng3YTU5QkZaaU00V3c2ZE5RMmVVOFHSAdcBQVVfeXFMUGJhVzF3WFJPM1k2a2NfMkdrZVZQQUctb1MxVDRqX3dTYzVBcTd0TFRieHFnWUd2bmtFSllEcUJOemhqZkRoTjdLcUVqSmt1NGZtZ05xOWlTRGNHQ1duUEk0WG9NVXRGVUp6RmdHQXBybnQyRGN3ZGc0MmljYXItOUtDQ3ZHUkdJVW1tMHZSajJKOTZGUUE4aUxXWllSRUsxV09EaFc4TVFUVWFRRTJ2NVpoam54VnNvTDFMeFVmMVVpanlCRTBkb05uRGdfZ1cwZndBVEZ2UUk?oc=5,0.0258,neutral
2026-08-11,2026-08-12,COST,"After Earnings, Is Microsoft Stock a Buy, a Sell, or Fairly Valued? - Morningstar",Morningstar,https://news.google.com/rss/articles/CBMiqAFBVV95cUxObjBfRnY0TGNTZklUb01LVDl2dmNiX1ZfUDdiM0pMNldvR2F5MWhzMk41UTBTS2UtbUwxWmN0dXYyNUtLR2sxeWV6bVRRYUVvOWpOVTNYc2xZLXVkaG5zcTR6Qi13eWFBNERrM3M2WjZYdm9STldxSDFlaW9ncGloUFZFdUttLVFraERQMXNjcFN3WTYtUnpEWDRRcHRveWNsZ3VPNHY1YVM?oc=5,0.4404,positive
2026-08-11,2026-08-12,COST,American Public Education (APEI) Stock Price Slides As Profitability Improves - simplywall.st,simplywall.st,https://news.google.com/rss/articles/CBMi6AFBVV95cUxQWTdDb2xqR2I3elFjVEx4YkhKUG1jcHNPaVYtb1NtTWxlbkY4OVZXWVRRSS1xWkVpTE5GbHc0NkZxM2k1LWFORjJGc3FfN2FjekEzak0yWHNmVVBLa3RfQUFVRGljVzM0b3ZUXy1iWTh4WDFYS0lVVkFtSWZTWnpjUmJaYng5YUUyTUhmVEJXeWI0bXA2R2RIT3c3MTI2bERxOUNQU25rbTJQVUxaREZaOC15UzlMTGFMZkRMeVJ6OEoxQjhpbWNmRWw1YmVtSlgyQlkwZ1BNQ3hDVnplRFhtdVR1aU5hSVg40gHuAUFVX3lxTFBRVW1hc2NoRl9rV1NEV210eXJzdFpHLS02QTJCcFRKdWpVWnUyalNZak80VHZkSXR3QjFXWHFCNDNYTUFMcGQtdnJMb0hLdU1Bd202bGZqSGQya2NPWnk2UkJFRUlVbFd6Ymd0QXowWTZsNmU0T3c3NWUtWmVHenZOQkdMbndqWmxSMTdvdmV5NnZTY0RmS0pBdVZVOGFITWtEbk5QLTZkMkk2QUhfUjlmZGtYMzVpYk9KdVNONVFXTXpITEtJbFBXdjhkejlQM3NCUFNxYWswVTFRRk5lbjdDbFFnU0dMYmlyck9RUlE?oc=5,0.5994,positive
2026-08-11,2026-08-12,COST,Eagle Financial Services (EFSI) Stock Margin Gains Meet Cost Pressure - simplywall.st,simplywall.st,https://news.google.com/rss/articles/CBMi1wFBVV95cUxORlVlTlIzVFFqMzQzNEQ2RXBaMXVWUkh6LVVHbVdsN0l3Z3hvekFBN05sUkxSNkpwVWxfVjF1WTA1cmFwTHRHbkZUQ01JRno0VTNLdFlmdGtIcG9VdWJJN3FNdlZER1ZkZkpSY2c4cnU3Y09CVEowZzJRX2tFN3pOZUJvTnJhODBKNm5Sd3lKU0VRVkFqVXkyd18tWmg4T3ZGMFBnVmRsMVVQTDBfSVV2SXV2bVFma1BXeFhCaXBxandnZ0g2SF9UNWwzc1hGN3V2NFZfejdLVdIB3AFBVV95cUxOZFZFTDdIcXdqVWhUQS1UT2VGZHVoUENjLVp3S1MwUkVzV2hvRUhwdWJYY0RWcjdxaEZfNGpZMkVfVWgzVTQzT3U1N01ZNFhJQnlJcms4bDhMbExwRFVIMjBEbzB0dTd3c2NmOW95cHpsT3VDMU80Yjc3ek44aHhpZDNjbkxqVU9rbXJ3TXA5WGRXZms0QTNLWW5kTWRHV3dGY01SeWkzTEV5U2l1Z296V1I4b2wwSDhTaE1LaGNSRFMyU3pKbEZFTl9LR3Nkd0V2bGdRczB3QS1qekJK?oc=5,0.0516,positive
2026-08-11,2026-08-12,COST,Varex Imaging (VREX) Stock Price Hints Caution After Profit Rebound - simplywall.st,simplywall.st,https://news.google.com/rss/articles/CBMizwFBVV95cUxOcEl6UXpvMlc2WGdIT2FGVWgzZFBCUkh4S1lxeV81VkpMa0UxS1ZVcEtjbU5zSXE3d28xQnM2bmZHc0hBYlFiZkdici1zRjRJV01RZkV0OGZOSUJwZm9QRmhsQ3hHVlNZdWM3aUw5Wm5rWldZVXgyR1lSM0tHZWM4WDlrMTFnc1J0VVFna3NVZ2FoQ2RHenNaVlFOSDNwMURQU29SQU5wSWdLQXNvbFk1VnBxdklFMXVCN3hMWW5WRGtNSHhhNXNra1JQR1lNMFnSAdQBQVVfeXFMUDlUdFhGdGl3bmpEVVppeDdlYzllX1RobDlGVVBwYTVxTHBoN2pwRnJxS0JuLWdER1BlRGtFbHU5X2U0UlJWUG15anBDdDdoNWtXQUVFRXpiMHRhQTdXUlVpNzNjNlA5Mk9HRjRjaDJmVGJpaUpQM25nMzlzWmNnMk83eU03MFZLVzdiOVAweUxybkxwWmUySUhoRWppZ2ZPdDFtUk95M2RRRHIwcFl3VGdBMGRvNGExMW9DbktxRlB6MnFfWlJSUVlaX3BCa0tFTU5tNVY?oc=5,0.4404,positive
2026-08-11,2026-08-13,COST,U.S. stocks edge further from their records as oil prices keep swinging - PBS,PBS,https://news.google.com/rss/articles/CBMiqwFBVV95cUxQeHBQV00tbUI4a2l1SGt5TW9fWXY0d2ZadTVUTVF0dWdXeW1uc1lLQmRXZzh3RFAxQXdqaHJBdVp1bzkzd0JVc0o4NGFISEI1enp6S1VGelhreC1rcmVWZGFJLUhpYzlscXBlazNvekxWaTJFYzc3eVNwdjdkUUl3UmoxYjJ4dXc1RFJNNUpTaWF0UGdpU3R2VmVIUjZGdVM1WHF4T0MyUF9Jczg?oc=5,0.0,neutral
2026-08-11,2026-08-13,COST,COST Stock Draws Price Target Hikes From Wall Street Post Earnings – A Look At What Keeps Analysts Happy And A Bit Worried - Stocktwits,Stocktwits,https://news.google.com/rss/articles/CBMivgFBVV95cUxOTXFxOXM0S0VCeGxGc0hoZlp5b0c0X2F4SG94TkVkZnMyQ3dYNXZmZ09BaWJlQ09ud3pDYThxRkZOSWdRc1VET212YkkwUDFBMEtQeGpkd0tFUG10VTE5clBxX0M4QUM3T3pSNFhnVTRaM2U4UHU1TzV6LUdmaVF3YlB3X19wb3lXd3p0OC0wekkwNURoa082ZjBlUzNqWnZSNDloUUlGbkRiSFllazAzeE1BQ2xSZ0R3YTM5dmd3?oc=5,0.3612,positive
2026-08-11,2026-08-14,COST,Stock Market Under the Trump Administration: What is Driving Markets in 2026? - usbank.com,usbank.com,https://news.google.com/rss/articles/CBMingFBVV95cUxPcUowVHR1VXAzd0Zfamw1MkVSejFsRGo1bkdGdHhjNVBZVFdwU3VpcE5neGJOeWl6RmdQVkFsYlcxNEVTRGg3WHNYSGR1d1BpTjV4T2NqdWdER3ZtQ0RVbU40WTcyRXRaTEM5bFZteVlYNE5EYkM1M1BaR0lYTGlUeFlTeDhVMzRaWFFqZEZhcGc3RFJoZy1qZy1mTGViQQ?oc=5,0.0,neutral
2026-08-12,2026-08-12,COST,"After Earnings, Is Amazon Stock a Buy, a Sell, or Fairly Valued? - Morningstar",Morningstar,https://news.google.com/rss/articles/CBMipAFBVV95cUxPcUJfbTBpX1RKdW1fTE0zclVUT21KTS15TTJ3NFVJYzhOS3JCZkR6UEFyWTRVbjBNOWRrSHhYbkRnNjVKNG1NV3AwN1ZZNzlmZzVJbUNhd19NbEtBSFVBQlhteVlpWkhqXzdtbk1GYXhYckZKZG9uNk41Z0RIajZZMTBlM0h5dW9xdTFYTzV3TmNHRVp2aEVpZDR4MFFGV194TDRGRw?oc=5,0.5574,positive
2026-08-12,2026-08-12,COST,Costco (COST) Stock Still Looks Above Fair Value Following Weight Loss Drug Push - simplywall.st,simplywall.st,https://news.google.com/rss/articles/CBMi3gFBVV95cUxNTTFJVGlPbGRIcV84ZS1XVUtkbVBJbXpFTVRFdlhqZk84Q0h6NjRkTGE3aS10UnV0aFdpTUN1M2d4dDNIX2ZPQWRPWjg5cFRqN0lGcUk1VGtWMVZlWmR4eTY5dW12SmJKUkN5RE83VElCdklJR25hOU1yT01lSm1iLW1ucTNFakZZRUhNRDg0TExHeXVyOVRnTzF4TGdlVUsyQTRIdUxLVFllOUdrN0JNal8zT3duNDJna2d0UGdrd0drMGtNNmJXU2dwYkRzc2hDVll3S0VoODZjXzY3c1HSAeMBQVVfeXFMTWIxZFQ5bTN5T3V3VDBVNzVBbC1wWjR6QWotWEZEQkUxUFp5VHUwUWdkY2NOVC1TY1hOSU84QnZKX25DU0hpZ2FNeU1HNHJFTkNQb285V2I1eTRqSEtKdVRjV0tCZlAxSWNCWkdRN3hRZkJUYnZrLTVlNHVBUjVCZ0VrdWczREc3emdWMFhFOHlIcDFIY21OQ19tbHBRT2lKVWdWVHpadlNhQWk1ajQ0Y3NSeFBuS1NSMjBmT1BnZjBuS3Fsc3Q2UE1hbWVZUi1kcG1kb0IxS2RIWHVpSUNHWXdhXzA?oc=5,0.34,positive
2026-08-12,2026-08-12,COST,Costco Wholesale Corporation $COST Shares Acquired by Hyperion Asset Management Ltd - MarketBeat,MarketBeat,https://news.google.com/rss/articles/CBMi2wFBVV95cUxPT3JXUFVhdkZIOVFHZWtqeVRXMnlNOUkwWE1Ecy0xTnUwQ05pbFhlTTlrWnYxMndFb1dQMUF6X1Fib2xXYXhaVHVhc3NFck9FQTRaU21YR3ZqOUlRV3ZjVU8tYmZ0TklrQ1pQMGZaOWN5cm5PMXZ5SWtER1FuejhZWGlOcFN1TnJTMXhjbjdHbE13RkFYakhIOVoxcFU1S3NWa2JKSF9zUzhfeWVvVWR4NWpaR2RtdHJZLS1JcUVleHQ0bkdtVmNhSDR2Y3JZWjhiNWYwZXl2SDItOU0?oc=5,0.5719,positive
2026-08-12,2026-08-12,COST,Reed’s stock leaps 7% as cost improvements offset revenue miss - Investing.com,Investing.com,https://news.google.com/rss/articles/CBMiswFBVV95cUxQMmZ4NExJNHN2QThyZ2VIOU5Tc1Z6NUlZNEwwNm9vcDVTYXhxeE43Sm1ORmxQMHdsbGlfRnQ5elFZcWU0Xy1ZaDNPTUlrdkFIbnNpLXVHc1U1VnZaek55ay10M1dNOWMwakdzZjJlbHZMUXByaEktcUJYWUV3NU1MZkxEQWpNMHdqTWJfRVNrakRGdm83VVVBUGNBLUhvRDU3b1dvdk5GemJvaTVwWDNYRjRqUQ?oc=5,0.1779,positive
2026-08-12,2026-08-12,COST,"Global stocks inch up, oil steady before US CPI - Reuters",Reuters,https://news.google.com/rss/articles/CBMigwFBVV95cUxQTnAyM2F1aXRKeVZFQU5yVzdLbmplRS1vV28zVXZ0Slo3bmszQjM1enJHU2RlOG5EZWtLYUNmVHdjcHprM19fTnhjUE8tV3VGTFBrelZXM1pOekphNVF1S3EtSTlDcDl5Skw0R19ud3U5NmdhWEk5eVJjV1dudFNhSlhoRQ?oc=5,0.0,neutral
2026-08-12,2026-08-12,COST,ITOT vs VTI: How These Low-Cost Total Stock Market ETFs Stack Up for Investors - The Motley Fool,The Motley Fool,https://news.google.com/rss/articles/CBMiwgFBVV95cUxOekp5anJlSk5HNERac194QThuX0huS2NST0JGdzlHMks3S1h2dS1kczVwQzg3dUNfTnNtUlRuanhHc3ZNbXA0UDVhSGlKT0VPYWdSZDJETFNpWVVkc1p1RUVLTnQ5RkZuLUx3dk51LWJqQ2FnS0JwT3FwY2V5VVhZbFpjaE1ZRWRVNjN0WDFqd0VLUXl0T2pyZng4Y2xtUzZvcTg1NUhyX0wyOE9VQ0dSMmlMcGNBWjNIQU1zZ1NGUnNfZw?oc=5,-0.4404,negative
2026-08-12,2026-08-12,COST,"Comcast Corporation Stock 12‑Month Price Target Raised to $31.1, Implies 21% Upside - TradingView",TradingView,https://news.google.com/rss/articles/CBMi2gFBVV95cUxPemNsU0FuU2JWaU8yRU54NVVjOHc5QTZhSmE5WEFYR1hxRDg2enRDZTVkemFlMjFOUzRoVXlDalV2NWVrQXQ5b2lVNFBsd2xrLTU0SGpkRHB4MU90clpxXy1fejR5NTlFc1pVVEdfaG1WNURmT3NmR3hIOXMxUXVNV3hxUElpVmtwWFVJNGZQQjBjdGJiUjVyNzZmSS1xV3UyLTlFakNtaERtSF9YWlJpR3JFRTBxc012SWhuX0s3c2t2MHNVT1FiSXY4WnpoSFg4QVN4Yk9rLVRWdw?oc=5,0.0,neutral
2026-08-12,2026-08-12,COST,Annex Advisory Services LLC Lowers Stock Holdings in Costco Wholesale Corporation $COST - MarketBeat,MarketBeat,https://news.google.com/rss/articles/CBMi4AFBVV95cUxPSVNtSXAyd0J0cm45OHlSUmF4VkJaN3BKc1RMcmRUbWlJMUVYa3ZlYVJKOEdoSDh3UDUxdWZQNmlVS2R6ajRiWnU2REs2YzZkRFRzT3dNRDJBVjFUUV91eFAtb0JuZHpIckh1YkdvSHdlbmpDblZJN0pGRlMtTkkxWEJGc0F5WW9GLUxJcFd1Sl9NamhNZVZ2cUlMZGE0eDRFM2Zoa2ozY284Zjh0dllxbTJtanRTYlc3Vkp0LVBsR0d4alJpRnJTSDBQTnBWWnoyT2tWOTg2TXN5SVFVMGNuLQ?oc=5,-0.128,negative
2026-08-12,2026-08-12,COST,What Does Walmart (WMT) Fed Task Force Role Mean As Cost Pressures Rise? - simplywall.st,simplywall.st,https://news.google.com/rss/articles/CBMi0AFBVV95cUxQR1Q3b3Z4Qk5qb0lsOEZybk8ybkM2a2lBRC1sa0NKb0NZMEhVNVBZYy1na0N2VmMySG00Ui0xeW1wREtESnJxOWZRV19LcUUtclBrRkN4dHZUZVFTeEFMMV9vN29VRHNUZlZUZHlIemZuR0xUZm1xMXZqdDgzMWNYN28tdVhSVV83TnBqUDlBaUpDMDVLdDdfamRWaExvSTFiSHluNFhxc3FWdkxEN1JOeXY2Qzl5ZHF4Ty1CdDhDQ3M2WE1NWmxkdkRQeXNIWVND0gHWAUFVX3lxTE9DMG1UaHBkQ3lrZ1B6aWV1UEtqaVRBNDNPWEJ1TmlVeElac3dTdWxkSWVQWVZ3RGQ2YkpiSzhYU0xvSzczT2N1Q0pzekNBQW9EazQ2X1FzeEZoYUZQY0NRRzlpSjhJU3FYaWFlVEZZM3YxZWdRTFpEeXhMTjByNHhDR0NnMEprTWZBMmVmazhDbHdJVENvMVJTZDhGcDY2TUp5R185Ri04Ql8wWTJTaGF4NHRWci1zNDRDOEVhZDdFMnAtZ3hJa3BGV3A4dFo1VDY3eXIwMUE?oc=5,-0.3182,negative
2026-08-12,2026-08-12,COST,"Western Wealth Management LLC Acquires 3,333 Shares of Costco Wholesale Corporation $COST - MarketBeat",MarketBeat,https://news.google.com/rss/articles/CBMi4gFBVV95cUxQLWROWVkxSkhybTU0cGZmSDROUlhJMFNrYTBRR3B1V3RDWHA0czM0MHM4UUdpTTl6RWtSMW1HbGRyT3FtSXNfTTNrMGZxUDBGd2ZNYVdlQ2EzcmRaOTIxVjRUVXlRYmRsSmFqQk1RQ1hnU3N5U1hXOWpCZzRRWHZDSVplczNUYTE3V2ZQTW9wRW1GZDNXOFhkZW4wclV2WVJKSExmVFZtWmNxWkdzR1BtaEl1R2E4RjhMdFNDekhfRlVkODkwckI3MFlPRFg1NE1nRGJXanNWcFdFMWpCcE5ablRn?oc=5,0.6597,positive
2026-08-12,2026-08-12,COST,"Wealthcare Advisory Partners LLC Sells 2,520 Shares of Costco Wholesale Corporation $COST - MarketBeat",MarketBeat,https://news.google.com/rss/articles/CBMi4gFBVV95cUxPUTZybklYY0xpa1drclhqanRudkQ1azFTOE9kVktIUmVLcVJ0VHYyX2UycEJJN05rcHlGdDZFOWh3MEV3aUhIYTgwdkc2N0NlZW5DUzJBeEVMM0xqRWZTUlpYRDRXM1JwVnNtYzM5bUk1ZlFweHVBVGxuZ1pHakNJNEV1eHJVa0JmWnBxVkpYS1NTOFJCclAxY1FIN2RhTFRqcURtWmMyT21zYzZTdmNTemRTdmJTN1ZLb1hSWTNYczJIME9HZUxPcGxGV0tMWVRUZkxDNDVSOTRCMVFLbUVzdDZB?oc=5,0.296,positive
2026-08-12,2026-08-13,COST,Quantinuum stock price leaps after strong sales report - BizWest,BizWest,https://news.google.com/rss/articles/CBMijwFBVV95cUxQQUltMlJYLUNtRFlzckIzNmlFMmdwOERhRWxJTnp6LXFKc0phUmxHYlExOVNaRWR3YVZRN1B5Qm5wNFVvOHhMOUg3ZHRubUJOMmdHOVQ5NldxUVAxSDJkQkVIQTdhd1dhMi1fc1V3bk9QR1phaEJNZXdKUkJDNTBkTzhrQnZTbjVJSjNNRTRiRQ?oc=5,0.5106,positive
2026-08-12,2026-08-13,COST,Citi Just Upped Its Price Target on WIX Stock. Here's Why. - Barchart.com,Barchart.com,https://news.google.com/rss/articles/CBMiogFBVV95cUxPQnRRUWxiU29ubXJGTkhDTjRQbG45T0ptc2JQVThWNV8yU2lITnBNRktvZ2F5SjlIT1hlUllPY05iSTNRRkNIY2FrMGJsOXUwZWR3OUtmNlFVeUFGeXJfYjNoWTFiNnJocTBmZXNzMl8wNlBMYnc0dVRQVUM0ZDh0U1hVRE15YlVia2xlMEFUQVk3VUw1RFVsdEZUM1Ixb1BJUlE?oc=5,0.0,neutral
2026-08-12,2026-08-13,COST,EBAY Stock: Where Compounding Could Take The Price - Trefis,Trefis,https://news.google.com/rss/articles/CBMirwFBVV95cUxNdVhSQUYzdFdwNHFpSFZzX3piSEdOSDNKdFBPTUN0aVloUDJhcmZVSG41NXhQRk83NWdmTmpFdEpmTTJXRE12dXY2Z0tZZnhXbkwtdDRYLXdXLVVaYkF1bnkxM0Ruc1ZzRjJDblVVallzQ0Zyc1prYmhuWjlvS080dXNBcS1WbldENV9SMXpkNTNCQkZOVmF4ZDJJTE9LUVdKd3QxQWxNMWNRdEZtMVR3?oc=5,0.0,neutral
2026-08-12,2026-08-13,COST,"SpaceX Just Unveiled Grok 4.6. Musk Calls it ""Objectively #1"" In AI. Anthropic, OpenAI and This Stock May Be in Trouble. - 24/7 Wall St.",24/7 Wall St.,https://news.google.com/rss/articles/CBMi7gFBVV95cUxOX1pKTTRUbk5EU0pzdXRROUFMWTBfaFZqWk0yZXNjem52OGo0UDVScm5EWGZGRFM4OUVXZzBaREtkMTVMR3dIMFNueE5HQ2VrYjA5QlJidEpBWTQ1U0Z6b3VsalcxamQya04tZjdGMUV6bENSSlpGTnBVay1PYWMwbDFISDZ3d2NCczFVWjUtTE9ZQXRudHZEZU1CVXk0aFhlZjEwbUktUFp2dmRHUUI1QkI1SjVuWkVtZzE2aTdHZFhiU3lQUkhQQTR2OHpZMEJycUs4OHp1cU9RRnF5U2Z3UDE2UThPTG95Qm9xSTV3?oc=5,-0.4019,negative
2026-08-12,2026-08-13,COST,S&P 500 ends higher as CoreWeave results fuel AI optimism - Reuters,Reuters,https://news.google.com/rss/articles/CBMiowFBVV95cUxPYklxZWxQWEI4bU5nVHpWUVJkQWo4YmQ5ZWpfTXNWWHBjNlE0d09NNEdtbWMtQldtbndIMzNBU1Z3TldjNEF5YUoxMHJSdHlXak50XzBMYlh4dHh2OWxVckViSjVxYUFCVlBvcnQ4Vk9vLVF0MWhGR3BidXQzOGItYUVjbnNYSk1pdS1XeTZqUGtaVTZzcDRkR1N1V0xkN0o5STBZ?oc=5,0.5423,positive
2026-08-12,2026-08-13,COST,Amgen Stock And The Price Of A Promise - Trefis,Trefis,https://news.google.com/rss/articles/CBMioAFBVV95cUxOSUV1YTdBbGhkMko4cndoSHBEMXFldzUxX25FQ1FtSzhkNk5ibXF2RExBT0Z6R1FQMVAwN1BxdlpJLWxFbmkwNVVCeHVtcDBzZy1zSWpCU3lNeFEzMjZjZkpBUDZvVS0zQzZjcml3T1BWSUFQS3pxV0FUODhiOFhoRzA5MnJIYlZ5djI3TEJKanBLaHNJQVMyN1p1LXJqSWVZ?oc=5,0.3182,positive
2026-08-12,2026-08-13,COST,Goldman Sachs raises Marvell stock price target on datacenter growth - Investing.com,Investing.com,https://news.google.com/rss/articles/CBMixwFBVV95cUxNQm9EY0VyaGxlbWlLQWRGZGNLeW9ONW52WEx6My1nRTJKLXFwcVFJV25PWFJRUnJuRzFUbEFMVklOZ0QtMk9WdEN5Uk1oZUtyai0wVmhBa3NpY3JUWWVJM2NRVFFOcERiRl9VUnBLSWhDc3VrZXJ2NlhseWVXbUF3YUJYZ0RHRmpnQXo1bXZtYWNHcWFuTmdicWI4TFlUamVaaThwNWR6T2tuSXRYSDBDVzNxMHBidkptUEVWMjJ1c0psdG1JN1Nn?oc=5,0.3818,positive
2026-08-12,2026-08-14,COST,SPCX Stock Quote Price and Forecast - CNN,CNN,https://news.google.com/rss/articles/CBMiUEFVX3lxTE9mNFpQdmpQSHpfbjh0RmFkcGxLQ1d1dWxoeUoxMTUwM0pnRmYwRDVjMFlvdVNKQm85LUsxSjNVZFlSZm9iSmYwRkJfSVhlNmtK?oc=5,0.0,neutral
2026-08-13,2026-08-13,COST,"Stocks rise with oil price below $90, euro edges up, Iran in focus - Reuters",Reuters,https://news.google.com/rss/articles/CBMigwFBVV95cUxNazlfTWozZlI1am8yV1pmREdVZGswQ1NPWl92dGhIN3lVbWJRaFA2YWhWNDQ4NWwweXZpbmpLOGFmcDlUdDhBSGFyU1piOVBzam1JOEN2RVFDOXdWOFk2LTB1MklsRzRfVmlaR3BTb2ZFNmw2U0hjUnhNLUd3cVV0WElxVQ?oc=5,0.0,neutral
2026-08-13,2026-08-13,COST,SpaceX Stock Just Closed Above Its IPO Price. Here's What History Says Happens Next. - fool.com,fool.com,https://news.google.com/rss/articles/CBMimAFBVV95cUxQNWliLU1qYmtwT2ppLXZSVjR0MjBDMUsyWjVMUFJHc2JFUWhpSzdoUUFQR1E3STBGUFhLcG9BWjhVQko3MTJ6bGRySjgtbUZFSVZtQmlWcnRWczRDcnNnV0xHWGlFaWhncUJoTllkWC1vRnNMZ1RrNGVwT2NzVUprb0VieHhSd2RET213bE5SNlkwTWVOTG9fZQ?oc=5,0.0,neutral
2026-08-13,2026-08-13,COST,The Hidden Red Flag in Wall Street’s Price Targets - Barron's,Barron's,https://news.google.com/rss/articles/CBMifkFVX3lxTE5lTTZwVzBkNkRTZDF1NnZxMmE5WWw4RW9ZSy1lQ2J5dDExMXpmUkZHcUp3RTBDQTl4akJ5MFRPWm55V09xYXY0WGdIYzN1WTRLdGRyWjJSNnR2M2FJV2NsX2t3dXZhUkZKSTNUR3RNZW1ROEx5Rmgwc2xIQzlPZw?oc=5,0.0,neutral
2026-08-13,2026-08-13,COST,Gold Defied Surging Real Rates. That Should Worry Stock Markets. - tastylive,tastylive,https://news.google.com/rss/articles/CBMipAFBVV95cUxOeEthV254eWR2WUVaZzdjU3lYTHBlOGQxQTRuQWxuNDRaSndSRnRQbGlob0p4dmhYNzd4X0VRd3k1Y1VpRDJ2QmV1WXhwTXpnX2hFczk2cXFxb2ZVcjlxVnJOUFVNd090MFktbndrSWtqdENRSlhzdmVNRGRacERZT3kzOVBkRERoT0tUUFRSZ1RqVWk0OWtKRFEzLW0ydF8tQk1ZZw?oc=5,-0.4404,negative
2026-08-13,2026-08-13,COST,Wells Fargo upgrades SM Energy stock rating on cost improvements - Investing.com,Investing.com,https://news.google.com/rss/articles/CBMiwgFBVV95cUxOYUFSY3gtaUN0ZmMyY2tJR1BHN3J6dmxnQTdGLVpTMlZwTUxVQ3E3RFdBVEI0U2RILTlybDQ5b3UxRkQ1NEp3a2hEOFNlMzFZc0t2b1pNOFUtV0lkY2hQY0stWFFkLTVwQlVmSXZSMWw1M0oyTlE2ZkVMRnB5dVpqdkhMd1NKVlhYajl0b1dnMWNhR1ZmV0lhUWJUTTBxREttak5uRlZlOS1mNWw1Y1U5aEVmTmVUTGFqWnlXVmx2MjROUQ?oc=5,0.6597,positive
2026-08-13,2026-08-13,COST,Stock Market Today : U.S. Stock Futures Mixed as Fed Rate-Hike Bets Ease - Eurasia Business News,Eurasia Business News,https://news.google.com/rss/articles/CBMiswFBVV95cUxPX0lCX3lZRmJxOGR4Mk52bF9JTXk1QUliOGZVa1hhY3RBSGxGODZTSjVQanoxbDVWd0tDcjhrQWN5TTRyRnNkTUQ1N3dhQnVYdG56WkNpRnZaa1RDNlFFWC1wb1ByeVJuYVNIX0VvYnpma01INnlwTzJoY2NRU2pRcE0xal8zZW85U0VzeGtwUUZjaWRrajJ6MGNPRTlZOFlCamtvc2xlTV83RldaLXNlT0hYMA?oc=5,0.3612,positive
2026-08-13,2026-08-13,COST,Check out Berkshire Hathaway's stock price (BRK.A) in real time - CNBC,CNBC,https://news.google.com/rss/articles/CBMiSEFVX3lxTE9GUlRNVHFwcG5kNVpsVVpXZlA0alZFc1ZnNUE3UlZ4WWpNNFpuanlpR1ZEZFFRWVMwNGRnem44MUxhZ0ZDRHRNcw?oc=5,0.0,neutral
2026-08-13,2026-08-13,COST,SpaceX Is Back Above Its IPO Price. Is It too Late to Buy the Stock? - fool.com,fool.com,https://news.google.com/rss/articles/CBMilwFBVV95cUxNemhPdlZCOXFQLTBWdGUwazdZd21PU2YtdkZTLUdJb29qRG5ndUxrQnlQYVNHOTRhVUlhMEVxaW1yLVVhWGpYVnBJVUNzd1JscFltSFlTX0lpTHV5SXU4MFJ4b09sMFVBZ01HeGdLTk5nWk5XNnV0OGxnX1pFSHlxbVZxQUR2YThQMFh6V2stWThONE53bkxR?oc=5,0.0,neutral
2026-08-13,2026-08-13,COST,Hancock Whitney: M&A And Higher Rates Justify The Rally (Downgrade) - Seeking Alpha,Seeking Alpha,https://news.google.com/rss/articles/CBMirgFBVV95cUxPMFlwa0tGYnNJdk9uUWZTeVBaSGdZbXp6QnF5dWpmRHNOMDUwdDRKN1NWb2NMX25xX3RVanRyRnhHQVZyMm40T2pHMkROa3JpUFRRcUpDNkRBR0stcGNqV0FfTy01SHpfTnNHUU04bnlSWVluSzNsM0FGaTR0Y2lVNnozd2l2bGo2aHI2VlB5SlZtbk9pNE5OZEtzNTdPZk5NbkNEdUZPMHdPeHVEdXc?oc=5,0.0,neutral
2026-08-13,2026-08-14,COST,Costco (COST) Outpaces Stock Market Gains: What You Should Know - Yahoo Finance,Yahoo Finance,https://news.google.com/rss/articles/CBMinwFBVV95cUxQVkhaS2pBU0M5N1VvbGhGdTktdmNNR3M5aTA1eWxvcUlRZ1RSSjJoVU5VUU1sczQ4QmxyWkdsaWNsU0lGamhXUTIyTlVFWnZUcEQxMXpTclBuUlkydWdTRkdTajdOVDl6U2U1aXI0aWJXRTY5Ums1MThOUm43OWItdDdXa1lQa2FhY3JSRlNnb214VDVtcmQ3TXRVdUppcm8?oc=5,0.34,positive
2026-08-13,2026-08-14,COST,Costco Is Priced Like The Best Of Its Group. Is It? - Trefis,Trefis,https://news.google.com/rss/articles/CBMirwFBVV95cUxQYWlTQWtlQ05nUURNLXVoV0cyRTZRVjNHRXVtcGpkb0NtelBBakMtRUVoZDVoRkh5eWRUWDdkWVhrYUQ0MmJZTkdVMmRQVE54bUNoRmpuQ1ZCVE1UT1hzUFVWc2o5UzM2MUlVbVJqc1pDOFlSSXlXZkw4d0FkMlBBRG5XbXBlLS1xWXNyRkNIbjZIOGRQaE5WRFRONHlWSTlnLUJSYTBMWldYYjN1SVdR?oc=5,0.7717,positive
2026-08-13,2026-08-14,COST,Bill Ackman Calls His New Fund’s Slumping Stock Price ‘Frankly Absurd’ - WSJ,WSJ,https://news.google.com/rss/articles/CBMisAFBVV95cUxNc3Z2QVpGV3BCaWxWZ0gtYUhtRVFCVjhGV2hMR1RERV9aSTdtMUR0a051QW9hNEUzbWxQeUlMdDl1T1JrOXVHZkM4Qk1NMlNNMVNlN1Fkcm85V0JKa0tCbTBFNEVKWW93YTdjZF9HOXZBdm9JOUlxNWFhd0xjcTRPdVNXZUFwc09iZnRJaWtaMXE1X1luWmNpS0VCdWk0VzhFVUlvaDVxSm1JRi02VVJWMA?oc=5,0.0,neutral
2026-08-13,2026-08-14,COST,Stocks rise and interest rates slide after inflation report - NBC News,NBC News,https://news.google.com/rss/articles/CBMihAFBVV95cUxPNTFaSEQyZkFiaU1KTkNPU2FuTk40RmpObmYtUUVXdVU2a2JIZ3RJSThFZ2pNdkZCYU53SjlyU0ZTMUlKVEl4Qi1pV2QxUkotYngtZ3pDRmZ6djhTUWhOc1dvVXlWckxDNG5kOUdCNkgtQ1plb1hJMUxmOWNCMXNDbVUxMWQ?oc=5,0.4588,positive
2026-08-13,2026-08-14,COST,S&P 500 notches record-high close as rate-hike worries ease - Reuters,Reuters,https://news.google.com/rss/articles/CBMivwFBVV95cUxPUHR2anJaRElybkU1MUtsS1JsREMyQW90SU9hRXAwblVMSDdMZ1d2bDRBUTczVy1pQVh6ZnpDWnhUR3ZqSjNpTXYyektQN0JsSTNaS3MxQVJQLVlvakRnUzAxelE5RFkwMWRqY3ZJUGk4THRXblEtejVuUDdYS3MtVDd3ZEFtN3ItS05JWGxwTklCSkg3YXRQbUZhRDdRWngxVC1xWHgzMVR2TWJPYzZFaFZRV3hHNFpQbm5SZTRacw?oc=5,-0.0772,negative
2026-08-13,2026-08-14,COST,CoreWeave Is Winning On Price And Racing Its Own Interest Bill - Trefis,Trefis,https://news.google.com/rss/articles/CBMiwAFBVV95cUxQclgxVVZmSm4wdG5lLXJwMGNUU2I3eW1NdzNWWngxc3lscEU3YTltMW5WU2tWNlVSNE80ZmMwNUtKYVRMM0dUeHhvTHFnS05pQ3BMY2xXUTVCQllaSG9FOUt2V3JxeTlXYWNsckVkTnpGMkRMREs4MjkxT3FLNTluMUM5dHY2V2ZIcE5abVdHTDlELVdqV3pZUW1TWXh4MjlKc2JKVUJqTnFZQTcwamE3NUZjai1Ma3dpSXBsSVdrSEo?oc=5,0.7506,positive
2026-08-13,2026-08-14,COST,"Stocks rise as traders reduce rate hike bets, oil prices drop - Reuters",Reuters,https://news.google.com/rss/articles/CBMigwFBVV95cUxNazlfTWozZlI1am8yV1pmREdVZGswQ1NPWl92dGhIN3lVbWJRaFA2YWhWNDQ4NWwweXZpbmpLOGFmcDlUdDhBSGFyU1piOVBzam1JOEN2RVFDOXdWOFk2LTB1MklsRzRfVmlaR3BTb2ZFNmw2U0hjUnhNLUd3cVV0WElxVQ?oc=5,-0.2732,negative
2026-08-13,2026-08-14,COST,Wells Fargo resets Microsoft stock price target for 2026 - thestreet.com,thestreet.com,https://news.google.com/rss/articles/CBMioAFBVV95cUxOZFdIZUVDQi14TEhYUXhtN2N3S3RackNfMm9uWTZJdllZSDdMbkZFV0JPTGk4b3hPY2hiN1ZBVnE4dGJYaDN2eU9iSjhkQk5YakRMLWtXUnoxWFlzZlk4a0xRY2ZGUW1IeU9BQVVGRkxKSVNRM2E4bGdncGNxRm5OOVJPa3hiYVFrdzhvc0RHZUl4OTlNV1Z1S0JrQmhhVFB0?oc=5,0.25,positive
2026-08-13,2026-08-14,COST,COHR Stock Gets A Wave Of Price Target Hikes After ‘Beat And Raise’ Q4 — Needham Sees Coherent As 'Major AI Infrastructure Beneficiary' - Yahoo Finance,Yahoo Finance,https://news.google.com/rss/articles/CBMilgFBVV95cUxPVUdFeTk3Qk45TXUxVUdTb245cC1GY3pHckpiLVlHZ2paWUJjSDZlZ3lyU0VXTG9yWkZhTXFNRkZLRUlicnpUMHBfbWRiQkQydFowaGV4aEVBdGpfREhNM1FwTHkydzVMLTB1YWdmSi1yYkpaVHpLdkQtR2RtcTVhZFZERGQ5OHhxOWJZRlNOMnBaZHdldGc?oc=5,0.5209,positive
2026-08-13,2026-08-14,COST,"After Earnings, Is Palantir a Buy, a Sell, or Fairly Valued? - Morningstar",Morningstar,https://news.google.com/rss/articles/CBMinAFBVV95cUxQZU1neUZIckpPMUxudWZjaVF3VlhqZlJfNjd0V0wzRFF3dlBESjJYNGNaS1VUUUo5UjJzN2pUaDdZc2dKLUtkRVhxYi12cXJCYmVLeGI3akhfTVlaWlR1R0VBSjFOSVRVdnJnLVJITF8zdmFmaUlEMEZrSEVTUjRhdE9XUUVYZUp0Nk1ybWZ6Q2hzNkpQQ0tlWG0yUzg?oc=5,0.4404,positive
2026-08-13,2026-08-14,COST,Air Canada Earnings: Recovering Some Fuel Cost in Ticket Yields - Morningstar,Morningstar,https://news.google.com/rss/articles/CBMipgFBVV95cUxQd0QzX3hTdWRrWHFzc2xNX2hielRKSXNCQ0lEM1RIYk05OEZJZkF4VHRDMjJ4WndTOXpvZlhUR0pBTjQwbnd3QTRQWHFDTk9PaDNEam4wMzJIdHlGTzJnSmxsQmVBZ3NoRmpWYUJKYlN0LUxUWW5mdkZ6and1eHFfV2RoWmtJRjZrdXo4RXVGYUxPcjJTRlRqTFBCOGJOeEVTLXI1WjJ3?oc=5,0.0,neutral
2026-08-14,2026-08-14,COST,"Rates are at multiyear highs, yet stocks hit fresh records. Here’s how long the defiance may last. - MarketWatch",MarketWatch,https://news.google.com/rss/articles/CBMi0wFBVV95cUxPd1ZRLWw4aVZXR0FJdDhhYWQwMV9rZVB6ZUlqcVhVMHZQVk5WWlotcXdzcjd1SWJwNkMtelV6SnJIamFEWmFMRmRBMjh0dF9wd2dIcTN2ZzZPQUxhaFA5MUVoZ3hiTjZ2UkZnenJOeGhUb19VUWlHaGp6Q3VxdG02UTdwZzlWeWZ3UlNaNEhfMnlGVXhSM3N0U1RCSDR3SlQxQVVIRnZMdFZOSE1ZQ3lOWk9CeDFjVmM1QTNKbTlIUGNQeVoyVGp2OGxVSkpFWDlHU2Fj?oc=5,0.3182,positive
2026-08-14,2026-08-14,COST,Millions of 401(k) Holders Could Be Forced to Buy Anthropic Stock. Forced Buying of SpaceX Has Already Cost Retirement Accounts $500 Million. - 247wallst.com,247wallst.com,https://news.google.com/rss/articles/CBMijAJBVV95cUxPdHQ0ZUpSNlY1c2o5aGtqWXh5eXR4VFhRMmRpUXJIT0lVYkJSa0duQm9IOFJhcldMNXFVelJRWnBfdVFLckd0cmtXUHpMSWtBZHpuUUc0T3J6LVVCZU9wS2JTcnVoQmVlek5IMkptZy1lamFEUlF5Yi14Uy10STYyeDNYcF9oR2hYUERJbjUwLXF3dWZIU1RtY1BpVUVFdFRVc250eGFreXBlWnJGcGhNWTNRTFZ1cVdhT3dycmtYTkRkLXFnWTdPNFBOUUtlZzN0b3hvZWc5NGg0YVdsYmthbUF1RlRRU2pjQnhMTS1vUlI2T1pyTWEweThvekx0LWR2UUxsY0YwUzdZWWVm?oc=5,-0.7184,negative
2026-08-14,2026-08-14,COST,"SageGuard Financial Group LLC Sells 1,213 Shares of Costco Wholesale Corporation $COST - MarketBeat",MarketBeat,https://news.google.com/rss/articles/CBMi3gFBVV95cUxNRWlwMUQ5N19XcERhWTBwOXVPdVZhcENvVDBZbWc2dlFlYkdWZUNyTjZBRXJBRFEyNGp0S09zRW5tRllLbUFhYkRXeVhqcDR3VnR6d3JZZGZEdE82dkI1cGZOcmlBZWtER3dFNlp5NjJJZW9NWWs0cTNUaXJMTFFIX0pKZHkwM1k1UHV0STdsVWdfVTc2dzZTWFk4MEtXN3pBU01xSlZOR2pFdnZ6cmRwTEM5ODh6Y2RYelFuWXRFVUgtYl9meVFqNWdQZVNmWEVHM000TzI0My1CYXZBM2c?oc=5,0.296,positive
2026-08-14,2026-08-14,COST,SpaceX Stock Climbs Back Above Its $135 IPO Price -- Here's Where It Could Trade by August 2027 - The Motley Fool,The Motley Fool,https://news.google.com/rss/articles/CBMimAFBVV95cUxNLTNhSFlMUjhHV0Rxa1dVWW93MVE4SXI3UGJzTjdkanFMUG1qaFpudkFQT0V6NWxFaUItdk8yTGZ3djF1WkRXb0pUcjRhNUdZMl81SnNUYUZBWDVRamJpNlIxQ1lCM1BfclZfTnE2VnBOZDJ3OHVPSTRVWm1jM0VUSjJQU1pVc0s5eDA5bm5OdDdyM3puODhnUg?oc=5,-0.4404,negative
2026-08-14,2026-08-14,COST,"Coupang, Inc. Stock 12‑Month Price Target Cut to $23.44, Implies 44% Upside - TradingView",TradingView,https://news.google.com/rss/articles/CBMizAFBVV95cUxNc3ByOWhxOExsdlJhSmUwQ0tRTGplbkVPQVFoN3l0U0IyVHd6WEgzZlRMY1JxVjVRY0RONDdJWHFWc2xfUW80VFBXTGViblJSWWM1eE04TzdmZVBjVFhwWHdUVVBrcnBsRkZXS3FOc0o3S1JKOE9CdUNHUkpkbHE5WGFuR2dna1EtUjZEdjFyM0hUNnF4VmNIZHFYWlJUMktjcXRBZkUwdUNIc01fXzBPZGlURTFTd2otSTBlQU1La1JFQkZtcXFLbHlIY2w?oc=5,-0.2732,negative
2026-08-14,2026-08-14,COST,ExaWizards (TSE:4259) Stock Price Reflects Rich P E Despite Profit Growth - simplywall.st,simplywall.st,https://news.google.com/rss/articles/CBMizgFBVV95cUxQcUhGcEt3YWZncnJqN0RoRGRJS3FfTmxCSGpTdDdIYUNLT3hpelJrNmQ5NFdsay1mcmlld0F2ODVIeXF3bWxXZmU5bkxXUEMyUFUxdEZlUld3a3JkOXBuUWZUN2dpWm1nU2VteWdCYXNIU2kyUkRWcHBMUHJRQXlYUy1kdVdWWV81TXczRUhMMU1JWkZ6OWxDRVhHb0liYmVrQWRkUFY0Q2xfUmhuVHRhZmQ3LUc2OEF5Y3Z0RF8wMzQ1V3NTX3BXTUVwSU1ZUdIB0wFBVV95cUxQYXlLZERia3d1UVdsc3FmeFNnU1ljaE5RcGtoV2F5Skt3OUlpVkVXUXRRWDRIeXVZUjlKMlJDcGFnOC1xRHlKNUJFTVNUQWVzTFhUNEFCcF9zMV9VMGhFMVVaM0FmUEJVRVZUdklxTVdLRTFCUXoyWWJzX0dpOUdaalpfMUl6cENSTE9Pbnlra1RpSFR2ZXJYOWFLNXE4N2EzUElmNklOZGZUcEpET2taQjZ4RkNfOTY1MzRZVU5haUpmci15Z3ppTzRTdy1HbEMzUWNB?oc=5,0.0026,neutral
2026-08-14,2026-08-14,COST,Jim Cramer Discussed Costco Wholesale Corporation (NASDAQ:COST) & Forecast Bumps - Yahoo Finance,Yahoo Finance,https://news.google.com/rss/articles/CBMipAFBVV95cUxQaE5qWDNqSnp6akdSdmo0LVJUX1VEQlgtQjBETHRCSm44VE5VWXVlcGJMV0pCMWxZMnk5cVZOenI0SzZ0c204c2NKdDg4akJtVFRsd0tlRmdzbmwzamxGMi1JS3dkSUJOOTcwcmZlNUpqQzVPN1MtallRRUF1RjI3cU83VGtlSERrdDhRblgzYjVsSk5ia0lJRDZJNWpDYWtnQUNCWA?oc=5,0.0,neutral
2026-08-14,2026-08-14,COST,"Generate Investment Management Ltd Acquires 15,543 Shares of Costco Wholesale Corporation $COST - MarketBeat",MarketBeat,https://news.google.com/rss/articles/CBMi6gFBVV95cUxNb1NqNXZ3WWIwWEFFSG92RlExMHM0d0NTU1pBWGh5Uk5RVDduR0ZvSUgwUGtmcElqMGp1YzctVGdKWkJmTXhpWTNpZGpCS2JlSHNZLVRiU291eHhpM0tOMHhDcDNWZnRTZkdPejBPbTdLVUNkYXlyR19kUUNOc01mMGwtMjl3QnVNYVgxaS0xbHFETnFEbjRoVEs0UExiWHBvczUwSHNmei0td1VvM0NxX1kxUkJEMmE5WkhTbVNnYWN5WnVFX0ptLWRlRWVmSWNBVjE3YjFGRF9idzdEeDJieENrYzM0R0l4SEE?oc=5,0.296,positive
2026-08-14,2026-08-14,COST,"Novo Nordisk A/S Stock 12‑Month Price Target Cut to $48.59, Implies 4% Upside - TradingView",TradingView,https://news.google.com/rss/articles/CBMi0gFBVV95cUxNUWg0Yk9XTy1ETldURHhuY25pSjJKcUZ0NElFa1NiS3Z5QUxxYzJWaWo2OUVzQmNzN0gyNXRET1VUV2lNSWtjdHo4RXZzaEJqbUJUTl9QNXZkREhyUVFLY2VQaGVrM05FZ1d2THJtT0liSFBzR1Zxcy1Nd1FzMUNYMV9XTmJLQUFRVjBwWnkzLU1OT0VkaVduaVdQdk9ELVFFazNFRU5kNTZSNjVQSnpqcndpVTI2S042Yy1WYmgzOHdoNURzallkQV9BRnR0QzZldFE?oc=5,-0.2732,negative
2026-08-14,2026-08-14,COST,"TD Waterhouse Canada Inc. Sells 3,959 Shares of Costco Wholesale Corporation $COST - MarketBeat",MarketBeat,https://news.google.com/rss/articles/CBMi1wFBVV95cUxONHpuWE9odEFtaU1MX1NzQnNOX0lScnRNWDVZckExVkFuS2VCOFFhT0ZBMjdZRHEtRHdyd0RzX1ZuTmxwb0lQSXJSR1hockFvbnotdUMyLXJYM3NaMW5vRjk2alJRZUtWdTd6TGxQZk1QRmFMZ1I2ZVFpcU1lcHNGRmdvRVN3MnN1QjJxZW9HTkVPRDFfOUlHeG82dmdMdUFwQTg1VnRMT0hmLVdaTzFxQWp6NkZhdG12dmZfbzR0em5hdzFwQU1qVjV4TVJfa3lKeWdrektNWQ?oc=5,0.296,positive
2026-08-14,2026-08-17,COST,Share price chart - continental.com,continental.com,https://news.google.com/rss/articles/CBMidEFVX3lxTE80cVNTdFRBbElhLXJIYVBXM2lQQXdRa0Z5b1RCUlJUTEM5b3VoaDNhdGtINHZHbFN2bXJCZ1JFQzhnSTJNSTFpOWkwRTUwN0RDS2VhUUlmUlVxUDlTTDJDbDV3bkdVSVpaVVVDbVA0RjlDRFhL?oc=5,0.296,positive
2026-08-14,2026-08-17,COST,WMT Stock Quote Price and Forecast - CNN,CNN,https://news.google.com/rss/articles/CBMiT0FVX3lxTE9NemgtNE5ubzhjTGxSbnpGcTdPSzBWdS1rSmZOMWZCYl9HTmc3ZjhYbkYtbmQtWGpBRElyNjNTM2dGeXNsTnprNmY3QVJkd3c?oc=5,0.0,neutral
2026-08-14,2026-08-17,COST,Check out Berkshire Hathaway's stock price (BRK.A) in real time - CNBC,CNBC,https://news.google.com/rss/articles/CBMiSEFVX3lxTE9GUlRNVHFwcG5kNVpsVVpXZlA0alZFc1ZnNUE3UlZ4WWpNNFpuanlpR1ZEZFFRWVMwNGRnem44MUxhZ0ZDRHRNcw?oc=5,0.0,neutral
2026-08-14,2026-08-17,COST,ADBE Stock: Collect 12% While Setting A 30%-Off Buy Price - Trefis,Trefis,https://news.google.com/rss/articles/CBMitgFBVV95cUxPN0pOS2JWU2tHZVQtRUZhMlhhVUNhREFmd2x5QmhpTDZ4ek50ZHlNcTBvbHh2N2J1bThTRjVpa1RQX2NzeklFQ1FkZHV6aVJ2WXdVbE01cjIxdDZteFB1LWlsanM4VGxLcldxWXZkeXpCdEFpN1JJTE5GZmxLTmZXM3dlTVRXSFRKbDFzcTBPR1hyV0ZBZFdFZ2QzQkRRRzlKQmlnbEkza1NEVS1zWE5IQjBxaGllQQ?oc=5,0.0,neutral
2026-08-15,2026-08-17,COST,COST Stock Draws Price Target Hikes From Wall Street Post Earnings – A Look At What Keeps Analysts Happy And A Bit Worried - Stocktwits,Stocktwits,https://news.google.com/rss/articles/CBMivgFBVV95cUxOTXFxOXM0S0VCeGxGc0hoZlp5b0c0X2F4SG94TkVkZnMyQ3dYNXZmZ09BaWJlQ09ud3pDYThxRkZOSWdRc1VET212YkkwUDFBMEtQeGpkd0tFUG10VTE5clBxX0M4QUM3T3pSNFhnVTRaM2U4UHU1TzV6LUdmaVF3YlB3X19wb3lXd3p0OC0wekkwNURoa082ZjBlUzNqWnZSNDloUUlGbkRiSFllazAzeE1BQ2xSZ0R3YTM5dmd3?oc=5,0.3612,positive
2026-08-15,2026-08-17,COST,TSLA Stock Quote Price and Forecast - CNN,CNN,https://news.google.com/rss/articles/CBMiUEFVX3lxTE9qejEtbzhHOHJnMXJRWUVEbUxyUFF0RnJuNEtEN0U4Mk4wTlIycHNTejNyYTJYQlRDMFRCMllMcGJtNV81S0RNME9IZFBSZkRJ?oc=5,0.0,neutral
2026-08-16,2026-08-17,COST,Is Now a Good Time to Buy Costco Wholesale Stock? - The Motley Fool,The Motley Fool,https://news.google.com/rss/articles/CBMilgFBVV95cUxPRksyM1FOQ2otSGp4Z0lQLU1ldFV0UWFYbTB3em14azJsZXNxRE1lc1pEbjhack9zQVZweGFLdjlTMElLZ0swV2RxNkdxMHlFR0cxanh0LUtYWEJjZXhEQzRzUlVNZEV6ZkNxejlJdHV0VnJSNTBZUDlpR3VDZThISFNiTUdobWJOS29mLTl1emF3T2E0ZHc?oc=5,0.0,neutral
2026-08-16,2026-08-17,COST,Analysts Are Upping Their Price Targets on Lumentum Stock. Here's Why. - barchart.com,barchart.com,https://news.google.com/rss/articles/CBMisgFBVV95cUxNeTVsRUVBRTVvVmxBSmhyU2RCNUt2dW1xckttRjNKWFl0Wkk0SG1lQ2NuVUZuT3UtR3RJT2dnbDNqSldneDJwM2U3WkxpcFEzS3UycTRQSk1URjVhSklmVU4wTEdlQVRhTjl2R3Q5N3RKZnZxd0p1U3QwQzFwTjZtWmhFajJIQmQtcWxUR3NJQ3ZBc2VYdXhsb2dUYlFQc0JJVmFnMDJOaGJLbDNDZnAzeGh3?oc=5,0.0,neutral
2026-08-16,2026-08-17,COST,SPCX Stock Quote Price and Forecast - CNN,CNN,https://news.google.com/rss/articles/CBMiUEFVX3lxTE9mNFpQdmpQSHpfbjh0RmFkcGxLQ1d1dWxoeUoxMTUwM0pnRmYwRDVjMFlvdVNKQm85LUsxSjNVZFlSZm9iSmYwRkJfSVhlNmtK?oc=5,0.0,neutral
2026-08-17,2026-08-17,COST,NOW Stock Quote Price and Forecast - CNN,CNN,https://news.google.com/rss/articles/CBMiT0FVX3lxTE5uNV9lbGNZM2x0eXpoeDBuWjV1Q3BnYVdrS1Z6MUVHWjJKS05xZUg1cXpzVzBhUzN3WDlQbHhwaG1NTU5PZG84QU1wbHNrMG8?oc=5,0.0,neutral
2026-08-17,2026-08-17,COST,Q2 Earnings Highs And Lows: Costco (NASDAQ:COST) Vs The Rest Of The Non-Discretionary Retail Stocks - StockStory,StockStory,https://news.google.com/rss/articles/CBMi6gFBVV95cUxPWmx3d2Y2UVd6RmlaRFlPYml3OHBVMlNjeWxDQXVqa19lTkgzSXlLd3ZDRTl1ejZLdUl4TFFSSWpJUWhycGhORGZEempfNXhnZnNmRGhMTHV1bTR5Zmp0YloyYmxfY3RvSUM4UEI2M19oMzg4S0tIYXU0allTWkk5U3FmQ19ZdmduRlV6OHdHVDBQZ09MRmQtX25DajE3LUZ5c0E0aWczc1RJcE9JdWVUR1BxWGxrZXhjZUFVcVlET2JoejhSNHhuNVgzOHRzdXNrVEExekxHRWVZQlZlY25HRWh0RTNaeEYyZ2c?oc=5,-0.2023,negative
2026-08-17,2026-08-17,COST,Costco Wholesale Corporation $COST Stock Position Reduced by Resona Asset Management Co. Ltd. - MarketBeat,MarketBeat,https://news.google.com/rss/articles/CBMi5gFBVV95cUxNRjFFX0Ryc09KaS1tTDV1YXdvWElpMHd4MDJKZkh0WjIxYmJyNnZPQktjWXQ5Y1VSTG5sOGtKZUYwelBWT2Z0Y2VWdFp2ejA4OUlJQkdjeTlGUEV3MmhOQkF2RGIycEpZejNFcjdxeGI3TUpPMEtrRHhYaGkzTGI5STA0eHBMWFlIOFNzQWlzWWVxRXE5MW4yU21mWWNlS3FlZXBFZFU1eHNWbFdzQXZ5UUpGa2RzUktLV1lzSDI3UE5kUlcyamw5YWltakdTTUZGVFlTVEk3U2ZRTWdVLUxVSWdGWmxQdw?oc=5,0.3612,positive
2026-08-17,2026-08-17,COST,"Costco Wholesale (COST), Why Is It Getting Attention Now? - simplywall.st",simplywall.st,https://news.google.com/rss/articles/CBMi1AFBVV95cUxQV29Tb3dueHRJNFFhaUJ2NWQySHZuVHhNa0lVcmNpMmlFRkhsaklFSkFQNUZqaldjRXdEQkhQZVVJb2pJU2E2MlUtS0xWRl83YjkwWERqcDFnNFo4UzZ4Z0JIQkY3NnYtNkc5aFl5NEV6a1NNb0l3NGNFVkNralhPR1ZoOUxhVXg2Ty1PSzdmS1VBTUlVX2J4WW9OMVpYbk1oUHpaVjF6TDJrMldkVG1adVFNSGc2bVpMbS1nbmN3dzlhaW9tZTh3SEdXMTJKZHh1SUtZT9IB2gFBVV95cUxPSDVxbjdVV285VHp4ZUYtUlB0dTNhMDdqc3NSQ0U5NXR5V2FTdUNYVHVRNHJBVTdzdXB5bEVYZnlXM1hsemI4VThNWFRQcG9YNmVzNUNQc0RRREFPcTRzbVlmRWNnR1phRWNqYXQ1bXptel9xMDBQMzJQMzIxSkNHV21fRmFpTEtPb1ZPYV94a2xwcnAyX3MyOXVIVXFraDFQMTFkUlVOM0ZXT01EX0dCdE5qTEFPNlpBcnhLVU4tQWdSVTBSYzVIWTZDbEhTZ2oxNFdGc0p4Yjkwdw?oc=5,0.0,neutral
2026-08-17,2026-08-17,COST,"NewStreet Research Upgrades Micron Stock to Buy with Price Target Raised to $1,250 - TIKR.com",TIKR.com,https://news.google.com/rss/articles/CBMihgFBVV95cUxQc056eHZDa1RQTWpELWFwcmdhQ0Q5eXhHT0ZNdjZSVTNpVjRJcVhUZC0xY1Itd1N5RXpjc3hUWkt1UTJsVmVHRERJeWVqYXJ0Ym5sMlQyTDZFMjlnZE9fUVhkcVNwNndGbmlsdGltQUxDR1VTTmk4SDB5R2lidjFyeXJUdkl2QQ?oc=5,0.0,neutral
2026-08-17,2026-08-17,COST,Samsung ‘Ghost shares’ ruling raises cost of brokerage control failures - The Korea Herald,The Korea Herald,https://news.google.com/rss/articles/CBMiV0FVX3lxTE1SN1VXVk1UWGRJQmJoWjlUMWhYWmdFRkFJRkpOTV94ZTZKTC1jSVFSdEZaZnF3SlpsdGQ4VUlOUnhPN2pRcFZUdUNjTU55YmthSFJjQ20tMA?oc=5,-0.4588,negative
2026-08-17,2026-08-17,COST,Herbalife Ltd.: The Share Price Is Discounting Terminal Decline (NYSE:HLF) - Seeking Alpha,Seeking Alpha,https://news.google.com/rss/articles/CBMingFBVV95cUxNNjlweWtlQ0VfbUVwTFVTcFF3SnFTaHJiaE9Xc3pRWmY5RUxjUHJlUE9zQUVVVmJuWUN4MEZLMzJ3YW5EMm1xb3I0eGVEa01INWEzZjZIaTVlajVkUTZRQWlqcnVnb1doVTYxZVNNaGNTS0YwQ24yYi1JM3NVUkhqSXNqUzg5ZDBwamtSMkdWQmRSb1JwSGlybnZ2SzJQdw?oc=5,0.296,positive
2026-08-17,2026-08-17,COST,"JB Hi-Fi cops record share price plunge as retailer highlights cost of living pains, AI squeeze - Yahoo Finance Australia",Yahoo Finance Australia,https://news.google.com/rss/articles/CBMi2wFBVV95cUxOenZ4bVBRS0t0SnhBNlFZbk5lQ0RVTGtGblhELUtVNlJ0cHZKb3kzSlBhN1RYSC1RZGtneHQ2MGNnRmtBTWYwWENvek1GVzlpV21HMjgxek8xSDVRdlZXQjdOZF9hekE3MnFVMWdyVGNORGhTQ0czRWxPc1phcTRfdm1WbWxlblgtYUt2aXZIeWdvb25VOFZHZG9ReVNoekIyelFIdnNEejB1LTdJcGt6SV9ScGhJbk44R0NGV1lEbWtiTGw4WUFiQnlSeHlNTm5MOXlGOHBvcTZoYzA?oc=5,-0.1531,negative
2026-08-17,2026-08-17,COST,Retirement Systems of Alabama Cuts Stock Position in Costco Wholesale Corporation $COST - MarketBeat,MarketBeat,https://news.google.com/rss/articles/CBMi4AFBVV95cUxNMnFiQ1dhclA5QlZEQUE3Q1lqOGFhLUdmRFIzOVhudHJSMHFFYU1YNnFaaE1qTzhhaDdUSThRTFFpc21WZ2RpMzlkZ3kwOThJQWJxMTRGMzhKUFpSUFNWbXBFMW5BN3BKb21vdmVsZERYbF9EVzdOd1JPOVp2ZVFmWHNIMWhNamE5MUNBdjY1T01XSTVBS3gwSmszUEZtNTlKLXBZNFVveGFPdkJVQjdETFh5UXhVU0dxcEhsQk95bGRMNnlGWHF1NnhtWUlTeHdjS3h5YVg3TlMyU1RyWjZxbQ?oc=5,-0.296,negative
2026-08-17,2026-08-17,COST,"Valeura Energy: Low Debt, Healthy Oil Pricing - Seeking Alpha",Seeking Alpha,https://news.google.com/rss/articles/CBMijAFBVV95cUxPdC15eXdMMFo5SG81WGN1RDUtUDlRT0FBSHBBSEhqSVR0aXU0SFNTWTFjTVh4RlNjalNPMWR2d0JHc0Y0VERUblRldHUxSGtVZ2xoTUdBaGF0TTlwQVZpZ0JjallIZEQxVTk5dGpFNVZIV2s3VENrbDF1d1ZGZHBBVFFfVVJyeDdwZ013cg?oc=5,0.0516,positive
2026-08-17,2026-08-17,COST,Costco Wholesale Corporation $COST Shares Purchased by Swiss Life Asset Management Ltd - MarketBeat,MarketBeat,https://news.google.com/rss/articles/CBMi3wFBVV95cUxQRGtxT3ZmQ0NTd2EzZVFQTExnbEhMRHhtcGplUkhkc0RESm1zY2UxVnplZGJzZ2psd0ljcUVUeENxYVh6dlpBUmQ2U2lWOVRjVjhmNmZtd19xMUx6SV9vUHFFOUdpZ21kYnExSVdpbDZBdlJmNTJ0OXNMeUFHeEJJYjh4UFBjaUJyaExGNXRvZW9oMVJwOWR1SmhYcUNKLTVrS3Rud1JZSWV0enFFb1VxTFJzTFRXcnRrcWxUeGQtSkQwMUQ5YjF6MDJyVkhwOEpSNG5tOFRHSnVBX2U0NUlN?oc=5,0.5719,positive
2026-08-17,2026-08-17,COST,Costco Wholesale Corporation $COST Shares Sold by iA Global Asset Management Inc. - MarketBeat,MarketBeat,https://news.google.com/rss/articles/CBMi1wFBVV95cUxNRjgxdFU1SzQ0NG8xT0NnUXlGRFBUNXhtRXJGTk9sTnJiYkt6UWdBYWNtOFB4NDJiY2RpZFlMRVlmbmxVQlp5dE9ZVTd2R2JNdkdWWVN5aHNuaWNfcEhyWnl6U0JjeGF1NlJvX05yYlNVeC1iX0xUN2NGRmV2LS1YbDJlZXhNcHNxRVA2UjhiOElIZXB2eW9RU1hjNUFGN25ELXpCOE82QmlCSkJFaHVIbjZid0p0Qll4TXdEQjV2T29MNWJqZlhmQi1nMk81Tzg0Tk5PVnUwQQ?oc=5,0.5719,positive
2026-08-17,2026-08-17,COST,Analyst IMS Investment Management Services Ltd. Decreases Stock Position in Costco Wholesale Corporation $COST - MarketBeat,MarketBeat,https://news.google.com/rss/articles/CBMi_gFBVV95cUxNaUVVc3BOMldQczkwYjhvTTRoUmxBUTNzLU1fQno1Y1dBN0xEQzl6ejhuUWxrT3pvQkx1S2ZyZ1JLY05fTF9TR19ZSUJPcDZJeWxCRk1iVlZkUG5DUUxyenpiRnB1a1VzV21NWXFocTZUdExGVmxoWEtnN1lHLUQzUVRqVmNaNk54ZFdEUVpDMDJTYW1uQkE1a0k5NldtdWl6VWFySFZDZXprRm9GazU5cURRTGRoNTJoeUJIUExrNkJGZHJycnhTNjdZXzYwOTRXSmhSbWR5U1V2ODhyU1gyNGc4SDMwVXRnM1hfVk9RM2Y3YmJibEJORkp4bHRWZw?oc=5,0.0,neutral
2026-08-17,2026-08-17,COST,Rising Housing Costs Elsewhere Turn Baltimore’s Vacant Stock Into Investment Magnet - Propmodo,Propmodo,https://news.google.com/rss/articles/CBMipwFBVV95cUxPTTlWeTZUWWpkVTVKZUJWakZIOWFjNjRrVmdLaWxCZU5lTVR5VGxOcFYxU29naFB5eUhQcmhLanNRcF9jbk5hQnVBSEZuQWY2VWFzRmNFVzd1SDZWWHBvalI4RW9xeU9xaDU5c3NIZ1ViS2FNQlNKN29XVGhJbnlucGYwTmlfSEx4SGZOSjdwaXZUZ2lkNVBQNEF5bjJaUzlvejNEa2Rfaw?oc=5,0.0,neutral
2026-08-17,2026-08-17,COST,"Micron Stock Price Forecast: Shares Surge Past $1,000 Mark as Highest Market Target Reaches $2,200 - tradingkey.com",tradingkey.com,https://news.google.com/rss/articles/CBMiwAFBVV95cUxNQWNLcW4wYXFxa1A4UVhhcnl1b25NR1J4cUZVa0dHUi1jV1BMUklaRjZ5YlR4MlBiQ2JHME9OdkxaTFdxY0VKWXp1dnhaeEM5ZFktdnZGR2R4bDBNSWhOeDgzQ3NWYngzOUxzVkVhOGFuQnl4RnFmams1VFdIR3ZNWDRoallOUEJsMVRpUk95b0xZbEhoVkgyVW9FV1lSY1ZyVkhERFA4RGkzb2gzS3pZc2poNHdBX05JV09COF9yQTE?oc=5,0.34,positive
2026-08-17,2026-08-18,COST,Chattanooga-based Novonix announces plan to bring American stock price above $1 - Chattanooga Times Free Press,Chattanooga Times Free Press,https://news.google.com/rss/articles/CBMinwFBVV95cUxQcUNRMENKWU9DaUoyaWtzTDVvRE5UazR4MGhZU0R0aU1BeHJoUG1Rb3hFbmhRT0tYOTJXZTZGRVlxQ1lpbXU5WFQ5SzlUakRRVjRNNDFZcnkwWl93Sk5xU1NUWE9OSmxhWnFERWI4blFkM3VrYnh0RlNpbllFOEs5UEJ4aUl4X04zTkNLUlB3Tk1xYWRRT1JfQjA5dGx0V0k?oc=5,0.5106,positive
2026-08-17,2026-08-18,COST,Morgan Stanley resets Amazon stock price target after earnings - thestreet.com,thestreet.com,https://news.google.com/rss/articles/CBMiugFBVV95cUxNblNjVXI3ci1SQ2NCS2xabVdCaDgtdlNGNnYzcWhxNTFCRHVfemdueHJySmQ5UUM4TmF5WVJKTW9YdHhuNWt2RVdpYlE0c2Y1ZXJlUlREZG9ZbkVOek9lS1U2OVd6S1lfd1pPM0FLeGY2X1RFLUpYTXI5c2V1MnRkZTJIWlVjNllBZ1lIdFNZa216ajhQTU1pTXFnc3JKRFlDZkxmdEp0bjh6Qkl0c1JKaTNlZ1dwUkFPb3c?oc=5,0.1779,positive
2026-08-17,2026-08-18,COST,SpaceX Stock Tests Resistance As It Attempts To Retake Debut Price - Investor's Business Daily,Investor's Business Daily,https://news.google.com/rss/articles/CBMiqwFBVV95cUxQb01MaUJ6aEZremJGaFE3NWdWNWExd1pFcWp6UzJyZFl5SVF5WGlyUldnQ240NHdRZEVnRHd0TEU5SFNFb3RMNTRSTVp6RkgtWHVzaktfR0NmQlBpamZKaS1UTkJVWWFpM2dGYnd0OEdjVEpHNWRhUWduQnF0a3A5d2ZQNERaMTlvNnRydzJqQnZja2hVYzBQWjlBakJ3b1lZSW5ZeUlJTUJyOVU?oc=5,0.0,neutral
2026-08-17,2026-08-18,COST,MaxLinear Stock Sells At A Price Its Trailing Year Cannot Explain - trefis.com,trefis.com,https://news.google.com/rss/articles/CBMiwwFBVV95cUxONnpPcnRNRW9wanBJYkhRcDJUMjlvZ3dMODgzQjUwbjJLOTU5X1o2Zk5EOGRIT2tqMW5PWWhQZ2w4OFd3VWNxWWp3TkhRSkI4RU9vSTVFN1dXc1F1dm1ZcG5HY3lxTE5XWVZSYjVrNldPNEpOVUdkTnhDTW5FSk9XTHFrOWhFUGMtUjNaOWtKbHFSNkVrRXlwbldFQWRoT1pkOG9mMnBEQVF2RS1ZUkVoYzhlUjVtbTBNTnBOd1B0ZjhtZ1E?oc=5,0.0,neutral
2026-08-17,2026-08-18,COST,"Vail Resorts (MTN) Eyes Cost Savings And Guest Spend, Is The Stock Fully Priced? - simplywall.st",simplywall.st,https://news.google.com/rss/articles/CBMi0wFBVV95cUxQcUoxQ19ISjVVUU84bm5fTC1EM3gwVWtST2xFMFFBeFZoZ2VUQ0l5cmRaRk1OaC12T2JZYW9IV0dqR2tIV0d1Wk5CQ2l3b28wRDlzU3FNdF9pZFlmdDJWV0NIWml2bVZiX0dwOTVkYWxUQ0RhTGtlaC13OU4tZ0w3LVYtaHEyN2QyU1FEanRFQWZfemlwdVYyTjFEQTVvYTRReGNDOXF6QkExTXhUVGZNd0Rlc0VibUNKLXBra3YxZzNPUXlldjU1U2E1RHIzYnVpRV9j0gHYAUFVX3lxTE9STHlCY1RJWWlsTjEydklCaVU5cjJHNWd6ckVtS2ZLblFvMHR5YzhRb1FmWXNyZUZiMEJyN2VTbjNBalE5YkRBa1FtQ1ltRkJTYlV0WnV5cTRSQ1k2NmcwUDNxcGFFM25zcXdNaVhHZUxnRlpTUnU3WEw4QXdWZlVPajd2eGxNZWUxSjFLRi1TRHM2UlFrX2laWVFxYlZXTGIwSWNhQUx0YUw5cWhMTkFpM3VEME85MVJwY1h0WDBwWTB5T1o2OXdLNnB2dWNJeEktNmVOQWYwcQ?oc=5,0.0,neutral
2026-08-17,2026-08-18,COST,Costco Is Up 11% in 2026. Here’s Where the Stock Could Go - TIKR.com,TIKR.com,https://news.google.com/rss/articles/CBMihwFBVV95cUxQNWNwTVVFLXB5NFFSNy1fOEN3NWp5RHZhc1dnaldJOUk0LUZqa3psR0prZUc1YldHR2cxSWMwWUY2NUZSd29XbUY4Q2tleWktTXQ4Rk4tWDRlSUJUYTBXNGJPU2l4MDNERlczWkktRXJMYW1iZzdaSkE2bE9mcTZWd19kMWVSc3M?oc=5,0.0,neutral
2026-08-17,2026-08-18,COST,"Stock market today: Dow, S&P 500, Nasdaq fall, Oil price above $88 - Eurasia Business News",Eurasia Business News,https://news.google.com/rss/articles/CBMipwFBVV95cUxNTTlhVGhKYXpXUzZtS2lJUHV1LVVwVVpTVnFVMmpjenRrMVVpbVJnRGVXRDFydmRNQ3hXQXRnODBJVUI0Wk1Zbl9iUkFMUENBaUx4OU1pQVBRMmRZM1NLRlA0cVJFQXVlZ1A1SEpjdGNZZWp0VHk1NVhqYURsUnl6YUpONEtZcEZRZjFycG1kcWhsd044Q1h5LS1zT0Z6X0k0SUdxM1J5UQ?oc=5,0.0,neutral
2026-08-17,2026-08-18,COST,European shares edge lower as luxury stocks weigh; US-Iran tensions linger - Reuters,Reuters,https://news.google.com/rss/articles/CBMirgFBVV95cUxPenJsTEhGekYtakl1UXZLOWwzQmh3V0l1MlpBN2xJQV8tVVZnb2YyYkd1a1UyZjdsUzRZN0dQUklnNWxacklqakUwYWlPZHRrS3FsSkg5eF9DU2FSVG9yWG1XX2kxRkNtRVdwbUJDZWlCbGFvT29SUWpXYjUxSFF4dEpMZDZ2MzRBSFlUMk5OT04tNzc3bU1OSGl4bDZ3V0pHVzhqNndvWThfekthSGc?oc=5,-0.4019,negative
2026-08-17,2026-08-18,COST,ENHANCED GAMES: May event cost $60 million; second-quarter 2026 results show net loss of $61.924 million; stock down 77% from debut - The Sports Examiner,The Sports Examiner,https://news.google.com/rss/articles/CBMi8gFBVV95cUxQMm5sTVhibHAxQjhmQ0g0MGxUcDI4dVpRdkhWOFhzYS1YZkhadEo0QkNidlJ6ekRIN242Z0NWZ3YycXJ2a21US0E2VjNEMVNqeUo4bVFiNERUZGdBYXJxVGZoZ3pYTXZKLVpjdFVZbVNnNDhaak9Kcnk2X1A0NXU3ckVheHRzT3ZNRXVPOC1xMW1FT0wtSU9LZXZMcTBkc3ZtYWdCSHRNOFpyMWxQY3FuY2lOUlZabTV2TVpqZWNDbXBKcGd3VkFBWkNrSi1Kd0RNdVpQUlN3Wm9wWUlTNzQ2NmNUS21Ca2NhdWc5MVpjbHFJUQ?oc=5,-0.3182,negative
2026-08-17,2026-08-18,COST,Rivian Stock Wobbles As R2 Hype Meets Legal And Cost Pressures - StocksToTrade,StocksToTrade,https://news.google.com/rss/articles/CBMif0FVX3lxTE83OC0tNU4tbFlkQnJCQjlRdmIwN002WVJKekdPUF9rLUNZNFNKUnQ5SThEajFUNUhTOHBjalNmY1hEY0t1RXZmTDRtd1UxNE1ZQW1oU05lOU50SGR4TFotVW5CSi1NRTlOS3dyZDdaOUNlX3hLeTNFbk40dy1EQ00?oc=5,-0.2023,negative
2026-08-17,2026-08-18,COST,RI casino operator Bally’s sees stock price plunge nearly 30% after solvency warning - wpri.com,wpri.com,https://news.google.com/rss/articles/CBMitAFBVV95cUxQbWRPU1ZBbWRBYVBEOHZ5aDExcGpDa2t2bDJhb0p4RU83cmJNY0dEQkhSSkg4WjAtN1N1N0VVeDVJOUpUZ000V0RQS2EzZzQwMHZYbWN4QVlWbUwyOWlocjZHZXA5NGl1STgtVUlJQ2JabTI4aDNBZWtCSWc2b0V0alJRRmluMjRXcWFIUmswT213MnV2eHlNeWxlRTZJc1B5bnQ3RW1HVWxsR0hZYkc0a3Y5RFLSAboBQVVfeXFMTVZKNzJjRS1Yekw1SG5sNEs1MFM1cHBfdW5XVGI3ZjNRV05TTGttYnQyeTBsdXVrczIxYkd1azdCQklmb2FsRFBKdURTN2VtdnA5ZmxfRXFfMjJyVWdjSlNEcUQxazdJVld1aDlKZzBmS2JxT2Z5VEkxOGE0QktMRjVhU3A4czg5bmFxMml6YVJTRWdTMC1iNGlEbDYyRklwME5KakR3UThRVHZYNWpsaVloVkVmTVd6TFVR?oc=5,-0.34,negative
2026-08-17,2026-08-18,COST,What The Headline Growth Rate Hides About JNJ Stock - trefis.com,trefis.com,https://news.google.com/rss/articles/CBMisAFBVV95cUxQSGFnd3RTMGhkcEM5dFdBZzN5bHVZSWk3NXZJQU1VVUZNUEVCdVlYSmc0NExWaGVHeTdOSXNGaXRrODVmWHhNV19sWHZKUHlRRTdZRkk5QnpDSzczVmg5UkNrWk12VWJWRUtQUlhvN0hjNmdRc0JIVG5MNFpBNEdUWC02dzRocUF4SFF5X2lvZ0dNRVlQS0hyQjZPSVVvZUpsMlNiTm1PdTJvZmNrS2M5NA?oc=5,0.2263,positive
2026-08-17,2026-08-18,COST,Is It Worth Investing in Costco (COST) Based on Wall Street's Bullish Views? - Yahoo Finance,Yahoo Finance,https://news.google.com/rss/articles/CBMinwFBVV95cUxNMDRKdVBPM21DN3pnZHlNcEdLVzVpeFU1Y0NBNG5INFFWQzBsekpkcHdZZUp0bGtxSEhIUHhhSTNCa0VfQU5lTzVtX0lreGh4RGZoU0xYTW5NQlZ2cE9CVklXRFVOeGpxcXVrM1JJSTZIY0JBZE94ZXlLbzhKd0VVSERQbkxfRUpqcGM3VE1aUzJ4dGFzRHdqVS1qZzVzTXM?oc=5,0.2263,positive
2026-08-17,2026-08-18,COST,"Stocks, dollar fall after weak data; yields rise - Reuters",Reuters,https://news.google.com/rss/articles/CBMigwFBVV95cUxNNl9yb3JkT21xaHcxVWgydjJJc1lLNU5LNDBicTBWTm1YekxBb0VJRUI5MWo2Qm9Ic0NfY3p4LU9BcXVQeUpZVkZ4Uk50dERwb01aOW0tM1ZVaHlDa2VIaEVOSmlGWG9PYWxNNDdRbDJtQzVrQ29RZVV5a3dBb1l0NGozaw?oc=5,-0.4404,negative
2026-08-17,2026-08-18,COST,JPMorgan revamps SanDisk stock with massive price target - thestreet.com,thestreet.com,https://news.google.com/rss/articles/CBMivwFBVV95cUxQOFI2WDEyZ21Eai1TUjVfZkEtOFBPdTBBSlN3QjJkeVJFNmoxa0toYWJoYkhVX2RNMUJyQlJ4MkVMS1dvbV9GVXJ0X0E1R1VFdjN2MVZ3SU9wQldDd19RQ1BXYlJVV0JwS0ZEcUJMZFU5WFlEd1lnbXlRVFlLZC1pcWZOcVVRWEFDV1JGamlreVA5T250eTZZYjNxQ3VXSXNZWkN5U1VPeE9VUjRpQy1qQWpDNUltbklVd3NSSVdWTQ?oc=5,0.0,neutral
2026-08-17,2026-08-18,COST,Q2 Earnings Highs And Lows: Costco (NASDAQ:COST) Vs The Rest Of The Non-Discretionary Retail Stocks - Yahoo Finance,Yahoo Finance,https://news.google.com/rss/articles/CBMimgFBVV95cUxNb2laMnpUeVV2UDNMcUhNb2RFSGs5cnN6bC1qVVIyT1pFMEZaT19VUmtpMVhsVFQzMXRlU1M1TFNZaHNrNWo4YUpWZEJEOHhadjA1OV85b2dlR1NQOThMSTRJMzhfR3FiNml6SXNrWFd0UUJyakFiaDFxWUxfVFhQQ0lkRFN5ZENOSzZNM0VUNmJyak5nSVBZR09n?oc=5,-0.2023,negative
2026-08-17,2026-08-18,COST,American Airlines Stock Is Down 6% This Year: Is It Time to Switch to Delta or United? - 247wallst.com,247wallst.com,https://news.google.com/rss/articles/CBMixgFBVV95cUxPWHFiSi1ubnRQUVQ1T2FNZFFNUTloZ0U3SVNIWUw1a21zNHp6Q2gzUnJTZy1IaVk1bTdPXzFIU0dVWlV2amN4aTVRbmRaRGZUMy1NTFdLWTJzTDdoU3lTVTFiZ19fTUl2b2Z3MUI2TzFSa2pQSHI5Smp6TWpNeUFkaV8zQjFKNENxYmdnYmJZazdROTRTSzJwVU0zNFlZRW1QMzdYOUdCN1lwYU1KRXZ2alVOLXpoOGhUNmpOc0hfU1RLcmNLdkE?oc=5,0.4215,positive
2026-08-17,2026-08-18,COST,CVS Health Corp Stock (CVS) Moved Down by 3.46% on Aug 17: A Full Analysis - TradingKey,TradingKey,https://news.google.com/rss/articles/CBMiigFBVV95cUxPRjUzMHI2UXpIMENFYUFVX2xCbFB5MWtPTXZTbGVFcWJvM1Mzb2dyV1ZEdzRtS29iUUtpbHdlVER3OU5sVWwtN2hRSk5vSndoQndrcThCT05TNGE5bmExNk45LWp6a2lHSm5yeXVQTS1vTm9qQ1NiMkE1SHlyZW5OcFkyYnl5aS1selE?oc=5,0.0,neutral
2026-08-17,2026-08-18,COST,BofA cuts Enovix stock price target on CEO resignation uncertainty - Investing.com,Investing.com,https://news.google.com/rss/articles/CBMixAFBVV95cUxPY1dRcWYxUm5ZbV8xMjExMmN3TkNraU1qQmdKZEhHdW9fYWc0c05nV0VtRTg4YnE4S3lJZ2ZjS3lLN2R3cmM3aHBzZWJVdGM2RzJWc1k4QVZNZE5IZzZGcHhwWV9rUlA0MndWY2g2bmxoWWN2Q2s3UlBzWGtkeElHVEJLMDBOSGhMY05XcnVyVUNnSE8xT0F4ZlIwWXlXSTg4cjBXWUlIeVlxV2ttMTVPZW9XLTJjc3V3SmVQN3dvQlFQakln?oc=5,-0.7003,negative
2026-08-17,2026-08-19,COST,JNJ Stock Quote Price and Forecast - CNN,CNN,https://news.google.com/rss/articles/CBMiT0FVX3lxTE9weE5QcktLckczbFNmMFlOWEllWHl0S0lhQ1VYU2x5Zmszd0Y0YXZ6V2hTU252TW1JNWxEYWNtUWRCaFVZVzhDeHlnc2xyYUk?oc=5,0.0,neutral
2026-08-18,2026-08-18,COST,In-store workers and automatic ordering typically cost about half as much as traditional programs - Stock Titan,Stock Titan,https://news.google.com/rss/articles/CBMitgFBVV95cUxNU2ZON1oydzdtcFNQM3FSSkRmZGxZN1JxeXJ6MkxvMUtqYWJEdVROTzlWWWdweHN4elgzdUp2aWw3SURmaVBSQ1lrbHJjZUxYckZWMmN2RVI4bE1sekk4QUhHU1FKLVh3d2RqVjlKbjJhLXBSQWJWZnozYWMzeHZ3VC04RFkzWGIyLUg5S2VRMzNhZlh4R1BjY0VQblZ6OEdZYjNsLS0tNTJQMTlvbTlVNFhjTzROUQ?oc=5,0.0,neutral
2026-08-18,2026-08-18,COST,Should FedEx’s (FDX) Automation and Cost Cuts Strategy Require Action From Investors? - simplywall.st,simplywall.st,https://news.google.com/rss/articles/CBMixAFBVV95cUxPaEJVVC1HYW9NYVlxVnVNQTI3Y3lOU0JtQWQyeUJhbDZMdW1rVjRxTWVqWjRjc0FSWXQ1bmJiSk5aQTBmTjJqTW9pNUh0WkIzMXhQck45TmJOV2RMRnc0RHVRNlpIbTBCNWhXNzZHeVYxYVBKdmd4SFh1MTRuZWxuTGpqVlkzamtGWHdzeFNtdVJNd2ZWNjlIM1NEMUlfS2UzbTNoRG9EQ2ZVR3JKZ1NzVFZSRnJQU3N0SU92b3lUYnJWSl9p0gHKAUFVX3lxTE9Jbk9ycGEtWDdRd3JxRWlmejhQLXFGVkEwbUs3NWRhUTZKcHI0ekg3Mm93dkR0bE1JaVFjY1hPYm1kUkZ2b2psZC1VR0FJOVpBelp4dHoxamVpTmVGTHFzdlFyTnRnVjlVYzdrTlJDdVppak5kRnRZdmQxTnJwNTVEaHFxN21FVmhnRFZ2N1NsZHhFdEh4aDFwZXZ1N05fTkVCVFZ1ZTZGUWkyN3dkZ1JkY2Z0NlRNa212SmlqcXMzM3pPWms5MlJiNmc?oc=5,-0.296,negative
2026-08-18,2026-08-18,COST,5-star analyst sets alarming SpaceX stock price target - thestreet.com,thestreet.com,https://news.google.com/rss/articles/CBMilAFBVV95cUxORzZJS2I5MjRxY0toQ3l3cTluZ3d6ZmxHXzh5V0NQdHRDcWowWnRuUk9mVXoybEFabXBtaE9jUUhrOW5vQTlsemJiT0VHbFBDVHg4ek5PdllxdU1jLUhNTkh1RnJZMTlwWEd4VXV4bTdldUZQSjR5RDk2dFRJTFJEaXp3VlMxbW01bDdfQ2JkWGZoWXpS?oc=5,-0.128,negative
2026-08-18,2026-08-19,COST,Costco (COST) Stock Looks Fully Priced Despite 121% Returns And Earnings Questions - Yahoo Finance,Yahoo Finance,https://news.google.com/rss/articles/CBMimgFBVV95cUxQRDBULW1fRFB1d0dtaHd5MVlZcHBPUFItZ0daNmxYY0JOWGJUcDlWYlVpV09RRUJDVkVPSnA5YVpfdE9xZjd6Y2FoUlNQSjJKTFhMQlBudjlVMzdBMk1Ra1RMUGhGaFAta0x2MWYyQTlBOTY5TnYwdXBoYTJNRDQ0TmtBUF9RNUFPbjNLajF0QmVqOFpkbmJIbEl3?oc=5,0.0,neutral
2026-08-18,2026-08-19,COST,Costco Shares Gain 1.9% With Medicare Pilot Now Reaching 5 Million Participants (NASDAQ:COST) - TechStock²,TechStock²,https://news.google.com/rss/articles/CBMiogFBVV95cUxQVXp1VEhFclVqMi1weFhSLUpyZkQ1QjdOX2l6YVQ2ejRNanpjUllfMV9KOXo3dUtCSTBmUHE3T2p4QVQweDlnMU94WWVWblVXNG1CQWRiV21yQ1JIbFZOMHhKSWs0ak1Yai00ZVE2cUszbTlJWlFRcDh4dk5adGlUa3ZRQ1FLRENsNUJjUFBzWkJqRWFyLS1FU3pFZWM4RzByRHc?oc=5,0.7506,positive
2026-08-18,2026-08-19,COST,symbol__ Stock Quote Price and Forecast - CNN,CNN,https://news.google.com/rss/articles/CBMiUEFVX3lxTE5XU3cyM0c1bFotS3MxWTdoZHBCR3JpSXR3em04WVpUS05KRjdDOVhIUy00TTdybmJZWkcyd0xzOFZrM2RuYXg0bUtueE1Cd0VP?oc=5,0.0,neutral
2026-08-18,2026-08-19,COST,Unitree IPO latest: Chinese robotics company's stock price will be closely watched in record-breaking trading debut - Fast Company,Fast Company,https://news.google.com/rss/articles/CBMisgFBVV95cUxQelMzdUVfT1BWQWVrZjUxOFFLQm9rZlFUejlsQUUwbXd3MWFDSlV5UUZqNTVoalR3dDZIREIzTF81N3h2VTJuQi1ZTV9IZV9IckE1ZjZibEF2ak1mRDFSeENMazAycjFWd2dTWndKR1F4dFp6TkV1cmYyWC1qSE1mRjBVc2JjYzdTY0tQRWVXYzFkTHNnTlhiRlhmM2hKczk5aDVRZ3NoQ1NId1RoaDdvekJB?oc=5,0.0,neutral
2026-08-18,2026-08-19,COST,"Stock Market Today, Aug. 18: CoreWeave Falls as Debt-Financing Concerns and Capital Spending Pressures Rise With Interest Rates - The Motley Fool",The Motley Fool,https://news.google.com/rss/articles/CBMikwJBVV95cUxOdEFpa3NLZnRzdzJfUTktZFU1MTJsTG1Wb2dKUGpOSXY5UWRzMklZSm1TYnkwTk44NEs1S2ZSTWpya3NJdlE2UzQyRW5GYWFvc2NQeFNFRVhPZWpkNC11WTJGcWNQTTJHSWxLSGNHaUJJaTVBY1BiNFZ6b1dFMUFfdUQ5V2VMaGpBUXlGMHZWT0x3V3owa0plMTZmWEFrRG5IbXJDc0s4U3JvamN3N3Vqb3d6cjV3MTNadzJ3OE43eGR0MER1cWI1UFdadG00MnRhRWk4YzZESW9jc194WjZTREhDQndRWFk1NXVuU3ZsNXljaVl2ZDBWTmpac2ltOUZwQjY2Sk8zX2pmM3VUOGlVaFdBYw?oc=5,-0.296,negative
2026-08-18,2026-08-19,COST,"Meta Platforms Falls 4% on Trial Risk With Costs Up 55%, Free Cash Flow Down to $784M - 24/7 Wall St.",24/7 Wall St.,https://news.google.com/rss/articles/CBMiwwFBVV95cUxQc3JiMEQzVmJVaUR2QVU4eDBFVjV0Y3V6czJlbXUwVHM3NjVSUDMtT3BZazloamdNU2QySUtDeWU4S2Vwb3NaNHZLWVRUNXlkRlV1NzN5TndTM1NCNHRvZWdMMmVsSkd4S0I2QVBLUDNucDNDMXo0LVNfN2U3N2ZYbkFHajNjUmVfcUdzYU9Rczd0NGRoMW1HRUt2a0k2WF9hSVFQRFR0VmZXZ3FkWjJUUS1wQ2xKUjh1emVJS1pBVGxyRm8?oc=5,0.296,positive
2026-08-18,2026-08-20,COST,Costco (COST) Stock Price Forecast: June Sales Up 10.6% But Stock Fell After Hours - Short to $899? - TradingKey,TradingKey,https://news.google.com/rss/articles/CBMizgFBVV95cUxNRzZhVEh2RktiaUpZMldjMmJiUmx5V3lBdUhhVUdxVHlYYlViT3RCeHF5N0lmVmZ2aEhpdkFCb2pwWmpXZWg4YUZ1ejJHaHRIckVDSWtsQlpLbTBzTk1FVDUwOE85SFZHSVVuS2dvWEVMeVU5TGU0b0lHZHpvM3M0ZmxoYzJIRWpEdDBDS2dzbndXOUFNc0U0eC1NX0ZqenhfTHZVNEZTV3pVQ2lqYUZkbzZzQlZfODZ5TjBGUnhlaWVBd0VaNzBwY01uNE8yZw?oc=5,0.0,neutral
2026-08-19,2026-08-19,COST,How Fixing SNAP’s Payment Error Rate Formula Would Change State Cost Shares - American Enterprise Institute - AEI,American Enterprise Institute - AEI,https://news.google.com/rss/articles/CBMiqgFBVV95cUxQSVpLNDBoOURrVnpObF8yZ0JPcjNEOUZsajJVc3dXSzhfLW1weEkzMTJ4VE5DTzlWOElqNWpUZXEyMHFKS0E5Ny01c0FnRGJvTzFCeUNDMmlhZzNYUExGcG1fb3ZXNlVqR1NmdUpDdVlaWnRXM2JKRllRQUR5LVZfRVJNQm9FampOdkkyU0VXWEtiYWg3cGxycFVSRG43a0JKbzBLVWttb0lRZw?oc=5,-0.128,negative
2026-08-19,2026-08-19,COST,"Most vertically-integrated company ever, SpaceX share price will triple by end of decade: Investor - CNBC",CNBC,https://news.google.com/rss/articles/CBMijAFBVV95cUxObkFvMVRJdTlBY3U4bzMtT2xUUVVjTHE0TFQwUmk1d0pGM0NaUjJyWDM1bGFsSnlxbHpNSGZLb0VDUy1BSkN2X2ZUcGctMUNGZkdDaUhnYmpJR0oxaVp3cDZSSWJma2JWazNYOFp0NXRLTGtGRi1oZEo5cXVicTBtMkpGNjBwbGd3MEhmVQ?oc=5,0.296,positive
2026-08-19,2026-08-19,COST,SK Hynix plans $28.6 billion buyback after share price declines - Reuters,Reuters,https://news.google.com/rss/articles/CBMiswFBVV95cUxNUlJGSW1ENWNua28tWENjMFMtWjJmTGl6eUFuNFZkbHlvdU9SbWJONF9SeFNLdjRXXy0tVzVPN2VMLV9yUjg0UUZlNm5QNDRYT1FlZ25JVmlJNXRrRE5XVU95ZXB2VTlWMFNCLS1PLXZ4bS0zZ3YtN29OM0sxcHlPb3pwN083b0NfN1I0T1M1V3c0dDFYOW54TGV3WjFqbWJySTRMQUxiZ0hheVVNV21LaURVaw?oc=5,0.296,positive
2026-08-19,2026-08-19,COST,Costco Wholesale Corporation $COST Shares Sold by Tokio Marine Asset Management Co. Ltd. - MarketBeat,MarketBeat,https://news.google.com/rss/articles/CBMi3wFBVV95cUxQdGF2VjFWdFVlZGtyMndpVkRQN3VVem9DNEh1cnRPWW1TLVktMGVmN1hyeGJHLXF5dXZEOE1ZNVhVdjVhZ0I2Q3lfNnNQdGJhd3JsX0d4UnZaZWZyZjZmUGRLZEFNdE1FSzRwYnRKdDZBWlVMSURsMDFyaE5DQ1hkeWd1Vnk1aldaT0RmUjRKekpoaDB1LWZ0RFJYRGlNRlRDSk5vWHo0eE1TQzYzb25Ud0g5aWdxYmZfMm5ZR0drMDJ2eHdQR09NVUtlTTNmQjdENmRRNHpEYVZabGVTdVdz?oc=5,0.5719,positive
2026-08-19,2026-08-19,COST,"Barclays raises BHP stock price target on strong results, capex outlook - Investing.com",Investing.com,https://news.google.com/rss/articles/CBMiygFBVV95cUxPZUNMbFljSW0zdnRlc3BINGR2RnhhQzhnZW01VFhuWFF2emZDVWltcGFEZXBVeFFncDBINzFvNHN6TVA5UmN0dDkyUW43Nm1NR2VFNUxTOWZBenRiRHNEbllDVk4tSVlBZFpwTWY5TUY3ZXQzd3JoWnYxX2x5Qll0OHBoaUEtVkhWbEZTMGJGcHdVbjY4ZTdsYkRnWHNSUXNfbzkwMXhVR1ROazBEMWc4d0xCRzdOMG1YcVVQd0hWdXJuMHVQby1tY1hn?oc=5,0.5106,positive
2026-08-19,2026-08-19,COST,"Constellation Energy Corporation Stock 12‑Month Price Target Cut to $347.67, Implies 30% Upside - TradingView",TradingView,https://news.google.com/rss/articles/CBMi6gFBVV95cUxPRmZ5Q0R6czVFMzQtWEhRYy1NcFV4bGxmMW1rY3kxdjR6aksxOE01VHhWNUpLU2Fma1M0NzFuMWRreXFXcTdJcFMyVmlIb0k5SFlfalVNU1dZVDROQzI0WWtuYWRJTjZjOXhtYVhlLXpJdWVGbThXWm9RT3FGd01tUDRuLVlRVS1nYVFXR2NDTFBicVdiUXdmME9IZC1rRkFEWF9CWTFnQzNkSTc2eFFTcHAwd1I2VncxVHlFVHBidkctdXlPcFlXMFF5Vk1KR0hBQm1zNEo5SzZnTW1tcGhqTkZ1V1VBRllLQ3c?oc=5,0.0,neutral
2026-08-19,2026-08-19,COST,SK Hynix announces $28.6bn buyback plan to boost stock price - Nikkei Asia,Nikkei Asia,https://news.google.com/rss/articles/CBMisgFBVV95cUxNMTJwdVAyaEVJbjdzMTJTMWRUYlIwLUl2UFhrVUNjRmhLNkJMemprWlFkZVZkOURlVTgwa3pKZzZUcm1DTEMxY2prOEJUNVdvRjdYU2pPMldPWFNTTElnSnpiR3pITFliaHN2NE12ejBUWHVrZnR1ZFVRTTFuSFF5VUNSQXZwZ2J2Sk9TRHQ2NGViTDg0LXdvYmRjdzZfY29IRTh0NHVqb0F3aHJySjNzb0xn?oc=5,0.4019,positive
2026-08-19,2026-08-19,COST,Elon Musk's SpaceX Stock Just Closed Above Its $135 IPO Price for the First Time in Weeks. Is the Rebound a Buy Signal? - The Motley Fool,The Motley Fool,https://news.google.com/rss/articles/CBMikgFBVV95cUxNeWduMHFaT3czbUs5cm5acE9xbWU3Sjk2Znc2WFl6cGp3WGp6MnJvZmFZMmtKaFdmYndTRkNwY2M5OTdHVlQ3NFBFakpYSzZNbTJYa2RkRHprTV9jekx6TGJVTzJ1NS04NFhyVy1ObEtOUVdhMkNMYXdOeHhyQmpVek5Sa0FqZnJBRXpKSmZ6SFFndw?oc=5,-0.4404,negative
2026-08-19,2026-08-19,COST,Costco Wholesale Corporation $COST Shares Sold by Carnegie Investment Counsel - MarketBeat,MarketBeat,https://news.google.com/rss/articles/CBMi0wFBVV95cUxONXVUR0kwS1VyQmxvTEIwV2NrNThKcUNpYzFrM2c1dDI0UEVjUUFjUFZkM0o3RGJTNl9SZDlEY09pNjFRMjBDZTZZTFlFYVdHRlgwZk1ZYmVTd1E4N0FFdzVKNjFIUmxpV2NVRDlhUTRYVFl3LXMtZlZRWTdleEVLRHpHVVMtQ01LSmJqTXVsVGVkTktSanNNNURQMWRfMHczR3ZNNnctNzNiWk1Qb2lRT3ZoSGR1czNVaWtOcTFSQXNsa1Noel8ya0k4VHBNR1JOWDI0?oc=5,0.296,positive
2026-08-19,2026-08-19,COST,Barclays cuts Baidu stock price target on ad revenue decline - Investing.com,Investing.com,https://news.google.com/rss/articles/CBMivAFBVV95cUxPc1VvcDBudHF5QUtYTUFEWl9QMWhDOGtMSldxeXFBQ0hsdEZLTnN4T1VNOG41VlkwNVdTMWRrVWdrQVV0R0REMF9FYjN6SS1QOTdOeFF5TFpfQ1JwZEx0blRYQWx3N0pSaFdZZzRRcWtMNzhuTlFYTEpUNkFVYU01ZHJpM28tY0J0aDVqLXZtZV93VDljcmc4dTZiVXE3dG5mUXhlSkFTS1RGc3FpMnVITUFkYjhUVFY3SzJsSg?oc=5,-0.296,negative
2026-08-19,2026-08-19,COST,"Xiaomi Corporation Class B Stock 12‑Month Price Target Cut to HKD 35.57, Implies 36% Upside - TradingView",TradingView,https://news.google.com/rss/articles/CBMi5gFBVV95cUxPZllLMVNBS2ZQRGYxZmltNkFfYTJIRHgxRmJuVF9ZSUhjVFBJSS1kMHhVbXlYRDZPenhFSERBNmQ5RzRtZnpHX2lBWnhCbXpvb2owdHVqbFg2a3BIOEhIQlMwQ3ZaVW9vX3hWaHU5Uk1uYzRLTDRyQnFKbkxtZnJUNjgyTENJcTVRYVRQMFVnRjB6Q0ZwRVRia3o5ODE2SUhySFlENDdBWmMzTEo3WFJVWWdoZXU5WWRzMjBQLWdVeExIZklvMkpRam00RFN6TUdSZnRDOEh3c2VMMlJEaHZSR1h0ZjNDUQ?oc=5,-0.2732,negative
2026-08-19,2026-08-19,COST,First National Trust Co Lowers Stock Holdings in Costco Wholesale Corporation $COST - MarketBeat,MarketBeat,https://news.google.com/rss/articles/CBMi2wFBVV95cUxOcGEzalFBX2ZTdUZzYm5IZ2dqdUhzUEcwXzhFNHU2MlpGMUxtS1hIUjRvWXVGQlQwdnVDbHNtMjRzazZ6blQwanZVX2JsWVFEU2lYWEpVR2N5X0V2ano3b0ZKcXQ1ODJPS0hMSURRN0piVmNQZm5YOXFGTGRoWGtxd281T3JLdDBIdDd3b1V4eU9LeWN5a0FmeU5qLWJkeU5sSFFMb2FMeW9UVnZ5X2psNTdvQ1Y2eGRGMzZZa3F1YXIzX3dOSGtEVVBLUFg5aGU0U2VCS2YzaVVjakE?oc=5,0.4215,positive
2026-08-19,2026-08-19,COST,Sumitomo Mitsui Trust Group Inc. Has $1.01 Billion Stock Position in Costco Wholesale Corporation $COST - MarketBeat,MarketBeat,https://news.google.com/rss/articles/CBMi8gFBVV95cUxONmgza2J2cFVpVDF2cFNXOWwtM0JKSzZnVVZYQnRuWFFkN2o5elhOZXJNOEI3QndsckY3OUQxQjV1eWk4ZVBJS2lfQk9lcVNBNzlHRERzeDltVWdRRl8wcFRoQUM3RkVFX0N6RHN6eEZnZllkOHVmTThKTHY2NzZqamR3ZHo4RGRZVjB2Z19lNzE0WnVGSnlOMldwWkdnZzBFMjlRR2RTb1ZTSjNBYnpwMTl4RzFpTVZpVmFBUWFuckc1dXJfbXdCMlZ4aFo3UHdYQzFTT1BOUlcwTXE5NHd1NHlYblNydjNwazJleEVMSVNBdw?oc=5,0.5106,positive
2026-08-19,2026-08-19,COST,"Pictet Asset Management Holding SA Buys 87,615 Shares of Costco Wholesale Corporation $COST - MarketBeat",MarketBeat,https://news.google.com/rss/articles/CBMi5AFBVV95cUxOdWZlclB2X00zdm9wM1pobGFNeDBjcXRuQTZBMl8zMnlMY003dlhpRlloSHEteW1EV3E4WEhUaVBoWDVCTHRncUU5ZklFUHUxanpSaUEtUENEOVlaSFFVQTg2emtvMGVqekpMc1FZTzlFYjl0cEkxV2ZZblRnZE1ncG5XYWVTcDBiQm5IUU9qQ0NDUU9jeFliUG5lOEp1YzItMzdBYUlYd3RwcXdzekt6TE03TF9VWFdqTmk0eHVwQUlvSnhJV1BXM3c5am9XNXBlSk9YYXJpZEZtSjd3b0sxNElqQkc?oc=5,0.5719,positive
2026-08-19,2026-08-19,COST,"Local Pensions Partnership Investment Ltd Sells 14,588 Shares of Costco Wholesale Corporation $COST - MarketBeat",MarketBeat,https://news.google.com/rss/articles/CBMi7wFBVV95cUxNQnhicE84TTlwdjA2UWZXOENPUlA4SFA5cVZ0WkR0VGh4NVU5Um5lOVZXMTh6RFdxRHJ4OVkwcFFid0JrekhfellhekNCRnF4a0t2QkpHQnpyZEswd0NONUVhcC1YbFVldG5wblV5NlVxM0R2WVhWQ050Z2xPNTRLbkNvOHJCZlFrMnRkY2tacTlrZUN5YVNsUkVWWEtTdjd4TkpMQVEtSlNOdlh5UlhJSWdIUkVJbmpyM0NDRVpxR3V0bjFjcjFyNTZHaGpIX1FiZDVreFY3MTNrNk1BUmtqd2psRGtWLXcxaTJLRnFvMA?oc=5,0.296,positive
2026-08-19,2026-08-19,COST,"Quantum Stocks Fall Tuesday as Rates Force Rotation: IonQ Down 6%, D-Wave Drops 6%, Rigetti Falls 5% - 24/7 Wall St.",24/7 Wall St.,https://news.google.com/rss/articles/CBMi1AFBVV95cUxNWTF4eGl4TWpCNkdzcDNSdmxfUzNVOG9qUFA3ZzFaanA1dmp0ajM2WmVGSHlJNU5WVGJIR0RGWnZWVWIwcENFWG9NZTlsME5PYkJ2MUl2MlFMS2hZYTVrTExzNDl0QnJhcVM5enFmWjJodWpBNGlwVWg3NC1rWXdRNTZFbTR0eFRNMzBIZzQ1Ykg2UkNHREt1WURQY3JtMlZXMFk5emplNllrVHoxc3RISnRGSHd5bVJDU0pQLTZBZk5VZnBpYldzSlVEU0pBa20wTlhQVA?oc=5,0.0,neutral
2026-08-19,2026-08-20,COST,Has Broader Stock Market Participation Changed How Interest Rates Affect the Economy? - Liberty Street Economics,Liberty Street Economics,https://news.google.com/rss/articles/CBMi1gFBVV95cUxOVmRkbElMU1FXQjRfTUQzVldXNVQ1TktDekgtT2Q1cThUQWJzZno2OHc1dDY2Z2JVdDl0N3pRX0JiZFVlUW8wSENySUtRTk9zT2huMlVPMGlVRzltaV9wZmp4QjI5MnFhbDR5bFIwV0NpWUFwQkxLRmZ0OGFXUzZTM0xaMmVYVnd0anQ1bG1zRFVfODZHdGp1RmpFZDVyODdmZF93UVVBT0tKZTA4Wkk2WHpURE8zSU5wUUNkV09wd0ZYV2lFZ2pkLXdFTlZ2N042NTNzc3RR?oc=5,0.7506,positive
2026-08-19,2026-08-20,COST,Louis Navellier sets eye-opening Nvidia stock price target for rest of this year - thestreet.com,thestreet.com,https://news.google.com/rss/articles/CBMitwFBVV95cUxQRDZMTE5WQW9XWTdSQ0hmOTFySDE1U2ZMYThmZTFzbGRWTkdtVmYxdXUyc3lyeEU1ZjRhU3JHY28xTWZ5c2NkaG9KQ1ZmN213bWM1d0szS3JEVHNWU01PSDREV2FXVTJ6ZUlpMVpZMW54UXBTX0ZPTG0tZzR2M2VFZUVSeFFKRUM1Um03Mm5OdHhncGYxd3F0MFhaNkJfcWgtc2ZWT0UwQVpEeXNUYkpBMFJfRXVBbHM?oc=5,0.0,neutral
2026-08-19,2026-08-20,COST,VUG’s 0.03% Fee Hides the Real Cost: 63% of Your Money Sits in Just Ten Stocks - 24/7 Wall St.,24/7 Wall St.,https://news.google.com/rss/articles/CBMivwFBVV95cUxOd0Y2dUFFNzBBaUV2OHRDakhMcUFPdnhPQnAxa3FTYTV0bmU2ckt6TGhiSVl4bkpLZDBibnE4YndCdXA3cHdueUk1dV9TM2JpZ0hiZVVCcjF6SVJLTnM3WGVMUUJKUzVVbjFWSHI0RF9FdjExZDRxdlhfUlF3Z0VRN211RllyckhhMGFNd29uek5ETENNTzBaOVJMVHlTNnVUTDRHdnZKLXFveHJoT2tqWHpUTU9FanZiNHhjRHVHQQ?oc=5,-0.1779,negative
2026-08-19,2026-08-20,COST,Prediction: This Will Be Amazon's Stock Price by the End of 2026 - The Motley Fool,The Motley Fool,https://news.google.com/rss/articles/CBMijgFBVV95cUxNSE9VNW5jU0Y1M1FlbWdTNW1pM2hUc3lrT0lmdzl1LTRnczZkWUg0RWhLNDFDWnBPdFdrYTgyVWI0aFlBb2ZlMmxtZTA1ODhDYllvaWk2bVlob0FNZ2hETDNSdVRuRkowM09kMjdEdTd0YldDUjRfSlZPRnJaZnhzd19wTEVhU1p1TklBWHNR?oc=5,-0.4404,negative
2026-08-19,2026-08-20,COST,Oracle Price Prediction: Can Its $638 Billion Backlog Send The Stock Back Toward $250? - 24/7 Wall St.,24/7 Wall St.,https://news.google.com/rss/articles/CBMixAFBVV95cUxOanBCbVVOcDJTUkdGOHBHMUNSRUl3cmRsc2RnY1liNlJ0SDZOQ2RnM09TMC16dFNTejZMYURVaktFWE0yRld5Y2lISlhSWi1NZ1pTQmZSSmw5QnhpWHNwSWtYV2Z1cnplM3pGVFUyaEdweTB5Q1UxTFhmSmpQWmZjZHJiRDBPaWF1ZmR3ZnQ3M3JSQUFYaE4ycWZ3RDNyckJvYXRfTDdGYkphTXVNbWhaRVgybzY2YXN0YkxHNWd3WWNTWjdB?oc=5,0.0,neutral
2026-08-19,2026-08-20,COST,Moderna stock price skyrockets on mRNA cancer vaccine trial news: Here’s what’s happening - Fast Company,Fast Company,https://news.google.com/rss/articles/CBMiowFBVV95cUxQd25yRUlqa1lKN2RHanF1c1ExZmQ5RDQtMGRkQ0piU2ZjWGhJc2R6WUN6RDF5VjRoN0lhQlpGS1NNazYwaWRjMTRYeWVuZndPbngxdmQ0Wm5nclhxdWYyTjRpdWdlRHMxMWt6bTI1eUxNWWpkRG12d0ltcWxBR3YwOTRlX29mT0FoRHhUbXRPc2hPbFZwVkIwekxJWjQzSXJmcy04?oc=5,-0.6597,negative
2026-08-20,2026-08-20,COST,WMT Stock Quote Price and Forecast - CNN,CNN,https://news.google.com/rss/articles/CBMiT0FVX3lxTE9NemgtNE5ubzhjTGxSbnpGcTdPSzBWdS1rSmZOMWZCYl9HTmc3ZjhYbkYtbmQtWGpBRElyNjNTM2dGeXNsTnprNmY3QVJkd3c?oc=5,0.0,neutral
2026-08-20,2026-08-20,COST,Norwegian Cruise Line (NCLH): Selling Puts After a Major Stock Price Decline - The Acquirer's Multiple,The Acquirer's Multiple,https://news.google.com/rss/articles/CBMisgFBVV95cUxPc2hSWnpIMHREQ0c4ZEd3RXZ6YVdXdnZhQkZZZUgtckpqdEhXeHRkNXNsbHpWSmhmc2VQSnJMZ1hZMjFmUHJtUk5DSU52SmN5QVd0SjU5SDdmbmJ6TGFObVlrUjk0RXh3NGRDTDd6UTlrUXpkREplS3VGSWdKbHVQNVJyblFuaTU2NUY0a0NTNGREMVg2SkNDVVFrWmUtMVZYUE9VWFlTUVVuX2RxZld4cmpB?oc=5,0.0,neutral
2026-08-20,2026-08-20,COST,Costco Wholesale Corporation $COST Shares Bought by Zhang Financial LLC - MarketBeat,MarketBeat,https://news.google.com/rss/articles/CBMiywFBVV95cUxNVTg5REwyRVI1SlJpUzg0TUllY1lpLWVISUNJUHJJanAzZVI2dlJ4NHJ5clc0b0VtQWhGUGQzWjl1S0dhQ0JadVZiWXRITFRZeFFWSEVJSm9OVEx6clVweF80Z3ZJZm5FTmRPVUotM2dkaTFVRG5MSHdSV0d0TFpIOVVMVmg1MzZpTlFZd1QyNVNNLTV1dEYzYkxOdkFqaURKdzlhaW1odERPSkVrZkw4dTdDRFUyY1VjVTliUzhQRE9lU2hzVlNCYWlKZw?oc=5,0.296,positive
2026-08-20,2026-08-20,COST,Prediction: This Will Be Palantir's Stock Price at the End of 2026 - The Motley Fool,The Motley Fool,https://news.google.com/rss/articles/CBMimAFBVV95cUxNc1JzMnJ5RkdlT0RrZmRqUWJmcGdXdFlSbUMwemRVczZCS015bkFkYVgwV29YTmxQT295eG1VaUo4UGVjLTB4QlZya2RRcEZYUHlsTXVpLXIzdUdQT0VxaTBKb1BMc0RoNGNEZTBzRUk3bnFZUk5HbXVJV0RNSWhnQXN2S1dVVUVoem1sZmhZSjQyeXc2eGFYNQ?oc=5,-0.4404,negative
2026-08-20,2026-08-20,COST,Energy Transfer: Strong Buy With A Path To 7% Yield On Cost - Seeking Alpha,Seeking Alpha,https://news.google.com/rss/articles/CBMiqgFBVV95cUxOZGpzZVZuTlktMklEUGhTQ3FlREo5TmtjMW51WlhIZUw5aFZORktDVVNSWHJWZG03Vmx0SlhKTXFCandBN0lxNjRjc3A0WE03elQxX0loY3RKY0w5UXRIaldfVzNYNGJ3eUhpT1ZXWGNhQ1l3YTJhNVJJaXVYdURqTENSbnpiVmcyWWhkSFQ4am5SRzRwUkNzR180SDZyV1I0VEVZbE92MGJIUQ?oc=5,0.6597,positive
2026-08-20,2026-08-20,COST,"Bessent acts to break bond market fever, head off rising borrowing costs - The Washington Post",The Washington Post,https://news.google.com/rss/articles/CBMitAFBVV95cUxQWEp5ODBDWGVqYUZ1eEdFS1BxODduekpEZFB0Vm9YcmFCeW9IYnV1eUNFeHpJZ3lLT0NMSk9OazBVZE1xZmJvMnlBZjNjSWpodkEtd09CdmpOT0VSQVJvZDNHRWNFQWxMU1ZxR05UOE92SXd6WTllbEhBQUotZjhVVUdZckw5UloxS1JqamtJcGNzVFVwS3hjNXdXR2VjcFJuMnlReWFIN1dLbHBldzhKWndMTTY?oc=5,0.0,neutral
2026-08-20,2026-08-20,COST,Is Costco Wholesale (COST) Above Fair Value After Its Medicare Push? - simplywall.st,simplywall.st,https://news.google.com/rss/articles/CBMi3gFBVV95cUxOVi1MOUpkUXRUb19hMTJMQWZiN2NTcHRqaXRTc1czeUZXRkNJUUhGZWI3dUx2eDBfWHlNR3h6Tk8xRVI0cGFmb0g4ZE9BSGRQTFJDM25FM0FQcEp2TVBtZVEtNTUtRWpfWURZNk9tQm9PRjNLRmdMY3Q3SGxFNmRzTnN0VHBoaTQ1T2U5U1JVbjhLVG1tN3UzNmd1eTNlTURnR1lHb0lWTlpNZmtlRklWRzdua2ZHYjdDZkQzSUV6RjVSQmRSNVg4ZnU0VUxNOW9jT3pMN2RxUG5ZRHV4Q1HSAeMBQVVfeXFMT3dhQzFLTE9kcmJ2dy10T2Y5dG5Lb2dSbk5BS0g4TjJ2RTlLbVFpYjFUektXTTdWR2dWZWpVVGpJOXNnWmctNkl2ajg4UkVjMDdjNlVXRWRaWmlneFVBNXNGZmR1QmNYdk12Y1JvX0ZIQUM2MUh3alNjcUo0bU15YjRCTVlJLWc2bTg2VlFUMzd1eGpPV0duSzNTNnJpUEdtOHVTakhrRWEtYXBvazhVT1ZIZmdna0J2enR6Y2Y1U3JYSFI3Und4RTRoZnlENUdBTFJLZmhQN2tneER2NUdlWGVmZG8?oc=5,0.5719,positive
2026-08-20,2026-08-20,COST,Banks Slash Cost of Leveraged Bets on SK Hynix’s Korean Shares - Bloomberg.com,Bloomberg.com,https://news.google.com/rss/articles/CBMiswFBVV95cUxOY2hCQ2hELWhqQVJOTkpFeUhxbHdjcFMzRlFsQmJqbnRnNDZ6T0hJcF9rUDJVMDYwOVh4WndtSXJ5aThiR2FyS0tiQjg3ZFNOeWV5WG8tdnhkOWpPZTk5akZhdlVBSzhYOXc3Z0RjRGxuTVI0Rmg2NnhveTVVc1RUeGdGQzdZeHBmYWRlV2NMUHdDSDZhQW82S3F0d2txRlFMNmZJSGRjYUk0SkVJMFkwY012cw?oc=5,0.0258,neutral
2026-08-20,2026-08-20,COST,NVO Stock Quote Price and Forecast - CNN,CNN,https://news.google.com/rss/articles/CBMiT0FVX3lxTE1lNFh2RGltM0ZKbFN6Tk14VUtjQ01mT0hrUjI0bndLLUs3UXhMUk81aERSRlZGZnVnc25IVk5GcDFNdFdZbGVCay1MVjRLRHM?oc=5,0.0,neutral
2026-08-20,2026-08-20,COST,New Republic Capital LLC Boosts Stock Position in Costco Wholesale Corporation $COST - MarketBeat,MarketBeat,https://news.google.com/rss/articles/CBMi3AFBVV95cUxOcTVtY2lfRXBVVFF6UVp2cUQ4SzkzRHZZN0V2aXEzazdlQWtpRjZicWNDS1hSdXhIdG9EZjU4Zms4aXFEN0RLMDFDX3Jody1NejJUYl94TTJ1VWpxUDNRd3UyUW1JVDRhS3JUb1RCYXBfeW1ZZXRRWnZKSzYxOWlGeGlwUjhsNXM2c3NQZ0s5Y2lNeVB1NDlkd0FqY2p2SXozNG81amxXczlpeE1jV0FNbkNZbFBJT3NCM3Uyck9WbHd5b0UwcS1XSUpyMkRQaG1tTWdMTW90MlBVdW9H?oc=5,0.3182,positive
2026-08-20,2026-08-20,COST,symbol__ Stock Quote Price and Forecast - CNN,CNN,https://news.google.com/rss/articles/CBMiTkFVX3lxTE04ejU2SUQyV194ZFNDaHY4RFJ3R3E1Sm53bzRndWdCeGRNZ3BxU0dGVjJGQmpIRW9QVlphdmw1WndWS1RzT2xKbFREejNPUQ?oc=5,0.0,neutral
2026-08-20,2026-08-20,COST,Aberdeen Group plc Has $324.43 Million Stock Holdings in Costco Wholesale Corporation $COST - MarketBeat,MarketBeat,https://news.google.com/rss/articles/CBMi4wFBVV95cUxQR0MtVlExSjcxX1laTHlVR2QzMUpTcDJEa01aV1dQS3RXQnhGbDd2NjdfUlVvNm9mZzl0dUJsMUZ1TmZLUmJvRjRaRUZCcEhfVWVTSjhMalhPM1pBZWtoSE12RzdjUFpZTGFiUnVJRGszNzFuQUx0MGhmb2R2S0E4dEZwaUVFVWh1VGhJY3Nya1NKbUlVVXozRy1EUF92M3BydW9lSDNiQVU3WHRRRXRGblFRTnlyMnFfdnZGcFFUNXp6Tmlob2NZdklfTWU5YmFVR1BfcHZlUE5GZnBFTndVbFQwYw?oc=5,0.0,neutral
2026-08-20,2026-08-20,COST,APP Stock Quote Price and Forecast - CNN,CNN,https://news.google.com/rss/articles/CBMiT0FVX3lxTE1iU3VMcG9rX0FDREw3LW9RUG5iU1J4MkZPM1ZaOUFOZGpBUEYyWFFBWTdVTjhZcnB3aWRiRXJ2YnFDZlE1SXdvSXlqX1ZYVTA?oc=5,0.0,neutral
2026-08-20,2026-08-20,COST,"Daiwa Securities Group Inc. Acquires 6,139 Shares of Costco Wholesale Corporation $COST - MarketBeat",MarketBeat,https://news.google.com/rss/articles/CBMi3gFBVV95cUxQZzgwLWNxTVVzWGxDT1VZekhrSnM2ZmFWXzFUUTA5elVpTW1PZDlVOEQ4QnFIUjBsNmJ5WnRGRnFrZlQzblJJcF9LUE14QzFrbEt3ekg1SlZWand0bkZXUlRHUFpWWFlCeG9iS3hvd2RLX3dXbmdHWm5hcHhvYmwtOXY2VlhYNXhnOU02eEhfQzVQWHBhWVVZT2pLdkdpTWkxaklNUnZtUWVuUk1JLXRhb0JlbTgwWFZEZFVJRVdlRVVkZGN0TzJJR3NnWDJMMXFXT0lyc0tacFZfaUktU2c?oc=5,0.5267,positive
2026-08-20,2026-08-20,COST,"For a U.S. driver, VinFast's calculator estimates five-year energy costs of roughly $7,811 vs. $18,528 for a gas SUV - Stock Titan",Stock Titan,https://news.google.com/rss/articles/CBMivwFBVV95cUxPT04tY0FoLTI4b0VZVHRQY3dRcUN3WWVLaGY1aDVzdm5kbWc2QUtITmN3RmFtdUhXa3d1ODc2YzY4NVFVU3NwakZUZU9ZTEtJUVU4OTItQUxtT3BOLXBaTGotMzBXS1FHaFFTcjNVQXZWVHAweUFzQ2JhVXM0alQ2dVNNbHZqclptX1laMGZBejBHQnlIUjhsVUkxbWRUNzZ1WThzeERjby1iNWt1azZON3UtSzAzMGQ4dlotR3NWaw?oc=5,0.2732,positive
2026-08-20,2026-08-21,COST,Costco Wholesale (NASDAQ:COST) Stock Price Down 2.5% - Here's What Happened - MarketBeat,MarketBeat,https://news.google.com/rss/articles/CBMivgFBVV95cUxNVXJWRjczNHN4YmxFNjlqN05UX0d2c3RvSDhwUmdCNlhZNUJDbXdINHhFNjFJS3hGb1pTaGVqYnEwY1BpZExpTzBYSHVTdDlXbU9PemtzaTZRUC1RdmgyQmtXdHpOcHlmLUFFNmtkeVdsaExjX3ZpZUVUcVExcDZhOWRzTkZqLVd6YTZiWkc1SFMyeGc2anVMM201SG5zNVItWGlVZTJNVlBnMjE3UDRHNjlKSzBCa0IxaWI0Tjh3?oc=5,0.0,neutral
2026-08-20,2026-08-21,COST,"As Costco Launches Medicare Advantage Plans, Here’s How You Should Play COST Stock - Barchart.com",Barchart.com,https://news.google.com/rss/articles/CBMiwgFBVV95cUxNNnV5eG15RXo2QzZrNUoydjljLUN2TGJWRllpNWZlV0JUdlotSzN4Q2lNbElIYnlDelNiZGlWOFRyeDByT3VmQjU5NjctR2Q2NFlpYVdCMEFJUE9yQV9QWGdmc2FRa0xJbDNGZzdpQmZsbGZuR28zMjZSVV93Q0xGTTVXVDczTUJzZ1NQNU92dlZsTG5ITkpwRG0tWEQyMTlIc1pCbGRHblVvdHlFNzhSX0MyYUNFYzg2TnVYNHJ0R3pjQQ?oc=5,0.5267,positive
2026-08-20,2026-08-21,COST,"The Cheesecake Factory, Kura Sushi, Bloomin' Brands, Cracker Barrel, and Jack in the Box Shares Plummet, What You Need To Know - StockStory",StockStory,https://news.google.com/rss/articles/CBMijwJBVV95cUxPbGRuMXNLa0ZlaWlUN1lyOGFXWl9vMllhZndXS1k0WU5odnZEVTg3V2xIWWRvcEpfMGZvdzRmT01XQTQtYTNkUFdrakFON2tjRTBYdE1vNEFxTGZfck9NNG9xLUlxeE4wNzJKcFhYb2tWV1I3MmJpMlVIeGViRDBzSXNGaUY0WkNwY2h4akZfclJUaWZBM3NaamhIbjhMaV90X05SaEtxMUFlQ3E2a2Fvd05vTnNQVjQ4ODdEQktpVUhCTEc5QTBaUm1CbnRqcHFfcHZoQTJMVTAtT1dqOU5rZEpFUGpuQXFHRGkzR1E2RnlJT2dOY1g3d09QbGZiXzctbkR2RXNjUFZOWV9Fa09J?oc=5,0.296,positive
2026-08-20,2026-08-21,COST,Bank of America resets Home Depot stock price forecast - thestreet.com,thestreet.com,https://news.google.com/rss/articles/CBMingFBVV95cUxOQUJzajB4eklVYTE5M3FteXAyempzN0c5Uk1sMFJlTzMtalNJYnMyazRVaDQyT01NdldpclVNbHZjc3BfM3JnOXRLUG45WHFMM2dBNm9sRVFFcmJrQk0tUl80Y1ptRkVJUk1JUDZKNjQzdzhTZXRmSzh0TXVKZVY5Z2Z1aXYza3VVM3FQMzVRRnc5VUNFcXZDOHJ0cVp1Zw?oc=5,0.0,neutral
2026-08-20,2026-08-21,COST,Comcast Stock And 2 Dividend Plays Built For Higher Rates - simplywall.st,simplywall.st,https://news.google.com/rss/articles/CBMi1AFBVV95cUxNeElvanZyb0JJcHU1N1NoVERnb296U21YMTJpNXlIb1FQaUhKYmVVTEdsQnpEaTNIbHhGeFFzdFA5TTl5OG1GalUzNXM0RkljNG1XVlpYdURKQUlVWHF3dW9CRWZoc2RxVGtKWEVVWFpUVWZoWmR6VjMtVVNDZkJCWVhNZHlSTXExNzhPX2laSXhnSE5XMEU0bjdtREdSc3VmSzFZeG9ES2VObk1JMzNVZ3RLUjlYT3FlYjU1UGJhMTRyQVlXRkVsZ1B5RzdTR1ZidlV3MdIB2gFBVV95cUxQel94MzZzZF9sdzNHenZqSlhsY3RMWHNBZUN1cXo0THlFTDNNWTNteFJuNHF6WGx0ODNFWjl4MWQtanEtbGo3WHpEcnl5VkVZMnBCaTlFUy1tUHdhcVpTUXUzRlJlSlhvX0JDbHExN1VhMkl4NUpmbVYxYkQ0NEo0SktpUm9sQ1lUMXFydDlxSXNROXBVdXpaRnpzNzRLeTVFSlB5RllHOGprRV9vTktoLTNuRS1xZG5DQ0xSZWp2ZzNHN0tsTGw1QlB4bGpGR3IwQjJVNnhSYm9fdw?oc=5,0.25,positive
2026-08-20,2026-08-21,COST,CoreWeave Stock Fell While The Price Of Its Compute Went Up - Trefis,Trefis,https://news.google.com/rss/articles/CBMivAFBVV95cUxQWXMxNGV1dTVVeGQzTk4yUUFWTGM4UXNrZmVuWnhyZ3A5clAzY2VsZGhEbGU5cHd3a19zQ2dreHZhTVg3WUhVZlpRc0lLWGpBN3NDeDdtbW5Mc3FaamhNZnNLeHZWSTZKU1dHQUEzTXVETDA5U3hpTW1oTWxiclJKcjI5UFdiRnF3TDVxZG5qYmJHVnZEeU5qWFNKbl81YUhfc05aZFNVWlZJeVNFSV9mZ0VjUTZub2FscVZkeA?oc=5,0.0,neutral
2026-08-20,2026-08-21,COST,JPMorgan Just Announced a Huge Price Target for This Tech Stock - The Motley Fool,The Motley Fool,https://news.google.com/rss/articles/CBMilAFBVV95cUxQaWk5MXNkUE9pTlppYzRFWWx5TmpBdWNWeXpnTGxBMWNvR0Z1VTgyaE1YWWQzVjlrTC11bnFpX0lWajRGYlhWM2UzdGRGVlVZeU52dUNXM3hfdVllUGJSYzdQX0lTelZxWFZLWGtjaEdvTlVCQU53eXljdlBwd0dQMVhpdEo3dmh6RXJQNFU2dmozaU9q?oc=5,-0.1531,negative
2026-08-20,2026-08-21,COST,"Walmart stock drops 9% as sales growth slows, customers make 'trade-offs' amid high fuel costs - Yahoo Finance",Yahoo Finance,https://news.google.com/rss/articles/CBMi6gFBVV95cUxNTW5reDNvRkx6MHJlWlNiUmUxaTVPemdGaEQ0WDVfdG5QRXRiZW9GUFNWcUpqMjNjY1dkYlpSWWVpcy1CWXdKZWt3ZjFta3BFMnkweXZETEE0VEIzY1pkdGU5ZGtURER2SDV4c2ZnVEZrSFVYM2FnWmFyZ3A1bzZ5MlMwSXlXUXE3enZCY244VTQxZmRtcE9Ea1RzZmZNOEdVWjhScEJjUFk1MUpPdU9ldWV5ZmNNbGdHZkszSHgxQ3c1OGlENHg3R1ZRSzF4MHZMYnVUVWV4RkhCVVVnb0J4eWZ0eEhNcC1aZ3c?oc=5,0.3818,positive
2026-08-20,2026-08-21,COST,Here's Why Costco (COST) Fell More Than Broader Market - Yahoo Finance,Yahoo Finance,https://news.google.com/rss/articles/CBMilgFBVV95cUxNNE5ablVDOV9jcHFtWnVQSzU4NXpmcGQzRXhzbGxEdTlfdGZreERYTU9wcUx0c2hXNlhrclA0bEN2SlJnaTNkVFFkUWpaODgtY0ZQZWkxM3JQdlhJcmU5S0NzdVR0QjZBbGdud3VySEJ1VExBOHhyTW5jZTZYdWp1a1BLdFROWmVoRkRoMXBYM0NULWNPZHc?oc=5,0.0,neutral
2026-08-20,2026-08-21,COST,2 Reasons to Like COST (and 1 Not So Much) - Yahoo Finance,Yahoo Finance,https://news.google.com/rss/articles/CBMijgFBVV95cUxOYlZDM19KSEZkTUc5RG9OM3Q1RW1iWlh3NVdTZTAycHl2bkRkOWdsMEhrU0xPTVZ5UlU4Y3MwN1hTU1lBS3g5OFQxUVpBTk12eGx1TGpBRHl4ZXVYY05IQXpNWDVMRzdFSmVVQUpMU0hBZXpNZ3RzaWNjUzVyQkcwY2t5eWlZZzlKdm5qaHZ3?oc=5,0.3612,positive
2026-08-20,2026-08-21,COST,Moderna’s Shift to Cancer Company Lifts Stock Up 177% - The New York Times,The New York Times,https://news.google.com/rss/articles/CBMifEFVX3lxTE5OWGhUMUI1SFZkUzBhUVBFQUVGRkZxYjl2ZDFsY2pZajhUQXNMMU1Xd2Z2ZU04R09MYTAzZXlmOXFZSU1nV1FsMXJkamE4eU9yUXJHRGtQNV81cnVVT1diSUk2ZXZ1Zi1RUEtpVGNfN0NubWxjTmFNejA5R1E?oc=5,-0.6597,negative
2026-08-20,2026-08-21,COST,SpaceX stock falls back to below IPO price (SPCX:NASDAQ) - Seeking Alpha,Seeking Alpha,https://news.google.com/rss/articles/CBMihwFBVV95cUxQUWFGajZLblFSQ0o5UmxHRGl3OUppTG5fU1g3LU9yMjRCaHMzQU5WVUN3RmlQX2s5T1FtdWJYOHc1S3hsbjNSZU9kRzFsSzV1anVXbUlWeS1tRjZmNm5GSi1WbkZqSEZuek03N2tXRFBWMm1zaDlGQTk4UmY1SlRNWnJyY3lpOU0?oc=5,0.0,neutral
2026-08-20,2026-08-24,COST,How Moderna Nearly Tripled Its Stock Price in a Single Day - The New York Times,The New York Times,https://news.google.com/rss/articles/CBMifEFVX3lxTE5OWGhUMUI1SFZkUzBhUVBFQUVGRkZxYjl2ZDFsY2pZajhUQXNMMU1Xd2Z2ZU04R09MYTAzZXlmOXFZSU1nV1FsMXJkamE4eU9yUXJHRGtQNV81cnVVT1diSUk2ZXZ1Zi1RUEtpVGNfN0NubWxjTmFNejA5R1E?oc=5,0.0,neutral
2026-08-21,2026-08-21,COST,COST Stock Draws Price Target Hikes From Wall Street Post Earnings – A Look At What Keeps Analysts Happy And A Bit Worried - Stocktwits,Stocktwits,https://news.google.com/rss/articles/CBMivgFBVV95cUxOTXFxOXM0S0VCeGxGc0hoZlp5b0c0X2F4SG94TkVkZnMyQ3dYNXZmZ09BaWJlQ09ud3pDYThxRkZOSWdRc1VET212YkkwUDFBMEtQeGpkd0tFUG10VTE5clBxX0M4QUM3T3pSNFhnVTRaM2U4UHU1TzV6LUdmaVF3YlB3X19wb3lXd3p0OC0wekkwNURoa082ZjBlUzNqWnZSNDloUUlGbkRiSFllazAzeE1BQ2xSZ0R3YTM5dmd3?oc=5,0.3612,positive
2026-08-21,2026-08-21,COST,Persimmon Share Price Has Fallen in 2026. Can the Stock Mount a Recovery? - Morningstar,Morningstar,https://news.google.com/rss/articles/CBMiqgFBVV95cUxQczhPQUF6NlE3VE9TYV84UXFnZjhrbjVGaVFxNWhJYmJSMUg1R3dtYUZxYTROWThHOFNLM1BBbElQamRBVjZreE5iejB0SnY5UVBNbEptSWxFLWwtcW11bHo3RGZIZzlIRkN2Q0x5NXpLTmVjTmRCWV8tclc1WTIwT3BkZG9wYVhzSFQ0V2Y4WmtkMmRLVTlvVHFrblA0Z2RUQU5kajZQWFRDQQ?oc=5,-0.0772,negative
2026-08-21,2026-08-21,COST,T. Rowe Price Says Nigeria Attractive Even After 64% Stock Rally - Bloomberg.com,Bloomberg.com,https://news.google.com/rss/articles/CBMiswFBVV95cUxPVEE0YTZGckNkSnFQQ3NDbnFIaWpiWTVXX2tnUVN2UEhiMFpqWGd5ejRIeDBzWTItNUJDMDVhUV9IMHpnQ3Z0MzBmQ2k2UjVzZ09YSG5HXy1Ja0d0bWpkNFZMak1VN2N6WDNOMGV3bGNHWUlydjBMU0lXN0o3SkNkN2pFLXJ6aG1WZ2IyamdsdkJyaUVTdU9jc2tuYlgya0V0Vk5PV25BRWFYLUhpOXFFN3dmVQ?oc=5,0.4404,positive
2026-08-21,2026-08-21,COST,Buc-ee's vs. Costco Stock: What the Brisket Counter Knows That the Membership Moat Doesn't - 24/7 Wall St.,24/7 Wall St.,https://news.google.com/rss/articles/CBMiygFBVV95cUxPdFRmVmFkcDJVRS1FakRLS2Q2N3IxZ3YyVWVyRjdxQUZpRjFncnYwZHZZNjhjbjNMb1hOZ3VmVzZiRUlHeDB5X2hVUGJ5bGtpdE9SVnJLR3ZZMHJIZEx2dHFoN0lFWUR3UDNfY1dnYWRiZmswaGlOUXVlMGZsWU44VGlqRkFtck1tUGhveC1sRnNNTThPVkEyVDVIVGp2UHllSU1aNU9WVF9KRTEtdE1hZHFiRVRTYlNUS0pTaGNRQTlqQ2Z5TmZiYTh3?oc=5,0.0,neutral
2026-08-21,2026-08-21,COST,Intuitive Surgical's Stock Price Is Too High Even For Great Business (NASDAQ:ISRG) - Seeking Alpha,Seeking Alpha,https://news.google.com/rss/articles/CBMipwFBVV95cUxQcFBsejBDdFUzS3dENGkxNGVHTU1ETnNrQWE2VDNDOFBpbHdlcUlTY09YV0VxMmcxS08yRG5veDFGenJ4SVZxRXQxTDREb2s3Y0NuMldyMEx0MEttWEdyR3lianhiOG1vVlFQQ0ZVeHE5NnFUZUE2UnJIYXc1Q0JTUDZGU3pJdFMxUEhjTzJKdFc0amdlTVhwSUlNTUpUeWZablNQbDluaw?oc=5,0.6249,positive
2026-08-21,2026-08-21,COST,Costco Wholesale Corporation $COST Shares Sold by AIA Group Ltd - MarketBeat,MarketBeat,https://news.google.com/rss/articles/CBMiwAFBVV95cUxOTXhDdExMN0o3dE1xRGc2b1FtNEkxWEdUMW1iR0RzWGwxWElSWE4tRTM3LXRITWNlSF9fOGxxWW81WU5icnRpa0tYUUQydXFRN2xtQTJOTzBlR0lnelgtNjhobjc5U2p2ZVkzZUpkdEp6MGdDbnpmMUR0cmJVUjA3bGNDd1RJY0FwZmlycGlkWDZJeWlPdVU0QzNjZllfV21OVGpVRjNYXzEzV25pUlFlVloxVzVoUF90X3M5R01DSXo?oc=5,0.296,positive
2026-08-21,2026-08-21,COST,Costco Wholesale Corporation $COST Shares Sold by BOCHK Asset Management Ltd - MarketBeat,MarketBeat,https://news.google.com/rss/articles/CBMi0gFBVV95cUxQOVRSTUk4c1J4VHI3M3llTDVqaWdXZTFLOTVwT3VyNUVXU25abkhTcVA2RTZ5UGg5blpfTzRDdWlxWmdCSGtGVmRQdktrQzNsLWhFUkJ3aHhvWmV2Q0doakgyeGtySWk2dTlnZ3FzZV9kV181NFpVWEZnY09SbDVGNFZEeVZ5N3ZRXzdtUU5Zd0JPRTRlRVo1TWF2YkpadmpDcGFtSU14NHM2enFTWWZnSFVXUXB1RVZUNlVwTmctU2xWUEh3dUVCdDJoQ3A2Sm96UEE?oc=5,0.5719,positive
2026-08-21,2026-08-21,COST,Japan Tobacco: Strong Earnings Support The Share Price - Seeking Alpha,Seeking Alpha,https://news.google.com/rss/articles/CBMilAFBVV95cUxPVTRRb2FVWDZVYUFROG8xN0pXek9PR2ZDVFNkRWFGZ2lnSktHWE1QeWdQUmNRNFlvNFdJaTk2aXpka0V2czgzaTNUMnM0SEJCaWNzVkhDT2xXWnI1N0pZX3dTQXBzWTR2cUpjTnFLRjV2SlBsTThjeU1yWW9oY2dTbmxLMkhXNVE5U3RjTkxVazlXeXpj?oc=5,0.802,positive
2026-08-21,2026-08-21,COST,TJX (TJX) Stock Price Drops As Margin Durability Questions Grow - simplywall.st,simplywall.st,https://news.google.com/rss/articles/CBMixgFBVV95cUxQRFBRZTR3MkFqNG41dVdKZGxDVkVoazBnQXBfVWJBSFFmcnNBbEhiRG5odjJMTmlhNGpWVy01Q3NNUHBzVTBBcjhnWldFYU9yLXVVQWtUcUVsamdwSnNXME1GTkJwRmdTMEhJZFdPRWNTUTlvdE8tUDRrS09zRGsyLTl2clc5NDdlMTVDM1d3QmtNWlpGVDlweFY3bklMckxlOWd6ZXFaUjNBWWc3WUlVcGdQcVQwQzVVLU1nU2NpQ3BITUhNVlHSAcsBQVVfeXFMTklJaE1fY0tPclg4MWtZZnFNQUpnS2U1Ukd3NllxTk9OellQVDU0SmpReUE4ZHo4Yk9POFdMdkVzZ1luU3k0N1REaHlTd3FqLUUzd0lZZ1JMR0oxUlhPbmRMOHJCR2pxZ1c3Zk1WaDNIUTFpRzJqQ09GS19MZjRjaEFnbVh5cy1qSTdINnE0NEwzMW44YWRCN184RTlaWDNTc0s3VndPOUQyV3NMLWY0YWVNb3dIQ2k4dm5Ed0V1Tzk0TldGS0FNTEV3aW8?oc=5,0.0,neutral
2026-08-21,2026-08-21,COST,Is Deeper-Than-Expected Loss From Below-Cost Polysilicon Pricing Altering The Investment Case For Daqo (DQ)? - simplywall.st,simplywall.st,https://news.google.com/rss/articles/CBMi0gFBVV95cUxOd1Zjd0xON01rbnZ1OGxLeUR0X2NreWlLSHRXODg4YkdXZjNmRFlSaF9BZzJ2Ynp6ak9kTDJHakpJaWJmLWtfS1RZZjllTTFINDh2bUMxUi00Q25mOTM2cUlqd01mQldUSk5MbzB1a3E5dnhvRjVRb0F0d2M3VG1WWkN5bWVTMkdiWEJ2VUxvZENMakVaQkg1aUR2Y3lhMjlYYVg3VVNCSF9YZU1ubjZ3VUV5T1N6N2xMWU1uTElSM1d3ekpGRDMtRmRyM2lLWEZkV1HSAdcBQVVfeXFMTTE0cW50N3N0dkdILW1UM3d4SHpYZ2NNNzRCZHpyOVNUUFVBQWt1OG1zSHhnbjBNc1J5MDBqY3Vmdm1tdEhPemdwLTJReGZRc3ZuQXR4NFA4OUJQTkJOZm5zaU4xTE9wYWt0ZWp6M0tFX1NFSUFCc2J2NFY5dkthVmlBSXNKaHdqeDV5eDVOR2E0SjY4bnJ3WFlZSnlJRVFDVGFIQTdGeHptak13aDZZcV80WURlRDU1TmpNdFh4dzUyQjJOdVZWWjZsTFIwWjVXbDlwMXA5ME0?oc=5,-0.3182,negative
2026-08-21,2026-08-24,COST,Share price chart - Continental AG,Continental AG,https://news.google.com/rss/articles/CBMidEFVX3lxTE80cVNTdFRBbElhLXJIYVBXM2lQQXdRa0Z5b1RCUlJUTEM5b3VoaDNhdGtINHZHbFN2bXJCZ1JFQzhnSTJNSTFpOWkwRTUwN0RDS2VhUUlmUlVxUDlTTDJDbDV3bkdVSVpaVVVDbVA0RjlDRFhL?oc=5,0.296,positive
2026-08-21,2026-08-24,COST,COST Stock Retreats After Hours On Decelerating Comparable Sales After Strong May Performance - Stocktwits,Stocktwits,https://news.google.com/rss/articles/CBMi7gFBVV95cUxONWNJMUNWVk1sbFBCbkpaMlV1dGpWNHplc3VFdUFfNlc1N3lwbHYwNTdPbFdLWW1tcFJ4akNfMlRuaENNazktZ1ZrdVN6bnktdDdVU3pQSV83VWtYdE5zdDFIZ3pTNkM2aU9MUVUyVVhYM1htMC1pSGVPb21FSGVNYlg5cWt6RUFiaUN4a0pPd0JLS2ljNUVZUzlVMnQ3d0F5bjVTc1d2WkNtQnQyWDlBbU90dlZzNzlxYUhsdTVCSUt0dWNqMGdPZmRJSXhCUG5ET3VFc1Z5OFR2RkFDeTYwOVE5UlNsbVhLQ1lpZ1lB?oc=5,0.5106,positive
2026-08-21,2026-08-24,COST,MU Stock Quote Price and Forecast - CNN,CNN,https://news.google.com/rss/articles/CBMiTkFVX3lxTE12OGhUSWtGTk9iWTJqbXhwZ2hpa25tNUxnRWlMam1RYkNBckpUdlVCMXgzY2ZDbG1HUkdxeFlUMWRkZ3ljR2xXUkdJb285UQ?oc=5,0.0,neutral
2026-08-22,2026-08-24,COST,The biggest U.S. stocks have done great for you. Experts say not to get greedy - CNBC,CNBC,https://news.google.com/rss/articles/CBMihAFBVV95cUxOMDh1d2Q4c3pwN3ptaTNsZGxQcklUNEJkdnZBYnNCRjgxOTNmcmFDMmx0Y1A0emx1Z3VrRF9rU3lNRFVtRW5wRkVBLU5rN19XUWR1OUFsWGp1bnB0Nk5iaDZVZHFZZTM2LUpxdTFtdG1NYmNnWnhGT3RmcnlYZWd3YWNVRzjSAYoBQVVfeXFMT2NrNjFuU2xyeVkza19xc1NJc1p1ZXRfMUxVMmZvMVlJYjNYOWNHTngzby16QkhPQ0hUaFVvRG9lVzAtdlFUdThvQ2NLOVRMQW0tZlpOV3Rrbk5yMF8xZEY2WkhldFdxbnllekw4OXhRc3JsNTh0OUZIZTBoRFVOMjItTDJ5dE9zekd3?oc=5,0.7237,positive
2026-08-23,2026-08-24,COST,COST Stock Draws Price Target Hikes From Wall Street Post Earnings – A Look At What Keeps Analysts Happy And A Bit Worried - Stocktwits,Stocktwits,https://news.google.com/rss/articles/CBMivgFBVV95cUxOTXFxOXM0S0VCeGxGc0hoZlp5b0c0X2F4SG94TkVkZnMyQ3dYNXZmZ09BaWJlQ09ud3pDYThxRkZOSWdRc1VET212YkkwUDFBMEtQeGpkd0tFUG10VTE5clBxX0M4QUM3T3pSNFhnVTRaM2U4UHU1TzV6LUdmaVF3YlB3X19wb3lXd3p0OC0wekkwNURoa082ZjBlUzNqWnZSNDloUUlGbkRiSFllazAzeE1BQ2xSZ0R3YTM5dmd3?oc=5,0.3612,positive
2026-08-23,2026-08-24,COST,"Costco (COST) Stock Forecast: Cooling Sales Growth, Lawsuit, and Premium Valuation in Focus - TradingKey",TradingKey,https://news.google.com/rss/articles/CBMi4AFBVV95cUxOWEMtc3Bzc3JCNEs5OXEzWjZaMkpUOEx0SFBxSndqVzh6T2ExZ1FVNC1xUmROTUNhZXV6dkprUGVQb3VJYkdtMVM1VWZqandJSENteVZPNE9LTDBOM2kya3pHNDNYdjhEUDJIM3BTUjdjQW9jSUppWjFVNnJrMGQxejNlWnY4VjctUGFnRmdGeXYzNWhMc0d0V1VqVGZSODh4WDJ4Uk5RU2VPSk51Tnl0eTBXXzN6eUdpNWNRUXJWM25IR0IzVkJUNklGZXl3MEswam9DbDFUSzFKOXdvQjlySA?oc=5,0.1779,positive
2026-08-23,2026-08-24,COST,Walmart stock price target reset by JPMorgan after earnings - thestreet.com,thestreet.com,https://news.google.com/rss/articles/CBMikAFBVV95cUxQZGFqa0l2RGpDT29vMXJJaklxWXRnNTRkM0N6YXE5WG81cENVZGtRTE1RN21yTkpXRkJ4RllhZ1BHUjdGOGJyTDVnOEdHZTVwVlQ2WHp4RmN6Y0JONlRTS0d6Nl82QldsUlJ6UldkbnEwdE1jRmUyeVhyMnhqb1J0WHFwaWpScnNYemZNd040aG4?oc=5,0.0,neutral
2026-08-23,2026-08-24,COST,SPCX Stock Quote Price and Forecast - CNN,CNN,https://news.google.com/rss/articles/CBMiUEFVX3lxTE9mNFpQdmpQSHpfbjh0RmFkcGxLQ1d1dWxoeUoxMTUwM0pnRmYwRDVjMFlvdVNKQm85LUsxSjNVZFlSZm9iSmYwRkJfSVhlNmtK?oc=5,0.0,neutral
2026-08-23,2026-08-24,COST,CT economy is split: Nation’s highest unemployment rate amid booming stock market - Hartford Courant,Hartford Courant,https://news.google.com/rss/articles/CBMizgFBVV95cUxQOW5wQ1dUMTRYSzJ2U09fNkNOZ3hqRy1Jd0JlWEExaWNHd0VTeUdDVUVjRjNsSUg3UDRpcFJ1QjU1ckJzUjhvazhydUFFUXJSbGRVSE9WTTBFNzU3SUUtNVBtbWlKN2I0b2RqX2J2bG5FOFBNeExTNVdMek9RWVg0YldrUS1KVExKZGhPcjl3UHQ0NjBCX1lZbDdQVkF4VFJweU01YXZrUkJkaFFIZG9zMVFROVR3V2pRckUyY2JRMnV2SjNpaTB2ZlpCdjV0dw?oc=5,-0.4404,negative
2026-08-23,2026-08-24,COST,Costco (COST) Stock Price Forecast: June Sales Up 10.6% But Stock Fell After Hours - Short to $899? - TradingKey,TradingKey,https://news.google.com/rss/articles/CBMizgFBVV95cUxNRzZhVEh2RktiaUpZMldjMmJiUmx5V3lBdUhhVUdxVHlYYlViT3RCeHF5N0lmVmZ2aEhpdkFCb2pwWmpXZWg4YUZ1ejJHaHRIckVDSWtsQlpLbTBzTk1FVDUwOE85SFZHSVVuS2dvWEVMeVU5TGU0b0lHZHpvM3M0ZmxoYzJIRWpEdDBDS2dzbndXOUFNc0U0eC1NX0ZqenhfTHZVNEZTV3pVQ2lqYUZkbzZzQlZfODZ5TjBGUnhlaWVBd0VaNzBwY01uNE8yZw?oc=5,0.0,neutral
2026-08-23,2026-08-24,COST,"The Ultimate Growth Stock to Buy With $10,000 Right Now - The Motley Fool",The Motley Fool,https://news.google.com/rss/articles/CBMilwFBVV95cUxOVnktWEdoUGVKZ2hkYTdmS1FzUFRRZmM4Z2pNbFZTRHc0enpWb2ZxblJ5VnppT2wzZDhZVEdrQm8tbjA4Vzg5bzdnTlhZOVVld0ZNTTFlcGpxYmJ1MV9QWXI5QWxfWXZlcnBibjk5bHhBV2ZoQ2htLVNUTWc3MDhyMU9YWFl2eXVDOVNDS080cTJ2OHNNUE4w?oc=5,-0.0772,negative
2026-08-23,2026-08-24,COST,Eastman Chemical (EMN) Could Be 9% Undervalued On Its Cost Savings Narrative - simplywall.st,simplywall.st,https://news.google.com/rss/articles/CBMizgFBVV95cUxORlVqY3JYaktJM1ZmNm1hVU1STFJ3UnlxQ3E2RUExWVA3QTlHeWQ1VWVzeHpBWE9hek1hVWw2anc0UHZqVnlOZ2pDZTREREFJbFBta25QWjE4T3pHWlVYTmtlMTVGQlJTMk54NFMwRDhPdW5ERnd2VVZtV2NobnRYdFpZTzRvSFdOOU9yNXEyM3FXQTVrbUhIb0Y0dTFqRm9JLUJXaGVlT2stMkg2aFJYSU9XWU5pQ1BYQzlUaVZCWFhqYlo5MEFMYlp3VHVVZ9IB0wFBVV95cUxQRTZLQzBiSFI1MGs4bkYtQnVtbzF5U3JYMFdPMEN5YWV3b1VuYWJFM3pxOURyaXhuMkVhVkNiTUk1ZXhucVRfaFdVUDFrMTBTVHF2enVXSDNBdUlBVDRUNnRLdDVOTkkydEZybmdYOXd0VmZVY3pUUUNvY2U5Z0VlS0NPOE5zdGt0M1VBbFRkWi1rZDdBbU5yUklaTFEzTnFzZjl3T0E1WHMxRmRIeUg5THJyaGFVOF82Zk5WN1BZQjRrYjB0S2dNVEc2T21lakF6NlBj?oc=5,0.0,neutral
2026-08-24,2026-08-24,COST,Costco Wholesale Corporation $COST Shares Sold by TD Asset Management Inc - MarketBeat,MarketBeat,https://news.google.com/rss/articles/CBMizgFBVV95cUxQQzdldFlqdDNRUXZoY0FfZGdxaW9BbDlDeUJ4QUhscmNPZHQ1RGM1T1dkMlpNdDFjaEJ5dy1OeUF3TER3X1g1Vl9wX2paRnYtWC12SFA0M0hCVTh2dVpjcks1emdSWS1oRHJJNklVYW5LOGNhTmItNEUzYmhWSmx0eVNaVkc5NG9IMGZuU0pCX2xOQzg5RlYtTWZzejZ5Mk5TYy1Ea2EtUmM1eVR6NUUzVEJkOXJZNWpua1UtdVZBT0RGRFcxc3p6MVdsS0hiQQ?oc=5,0.5719,positive
2026-08-24,2026-08-24,COST,Unum Stock And Other Interest Rate Sensitive Insurance Names To Watch - simplywall.st,simplywall.st,https://news.google.com/rss/articles/CBMi1gFBVV95cUxPNVQ1aDEwdUlMUUhIdTNrdHd3eEFqWE1lNVdsY2hORUNuNDAyZHkxbGx1S1BGUnNrVkVBTHhnVzMtMGE0RFYtX3dJNm1YNS1oMVpncHZHVWhMUkxONDZueFoyZW5kaFczY1I2VWl3akpOM1JSd0FQWUJ4X0pqSGZsYXgzYzZuOUxQMTc0LU5IOWdyLVVhdW1ydnEwamRmLXNIUXc1Q05VdTJSSlB3Mlo5X3BNVnV0R1I3VGdFVGJHQTFWeVo1eUlnWTJ0QV95VUlEaGpNNzBB0gHbAUFVX3lxTE5oR0dOajdxdkNIUld2N2ZBWDU5ZWVUSGJ0V0lrQTZjcnN1WDZOUDJwXzBQVGxYYlJlVExHdzBIalA3XzFJcVZPSXpnZ3dFa0Jydk9oWUJhY3VQaGYxVzBuZTNGUU5iZkc4WEEyRjBfeHk2YmRFX2VUSGZMLTJldWxING9ucERMWDJ5Y0lNWUR4czRlQkQzUTRLaFdTR3ZFdDZXT0FQdC01TG1MMTA1eGU5SHp1WDQ5SnNsNWRtSVpRTDRBRnB4ZjhtX0huOHFIblVSeWZxaUN1dUVaNA?oc=5,0.4588,positive
2026-08-24,2026-08-24,COST,Walmart stock price target reset by JPMorgan after earnings - AOL.com,AOL.com,https://news.google.com/rss/articles/CBMiggFBVV95cUxNQXNuZm1CdTdpMFVOQzdPa1lwSmhBNm9HSU1pcmFRV1RhVW5mTlJ6LWVvSVlrMUxnbDN5QlRpS1NmaDhRLTY0UjhXb3l1RG9jTnZ4RWZSd1J2alNmRmRiM3gzMzZYZW5tM3ptZ1JGUGFsRW8tdExLNDlfUE5fSzNycW53?oc=5,0.0,neutral
2026-08-24,2026-08-24,COST,"Principal Financial Group Inc. Sells 48,161 Shares of Costco Wholesale Corporation $COST - MarketBeat",MarketBeat,https://news.google.com/rss/articles/CBMi3wFBVV95cUxQRGN1ZzZyRjEwSFpucVRTejFhZkx4TE03TGtBNVdwRlpBTlcxR0hiRGxjVE5mTEt0Wm9BOW5NaGFPdlBFQjBtX2IwTXNZbDYxNjdiUXl3d0VrYjNKVWlSM3BPWGp3WFY3YXpoSnUzcko3Q193b0d6ZFlvUzVxY1o0NTNiaWtmZ1dMakk2M0JNUVMtOHg3RTZRbWlUczVwcU9sYVlTZjNsX0hhS2tvZ1dFQ01IaWxMTXBfOW1rQXMxYjQ0WFFDQmhYSEU4STYwdzd6TUlIaWE2S2ljMDA1Tkkw?oc=5,0.296,positive
2026-08-24,2026-08-24,COST,Costco Wholesale Corporation $COST Shares Sold by Strive Financial Group LLC - MarketBeat,MarketBeat,https://news.google.com/rss/articles/CBMi0gFBVV95cUxQcG9ETlR0clhWVkNPQ0xZSGJxMWRDUDg3amp2MzJIcTcxQ29QZDlIR25ZbC1BYXFQYnRlMXRxV1huRE9CU2QxTmFSdFVIczVVOXFETzBzQkJsWHlXMnJybXRTMU5vdWx2ZDFyZHprY0FRcXFkZGhtbGZRLXFvengyeVJIU1R3RGNJZlh6SElyY1NaUHgwR3VLNzd2N1BsQVRQRDJWNTBrcDdxZUY1dWRIX2habVNsbFFucl82VWhhLWNsWFZhVDUzcVlnSUprSlc3R2c?oc=5,0.296,positive
2026-08-24,2026-08-24,COST,NVDA Stock Comes Off Rough Week: AI Darling Reportedly Plans Major Price Hike As Q2 Earnings Loom - Stocktwits,Stocktwits,https://news.google.com/rss/articles/CBMi8gFBVV95cUxOZk5zRXNvQjQ0MEVZUWNzWnB2VkdmUC16WkIzdWRSRmZCWkVPQU1ENWNmdUlVd1pOLUFxX3JDZk5UN2dsY1BOWXJEd24wZnpxMGd1VmRtVmQ2Zy1sY0d2U1hFV3hBYXNmbDR3Z0dQRDEzOHYtRkE1RHR0VEhfbExDTWRvOEk1Y0pJeDdGX2hrNmV2eGFTSnlmbzBfZXBhSDlkcndJZ01KM2JjUWtzRUNSUFVMLUtwQ19QV2ZPSzRxa01hOVNKMTZtV0I0eHJfNnVYX2JRdkc4X2dQeml0ZnRBWG55OHJfNUI1RVFIOVhsSHNmZw?oc=5,0.4404,positive
2026-08-24,2026-08-24,COST,"Suncoast Equity Management Purchases Shares of 1,409 Costco Wholesale Corporation $COST - MarketBeat",MarketBeat,https://news.google.com/rss/articles/CBMi3wFBVV95cUxOSHlGVnlfWVROOXoyUjBvUG9naEpWWGZFVklRcjlNT0hkV3l2bm5RTmNyZDE5VzFaWXJhM2FtRmREYnBISVRXcWQxeXNQSllWZ29HSGx3YTgyeUoyOERrZmZQdzMwZ2RQdjZjT3ZYdjBVNHdzVURRSVd4OHQ3RlFYREloSTV1RzlzVVJlMV85LXZSZWNRWEdZdl9FWFVWUFE4cDFadURIbm1vdV9pNUV1OUJPc2prZHR5TlZlOEJqNjBKWGZGck9pX2xMYnZ3ZTliVC1ITFF2cGF0aGNFMktJ?oc=5,0.296,positive
2026-08-24,2026-08-24,COST,"Gateway Wealth Partners LLC Sells 3,460 Shares of Costco Wholesale Corporation $COST - MarketBeat",MarketBeat,https://news.google.com/rss/articles/CBMi2wFBVV95cUxNajlEcV90cEVIOTlLa2dyN0UyNUZ6X2dDTW1maGYxSWl4NVBCMDNTRTRua1MyTlI3MUExWkRKZXNWdHd3TDI1OTB3UE5uZEdOYjlFdkVkQTNmc1hLb1hjQXp4ZlMwcVZWdDgyazZsbzJmekZsY0tiWVkxdFNNbWZZeEd2SVViM3JfejdzLWlWclNVMEM4c2QxeHQxUi1mVHUwY3FJSlczSmVwcUVKZkRLTEZyTTB0Q2NWZTZVZEtkamYxMkV4MEdZU0x5TEdybC05bFRKVEw4U2xmZk0?oc=5,0.6597,positive
2026-08-24,2026-08-24,COST,"Strategic Wealth Investment Group LLC Purchases 2,089 Shares of Costco Wholesale Corporation $COST - MarketBeat",MarketBeat,https://news.google.com/rss/articles/CBMi7gFBVV95cUxOX0xmMFZsQ1NYWGJfTlAwc0cyOGxGTGJiVVVmRUZKOER6YktKRHpVQS11M09GMUJGamFlcGVVMFJnMWpValVxTFVPNFVNdWZxdjA3ZTBmc1ozTnJjT0s0c1I1dkNFQ2dkOXBPQjVGLWtwZGJlOEdaTDVRWVNOT083OVFyLThmYVk4cmFla2xpZjFlS3hrVDk0RnNzV1d2Nm8wVkx3MUFmQTM3SGU4RVlMVllZaUgzYkR1YWtBUGpUeWVRWFVlaS13a2d5UWFYUHIybVFodW1KTktrNUhQcUNYVnc2dkpwdzhweGlFTmVR?oc=5,0.6597,positive
2026-08-24,2026-08-25,COST,US Employer Health Care Costs Projected to Rise 9.5% in 2027 - The American Journal of Managed Care,The American Journal of Managed Care,https://news.google.com/rss/articles/CBMijgFBVV95cUxNXzAwMkxxRXdTVHR4VHVoU0lGYU9XS2FmNC1LMW92eUVxQjRvajFpbkMtOU42RUxId3JvV2pMX2ViMDNfWG1WTFpURlpzSEF6dUJuOVVRMnY2Tnc2cGlkUVRCRjdvcmpXTHEtSGZYZExrcXIxcy15TWdra3Q4LWtCT2VsRmltSGdmX0phS3lB?oc=5,0.7506,positive
2026-08-24,2026-08-25,COST,Here's what Jim Cramer says stock investors need to know about the bond market - CNBC,CNBC,https://news.google.com/rss/articles/CBMihwFBVV95cUxPbGp5RWNtUlE4bldnaDhiQ0FfSTdINU5NMVowV1NOTC1kcV9PVjh6aGh4SXBrX0ljYTY3WXA4eU9pXzdFelhkMHpFaDlERkhjSkVOYjFaUVVQSml6azBUcHpwREVUNmJHdGMxQlBrZmlHV3UtSjNvaTJndkFZdUZGc2tCSFEwMjjSAYwBQVVfeXFMTlRzbEI5RWFKY2NIdVlYTjdpM3BBTDdGYzd2aHh2NG5tWi11RnE0eDlpSW1ySURSNENyQmJyMjc4S05iMURiZmk3RjVSOHMzS0ZObGF5V3pFQmJUVlBRek1GMGJFcXZHWkIyRnFMekNLQWxMRDJFYVBVT0NzQWV4WEpYR3IzVjJCRjk1YXA?oc=5,0.0,neutral
2026-08-24,2026-08-25,COST,Walmart stock price target reset by JPMorgan after earnings - thestreet.com,thestreet.com,https://news.google.com/rss/articles/CBMikAFBVV95cUxQZGFqa0l2RGpDT29vMXJJaklxWXRnNTRkM0N6YXE5WG81cENVZGtRTE1RN21yTkpXRkJ4RllhZ1BHUjdGOGJyTDVnOEdHZTVwVlQ2WHp4RmN6Y0JONlRTS0d6Nl82QldsUlJ6UldkbnEwdE1jRmUyeVhyMnhqb1J0WHFwaWpScnNYemZNd040aG4?oc=5,0.0,neutral
2026-08-24,2026-08-25,COST,Health Insurer Stocks Are Soaring As Plans Get A Handle On Costs - Forbes,Forbes,https://news.google.com/rss/articles/CBMiuAFBVV95cUxPejFrUFFkWVZfWTh2TzhUUjcwa25Ub0JpRndOblZzWHR4a2RsUHNmM2s0TzJpR0xwYUVRdnVlYUJZTUtqNVZJaDZRVGpQT1I5RHJVaGpTZTdmd0FaX05DOUg4UllOS3FucGRXbEVUeFBPTHlTMXAzZ1diYzNobEJ0NlZqcm5OLVpJaTBhVEFySEhBdS1BVEpieFY3R052SVY5czd3N0kxRnUtb3hqd3hIcnVFc1FnMktL?oc=5,0.0,neutral
2026-08-24,2026-08-25,COST,"CoreWeave shares are set to nearly double even as chip costs rise, Truist says - CNBC",CNBC,https://news.google.com/rss/articles/CBMitAFBVV95cUxOeHpSdjh0MGhNQzZCejRNYUZYaDduMURzTjUzTHl2dGEwWngwU3FUTUVpRlJaVkhJY19ucWQ2QVFPbHhSd3VaeEJvRGhKNVFnTUhzUXJ0VnQ1MHAzNjZuNUpLellZQ0tUeUhnQ3BGZTJnNTIwTUtSVkppSE1YYTIwMllUSmNCRVZDYjNGalNfVlJIRF95SUZhQVFBX1I5ZHRRLTZzbk11MjRjXzQzZl9CRVdVVnM?oc=5,0.296,positive
2026-08-24,2026-08-25,COST,"Pfizer Stock: Wall Street Sees a Rebound, Here’s Our Price Target - Yahoo Finance",Yahoo Finance,https://news.google.com/rss/articles/CBMimgFBVV95cUxOTjlqakVlbjYwdzhzRGxlck1laUFkdjdwX21vbm9TNi1LcF9XRGZmMk1hQVd2SHRLd3NhMURlT2ZYTVpxZC1TZThyMEQ0RVdZRzJkU01PQXI4OUl4dU1RTjY5VXg2Q21RMGk2dlViWXM3Y0s5ZmRxNXJOUl9OaXEwVkEyNXRSX1NPal9CYWhFVEZNQmdYS2txTURR?oc=5,0.0,neutral
2026-08-24,2026-08-25,COST,SpaceX Faces Key Price Warning as Analyst Flags 45% Downside Risk - Yahoo Finance,Yahoo Finance,https://news.google.com/rss/articles/CBMimwFBVV95cUxNeGF1QVJqUUxWOTVMa2VmRUdxNk9rT0NvN3FYNDNuMG5YM3loOFMxVU42cFNqa2wtczhKdDRxbmxxVjFaNFZHM29mVmhCM3pXazh3bm1QTTlpMnpkcHVCQ2NWbDJkR2k1RUJJQzZsSHhFU1FkcFRNZU9CY0JuTU1HUUtLb1NfaEpjZHJiYW1STHc2eVhmbGtoWHIwRQ?oc=5,-0.6705,negative
2026-08-24,2026-08-26,COST,Walmart stock price target reset by JPMorgan after earnings - Yahoo Finance,Yahoo Finance,https://news.google.com/rss/articles/CBMingFBVV95cUxPU1NWMUY2c1B2MVBxMTRmX1lPaXRUdkp5aTRUR19ESEJNOVFJbUlCeGhyMDNzaktKUnRuOWlZTU55UUh6bHR5WDBKd1dqN0VUd2FRRzRxeVZrQkxfRGVoZ0NjSjl4VXd3ZlZ4b0ZZTFZ4d3lxNmQ0OHo5b1ctcDlKcV8xMUJqT0F3c09teVUxcjM3eWFNc21RRmYyVWFtdw?oc=5,0.0,neutral
2026-08-25,2026-08-25,COST,GS Stock Quote Price and Forecast - CNN,CNN,https://news.google.com/rss/articles/CBMiTkFVX3lxTE95bGF6YU10Vlk5ZGxkZEx6QWJvQXN0bmF0N1pxNWl2WDdHWFNWb0dKNThPeGF5d216NVNvOU9jQ21kNy1yTW16TGl2ckZrdw?oc=5,0.0,neutral
2026-08-25,2026-08-25,COST,"Nvidia shares set for $280 billion price swing after earnings, options show - Reuters",Reuters,https://news.google.com/rss/articles/CBMitAFBVV95cUxPa182VERRNl9ULTg3MXh0Z004aGNnVW9HQW9TLTI3R01YZzRMeWZEMFhramsxeHVLNGE1ZXAwYTRZcWxMbGF5YTB5dkl6OHVyT2FrTks2ODRFdlNPSTNmUE1MM0ZhaF9LT1JRZEdVX1ZJU2NMNlZiQWlQZ0toUWk1WmVSbXdYTWJva3NxTG92LVJrczhfQzVnLTZ4aE1yYTAwVHVucFNQbHRxSDN6OGJZcjZNVHo?oc=5,0.296,positive
2026-08-25,2026-08-25,COST,"Fifth Third Bancorp Sells 10,458 Shares of Costco Wholesale Corporation $COST - MarketBeat",MarketBeat,https://news.google.com/rss/articles/CBMi0gFBVV95cUxQTGQ3elpBTXFPX1FqYS1SaE5MeHB0R3JrQXg3RjhFTklhNDNVckdEQ1cxRnUtWGY1TTBmOTRQbmExcVZSdExpZWFCU0xNeEQ4NXQyMHp4NUlxMTVtU213bWNuYXcxYlBCcVJaWHNqVFl0VldSQmphaF92TnpXU0xWaG1Ga1F4UWNNc0R6dkZwUmdGTnVrRFJ0WmdiTjIxQS1zY3BKejJTTFVFNkFrZ3pFY2ZGRkFhNzhSbzYtY05hYkwxa2lJajR0QzNGQXEwbmJwQWc?oc=5,0.296,positive
2026-08-25,2026-08-25,COST,AVEX Stock Jumps Overnight: CEO Sees Low-Cost Drones 'Deployed In Every Major Combat' Hereafter - Yahoo Finance,Yahoo Finance,https://news.google.com/rss/articles/CBMimwFBVV95cUxNVkszajdGZktWZlE2cnhRRWFXWUs0RkhVbDNCRTZvS1NRb1JocUoyY0Q5cnd1QWZSSFcxREs0TG9GZjgzT1FjQWZmTUF4a1RYQzlabHh2VGQ3SkE5TjVDZmFYYWptYmRrUFctTFQyUURKZjVuRnB2dHN6czV4SEtMVjlkY0lZQ0dyN1c0bS1IckstaDNud2lJZnEzRQ?oc=5,-0.4005,negative
2026-08-25,2026-08-25,COST,JPMorgan raises Novo Nordisk stock price target on Ozempic outlook - Investing.com,Investing.com,https://news.google.com/rss/articles/CBMixAFBVV95cUxPQlVFQ2FUYUhHSy1JZzNLYkRMNm9JekpPS1lNS0p2bXRTQXZlNmhObjVPdGZLdjVYY2s5M1JpRTJqdGtVNzlXUHNBMFhzdXhLT1E1TXFRMVhDV3oyTF9mUGRQeDl1djRNcElyTnlxT1hUa1o3Q0o4cnJoZkNLYlNSbDQ1RkJ0d0FEdkNZVy1wWGNzVmxobTk1eUdhWFpUMjNFWlJVLXZ4YjZBNWFOZXZ3SWpXdkh6dEdaVVVlR2Z6dDJtTW81?oc=5,0.0,neutral
2026-08-25,2026-08-25,COST,"Costco Wholesale (COST) Following AI Shopping Traffic Growth And Refunds, Is It Fully Valued? - simplywall.st",simplywall.st,https://news.google.com/rss/articles/CBMi3gFBVV95cUxPQzNIOHJLbkNxMXBkOGlYUmFUY0tqNnFYRkM3bmdBNWh2UVVnQ2tuYks0YzFHeVBMcEl5WlVadXh5ekpZMkVXeDZwV3EyUTNWVXROVDBMVXZtRkdFQ19SeHZLZ2ZuUmp2T2FJTmRXQUxhVTMwN2YyT25mY1FVd3dzNENjYjhKYkdtMVpibWFTZ2pBa2FOWDR3OTJ4TkU2MkItZ0dSVHdXaGV6dWtuRGlFZlVmSGtfRUpBMGMwY3RCVHFSc2paaHdWTTdMMTdqNEdNUW5oaWVZQzJBSVBlQ1HSAeMBQVVfeXFMT01uaFk2TDRjY0RCLWExWmxkUmoweERKRlJXR2YxVXpLRGEydlB4X0JLdUQ0Q0p0d0lVRXlsLThNU05IUkZmUjVaaTJxeEo0MW5jcHRtVF9LMV9zLTZUUU93eXlwUFhiRW1ramZBVl82Skd1MWtIVF9GeUdMSEVfbVJ3cUtsZGlRcTl6OEt3T2VYRUFTSFEyd3NrdjhsdEZzZnhJUUFoX0RwRVJRQU1rb2E3bC03UU9QdXN3Z2hGbVBSOFBpZUNNaFcyYUh4UzlhWW5ob1J3UGdHRFdjckpxOHhlQmc?oc=5,0.6997,positive
2026-08-25,2026-08-25,COST,Intel stock price down 3.12% on Monday - StockInvest.us,StockInvest.us,https://news.google.com/rss/articles/CBMiiAFBVV95cUxQZVE4Qmp5cXAzckE2WXRrQlgzNWpiejJicFVaYVpPejMyRDM0TmJ1WGZ5dTN3Q2htaFdWc3Q2anQxeXRKc1Rzd3AtYW5CNGNXOWFvTWRaOTdFTHlkSG9ZRDlNX2JkZkVDSW5hUjZ2bEh0NHFTVG5wREc5amczOFBHZC1HN1g4MFlo?oc=5,0.0,neutral
2026-08-25,2026-08-25,COST,CPB Stock Quote Price and Forecast - CNN,CNN,https://news.google.com/rss/articles/CBMiT0FVX3lxTE5pSEsxV1ZISklKaFZqMjIxTVJCVl8ySEduMkJkWV9VU0E3b0YzVTE1eGI1VkFiR2MtVXlWUnpUdHRpZ0o5NkNtZ2ZZUlBmMTA?oc=5,0.0,neutral
2026-08-25,2026-08-25,COST,R Squared Ltd Buys New Shares in Costco Wholesale Corporation $COST - MarketBeat,MarketBeat,https://news.google.com/rss/articles/CBMixgFBVV95cUxNTVRkYkQteGhlTFktbElDSkVFaDlfV2M2VHJfancxd1J0c2lUREpUcVVEV0d3UVlBTnZUTkVNZ0Nkb1ZkenBpS2h3djhFZ1llUlhMSldkLTlER3gyM0N1ekdaUHRFMjhiVkFEMkJlQmdzVHVBeUFFM09MX205a2R5NEZxSHdpMXQ3eXVTeXNfS1A0WkVHTXBfU3I4T1JYTms0MG5Lc1ZSN2F2d0ZiQVczS01TbkxGYmNrUHI1ZTVUOEtrenFQa0E?oc=5,0.296,positive
2026-08-25,2026-08-25,COST,"Janney Montgomery Scott LLC Purchases 2,444 Shares of Costco Wholesale Corporation $COST - MarketBeat",MarketBeat,https://news.google.com/rss/articles/CBMi4AFBVV95cUxNV2YtT21LemZvdGIwbHNYNEFoRDhTLUhHUXA2RDcxRXNuajh1RHNWMURzeHV5RGpVU3NZMjBCcHo0MFVsRV81cFdUbjhZajB0dFhPaTUwMXRqZnRCdGdMZ1dyX2hPSXVuclY3UFYtS3N4UW5EMXhFcWFGc3RhczlEbm51aVJiMGpGdXRObVZvaldIa0ZNSVpMRExnQnVTZ1BLSmU2OVMzVjYwWnR0VmZxMGJPTjdDbUxNZ1RYN2NiZkY0YTRPcU1HaThFNnZKc05jcHVBZlpTazVqNGFFY2JKTg?oc=5,0.296,positive
2026-08-25,2026-08-25,COST,Costain Group (LON:COST) Shares Pass Above Two Hundred Day Moving Average - Here's What Happened - MarketBeat,MarketBeat,https://news.google.com/rss/articles/CBMi5gFBVV95cUxQeVRNUmh6UDJseWhGOTIwaUV2bzFxX0l4TGdCRlBrcmdzUDRFNXU4RjN4U3Q1dUFjaWVRWWs0QU9yUGtrRGlkclE1RFJqNGFCLWdkZGRuV1BLQk9WRkdZZFFYY1RCWUN5bld5Y0U1b1BFOWdQYlFCUVpvbWVLT1pKaVFPbHJBV1RJQmV3RVU5UDRUdmxkR2FjajFLZWhBdFc2UHZ0d3V1LUtrS2tvWlVNUXFQZzZFTThDQVNfWEw2dEl4M3FXSmZraUtldldNelUydGRrUk9XTldZbkt2Q1QtcGJNekFPQQ?oc=5,0.296,positive
2026-08-25,2026-08-25,COST,"CME Group: The Price Stands Still, But The Growth Engines Accelerate - Seeking Alpha",Seeking Alpha,https://news.google.com/rss/articles/CBMiqwFBVV95cUxNZmVINjJzZzhKWmUzbFl2eU5GeWNSWXJVLTFaYXJOV1J6dlJkUXdBM1RjaHIzdjY3R2xKQ2swWUNTT3dCOF9JSmxMZzE3ZFprYlNpTkRqb2d2ODUxNTdKbl8zZWJBcE5pYjRKRzhkNEdrWEdWRkFYQmVMVUstYlMyaHJSX2R4d3AxMGRUcjRRVlQyQXhua0JJU0NUT0pENWNDYzNvYnRZMVFjNkE?oc=5,0.5267,positive
2026-08-25,2026-08-25,COST,AVEX Stock Jumps Overnight: CEO Sees Low-Cost Drones 'Deployed In Every Major Combat' Hereafter - Stocktwits,Stocktwits,https://news.google.com/rss/articles/CBMi7AFBVV95cUxOUGpwUG1ZaktHTGRVWVFzYkF0amlwTXVuRUVMMzlIcWN6M0M0WDBYQkNpd3RjNEYxMnhRTHhWNFM0UDdiUkVZelUtVzhwamc2WUxxbFpfUjZNSmNaZi16ZHotZU5PMDJCNVRFTkVtSHdmcTktVWFCalRvcEFHYVlDODVhQ0xtVnlBSGF1dzBJVl9INy1ydTBmN2xjb1ZDLS01NXE1ZFpGYWJXSllSMnkzaUVJemY1R2QzM0phVTJlN0lnbFR0RkVhZHJWbWd2bEx5MTBtaGhJSDdpTE5fM3lCSEF1WVFGdzlVcFRYQQ?oc=5,-0.4005,negative
2026-08-25,2026-08-26,COST,Nike Stock Pays the Price for Dick’s Earnings Wipeout - Barron's,Barron's,https://news.google.com/rss/articles/CBMihgFBVV95cUxOdnAyMjFUR1ppazJNZDFaLWxRai1vbThjU05NWUV5SmR3YVhVVWVPMGJib2hzaHBsWmxLVkVTb3djU2xLMnV4eHhaSHlvazB6b3BLdmJBOW8tY2MzWnl3MTNtYU5JSEZmTUx6T0ZtNzBuc0FmVzFhN2tqU3d0dmlrMF9zYkpWZw?oc=5,0.0,neutral
2026-08-25,2026-08-26,COST,Oracle Stock Is Now An AI Infrastructure Play: Is The Price Of Admission Too High? - Trefis,Trefis,https://news.google.com/rss/articles/CBMi2AFBVV95cUxOLUs4UzFBbWkxNlQ1OFhhU29uT2lvZ0MyLXVoVmNfZkJEcjVzalNWSS1SOExsSDVfWEExendleWdWRmIzOTE5aGlWVHBxMXZhWTNXemlQSmlTaFFNejgwdVc1ZHZ4aXhTTzRDdklvdUV1aXpiNFpxc1VIQlBjY1YyZVQxVlFpVkFxQkJkUkdMdVp4LW5sVENqMzZEQ3JIVUpMc01zYjRYZHVGZUdxRDNsY2ZsQWhibXFGaDNxWnFfZEZ1QmhoTUVwNjdjb1ptNVh2UnJGcHd1clM?oc=5,0.34,positive
2026-08-25,2026-08-26,COST,SpaceX Stock Just Crashed Below Its IPO Price: Here’s the Bull Case Nobody Can Ignore - Barchart.com,Barchart.com,https://news.google.com/rss/articles/CBMixgFBVV95cUxPcFAwWmJ2My01X0syczJNem84Y1o1UEJfZEZWZC1MX1Rzcm1iY1VxNUw1U0RwZmpEdHFfWmFlcUlFcTFlWFZ2aDhDOFlZM3JxanlSRUY4eEw2VUQtNnN0Q3RqbTZ6QnZrREkyLWxlQmRjV2VPb2dPTnM1b2QxVldKZVlCZVlXb0JHdnc2ZXZ0eDJjNWI1U2FrQ1plOHRBVGZwaktqM0dsZXhQYkUxVV93dlBQQUV4QzczRVluZi1zcUFKWm9BZXc?oc=5,-0.3612,negative
2026-08-25,2026-08-26,COST,Tesla’s Cybertruck Price Increase Shows Cost Trumps Demand - Barron's,Barron's,https://news.google.com/rss/articles/CBMihgFBVV95cUxPWFpueXlBTURHNmZxb3RoakZlVk9kMlA2aWlkajdVbnZ5UmZ4bnZQcFdfczJtR25JbTZ2dXpyNE5SNGdPQ3BPZURFOHFZUEFFWGQzOGRWRy1hc2FzRzc2UGtIRC1WeFRuZjAxNi11blZSbkcwOGtGakE4THkyQjVya3lTazB5UQ?oc=5,0.2023,positive
2026-08-25,2026-08-26,COST,The Price of Progress for Google Stock - Trefis,Trefis,https://news.google.com/rss/articles/CBMikgFBVV95cUxPal9Oc0doVG8zcjFPbkQxeWdvTW55RmU0dVVfTWVUbjBZTEp4VjNsSFdtR2xQTlRoV2I4RjlCampLNzhPNjN6eXNfcEg3Uy1hdHlfOGVOd3g2U2VsWW1DUURubTh0bEUxM0NQUzdkWGVPcnA1a0hlMkhfNFlhNmVXVWoxUjg0QkVZTUhiTjdRSXlBUQ?oc=5,0.4215,positive
2026-08-25,2026-08-26,COST,MSTR Stock Price Target Raised to $175 by Canaccord as Strategy Swings to Profit - Yahoo Finance,Yahoo Finance,https://news.google.com/rss/articles/CBMimwFBVV95cUxNRnBzaU1ISWwzVElRQTBSeUg3NllWQThyNGVJaTFYSVloS0Y2V0FrMlJndzFmWjU1Wlhfa1lLZ1RuSGczdVRXYWVqeFRKRENjMEw4Q0xvZ294Yk5WTU53NGRZU3pJRzFESnBhaUZ2VG9XTWRid0d4QXc0ZVdXNk03MERUc0wxTldjbjdGd1Y3YkxBMi1xMklPUkhPaw?oc=5,0.4404,positive
2026-08-25,2026-08-26,COST,The Real Question Behind Palantir Stock’s High Price - Trefis,Trefis,https://news.google.com/rss/articles/CBMisgFBVV95cUxPZlpaYnRVSG1oanBzdjZqMVNSVW1TRnZRZTRrb0xHaDVyNU9GSkpBeVBjU0UxcUViWERhbXBpbEhwb0pFSmVWMDNtelF1ZGxldnZCUnZ2RDh1WEkzcWJrYmpfbHB1WlBtaU4xRjZiUjZrU1BuMnRJTVNNZTNfdDVmWmk3eUdpMmpNb0ZISnZvNjFCeVdjZnpLdEVMTDhTOHlGMUlDMHU4QzJydFRTUmJpN1RB?oc=5,0.0,neutral
2026-08-25,2026-08-26,COST,York Space Systems Stock Falls After Goldman Sachs Slashes Target Price - Barron's,Barron's,https://news.google.com/rss/articles/CBMihwFBVV95cUxPYVZqRFRRUkxpZjZPLUpJei04VUpwcWZiMnVoMmRmd0kzcWplU3ctcVJNZjVmdDlkT0lBalJHZ2Fya3pkdmMxZzdvVEpTYU9DUldYSVFPcG1zZExocEdIX1JBQkdPUzlMT0ZicTAteXNKTHc5OGRxVzhueTBDdklKRWcwNGNXQjg?oc=5,-0.2023,negative
2026-08-26,2026-08-26,COST,TSM Stock Quote Price and Forecast - CNN,CNN,https://news.google.com/rss/articles/CBMiT0FVX3lxTFBRUno5cWdRaTZJNFVEUWZFNEFWSnIyZXoxMXo0aEwwMHZsbUl0MERWcTVVZXl3QkR0Q2U1TFkwY0NfQ2NLRVRWNGluT3NmZUk?oc=5,0.0,neutral
2026-08-26,2026-08-26,COST,"Customers are fleeing TurboTax over price, and Intuit’s stock is sliding - MarketWatch",MarketWatch,https://news.google.com/rss/articles/CBMiswFBVV95cUxQSkN2ZkZTajVwWi1LUTlOYnlZVG9icmhpMlRmTlQ0ak5IWE52b2loRjZFR3kxLVRXQjZfanJLV2o3ZHFxckNFVzZHZEVwRXVBQUo3QnVrSjZmV2RJV0lBVmpaRnFEMEFnMHlUNXMwZFpXUGJ4RDM0OFFERFJlZU1rdUJJNndiOF9SLVVZY20yLWVCY05WSGQ4RWQ4VkxTSW9SREJiOFNkYi0tRGFQbDkzeVMzWQ?oc=5,0.0,neutral
2026-08-26,2026-08-26,COST,Ambu CEO after major stock price drop: “I'm still very optimistic” - medwatch.com,medwatch.com,https://news.google.com/rss/articles/CBMiY0FVX3lxTE00Q0VfbHp2NGJpcGJ1NVhHM2drVEFHN1BNVjM2YmdZVVpLOGY2eUEyLVNkbVBFUUxDUXJhdWxpSi1xLTBJLWs3VmR2akpPX09YWktKOVdQR3dWTDM3eTBzYUJKRQ?oc=5,-0.3321,negative
2026-08-26,2026-08-26,COST,Wells Fargo cuts Intuit stock price target to $300 on tax growth concerns - Investing.com,Investing.com,https://news.google.com/rss/articles/CBMizAFBVV95cUxQUDNQNXdONllualJzQmRvSUNCZk5NWlJ6em0yOWE3dW9FVm1sWnBnSjMzLTdncWlaeEcyc3AwaGg0NlV0SE5WSl9nUDBBZTMxcDBQWEtOYWFTUjNJNlByUXZwWFhTOHFTdUg1MGp2Rks5Rk9BTkpaTDc5T29mdDdUY2xNRi1EdDFRRS1pUlNURkFfTjh4VF9YVFpCcmc5dDIyWGR1YUxsVGxmZUdtWC0yWmdlNEtkbXVkU2daNTlJQTdmT3luLWVVbkNMZXo?oc=5,0.34,positive
2026-08-26,2026-08-26,COST,Elon Musk Could Help Oklo's Stock Price Soar. Here's Why. - The Motley Fool,The Motley Fool,https://news.google.com/rss/articles/CBMilwFBVV95cUxNWlFPbGNaOERGVFR5dXJKazBJbmNEVVkwb1dsX1o5M2hMRm5YM1gxX2pESHdKbDRsd2RVTEFPT2dxdmRCNlJWNjM0T3I5MXM2LWYwNWlhSlowVlV1bVhqbmU4MnFiSXMyTU0yM2w2NVdoV3F6d2NEUkxvRThMakFEci0xVVVaRElrbGY4a2dDRFg5eEphTG1J?oc=5,-0.0516,negative
2026-08-26,2026-08-26,COST,"Intuit CEO Admits Pricing Is Driving TurboTax Customers Away, Says Low-Cost Fix Coming As Stock Extends Tumble Overnight - TradingView",TradingView,https://news.google.com/rss/articles/CBMijAJBVV95cUxNektCVFRUM0pIeG80WFJfU29Ob2d0Rk82TTBfRWlzSTk2V1hrcUNfRS1RRGo1NlMxVU4xNDBaWDAtbzNsdHVkRG4zakRJQUlmX1RHZDM1ZXNjcG5iYUVNZmUzWjBkNUF0Z3FkaHBfX3MyaGJpcnZtSjdzTFJzUWlEMnlBbVd5M3h1dGFjV2UxVUJGLXBDazhYdEIzUjJMV1NMR0NPckpCeEZQSl9FZHJvc3JwdEtJbEpiRkxEa3N0c0huUFZ4aXhKWVVLS0g0dTVOeFFRcTVDY044b0JZMlc5SWI4dTZDQ083Y3FpNlV3VVllZDhrZmdVaHJhWXp3TnRVcjQ2VzIxSVk4bjN0?oc=5,0.4019,positive
2026-08-26,2026-08-26,COST,Costco Wholesale Corporation $COST Shares Purchased by HighTower Advisors LLC - MarketBeat,MarketBeat,https://news.google.com/rss/articles/CBMi0wFBVV95cUxNRUlfZ1FpWHAwNzI4OW5pR1puVFZtZjZwY3ZhUXJfTE5ERHR4bjl6SmpudjVBQ0ViM0lTMEcyQmtJZFZObjUxd0JfU1BPNEJjYzY5QmdiazRoM0VDbWxOTXA4RWJkb29tMms0cFFBT0lUR05lVG50ZGcwM0F4UU04RUJ5NkJXV3V2VWM4MW9DcDFCWlNuenhTOUFLZktMUkR2d1pMRGdhWi1MbGczVE1JNlc1MDRPU0h4OVhtbmRTRjNacWZMZDh0N3VvUXRPRHEtbjNz?oc=5,0.296,positive
2026-08-26,2026-08-26,COST,Diana Shipping pares Genco holding and the New York company’s stock price barely blinks - TradeWinds News,TradeWinds News,https://news.google.com/rss/articles/CBMi1AFBVV95cUxNUzE0ZU03cmtaQV9ONDUzTE1GcVdaeG9QemxfaTBsZVZJYXZENXR4cWVlY2hfYXFDWFEwQU9hOXY2cGxBOXhQVzRPcUdlSDl2UmhtYjVEbEZFNkVVaW9XS3lTQTZMalRsRmxEZDh5TXBKS1FxV0x3WUVkUktVQUZId3B1dWx5NVVTSGpQc3I2RG9FVHRzTmN2a1EyRVhQckVOTzVUQjVRMkVvYmNYVnV6Zk1zRkxUMXVsZWpWcFFkcGQ4QkcteG01UFVHRWpheS1MMTZ2eQ?oc=5,0.0,neutral
2026-08-26,2026-08-26,COST,"KBC Group NV Sells 1,306 Shares of Costco Wholesale Corporation $COST - MarketBeat",MarketBeat,https://news.google.com/rss/articles/CBMixwFBVV95cUxOYkh0amdYR1JLZzFVM203X3E1cDV3WGZGazFNY29sNFBTVWVFNWE2dXF5M2dPR2hHVlMyUnFCSzFwREhZc0pSVmp6dGNkNnBobVRVdzVlS1g1bVZ4QkxXSnNWNWxBNmlvVl96VThwUTlQeWFpeU5pNllJdGdTaTVIQTBuaE1CRzBJZ2EtamozdFp4YUZJcjJqd0ljbGhPWDhTVkgya0JlcHRqd25oZDVUNGw3djRXcE9MUnE0UjZCdVhWdlBPTnFR?oc=5,0.296,positive
2026-08-26,2026-08-26,COST,"Nvidia Stock Price Forecast: Ahead of Q2 Earnings, Can It Push Stock to a Record High? - TradingKey",TradingKey,https://news.google.com/rss/articles/CBMi3wFBVV95cUxPaTVKWXNMNXdEeWFrdllsVlRsb2lSclVOeUFfczNLSVpYaU9FbmxveTJFY3Ytc0k4alBlQnZxTTJYVXJwMWtJSEdEdmJWVmdhdjJ5RktaQXlNMm9CMjY4bTJJcl94Y3d0QkZWcjE5LTlfb3ZFWm1WWUgtSUYtQTRkWU5pSDNIR0kzOUlmTFhYY2VPaTd4YUpvaFdkQ25UenBGS0FTVXFaNnlZVUZBUTdtNUVZM0dzeWRIelFyM1R1cUpDWEhvc1ltQm4tZUIyWG1VOC1BbTRvVnJZcmpTQ3Q0?oc=5,0.0,neutral
2026-08-26,2026-08-26,COST,"Mondelez Stock: Quality At A Reasonable Price, Regardless Of Cocoa Noise (NASDAQ:MDLZ) - Seeking Alpha",Seeking Alpha,https://news.google.com/rss/articles/CBMiqAFBVV95cUxOMmE4bDU5WXFwVmFDbDhWeE51QTd6SnpEUVI1YWtad3ctZjNJUE55M2x2RDBBeE9UanV3MHRRWEs4T0N1bnd1QzVsNUM3d1oyY0p6cURFcUM5eVdOemFvRXRJYVVUMWZFMGFoN3FsZFV3cVRkR0RrNlFSSnNUZVZ3dEdVRDBVZUdPMlktYUg3Z1M5c3NwbE5aZHNRanZNdmp3M0FMTzRUZ1E?oc=5,0.0,neutral
2026-08-26,2026-08-26,COST,Wall Street analyst updates SpaceX stock price target - Finbold,Finbold,https://news.google.com/rss/articles/CBMiggFBVV95cUxQalRTNFJWak12N29yR0xfUTdOSVQ3clotVkhfTTBDN3ZSRk9nclhWVmxHMnZzbEpVcFRWOGNCUW82cXNwNzhLb2Y3ODJEM2JvWl93OEl6bnA3dXExQVd0SGN1WDB4b2pBT2ltTW9kamNtV1g0WFFGMWxJaWp2UVBwUGxR?oc=5,0.0,neutral
2026-08-26,2026-08-27,COST,"Nvidia's days of 'hypergrowth in the stock price' are behind it, says Bespoke's Paul Hickey - CNBC",CNBC,https://news.google.com/rss/articles/CBMiyAFBVV95cUxQbTF0RmlHbjNVd01DMHVxSExOYWdoSFFBTWtUbnFiZFlhX1FzRXhBYlZLUU5HV0hrRFpJSzltbjU1NjR5cXVWcElqNmNLZFBJb3p2MTkwRGY2c0JLTU9KWnk4NWMwWVJ5TkkwbWppZ2VvWWJaaVdXWG5yQWl6ZEZ5MVJzQTYzU3dUdllSQ1ktazB0OGZQTGY5MERaendVY0U1bXZCM0dSRzFscmI5T0RPaDI2V1pmYnMxUmwtTHZpQ2xWQkhfZ09KSA?oc=5,0.0,neutral
2026-08-27,2026-08-27,COST,Can Cost Cuts And 2030 Targets Really Save Pfizer Stock? - Trefis,Trefis,https://news.google.com/rss/articles/CBMitgFBVV95cUxPY25NS2ItZENKWVhiQlJDMkVKd3d2M2tkaTNnZF93bEEwaGxObElDUkI1dGNiMVJiYzFOSXlZVFkzRU9iWWp1XzFaOHg1QzJqWHMwNy10UmpwY1Q1Y2tvRG5VNTlwZ0dSdkotOHpKM2hiazB0R1BYaGllU0tzLUFrY1k3M1l3TWRndDctdDR0Z2VQUzJJSkxJbXBRdW4yQ2NHZWREdlFPNGNEdzM2S3FnWHdYdTV0UQ?oc=5,0.3167,positive
2026-08-27,2026-08-27,COST,Micron Should Benefit from Nvidia’s Memory Price Warning. It’s Dropping Instead. - Barron's,Barron's,https://news.google.com/rss/articles/CBMikgFBVV95cUxOR3F2akgtZHdiZU0wSlhaa0phRWk1TW5hMlpvQmNwRXh1R3liLUVhTS1wWmdMS0hJd1ppQlR0RmR6OWRuRHBuS29udmFfNTV3TngxSnM4U1F2TkpjNWhlY1ZHTXAxUmZGQlBGRVFTbTdVVnJySFNjOTdJLW1zOVVkVFA3dUFMemVmaTRNOGdjcXJpZw?oc=5,0.1531,positive
2026-08-27,2026-08-27,COST,Truist raises Nvidia stock price target on strong demand outlook - Investing.com,Investing.com,https://news.google.com/rss/articles/CBMiwgFBVV95cUxNY1pDWGZiNXFYd1I5dmloY2ZyNGl0a0hxZ0NwZmNCRy1EalB5R1NuVk5mZXRjeEU3SkFxMEpiMlNBYkdNbFZOX0tSSW1LaHdHZVdZTTk0ZlN0UzBUYWtrMDN3ckV1TXFiM2pDV0FWcDN6VWEtdWRaUm5WelpmclpIVERIM3VUdkZhSmU0UDVZdURxcE9tamR3R1Aycm4tNDZQOFNldFFIZV84Y0hoNm90NjNmUWV0a21BR1hEU3k2Y3Jodw?oc=5,0.4215,positive
2026-08-27,2026-08-27,COST,Stock Market Tug of War: Earnings vs. Rates - LPL Financial - Commentaries - Advisor Perspectives,Advisor Perspectives,https://news.google.com/rss/articles/CBMimwFBVV95cUxQZ1dCT05UMGZVTXFlMDl3Z1Q5Y0RMTG5kVzhFVXFBOS1saHRPMkx0MkMzTC00ak1JcHVBeEYzLW1MX194RkZoNzVYU1pmei1GLWVvdE1BeWpLclVGdE5qMFAzUDA0c1NjNnkyOUpBbUJTWVlEV01iUU5RUXltLWVnY1IwV0hLWFVQRDFlS2FBUWwxdk1McU1IOXdLWQ?oc=5,-0.5994,negative
2026-08-27,2026-08-27,COST,Ozempic maker Novo Nordisk downgraded to sell following 70% stock-price dive from peak - MarketWatch,MarketWatch,https://news.google.com/rss/articles/CBMiwgFBVV95cUxOZDZBRFJGdHNQSFdiQXRzYlpTYVhaVXNJeEpieDljWkFjNmR4clRsT1FfRTJLZUcwNnlobmdPaS1DNW1vTjlDLWJMVUpwMVdJQU05aWEwX1FWakZmUmd4Q3FScUJCd2d6NzBBR244TU4weVRwMmdFY0lNSVhYZVhrY29HdExPalFJVWljX2I1QUkyaEltMjFic0h5SVl3aF9kdGhTbVpfZ0VfWG1OLVBCZU1kdW9qQkVDUTN3aWtyMXM1Zw?oc=5,0.0,neutral
2026-08-27,2026-08-27,COST,Price Prediction: Rambus Stock Will Trade at $100 on This Date - 24/7 Wall St.,24/7 Wall St.,https://news.google.com/rss/articles/CBMipwFBVV95cUxNQVUwaFgyUzduTFZ4MlpjMVVOMDVwT01EbFA0ZUZydW56a3BrVzY0TVJlYnNzU1FGdDNtOVFDR25NZmNab0puMG9ubW81WVEwZ0VleTc1ZmJEMGhZUlo0T2hsamRudnItNDltYkdobU5lMVB3bzRGS1M0VVNMVkVydFJ5bF9iRy03T000Q29lZnpkLW1pRy1BcXdvNHhZM0hVYVlhbE5Gbw?oc=5,0.0,neutral
2026-08-27,2026-08-27,COST,Costco's Stock Price Forecast for Next Five Years - Intellectia AI,Intellectia AI,https://news.google.com/rss/articles/CBMiigFBVV95cUxOaEtVS1BibnN2QTNMLTM0TXZZY0tfeG4wNnJkYWlRelRmLWNwTnFwRENiMXV1ajBfekpicW5MeDY5SlJEbFF2UWpjXzBzM05hVEIyU21IYnpCQ041QVVBNnBOOEJMTG95RHh4SWxGbVlmYXV6QW81T1FKWjBZNnVmV2diaVg0ZGE5bXc?oc=5,0.0,neutral
2026-08-27,2026-08-27,COST,Nvidia CEO Jensen Huang eats dinner with someone ‘and their stock price doubles the next day’ - Fortune,Fortune,https://news.google.com/rss/articles/CBMigwFBVV95cUxNYUVXU3B4XzNEM0FmNDNYMVR1TDE3U3hQYXcwSVR4RE51NmIyRUp6OExqRVZ5bFFubWpKNkgzeF9SLXUwU0xRYTVSeWtRZ0ZOTXRaeWcybGd0MUpVLU9NWWJwZjdVbk51N2xXN1ZUaFplYkZ5ZmNnQTB3YzFtVm5nRlBIUQ?oc=5,0.0,neutral
2026-08-27,2026-08-27,COST,Meta Stock Surges as Company Reaches Major Settlement with State Attorneys General - TIKR.com,TIKR.com,https://news.google.com/rss/articles/CBMihAFBVV95cUxNRjlGZlFPenBzS3JYYnJVNnRMQ2JwTXd6N2Z1T2xrVFctb3J4R0lSblRjODdJUDZ6ZXl6YmZvZUZ3bFZ1R281eWNCcGVlWmRlMmN3TnJ1ajA3Z1k4dVRzc0FoVW9CU3UzX2MzOVdjV1ljbW5MR1NLOWxRRkpLZ1AwTmNPZEU?oc=5,0.0516,positive
2026-08-27,2026-08-27,COST,MSCI (MSCI) Could Be 26% Below Fair Value As 2026 Cost Outlook Rises - simplywall.st,simplywall.st,https://news.google.com/rss/articles/CBMizwFBVV95cUxQUXpOVGNhZXBPZFFuMnRTZlgxaHd5ZGItRHF1VmViTGRjOE02NTlQcFBkb3hEYWNkUEFDNm85S0hFM3BEaWVLV0ZsS2czb3lwZ1JXTUljV2s3Y3g0cTEtS3VaQVpkdTlmWVMtWThvUDB3ZnFfQ05BSkYtZkI3UWRtOS0yYWktZHFCR0JZZ1JvM3FfaDJsTTVmTTFFeTlQdmp0Y2lzclRVSEJCNVo4b2dfZk1TUkhCZWI1VlQzUmkzZzhjX05YZ2lSRU11WjRXNzjSAdQBQVVfeXFMT2htU1NFNXIzczk3ejY1YkJKN3h1WjlmN1BOSXZFeGp0UWtaV1hwdmNGbEdEWlpRSXFnQ1pZdFR5U2Z2SFVlSmxoQ28zYWdDSElHbVZDaXZKMG5VcTNiMl80N3p6STFlU2JTTzMxMmNYZTNLbGdHVGlnNGhOM3Vyc0pCUlc4el9NX202WmZPNjBSOHRkN2xSN1NBVGRlMC14bFY0TkpkNWNwaV83VUM4MjVSUUM4RHl1UktLRE01SE1Wc1VDbDJoWDBhUC0xb05LS0Nua2k?oc=5,0.5719,positive
2026-08-27,2026-08-27,COST,JPMorgan Chase & Co. Forecasts Strong Price Appreciation for NVIDIA (NASDAQ:NVDA) Stock - MarketBeat,MarketBeat,https://news.google.com/rss/articles/CBMi3AFBVV95cUxOT3Jib3ZXeUo2dlNkaXF6UWVUYjJBQ1EyeFBvaTZTWXdHUENPQVNIMFpPbkthWVZNbnJHR19CeHlFckpmZE1nZGt5bVZEYng4ZXJ4LU9Vd3U1TVJ2MEpaMzJUQzdrVGItVElJUThwQm96cXlkMllyVm5JM19QbVNQZ1kyVDdGQTl1Y1B2TV8zVUtLSWRpbDBxQWcwSlcya3A4Q1J5YW5USFR4NTJIOHhBS3lWWG9kWExheS1iSkYwX2F4LWR0c3VpYzFrNzliLUxHT3YtOWRrTFZIdUZX?oc=5,0.765,positive
2026-08-27,2026-08-27,COST,Top analyst resets Nvidia stock price target after earnings - thestreet.com,thestreet.com,https://news.google.com/rss/articles/CBMiqAFBVV95cUxNMTRoNTkwa3Q1aEgyRnZBaWxKd1ZjLXhfdFVVbURSMXhOU2VFRUJtenVhbll1TUN5OFZFem5NVlJYbXJyVjh3NmxHdC15R1JIajRaMWl0NWU2bU51VUNGTDU3Rzh1R2IxU0hyR2tYU0tWTDBmTTFMUkNiekxDcGN2RnZaS2ZwdE9CM29McGF5a1ZKTU12WnFlN01Mb3laMXBGNHhWZXFYSnM?oc=5,0.2023,positive
2026-08-27,2026-08-27,COST,"Aviva Stock: Business Is Doing Great, But The Share Price Reflects That (OTCMKTS:AVVIY) - Seeking Alpha",Seeking Alpha,https://news.google.com/rss/articles/CBMipwFBVV95cUxQd3RBY0N0VXlsN1BnVmMyZmNjRzU4MGVvZjJ5WXFMa29EMWRLYkh6YnpQdGp0LVNJbUd5YnlPdmd1RFlDTUh1ZllQazVuS1pFeVBteDRvamhSdG5obW1xLVVpa2FKM1NyWENOMENRbEtzS2JvOU5WTkdWU1pnVWRzSGdMRkhsNVl5bWQ1endWaWNSS0dwdHlFMVB1bnNDdGZiNUVSY3kzWQ?oc=5,0.6542,positive
2026-08-27,2026-08-27,COST,PayPal Stock’s Biggest Risk Shows Up In Its Take Rate - Trefis,Trefis,https://news.google.com/rss/articles/CBMiswFBVV95cUxPb01OS1owRWdrZmk2b0VuZlY4WVk3UVp6eTFWX3p3WU5wdG5Id1QxbWZRM3pKcWdTR3o1UDNvVlBMWDVhUVhkaEVFSHh4TzFqRHR5SHBIazhZMW5oUmRnNFNWZml1STNnbkpTc29tN1hlV3UyeUl3WWc5UjlpOGtNMUZxUnBvYVN6OHl5dnBPbUoyMVpkWVQ5c1Nmc2NsUGxwUTRWbkRiOXlxcEpqdWFtXzNMNA?oc=5,-0.2732,negative
2026-08-27,2026-08-27,COST,This Quantum Stock Has a $32 Price Target and an Inkjet Past. Its Growth Surge May Be an Illusion. - Barron's,Barron's,https://news.google.com/rss/articles/CBMingFBVV95cUxQYmFGOW5vV2FaOTR2WFFONnd2NDViSnJyeFU2TlgxcXZhbE50YlVBQzB4cjN5eE1GVzNndS12ZW9pbjZUbE41UGZkZjVLQm9jWnhvWjlfUkZVUjJKNnhLSGhCQWZIVnlPUHItelVuLUNiT3FlNExvQnpOcVF6NmVGYWFwRnd1SFZoU1pOWVlBT2w1X1lDMzk5T1lJNnktdw?oc=5,0.3818,positive
2026-08-27,2026-08-27,COST,UBS raises Nvidia stock price target to $300 on strong results - Investing.com,Investing.com,https://news.google.com/rss/articles/CBMivgFBVV95cUxPVDUtS2hnR2VqX1VFb2xpb1RBODBUN05pOE43cVFXNUlTWHU3WTFWMDhCV3lKSXVkcGRzbzgyTFZ6SzBZZHJnblVjT0NCVHZBcHdKMVhhUklGWkdEdUh5VGNLdFJGSXNkOHpfaWZ0anpzZGQ3OTZCR0dXeGN5alFCTVh1NGc3d2dsV0o4S2hLakNpX0pVdjU1MUR4UjgzSnVXcVZYR2tYTDdteUhnNjhYbVBYZlgwcnRSZ2VFT2xn?oc=5,0.5106,positive
2026-08-27,2026-08-27,COST,Williams Companies Stock Climbs After Upgraded Earnings Outlook and Gas Price Rally - TIKR.com,TIKR.com,https://news.google.com/rss/articles/CBMiiwFBVV95cUxOeFZMMlpoel9xU2xkVWhYV2dGTUgxWjRHZ1FCLVZ3ZGxfVlZSUlFfdFZWSXVuVlA3Vy1DYUU3Um82Sm53LTdOYXFUNF9nUmx5TVkxNEtEb2xLNG9TckNlWncwTEdvWkZIR2U3NGQ3U1J3cG00dzNwR0RraVRQQl9VS0pTcFMtNUg1bXJR?oc=5,0.0,neutral
2026-08-27,2026-08-27,COST,Figma Stock Price Prediction: Wall Street’s $30 Target May Be Too Low - 24/7 Wall St.,24/7 Wall St.,https://news.google.com/rss/articles/CBMirwFBVV95cUxQUzRMUWsyRFRFd1JidXhsSWR6VGdvTkNpemVDUkRfbUZxa0w3bVEzS0ZkRUZ2b3A3ZjctbnF4WEQwZFVfMlpISGNZUWhwZXVXSzRJVndYQzl5SjhRclc5QzVkTVFYeHVuQXlJWl83bHp3ZUMxam56TXdnRUlzenpNLWRPTFZibE5mQkRpTzNUZUwzem5wX0xaakV5XzFTZllMWldJRU1NcWFLR2cyWmxn?oc=5,-0.2732,negative
2026-08-27,2026-08-27,COST,Truist raises Iron Mountain stock price target on revenue growth outlook - Investing.com,Investing.com,https://news.google.com/rss/articles/CBMizAFBVV95cUxNQmFIcURkdVhpLWUtVm1yTHdDQi1ZNjN5bHJGdi1hLWMxQThjVzl6UkJ3MWxjeGZZMTBUY1FmU2FOS3lfSzdhUmhOaGdYM0o1d0RLMlNXQU05dFl3WU5Xd0NXYnNyUEZzVExDV2xLbXhDQU5jaGZnak9QcV8tYzNLWVJYLXV1MFNVbjJNWTFJb25nUXRvME5EbkM1YnlHMEhjazFjRXBQMGpmdERELW9nVVJwZDRVMTQzYkc0cTM5dkN4YUVJaXFNc1VMZ1Y?oc=5,0.3818,positive
2026-08-27,2026-08-27,COST,UnitedHealth’s Medical Cost Ratio Just Improved to 86.7%. Here’s What That Means for the Stock - TIKR.com,TIKR.com,https://news.google.com/rss/articles/CBMitwFBVV95cUxOSGxKY1pJNUZ2UnF0dVEwSmNqeXpuanZGVV9GMlJtNmNhemhFRGdLc0p0YUt5d2F2RkRiZFp3TnNKOXBBZDBhVFh4TFJOSzFaVERhS1FwSFpHa3RQMk13ZFN5a0ltODcxZnJyNDktM2Y5eVhTTVdsRHVyOXFBaEpIaFZIb2tfeEh0djQxZnpocWhxN3BtWGpUb1VzSE91bER2YzlQM1MyMVVWNk5ZaU1sbW5heG1hQTA?oc=5,0.4767,positive
2026-08-27,2026-08-27,COST,Wells Fargo raises Nutanix stock price target to $65 on demand - Investing.com,Investing.com,https://news.google.com/rss/articles/CBMivgFBVV95cUxNZ2J0VkxMYVhpMzZpMjRJMHhNcDBSOTFmcjZyRXFYZHFrX2R1NmQ4dXgtb3EwUWhZUkF3elEtQ1EtSjNtQ01WRkJEOUhOalctdk42WDlRajJOdV9hQlktX2RZWlJTMUYtT0RhMVZvNm5sUS1JMzdmcEhUNHFBMVVLbDN5dmFLR2xCNGF0NlhMN0FPS0ktUmgxYXhlLXYxZVBQSndORHdLSE1aNDNjTmVWZFBTeE05Y3lKdTROc0NR?oc=5,0.128,positive
2026-08-27,2026-08-27,COST,ISRG Stock: The Math Hidden In Its Price - Trefis,Trefis,https://news.google.com/rss/articles/CBMirgFBVV95cUxNdUpadjJQNm5hdHJyWV9IR2hfbUw1SHNyMTVMV2tDYVFCNjB2MVdORmpVcUJDZUdJMkpIbG5Rd0xHbDZkNzlnYUJqN2NRUmFUdXJUd3JfTkFwVEZ6TXdFaTg1SXA3OENnOW9GM3k0QU8xejJoellnTl9ta1c5dUdiMjZlUTZmS3JURXNHMmFfN0V5WXZLbUxTd2phZWdXOFAwN2JYWHlMbkxBRVlhaVE?oc=5,0.0,neutral
2026-08-27,2026-08-27,COST,Nvidia Stock 'Valuation Remains Conservative': Early 2028 Guidance Has Analysts Increasing Price Targets - TradingView,TradingView,https://news.google.com/rss/articles/CBMi8gFBVV95cUxORHFidEFjMDFjY2VJQU80LWplZG9qNncwbTlyUGViTmxyQ1o4SUlHRkRDV1ExV0h4VWE4QTV1SnlvVnJPS2hVWXlIZXdjMWlYa0JiV2VmQzdFSDJEdTFRNjVMS0FyTVU0Nk9lS2pqcTE2QXdZOWJXMlR2UjdZWG5fbmFQbGFEMFdBdlZ5TlM5T1pnM2g2ZmgyYm5ZWnZHdVYtaHpwbTVucVBEUXRuU2xfYWJYeU92cHFEM2JhUDc3ay1SWU9qN0pVRWExUjZpOXh4OHVQU2VjUG52dFVJZ3dFbm5WZTR1djBJbFRSMWx6cDVkdw?oc=5,0.0,neutral
2026-08-27,2026-08-27,COST,Scotiabank raises CrowdStrike stock price target on strong growth - Investing.com,Investing.com,https://news.google.com/rss/articles/CBMiwwFBVV95cUxPNG0zTGdDMzBMNjU1MFFteW0ydjJyS3dDM2RoaFlFT21PV3NKeGZ6Z1lhVnk2ZlB4amdJSlc1b2xqSGpZSl9MWVRsTTVrY1N5NUZfbERiZXZCR19YLURxcU9JakFQRkppSmtqdVgxTFJ1ZmwyVDdmcUNGazNoWFNxTnVlVDN3VkMtOEoybnhrSU1hWGlEZU56cklRTk4zX2ZvOGMzNVo0b3NWdXlKV1NGQzJDSTE5OXkzRHdrck9rdUhLQk0?oc=5,0.7096,positive
