published,fetched_at,ticker,title,source,link,sentiment,sentiment_label
2026-05-16,2026-07-03,CVX,Devon Energy vs. Chevron: Here's the Better Oil Stock to Own Right Now - The Motley Fool,The Motley Fool,https://news.google.com/rss/articles/CBMimAFBVV95cUxOV2JoQkhQRFF2ZmVuakxEamRDMmNGRnoxZzJIOVd3QnpuRlNabld4R2NpREZOMEtYZXBjWngzMFdsbG9sSFJkN2FEUXMyQVlHQ2pCVDctRkJ2QUM2d0xFcWZfNGFhZjBpdk5RNFRGbG9XZjJTLUpZNF9lVHl5LTI2U2FHN2tka1d6VTRZcDR0eVhJbzdmNlZ1Uw?oc=5,0.2732,positive
2026-06-05,2026-06-26,CVX,"Got $3,000? 1 Ultra-Safe Dow Dividend Stock to Buy and Hold Forever - 24/7 Wall St.",24/7 Wall St.,https://news.google.com/rss/articles/CBMirAFBVV95cUxQdTlEVWpQV3YzTmJHUldfbHd6LVo0YzIwTHNQck9menN5d2stZWVaTkUxdjZfSzhpaXRGRmJHQUNWc3VIWWE2dnpSVUZXNExKVHFZRGhGU3REcHJEaHEyRkJkdktBVERnZXZ2eEJwRHRIaXplZDh2cTA5ZDRWYzNyM0x2OHZvU3lGd2wzb3ViS0ZaTFFXal83djRRUXVtTWprbFI3cm5NU21tR2lq?oc=5,0.0,neutral
2026-06-05,2026-06-26,CVX,Price Prediction: How High Can Chevron Soar This Year? - Yahoo Finance,Yahoo Finance,https://news.google.com/rss/articles/CBMioAFBVV95cUxQalM2Y3NlbW53cjZRZFNNcGp2Q1hBZkFobjZ4bFY4OWNiN0xYbmg1WHh6SU5DbkFqc21ram5WRUVCSWJiTERkSHd4Y3dlUUV3dlZ5SEFZX0hoZ0d1NmxiUWVwMEx1ODZpS0hYNU1ERmo3ZDFzQ2N1cndDOWtSZ09KQVhWZnVRaXdGaTJGM1ZjcGg1YnpMX2ROQnFFc0FSdkst?oc=5,0.0,neutral
2026-06-07,2026-06-24,CVX,Is Chevron Corporation (CVX) A Good Stock To Buy Now? - Yahoo Finance,Yahoo Finance,https://news.google.com/rss/articles/CBMioAFBVV95cUxNMWJHV0ZtVGQ1MGFqaFhjZ2trVzdRYzlnZzhhT05fVG1XT1F3UUo2dEpUdE9GdVRHRGdST1cyUjRuc2xfS1NSazkwVkVnQV9Ua1hQRWc4UmtDZWhmYU9pQ2JraWp3Yy1QSmZ5a181a1E4VmIxcTFGanQyblhuWUFUandFRnpuR0JGSkZYQXB4RXFRX1Z2NDRpa0QxWXJRaGF1?oc=5,0.4404,positive
2026-06-08,2026-06-30,CVX,Chevron Returned $6 Billion to Shareholders in Q1 and Still Trades at 11 Times Forward Earnings - TIKR.com,TIKR.com,https://news.google.com/rss/articles/CBMivAFBVV95cUxQWG00ZGY5LUVQcGtESmRpX1NQLXdmRmtOclJhWEJla195U3U1dXVXQTYyVjJyQ3hwalh0YXNtVi11MG1QTkxsRVdmZUEzbktkZUE0Q1lDejBRZGNrNW95QXN5R1lHM0E2VjcwaGpFMzZoMWdMUUVLcHdaMHdxS1BJbWx2LTNmMGtYX09HWEtJdURTTXhNZmFBaVFKcmI4NjBlUm9SdmVWOHVvTm8wNXNXZEJ0YzRQUU5IcU52bQ?oc=5,0.0,neutral
2026-06-09,2026-06-26,CVX,Here is What to Know Beyond Why Chevron Corporation (CVX) is a Trending Stock - Yahoo Finance,Yahoo Finance,https://news.google.com/rss/articles/CBMiogFBVV95cUxPM25jTnZvU3VBVGZYaHN6REo1dlFNbVYwY0cyNDlONWlESFJJWU5tdjdweDhBU1FxcFZZTjc1LWVIakdKeTd2Sll6dHFvbDZRbWFhZHp5Yy1hQ09xNzFOUk9rVWlyTmkwZ2hVSFlXb2RqWmhQc0gtNk9hLWNKczZEajVQNy1kYkNlUFkxZDNqQml4VVA3NW5VQk54ZWpfbVJnR3c?oc=5,0.0,neutral
2026-06-10,2026-06-24,CVX,Chevron Corporation (CVX) Benefited from Escalating Conflict in Iran - Yahoo Finance,Yahoo Finance,https://news.google.com/rss/articles/CBMirgFBVV95cUxPZjJOaDlQcUlIbElLQk5FSjhGQXQzMTcwZFQzNTlTM2ZHQjM3QnZvS2hQdVpVWm1QVWVXODBfMWNUN0lfOTNESGZBUWNYVHZyRDFoa3hwZzEycUJyY2daaTBwLUQ3TmpmMVN6Q1ktNk5sUTBZbG5hUjBvYjA0NmxmQVdqTTdPdWZBY1pOYkdJZUItTmtDMDNNMEhranpvWnVFcGtENVFXTkJlamJwT0E?oc=5,-0.3182,negative
2026-06-11,2026-06-24,CVX,Here is Why Chevron (CVX) is among the 10 High Yield Crude Oil Stocks to Buy Now - Yahoo Finance,Yahoo Finance,https://news.google.com/rss/articles/CBMikwFBVV95cUxPR3B2V3MzSUYtLUdFMzlOU0RUVkZSWHI1M1RGbTJ6ZW5DZld1NGNaYUVJMVpGQ2k4dTJjRXlaSy1DWklscjBPaUJQajhiZjl5WXE0RlZFR0ZzUVlTZWFPUExQUWExSkNIQkYwdUlzMHVxSk9mSDFBa0c2N0JialY0Nzl0dzM2RUpVMGRKTWdON1pyMVE?oc=5,-0.5719,negative
2026-06-11,2026-07-01,CVX,Assessing Chevron (CVX) Valuation After Recent Gains And Mixed Undervaluation Signals - Yahoo Finance,Yahoo Finance,https://news.google.com/rss/articles/CBMipgFBVV95cUxNR3JNaDZfMFlTczVuT3BKWWJnX3AyYk8xU19fYldIT1kxYXBza1lYOGZPVzZ0Y0NkV1pWeVdWSGJab0EwdTZHNzVqTXhsYUQ3YjFDZkNKRGtaSi1URzNWeS1WY19NOEJITlhSWUtka1NfcXZkWjcwWWZTbWlacUtSeVJQRmRGR0RWbGkxdnAxQ1hUYm81XzRwT2NoWGxNZmkwTUg3Z2Rn?oc=5,0.34,positive
2026-06-12,2026-06-26,CVX,Here is Why Chevron (CVX) is among the 10 High Yield Crude Oil Stocks to Buy Now - Yahoo Finance,Yahoo Finance,https://news.google.com/rss/articles/CBMikwFBVV95cUxPR3B2V3MzSUYtLUdFMzlOU0RUVkZSWHI1M1RGbTJ6ZW5DZld1NGNaYUVJMVpGQ2k4dTJjRXlaSy1DWklscjBPaUJQajhiZjl5WXE0RlZFR0ZzUVlTZWFPUExQUWExSkNIQkYwdUlzMHVxSk9mSDFBa0c2N0JialY0Nzl0dzM2RUpVMGRKTWdON1pyMVE?oc=5,-0.5719,negative
2026-06-15,2026-06-24,CVX,Why Chevron Stock Dropped Again Monday - Yahoo Finance,Yahoo Finance,https://news.google.com/rss/articles/CBMinAFBVV95cUxQam15OFcwWndlb2NWZVZocXRRd1hfRGE2dlQ4SzJfYzlUUDROOXRVd1d3X3ZmSWd6OFBmVkpWczZhUV9lSWVwSVc5RnlzWS1aVU1WSmFsdU9jWTVnRzB0ZlY2TTNZYVE3RzkzQm1DRjdrZmRRRV8zc2ozSTNfR0hlSG9pQUkwLUxWdDNYQnRRcUNZLWt0d2Zuc0dqbVM?oc=5,0.0,neutral
2026-06-15,2026-06-24,CVX,Chevron (CVX) Stock Sinks As Market Gains: Here's Why - Yahoo Finance,Yahoo Finance,https://news.google.com/rss/articles/CBMimwFBVV95cUxQVDlIaVhOeXRwV1FQckdxNU1oWmtuT3k0Zm41VHNRQlUzTTNEUTV3eTU1R09vOWJaUnkzWWh2V2lzZ3h3S2dvcXlsVXdRd3I5VV9xVzB5Q2NLbFBNalR2d3UyRUFoakpGLTd1WmtFM18wNmp6VGpsWjFlTkRVQ0JhQ1lvWk5tNS04Y3VzeGlxOVl3elpzYmRwdnhRWQ?oc=5,0.34,positive
2026-06-15,2026-06-24,CVX,Why Chevron Stock Dropped Again Monday - The Motley Fool,The Motley Fool,https://news.google.com/rss/articles/CBMiiAFBVV95cUxQX1IxaURGejd4Yld3SHBaVlRqNHE2NXdmTFFac1hrVVRhTlAxNUZnVUk0cjVGbXlUOFN6OE5zZUozUi1NLUZkUjFwd2xwVXgtR0RRV05MWHluellXWVl6UVVYSVN6V1p5NXY5VVRlb1I3VFJ3RHRIa0FTS0FwVlNZaWhQMllFZkZY?oc=5,-0.4404,negative
2026-06-15,2026-06-26,CVX,Chevron Stock Is an Absolute Steal at 11 Times Forward Earnings - 24/7 Wall St.,24/7 Wall St.,https://news.google.com/rss/articles/CBMiqwFBVV95cUxPZVQ1dzgwOXZIbTZoeFhtTExlVFNRYVZFc2owLW1BemN5MzlhQ3pXbDVqX3hpamdDUWVlbkpETWpwbUs3TkNzSEpqMFlxU0NuczBoTGdqUDNtMi16TFFxY3RPb0FPVWUxblNOREptY3FVUEZaUWt4N1hDeUtFYWtpV2l2MmZwcGhKM2tLM3FvaXlHUVBsamIyWGlYWmpqcS1qMzJfTzZwZTNHR1k?oc=5,-0.4939,negative
2026-06-15,2026-06-26,CVX,Chevron Stock Is an Absolute Steal at 11 Times Forward Earnings - Yahoo Finance,Yahoo Finance,https://news.google.com/rss/articles/CBMinAFBVV95cUxOSWxHeWxHU0FBdTZtWmpGYnRqUWFYa19LTGZoVmhCT3ppak1md0REUHlPLUs1VHM0cGtIM2s0dUQydHRaMFJDM3djLTBJWGNSLVM3M3lGSWdtUWVwV05hMTltOTR4cGhEQmJYMFpDUjk0a0gzeVZwa0phUkpENHoxbUtHRzZOYmdfZmRhbWRVTHdXMllJUHloMDBScHI?oc=5,-0.4939,negative
2026-06-16,2026-06-30,CVX,Down From Its $209 Peak: This Is Why I’m Standing Pat on Chevron Stock - 24/7 Wall St.,24/7 Wall St.,https://news.google.com/rss/articles/CBMisAFBVV95cUxQa0kwZ0ozeWw0YW12dUlOeVpsSUp1VzRUVlRmV0N0bklWZTZVY0NJNXJjNUpEYUlSRFBvNExSUmFnMlNMT2RyQjRQTXY1Ni1FLVlfVVlxcnR3V3E4WVVaWnJna1lFbmhTX29zV1NFMWVPNC15LUZJQ1VsZ3VQMmhmT3RsYXZDVWVreGVoLWxST2l0SHc0dlo3cUR2LS1TaTFVRklhdDdMZHBzRzJIZUhYWQ?oc=5,0.0,neutral
2026-06-19,2026-06-24,CVX,Chevron’s new-energy chief takes the stage at J.P. Morgan event - Stock Titan,Stock Titan,https://news.google.com/rss/articles/CBMivgFBVV95cUxPVXZtaTItTEN4ZzlWXzJ3alZJd1pEc280OHAyRmxwN2lXalZoQk9nSFJiZnJDMDF2NzlzcHNLRjBtYUNhakowbEtISlpobXVRbjl3Vm9kVEFjOTg4T2tlZlI5Ny1jdTQ5bHdGM0ZiVlZoNXhDWXFTeS1xRFdZMUFVNEI5SnRZcHN0QXlCTkVKLURXVDJkeGJnYU01RnBfc3pUQTN5UXdmWGRSRGNTckVacGVoN2hpZGVZSUs4X0xB?oc=5,0.0,neutral
2026-06-22,2026-06-24,CVX,Chevron Stock Rebounds on Microsoft AI Power Deal - Schaeffer's Investment Research,Schaeffer's Investment Research,https://news.google.com/rss/articles/CBMirAFBVV95cUxOa3RIdzJFbGJOeFB6T29taTdXWm5xMjg2QXpCU0wyZzE3LVF6a3BMVGRudFBpMWJTcTk5TWd3V2xnUlVNUS1rUUp4T0plTUh4d0ExdEozeXlsR1Zjbjl0cGFhZzQySnhsdzRlR0N5enhqRE96Njdocm9Pcm5mQld5eno3OU9EeHZleHo4c2NaU1VIQmw0bHJ3cHp0eHpXR2VsbUNrSWpQNVJsNjhx?oc=5,0.0,neutral
2026-06-22,2026-06-24,CVX,Why is Chevron stock climbing today? - Investing.com,Investing.com,https://news.google.com/rss/articles/CBMingFBVV95cUxNU2lTR1BsdWM4dE9jdThERjFDTWl3c1JWR1pUcFZOSl9sbmUxU3NFdXR2S18xN3EtZlJIbEljSXBxNWlaNDFxaUFCLU1hcG82b3dKeXVTNWxkX2ozbnkxSEN3RFBsdjBpQzh1WkVxeWxDZFM3cFhUcUpKUzVFek1uSnR2SU5lYUFTVFR1ak9TYnZpOEcyZ2xkMWJ6Mkozdw?oc=5,0.0,neutral
2026-06-22,2026-06-24,CVX,Chevron's West Texas AI power plant lands 20-year Microsoft deal - Stock Titan,Stock Titan,https://news.google.com/rss/articles/CBMivgFBVV95cUxNY29scGowOHBqVFZYdXkza2xvWE1uYjE5OG5Hem96cGtueHlUb0o0ZUdmbGo5emJ4Y2hQVEhrU2VxVmlZYUpCcV9wQWw5YnhEY1ZYcTlXenVGZHloTV9UMUFEWFltMVJabmJZVnRFaXc3anpGenhfeFVDMHdlb2N4cUtnbjFUMmdtb3pva0N6WGxneTQ1eHFZTnV4M19HdEh0UzdCbWNpLThjUUlzRWVyS2hIak9Md3ZldDQzYTVB?oc=5,0.0,neutral
2026-06-22,2026-06-25,CVX,Chevron is Building a Massive Power Plant to Support a Microsoft AI Data Center. Here's What it Means for the Energy Stock. - The Motley Fool,The Motley Fool,https://news.google.com/rss/articles/CBMi8gFBVV95cUxQSlR0MFVzaW1kQk1OY1g1RGJnd3IwelBmN2RRV0FHSnR5eDZmVi0zaTl3MU9lMEJKSkY5ZmYwNlpiNjZ2cWxHVVFVQ0l2UWN5bEktd3ViWTZnd1pWczZ6RXFCaFdtQkswVFkyRDdEcjFBSWYteFhxbDBFd2lqaF9OT2lmOEhuc1RGb2hSekdpY21Sa2ZQNkpUWW1mLXR2VXFEYVNZbFpDMjBKR1NtZFpieXRXYUctZW50M2p0bDRGb2VxZzQyOWZoNzNoM0dENWRaNE5USUJsT1ZsUzl1ZFM1bUNSeFIzeUQ3SFNwR1k2NTBkQQ?oc=5,0.2263,positive
2026-06-22,2026-07-16,CVX,Chevron vs. BP: Which Stock Wins the Gulf of America Growth Race? - Yahoo Finance,Yahoo Finance,https://news.google.com/rss/articles/CBMiiAFBVV95cUxNeWp0dU5KQjl3TmlFT0QwUGltZElhcW90d0pUcG1aUk80VTZHb0NERUR0TGFxMEZQZW1VaWtpaFBtMTdQS3hwaEFuWVNnOExGRTlUX3lFdnlNdnE5UEo4RGtFRHJnSTcxUjlIQjFpQVFSbmxlNDJwNUxwbDZaWjYwS0t2U2s0Zjcx?oc=5,0.743,positive
2026-06-23,2026-06-24,CVX,Chevron Corporation (CVX): Top 10 Cheap Jim Cramer Stocks To Buy - Yahoo Finance,Yahoo Finance,https://news.google.com/rss/articles/CBMimwFBVV95cUxPS3dma0VoU2pPdGV5amowQm9VM0hRaWVlTkZyQ0daNGh5bzZBMk9WUmpsVGpMdzUtVzJHallIZmhydDNYT2ptZFhuUFUwTGJUX3M4OUwzWmpKa0xJV1VTQzBDMjNpZmFoUkdRNzJOaW5RZEFBOTR0MjFZN1E0bUxkc1BVUkNYWEFOY3gtR1FJSUxndUdEdDdQVDdFaw?oc=5,0.2023,positive
2026-06-23,2026-06-24,CVX,Texas Pacific Land lands Chevron deal for West Texas power project - Stock Titan,Stock Titan,https://news.google.com/rss/articles/CBMivAFBVV95cUxPbG5Kc2E3ZXFLcVlnNVVKc1J4RjU5al96NVZmbGZHLVlLbGU2S2s5WS1UTTcxeFdZV1lKRXgzdTlQTmJVMFZXSS1fWHZaa1J3ZzE3Wlc0b3NiUndQQ3JMd292NnBHRS1UeWd0Q3EwQzNzY1E5WlFOVVpnYjVuSkVZek5uam1uUWtaV1RIS3BpLUxZb1R6OUo4d2JLV2xmZE51bjVQaENkd1VNeGdvaVpBY3VqT3NHRWdXdmZaYg?oc=5,0.0,neutral
2026-06-23,2026-06-24,CVX,XOM Or CVX? Wall Street Sees More Upside In One Oil Major - Stocktwits,Stocktwits,https://news.google.com/rss/articles/CBMivAFBVV95cUxPYlhxU3dGRWJFeE9XSl9uS19teEtIVlJmNE9JSXZtdlhqaEhzeF9OVUVHcXZBY3I0WVpaN2dnRUFMTWd0UWh2M081RWFscnNBYkFFZC1Qc0pUZ3dQOTBldjVBSnpqbWhrY1dGNzJjQ3dRUjlqQ2Q2WFNocmV6dUQyaWxsZ3M0ZEdIZzRCbGxsakRGbzBrVnRFdUx2V1pJd2tnQWtkdHVVMW5PM2lxTkxvRTA2ZXNLTi1Xek9Gcg?oc=5,0.0,neutral
2026-06-23,2026-06-24,CVX,Chevron Just Secured a Major 20-Year Contract to Supply Power for Microsoft’s $7 Billion Data Center in Texas. What That Means for CVX Stock. - Barchart.com,Barchart.com,https://news.google.com/rss/articles/CBMijgJBVV95cUxObFlaanFLRV9Uc3dOZDRlcllCMHhBbnJSV19OazdIaWg0ZHBYTnBPNjlMS0ZlM1FPUFJISkZDa0pSOXA2Sk1BVVoxTklkOHh4VG5rcnhqVVZSV211bEZwOXJnQmllMDJac0MwRXdrYmdDLUdkV1Exb3pKQzRXb3JKYzRZeUw1VTdwTmU3NzY4VnN2Ri1ZaFF1TThuX3AxcmRvQ2hPWWJrcWp6RHJtYjR2Nmx4bnpZRlNIUzRqMVcxR2c1cjZTc2NDU3RHQ2V5b0FnOXAtWlNPeVgyTlF1LXJNTDlqdmxUN2FxX0lKTU9TdUtFaWNLNlhTQVhIRExqa1RDUE8tQU02aTZ6U2dWbnc?oc=5,0.4019,positive
2026-06-23,2026-06-24,CVX,Chevron vs. BP: Which Stock Wins the Gulf of America Growth Race? (Revised) - TradingView,TradingView,https://news.google.com/rss/articles/CBMixAFBVV95cUxNVFRRMkZvZFpfbVpXeUF2bDItclFRYU96Tmd1YlMwbEo2dTd3eUptVUoxM0xmMTBPdHVZclpzNi1iZTJQb0dWeFdGUURqNlRjdXM2T3pKMDR3SkZlbXRDa0FnTVp1eXRGTUtnN2pYNXhPZUxpRGdfeDQ1dldfX0R1RWFxNWZHX29PMkF5VVFaeDdmOU5ITHRuYjVURE9XUVk0MHM3ZURTc29JZlRIVVluMlV3NExpN21VdkR5ZkVYZ2ZUTnNk?oc=5,0.743,positive
2026-06-23,2026-06-25,CVX,Chevron (CVX) Enters AI Data Center Power With 20 Year Microsoft Deal - simplywall.st,simplywall.st,https://news.google.com/rss/articles/CBMivgFBVV95cUxQTWlKSU5fUXVDenh5Z0tBajlWRThYRUl6T3hxclM1WEVIWGRldjA1V2lPN1RJSUtsY01kY0hEaFhTWjdSRnVrTl8yYmtFQ1RkdGdWNlNXeGVEQlhodnhUQkY1XzNlaExkT3FoMUxyTkxEX3A0T3c1aU10MDNGbzZKbkdoZ3JtRlZVWEdyTDBOaTBxcGR3Z1hJSDk3OXZLLUFQbHVKU0g3LTVsdElxZjJIUmlJS0tnaUZxMVRIdUNR0gHDAUFVX3lxTE5WbW95T3lBNjVHb3ZpUUJUdUpYOC1XanN4bVZULXliSk9abFA2RE5pZlhxRmpfSWQ1ZGZQQ2liWDhkZGw2blNrcnhhN1VjX3p6a211SEFPdnNva3AyUW5fMDF6NDc1bGNWUUNyUjk4dVJJendkMktkU2hRSWlhX0FGajdXRjU2Nk13UUhrVV9hVVhWdGpFazFpblhJMm1BV1Q2Zl9GQ2loMjF0MzJRaktXOGlNMk8zNi1lbThCQ3dGSVp2WQ?oc=5,0.0,neutral
2026-06-23,2026-06-25,CVX,Texas Pacific Land stock jumps on Chevron power deal - Investing.com,Investing.com,https://news.google.com/rss/articles/CBMitAFBVV95cUxNZzljNmdZNkxoOGh6ZE1wd3E2V1NtcFM2enVqVjJzQU8wa0dRUUwzTGtxSnNHZnFPMjB1aXNZWjltdGRKY2JHbkdNSlVsZ0lQNlR2ek5XaXQtRWZmU0ttazROajlCLTNhMF9sV19Mc2FsQ3hCZ19EcUQwSnc2eVRJclV3Z24wM0l1SWFKVGh5clhOd2RnQnVZcXN2R3p0ME1PbHBudUMwSnAyYWhLWWtHYWo2aTc?oc=5,0.0,neutral
2026-06-23,2026-06-25,CVX,Prediction: Chevron Could See a 13% Drop as Oil Slips - 24/7 Wall St.,24/7 Wall St.,https://news.google.com/rss/articles/CBMimwFBVV95cUxOT2pabG5UVlhqLUZyX0sxdEJSZWZVdVZELUs0amJCS0I0ZjVrYV9fNWcyNTBpdnNhbVNyZWQxYzlFS25fNUtqQUpvemlNMHNzaWJvMmF0YUpZWkRldDl5SHhfOUs5QVlQd2RLRmFldnZsd28zZUJyWGwtck5HeG9FTk1wSEUxX0tsbjUyd0Y2X3paXzlwcU5nYi1fMA?oc=5,-0.2732,negative
2026-06-24,2026-06-24,CVX,Chevron’s Microsoft Deal Turns Natural Gas Into an AI Trade - MarketBeat,MarketBeat,https://news.google.com/rss/articles/CBMihwFBVV95cUxPZ2tZa1pBMHl0aElldk5Lc3FlWDZQSTdvNWNxTElxQ3kzYXRxd1d1LUxOT2luVXVYVC16OXhrR0V6Sm9rSUNtTXVieFpQcUFwV1kyNXhINEN0a2xzS0lmZnUwMG8tc1g5WFRKQ0k1WFdWQmF0dnptTTZBNjVWVko3Yy1RMjJWcG8?oc=5,0.3612,positive
2026-06-24,2026-06-24,CVX,Chevron Stock And 2 More Energy Plays Tied To Strait Of Hormuz Reopening - simplywall.st,simplywall.st,https://news.google.com/rss/articles/CBMivgFBVV95cUxPNzdQc0ltM0todHJ2Vk8yaUxNY3R4aWtQdzNjc01qUjhzODN1Uzd6Vk9LaVlXQ2xNS09vOGhIZFB3WHR1TnhWN1B2MElhY0p1RVdraFg2UDY4c3R0d1c5YmNGNzV4dmo4RzVuYmJVT01tTnlDLUpXbkMwRVBmakl3R053Q0FhemoyYTBkWExOci1RUXl3Z2pfY0x3WVpMY3A3LW96bTBjUkp0WmlSeUlHN3hockU2YmVuNTZ0TTln0gHDAUFVX3lxTE9tTnVKU01YUzVXLWZFcFdTUjB0NkNxakNZR3NGQi1XVk5INzRMUTN3UTNUb004SUtLdUdzTnBLSG9FQVpxdW90cVg5amNib0hYWjdndkVLOE50MmJrZTZRREpzSEJISHpuOHVxRnBFanhpMjJVM3hNQ3JRd3E5Zk5Cc1BpOTRUb0QtZ3BvelFMUFJrZGJ3ZnQtVnQ0S0ZXOHBvVFVBTjYtMEsxTF93ZXVWbWU4ak14Wm1SUjU3T2VfSEpsaw?oc=5,0.5678,positive
2026-06-24,2026-06-24,CVX,Is Chevron a Good Buy After Its Massive Power Deal for Microsoft’s AI Data Center? - MarketWise,MarketWise,https://news.google.com/rss/articles/CBMinwFBVV95cUxQXzBVVldDUk4wSl91MlV2U0JxSDVlNUt2RXEzZUxMZ2NOcWhrNG53NF9zb0VZXzlVb01jTnQ4UWxKWlFKS0ZaNEg5dm1fOHJXZU5wYlZ2TXNsQ0ozUFluQ3h0N1VMejR5Zzl5MTM1NFFfTEtkQlAyOVZIWlhobXp0SkxQODZCSmtyOEZwV3JhY3Z1UUJHNzV1dThtRnBSbWM?oc=5,0.4404,positive
2026-06-24,2026-06-24,CVX,Has Chevron Found a New Growth Platform? - The Globe and Mail,The Globe and Mail,https://news.google.com/rss/articles/CBMiwAFBVV95cUxQVHdqRVMtM3MyWld5WFhOLXY0V2hhNlVzTV9CUkh5cGd3ellpSWhUMEFzcXVZYmZfa241R1NwVGNweEMxU2JLSFBsTF9CUWFsT3FqUzhPQUF3Zm1HQzlhUmRzRjl0ekNkU1FoSTgtMVp3MWdRQTNSWFZ2YjVhR2lTYXdxWHk3S0ZYeXJtT1pVWTliVnFQMm44SW0zTHdFTkFCckw0b2pYUVlHWWdpZ0psVDVBWEpNMlRXcnpmbzhPV1M?oc=5,0.3818,positive
2026-06-24,2026-06-24,CVX,3 Reliable Energy Dividend Stocks to Buy in June - 24/7 Wall St.,24/7 Wall St.,https://news.google.com/rss/articles/CBMilwFBVV95cUxQaFhvdloycXQzOWktQjJMaW9KVW9ILU1sSlViUThRdXNyVDR3cHRvMVBlMXRmWXczMmNsOG5FeEFVVElMTGg1ekY3NzMzanhESVg1ZUJrU3ZNOVpveURBcVhsdHJDMUNHRkdTVzVoVVN5ajRRYzhvTVFfVXVYSndHOXdpbEtNZFZmY3EwS0pjZktOWDhkeGNV?oc=5,0.2732,positive
2026-06-24,2026-06-24,CVX,Chevron's Microsoft AI Deal Could Be The Blueprint For A New Growth Engine (Rating Upgrade) - Seeking Alpha,Seeking Alpha,https://news.google.com/rss/articles/CBMitAFBVV95cUxNeWVlZWFseWw0WTA5OXI5MWUzU1ZPMUplZ3dmbTlGdDFYRGJCcGxXZGZSS2xZYWlqLTJrMzBTbkFZYkdCUkJpX1E2YmZxZWZ4LWJvWmRqWVktY3FTZTFVdkpJODVpM3h5dGgybWs4cFR4TUZ5SHV1a2x1TWRJXzlLRjVSRjJpNG4zTlhPUEEwc3hhNFgyY3FWTXBsd3VqWGhxSjNHaVp3ODJ1UWJ5aE5GbFg0ei0?oc=5,0.3818,positive
2026-06-24,2026-06-24,CVX,Chevron Expands Project Kilby With Strategic TPL Support - TradingView,TradingView,https://news.google.com/rss/articles/CBMisgFBVV95cUxQazdXLTA3U1FrRW1UeDZnZGsxc2g4allibFhzVTZLVERNZmNNdkpxZzhVZUpNTndzM0xzcXFTNHM5dzhZRnF0c1ZHZUtZWDAxbjZQNWhuZHJNSnZxSV9XdV81UmtRdGlOcG42RE9ubVQzQmcxOWw5ZlNQTmRGYVIyY1QwRFM0YUxkWDdBbFd0ZkdUbVZ1YnJQWFBzaURsXzY2YU9wS3NuM2hmeUVkNFE2OVNB?oc=5,0.4767,positive
2026-06-24,2026-06-24,CVX,Is Chevron (CVX) Undervalued After Its Microsoft Power Deal Or Already Priced In? - simplywall.st,simplywall.st,https://news.google.com/rss/articles/CBMivgFBVV95cUxPbFdoWHB3emZNY2RqRDNwQ3JNYmxqOWQwYmgySnBQalJ6dHRVUkFhZHY3ZzZkZDVEaXJQMm5yVGdSNWFNT3dyRFJKbzV3dEZpbW0xYnVyRG5WMTc0VXZoX2dObllGVTFHb1hsMkxCYnNkVGxBaXV5QTVVcldzT0xnZ2VITk9XVkpJdl9WeHFXd2FtNGJIaTdzYm5ibmJYWmpRb1Q3dGlyU2hfVWhneDhJbjRVSTZ6V0hRdTdMSlRn0gHDAUFVX3lxTE10ZkF0SlNOWm1USUF1alE3cEwzeEk4VHNGR0VySmdHMVVOa2tEMm1aTUFqaTd2amppbk1RS0tqWlFoTF81Z3piSEdTOE1TUVlVRDNOTnBLZ2t5a1B3eTFTYmljeU5FTUVuRUp6WVdFQVdNdUdfZDlBQmVER21pREtXU0oxNHdtNkRQclMzRkU4dVdJNlJhcjh5U19TcXNkZ21ac3c0Q19VYnc1NG9IaVFiZkJwTXNzd0tObUJVVl8tT3dQaw?oc=5,0.0,neutral
2026-06-24,2026-06-24,CVX,Wells Fargo Sticks to Its Buy Rating for Chevron (CVX) - The Globe and Mail,The Globe and Mail,https://news.google.com/rss/articles/CBMizgFBVV95cUxQeXZHWnMwdUFhSXA1OEF0WV9Ed3ZWdWN4QU9ZQ0dmd1luMDFXX1QwT20ySlpoMjlaN0hfWW80TkZSNXB5MmhTYjlnSndUdFh6MENFMkQwVFNPSnY5dHlhdTVnd1JBVVZrc3c3V3pKeXB6TWF6SmdaUzRiTDNWdmdBM3lJUEFIZk5TcThSOFlzcEwzNHJLQ0hmZy15RWtMLWN1V2c3Q1RkU0RaUXhEZlFJX2ZTdnhqenZaSTRTam52by1VOVRUNTZzYVpjQW54UQ?oc=5,0.25,positive
2026-06-24,2026-06-24,CVX,Is Occidental Petroleum Still a Buy Now that WTI's Down to $70 a Barrel? - The Globe and Mail,The Globe and Mail,https://news.google.com/rss/articles/CBMi7AFBVV95cUxQSS1jYW00NXVpRElSOVhyQzZMWnJ4Q0hJVUFQT2FMR1JLcU8yMmxvaUV0YkdGNEVZd2wtSTN5MTRlQS1sMVFnRzlobE1ZWjh4S1N6NXlhZXViQWRTdWpnc2ppandwM25HaDl2eUxuNUF4SlMyeUthZkdYUkh5cEFiOHVGRGpsSmxGRDh5X2NBbEtiVUZUMFVrbVNDTkR2Zy1EaDVqZk5STVBPdlBLUjJsT3pMY21nOFgyM251enNCRFFqdFdFU3diM0ZSQ3JlcG1jZnlGNEUzZ2lRTWtFX3h6dzJzNUhROHV3Wnh2MA?oc=5,0.0,neutral
2026-06-24,2026-06-25,CVX,Chevron (CVX) Registers a Bigger Fall Than the Market: Important Facts to Note - Yahoo Finance UK,Yahoo Finance UK,https://news.google.com/rss/articles/CBMiigFBVV95cUxQd2RLU3hMaUNkYnBmaW14bmctWDZ5S1g4TnlKejBmaVBiSVNEY0g4NTNHY1V0QTVrdXBWcHJSc3BfNVdFRUxCUG5SQnRpVzdqV01rQVFqcmVvUTgzSHFqMzNIU05Cc09MNER0ck00SEdWMUpkcXhPWnhvZDJfZkRjUDVhUDRSVzFwaEE?oc=5,0.2023,positive
2026-06-24,2026-06-25,CVX,Chevron Corp. stock underperforms Wednesday when compared to competitors - MarketWatch,MarketWatch,https://news.google.com/rss/articles/CBMiywFBVV95cUxQRnVFYS1ORUphN3pFaHRVQzdyQXg3dUVtYmFERUd6cVBvOVdXQzJsOGs4SGxlOFVFTWpCN2pVdGZOY0xpT3YtN0RLbThsN1VHY1ZHbVR5TWNJS1FLWDFzcHh5VzNqcGM1YUN5TGlHVjdtdW9jQVh3a1I2XzRKTExYR0lFOUlBX2k3Y241aHBSUVljaDNHekNSQUg0NE5HSUZDVEN1UmFTMTJPODZ1aUxEeDNDX2s4ako5cURsaFpRYmhCd0NhYk54YlAwMA?oc=5,0.0,neutral
2026-06-24,2026-06-25,CVX,"Final Trade: AFRM, XSD, USO, CVX - CNBC",CNBC,https://news.google.com/rss/articles/CBMie0FVX3lxTE5BUjhBLU9HS1NZT04xSXhJNTgwUmxsa2xGd3JURllWN2F1dW03eHlfRFRfbWZabHRmZ2tJSTdyRW94UFY1UGZrM01SOHJ0QXFKU1VUYktVMEFYa2RXcW9GRkg5dEFVbzhGSGVGb25JcHpIQUlnNFZtalFjWQ?oc=5,0.0,neutral
2026-06-24,2026-06-26,CVX,"Trump says Exxon, Chevron among firms probed as part of surge in gas prices - Reuters",Reuters,https://news.google.com/rss/articles/CBMiuAFBVV95cUxQQWxhdzNlZ3B2VldKRVg5RHRMcmFhdjl5eHM0MmlBTTZkTkxtc3NvektpVy05d05xMWdTWUVPdUhVN1RWaWdNRGpqMngxVmgwVG93YXp1LTJFV3ZLbEdYa2hlTXhnclNZNWxrY1NMbTBZMUlOalZPbldpTmJicFNFQmdiMTlxVmY1T2x5S0c0QzBMZHhJbFVYRVFMMjNDTjNPNExESnZyRWZWNjA2eUJmRDd5V2lFVksw?oc=5,0.0,neutral
2026-06-24,2026-06-26,CVX,Chevron (CVX) Registers a Bigger Fall Than the Market: Important Facts to Note - Yahoo Finance,Yahoo Finance,https://news.google.com/rss/articles/CBMinwFBVV95cUxPVnFFalk5UFZKcUttVUdPM1RMZlJ6QWZDNllEWW5RSnZBTGdmTmU1Ny0xck16eXNDNG5SQzMzVlRhN2VfcFZhV3pGaDI0blo3Nm1FQ1A5MF92SThBSERvSUN6YUpZX2pYUkpIbUpnczU2N29XVDJRZDVYci1VSjZlNS15azZmVUQtMks4SWtxTDB0QXNRN0ozdUIxVk1xbmM?oc=5,0.2023,positive
2026-06-24,2026-06-29,CVX,Chevron (NYSE:CVX) Stock Price Down 2.4% - Here's Why - MarketBeat,MarketBeat,https://news.google.com/rss/articles/CBMioAFBVV95cUxQczV3cXFQOGNYV2dXSTJFeVB2SE1SQkNEbGRUWThLV1FNVWdKRVBHTVFxeDV1X2o4SXVQQmI2Rlh3Ui1yY3VFSGluTE9fUGZiLUhkXzVMRHkyNjhzbVBxMDNCVjNReXNDdWRSb2d6ZTcxVWVrWUJjSXA1bWN1aFl4ZVpaVVpTQlhmMGNVLThmbFhtVFAwQ0NMQmgwN2FRVzNI?oc=5,0.0,neutral
2026-06-25,2026-06-25,CVX,Chevron Just Entered the AI Power Race With Microsoft. Here’s Where CVX Stock Could Go in 2026 - TIKR.com,TIKR.com,https://news.google.com/rss/articles/CBMiugFBVV95cUxPM25aN1FLcEIxM0J3V3ZqV2JDQXR4SEJtbjZoclJGZWJjX0ZFZVlPQVdDb0N1Y19XNXo1dTV0T3hOTEVkaVpKdlN3YkJIY3NIcE81VE13Ym8zWXFIaW1fU0t0eml3NUJUby1vd1ZRNUNwVUVZakluVFZvUDF3T0w5TmxsejhWWWtYcEhDZmhDNWtnaUhqVW9uQVFLb2swWE5uci1jTXFDX0tXS3lDRUhjTVBDWHdDaEEyaXc?oc=5,0.0,neutral
2026-06-25,2026-06-25,CVX,"Exxon, Chevron investors cautious after oil news - thestreet.com",thestreet.com,https://news.google.com/rss/articles/CBMiigFBVV95cUxNVklKMWZ2TFNUMkVDbFU5R3pSTUhRWnJhQzJTZWc1NlpwQm1NbFdhNURYT29WWXBLS3Vjb3VndkxEdG1fX0JBYnctcmlaTzM0R0RwZ2doT0FGODM0SXAwRmJnYjJGdkVHQ2ZmX2tKSWY0ZVlvdTZqUi13dkdFU3VUcFlEUW9UQmlfQXc?oc=5,-0.1027,negative
2026-06-25,2026-06-26,CVX,XOM Or CVX? Wall Street Sees More Upside In One Oil Major - Stocktwits,Stocktwits,https://news.google.com/rss/articles/CBMivAFBVV95cUxPYlhxU3dGRWJFeE9XSl9uS19teEtIVlJmNE9JSXZtdlhqaEhzeF9OVUVHcXZBY3I0WVpaN2dnRUFMTWd0UWh2M081RWFscnNBYkFFZC1Qc0pUZ3dQOTBldjVBSnpqbWhrY1dGNzJjQ3dRUjlqQ2Q2WFNocmV6dUQyaWxsZ3M0ZEdIZzRCbGxsakRGbzBrVnRFdUx2V1pJd2tnQWtkdHVVMW5PM2lxTkxvRTA2ZXNLTi1Xek9Gcg?oc=5,0.0,neutral
2026-06-25,2026-06-26,CVX,Chevron Has Surged Over 14% in 2026 and Still Yields 4.1%. Is It Still Worth Buying for Passive Income Now? - The Globe and Mail,The Globe and Mail,https://news.google.com/rss/articles/CBMimAJBVV95cUxPQkh0dk9MVklmQmR0aXhvd3A3Tjh5WjEyVUtwVVpxWnRsYy1FRFRuS2szaFA3ZHhNT3l6NWZOcnFnMHItWW8wMHVNS1U1ZlNISVlSekNORkdCdU9zS2NqTU5Bd1FMOG5rb0xGYXctbXZLOGlGM3RVaVQtNVhHLWh3bFNmcG1PNVlybzBWVnhVbklGTzRhcFZMNHZNSk9VWWVLN1pYLXN5MVR4MFVUWWFmeXhNbjlTbmxRLVVzS2lkc24zOU5MUmhJQXZ2WE45NGo0Yk53LXlnNHE5QWlMNmhpSUdYdEZSZHR6UjVUcjhoYTNNUmlUT1RaaC1Ma2NLZ0tQSUVnOE9KbUJyOEhrV2MtNVhESTFETVY4?oc=5,0.4019,positive
2026-06-25,2026-06-26,CVX,"Chevron ties Techron fuel to summer trips, discounts for drivers - Stock Titan",Stock Titan,https://news.google.com/rss/articles/CBMifkFVX3lxTE1BZEM3Ym5ZYmlua3ZmUlJmWXlBbHVnZnNTb2NLbHFUTlE5SDB0eEowVGV6a2loaFNnOFBDYk9iZjI3RFBXaWxOakJUNUVxaVQ1Q3VoYk9iTFRFcjVpeHQwZTdSWlZpcWJHT0tpMU4tMzMzVjhxUnVxcUpONVk2Zw?oc=5,0.0,neutral
2026-06-25,2026-06-26,CVX,"Chevron, Eni and Repsol say Venezuela operations unaffected by earthquakes (CVX:NYSE) - Seeking Alpha",Seeking Alpha,https://news.google.com/rss/articles/CBMisAFBVV95cUxOUmthLXlnbzd4WXdwY0ZJOWJ2WUQtRWd4YjQ5eURlbi1TdkM5dnlpWUFUREhmam1CNWZkdDRIQlpXYlJlY2dGYkNXZnAtRnVORmc5ZU9EdVV6M2ExMXpTNWMzelBkX0pLUEFYSFB2ZkwxbTdScmEwZUFBTGQzZVM4TGtlUnBZbllEWUFhaDdFWnpCMi1oZVlXcVlNcE1sWFhVZ0FRU3hDeEQwSDk5NUllZw?oc=5,0.0,neutral
2026-06-26,2026-06-26,CVX,What Chevron (CVX)'s 20-Year AI Power Deal With Microsoft Means For Shareholders - simplywall.st,simplywall.st,https://news.google.com/rss/articles/CBMivgFBVV95cUxQazB5OU1qU2N3VnllMjkzNjBYZ2ZuNE5sWkZkN3R6VDhfQmZqUThiZ09Obk4wX01uZ0RGeTBUSU5kTjlMRVp0R0F3dEZlNFNMc1Y3MUNnS3BlNXpPRnZRSHZhQkx2aUhScmQtbWlhaWRNei1lek1OSFZ2VHVFeG9zbVIzVDczYkFNcDNlTjEtUFM3R3UySHQ5SlhKRE1pejd6aHdla280TnFiMEZpUktBdzNCWjN0ZHAxcVE0bGpR0gHDAUFVX3lxTE9qR1A1b3NIMzA1U2ZhYUp6TVNYRmUtc3dlYlBKbl9HejZobEFNNmtoZEVBYmpaWnpTVUpCaUV5OXA2MDZhZjN1RTliNXdRM0h5dmVuTy1GaG04VFdRWG5uMVdfSHBmNGE3OGtOY21Wc1Utc1RaWlhQQWNoaU1oUXJ4TXBHV1V5WVprM2hCUzZNRTdjNWVtRjlSQW9DTUZHZWUxZkhWSFo3SG02ZEtMeVQxbm9TY2FpNXdxY3pVcTlnVjlROA?oc=5,0.0,neutral
2026-06-26,2026-06-26,CVX,Chevron (CVX) Expands Into a Promising New Offshore Region; Could It Be a Long-Term Growth Driver? - Yahoo Finance,Yahoo Finance,https://news.google.com/rss/articles/CBMimwFBVV95cUxQTUVBYnN1b1JPbXdTbFlqQlBqZ2VfaVFmdDl3VGhzQ09MS2dGNkR0QU92OWI2bGt3aGNCYS1XcXl3WGxEckFUSXRPaWhhUm9qdFFkbXJNaW5yTWYwdGpnbU12RGM1UzhSRXg2MVhtX3ItQWFJT3NoY3pWX0FBSUYtcTNuT0JrdVZXSldnSjBBQ1Q5aV8zU1I3NEZvaw?oc=5,0.6908,positive
2026-06-27,2026-06-30,CVX,XOM Or CVX? Wall Street Sees More Upside In One Oil Major - Stocktwits,Stocktwits,https://news.google.com/rss/articles/CBMivAFBVV95cUxPYlhxU3dGRWJFeE9XSl9uS19teEtIVlJmNE9JSXZtdlhqaEhzeF9OVUVHcXZBY3I0WVpaN2dnRUFMTWd0UWh2M081RWFscnNBYkFFZC1Qc0pUZ3dQOTBldjVBSnpqbWhrY1dGNzJjQ3dRUjlqQ2Q2WFNocmV6dUQyaWxsZ3M0ZEdIZzRCbGxsakRGbzBrVnRFdUx2V1pJd2tnQWtkdHVVMW5PM2lxTkxvRTA2ZXNLTi1Xek9Gcg?oc=5,0.0,neutral
2026-06-28,2026-06-29,CVX,Chevron's Dividend Resilience Shines as Oil War Premium Fades - Kavout | AI,Kavout | AI,https://news.google.com/rss/articles/CBMinAFBVV95cUxQX1JGSkZHSFBKZnd5ZlBOdHJ1QTFIYXBOQm1EcUxoYnJjMUtNMWNIN1VEY1hrUl96RVVJQnNYY0w4T1dDaFpRRE1LaWUtQ2UxSTRNWWpPdHloTnpnWU56V040XzRJN0xzVDRJWWdMNnJqYS03cHM1d2YzRVhuTzUzdTlDbzRjXzlZNW9ubkdSaDJwazVXd1ZyMTZ3NU8?oc=5,-0.5994,negative
2026-06-28,2026-07-16,CVX,Chevron CFO reveals why gas prices are stuck - Yahoo Finance,Yahoo Finance,https://news.google.com/rss/articles/CBMijAFBVV95cUxNeE5obERHQnRJOEloNjhxVEFibTlfQ2R4MllMQzBmVC00TmpBVkpyUFpocjh4akozNEhRVkMzdmdsRXJlNmozeHlyeDFZMG1RNEtJYXZZeFZaOUx2SFlIT3dXS1lHeTdBek84Y0pUVXdOTkt6cjI0V205bVE2V3V2QzEydFhmTFBtOHlscA?oc=5,-0.25,negative
2026-06-29,2026-06-29,CVX,Chevron Corporation $CVX Stock Position Decreased by Adams Diversified Equity Fund Inc. - MarketBeat,MarketBeat,https://news.google.com/rss/articles/CBMi3wFBVV95cUxPVm0zZlluNTJFeFdkQjdLLTlfckF6c2pXdXRqcG02VzlBVHBaa3NIamY5aVNGNkROc3NZWS1KclZ6TGlwMWZGQ3JweFFaTzRCV3lWYVhqZmp4MzZvTm91N1p1THdzVmdUZDZPQWlXNjVWaDVGOFZGOXBmbmpzb3pqX3g5UlFPYmFDckVENkVBOUg4czBNdmpqUHB5VlhsUnpGT1V0MV9HRXZqc2E2Y21MUzd0UTNJSVA5Q2gwM1E5SFQwUHBWSTRkSER0YXhMdy1odmlRd1NPcnhDSk4tQ1pF?oc=5,0.0,neutral
2026-06-29,2026-06-29,CVX,Rising Oil Prices and Solid Earnings Drive Chevron Corporation’s (CVX) Surge in Q1 - Yahoo Finance,Yahoo Finance,https://news.google.com/rss/articles/CBMikwFBVV95cUxNMlRJUmlCRlJ1TmdvWm53QUh3Y2V0UzVnaFZXMi1BSnFablZtV3U3VW1EcWRTa0JVSzEtMDZBdjg3Tk9pV1JFR1lwWEFZLV8xMkF2dFotelZkc1B2RGc5c0pZUldLc1M5aHRRWWZZZGFFS29IWnExbnBqSzM5dGZ4Z1VyVHV0ZlpoNHQ5R1dZemp0bms?oc=5,0.1531,positive
2026-06-29,2026-06-29,CVX,Chevron (CVX) Expands Into Greek Offshore Exploration As Venezuela Operations Hold Steady - simplywall.st,simplywall.st,https://news.google.com/rss/articles/CBMivgFBVV95cUxNRC1iVF9XeGFCZC1RbkNPUWtXWEY3Z3RERDZleVotQ1JzRmtRdWZNLUwzZmlhazBEMldrMzFFMFJXbk1xem1zTk9VWHd2UUlYLVpXY0FUcjU1TVAxbWNWdkROQUxIbUp1NXlkTjVDYmxuMDkwcVgtOGNOSmRNNFZBNjJCOTBrOHBpUEIxSEQwbDhCNnE2dVRsMzZjWEc3cU5ReHdQamdGeTFjdVRDMjJRUVN3T2lpRTczMlAzc0hn0gHDAUFVX3lxTE5ZeS1UTi1BVzJEU1hFR29ld3ZvdDN2TVZlbGx6QXh2RTdERjN0bG5KZ08yQ0lfTGl4RWNnc0F0T1JKV3NSd1pKTWVxczdMMzllM3lNTU1WdWtobi16Ymd6SHlVN1NHVk1jbHY2cklweDM1dXlwTkhaN1RSc0NWYkxMeWxNNlhHN2lrSm5wYWdTeXJDSk9tLUp5dXJMMVhPc2lGeF9SanIwSFJrMWRsUDNlU0VLcWczNE9NOHppSWdEbkdRMA?oc=5,0.3182,positive
2026-06-29,2026-06-29,CVX,Chevron Corporation $CVX Shares Sold by Adams Natural Resources Fund Inc. - MarketBeat,MarketBeat,https://news.google.com/rss/articles/CBMizAFBVV95cUxPZm1uUjN0c192MVNIbUtvbVB6T09pOEszQ25jXzlaNkhjNklwWnNUZWtjTjF4MWxxN09jTl84bmZBX19mSTZ6VVlHTEtBWmRYMnNfVnZjeVZNOXRXM2RFNi1Vem9ueHdJNjBKYU5rVXhneW1fSnZTZU5TTnFsdnA4YTZOSzRqRFU4VXhhclhwdEw2NTRvdG5BMTA5SjFNUXF5SXBTVG9aSXFxdTZaai1iUjVUZnhXeWljbUc2NjBpYXZpVk9DeFNtb0xCWXM?oc=5,0.5719,positive
2026-06-29,2026-06-29,CVX,"Pictet Asset Management Holding SA Sells 157,077 Shares of Chevron Corporation $CVX - MarketBeat",MarketBeat,https://news.google.com/rss/articles/CBMi2gFBVV95cUxOdmhiWl96WmQxaVduNm1VNTdvSW1rQWw4bG9uQ19vWUptUFEtTTBRd29xbkdOQXBZTHJ4WkM2R2ZrQ0RlV1dzbjlOYXc1OV91dERZaF9OWUdDWXh3ajU5Z01ycWhjS3psVUs2YUhOdlBMeEU5clc2YlZEOVhGY0Jmd3Rxd0hNTFNvTjBKVnQ1MF9tYlhTRjcxTGNVZGZxaU42NzZFT0pLT3R6OGQtSDlHMERQS0o2NGVMN2ZMUzYxMXF3QUdKZE1nbnVEVWtLWjlPZEhvUnl3Mlpsdw?oc=5,0.5719,positive
2026-06-29,2026-06-29,CVX,Union Bancaire Privee UBP SA Has $69.76 Million Stock Position in Chevron Corporation $CVX - MarketBeat,MarketBeat,https://news.google.com/rss/articles/CBMi4gFBVV95cUxPNGZXY3dFQURfc1hxcHdEc2JVMzFRLVZSRVRCUDhsNHFHTXFHLUxoSU55OGROM29ZZGhXc0dxMWZ4TnBaRXlTNU1sbnFWaTg1VHY3d0xGQnVQOVRZMl85cGY3czh4bDV2QTVMNV81MFJwcmhFdmNqZmNWUWJlQWgyQzhMSl9NUURZUklKM2hiNFNWVG44Q2FmNjhacnY5YUFMOGZnNGl4X2N2UDVtV0ZuZXktY0tpeEdRVmxqWWlQeVQwSE1qR05YdU9fUUJ3WmsyZ3R5cThUeHpXS0p3ZTBFSm13?oc=5,0.0,neutral
2026-06-29,2026-06-29,CVX,Fort Washington Investment Advisors Inc. OH Increases Stock Position in Chevron Corporation $CVX - MarketBeat,MarketBeat,https://news.google.com/rss/articles/CBMi6wFBVV95cUxOOXhnRUt1R3JodkE5cUNyRFUwQzVSaVlfVUQ5T0h0V0JOVWlOb1VZam5lcmJTdGNTYlZxR0EwT0lhRDZ2UUVRcHBPWEJFdy1hLTJUWDFSdm4ycV9aSVk0ZEhWSmY4LXBtcVRVYTJFRFU4OURjeGpwTlljaXpOYzNrMGZLVTM4dW94M1BKdHZDLUNRUkJuOUN3SG1nYmNwbkd4UVNVWDdWcWxPbmZLeXkwY3JUSEJOVF90NksyTmFXWXA3UHJHNmlpTXJQWGhuOWZHQ1FJT2lZcENaWDNfT181SUFlakNwaWl4b3lr?oc=5,0.0,neutral
2026-06-29,2026-06-29,CVX,Border to Coast Pensions Partnership Ltd Has $76.74 Million Position in Chevron Corporation $CVX - MarketBeat,MarketBeat,https://news.google.com/rss/articles/CBMi6gFBVV95cUxQbklYZzg5WGYtYW9qZ245amZzYU1xekVaMG5UdFNzSGEyYWo5SHF4WjZTNVBMVi1Vb1dBZnp2ZFVEbHFpaUNPSDc4c3VJQi1BQTdjcVZJempQQjhrVmx3ODhRVGRaNGdWMXZuVUhwRmpKY09wY3NtQ2dXRE5CSEpSSF8xbFJNNFprX3BCSUY1T01Kc0RKNVJBR0hTdXlvUnpIbnNZRkNJMEsySkpYaTRZYWMzbGwta0dmVjFsSERIY2F2dDRibm5Ra2tGaVdfS2k2aHVaZWlYZjU4X0RuMjEwY3lVekJJQW9TSHc?oc=5,0.0,neutral
2026-06-29,2026-06-29,CVX,Chevron Corporation (CVX) Secures Texas Pacific Land Support on Microsoft’s Project Kilby - Insider Monkey,Insider Monkey,https://news.google.com/rss/articles/CBMiygFBVV95cUxNS1VIYWlWVTNJUWMzU1hOT2dsYUdvbGJKZWQxZ2pjWGdqZnNKTVRIZEVCZ01Mb2xYZ3NhYndPckFLQTBXT29jc19TY1B4TkYwMWFNaGZteWF5Y1VuM2NFb18yQ0oza2VQU2pPTmw1R3BEUmMxZlIzeTJnU3NNSVl0MXhBLVNWQ1o1NVR2WE1hRG93bW9BN3lLM3k1NG9wbllEVC01MnZZUmZCcGRJUjJTd1VhMVpJU0w4VkNUOWRmZU5ULVcxN1B5akx30gHSAUFVX3lxTFBKMWtYeTk4RXBDZF92NTJzMWVYdU05ZnVwaWNEdkxRUTktS2U3M1Q5NzZZRDRWckNPTlBlMG5VZVBkT1ZocV9KT3NuQ2VCMk1KRmh3UWtudDh2S2NpdFZoZDh5SGdJeklGUjkzZjFtWE9NNzhEckxGV3RzbGI5LWFhZ2VnSFR3TlZYWU1aNUJEZkxZR1hHZjZIWk02Y2JOT3paRVptR2JlZmlWaXh1dWxRSGNNSkRTQzJPSU1XMXZWUUgwNzF2R0FlcGZHVGxwcktSdw?oc=5,0.6124,positive
2026-06-29,2026-06-30,CVX,Occidental Petroleum or Chevron: Which Oil Stock Offers More Upside? - Zacks Investment Research,Zacks Investment Research,https://news.google.com/rss/articles/CBMiqwFBVV95cUxPV1oxX2ZNRkp2NGY3eElVRE1VeXREeFAzQjRRVzBRQTJBUXg5UGp1djBrZkJIMjZGWHZMVk5nWnM2SWFlNnZvbVZQUVExTjVGQl9KSjZjWm9fZDdCS2VmNGxvVGtFREtURFA1OWNKaWM1NVJ0cVExVzZRMDRDN2lISXVLU0Zrekp1cEhJZzIzdFcxUnVPdFcwaUdVbVN4Qi1zZTc3T1gyT2VHMW8?oc=5,0.0,neutral
2026-06-29,2026-06-30,CVX,Chevron (NYSE:CVX) Stock Price Down 1.4% After Analyst Downgrade - MarketBeat,MarketBeat,https://news.google.com/rss/articles/CBMiswFBVV95cUxPR0o1dEZnWXU2UV9uc3FpZkx3ellrVERPa05ILWk3S2tzXzBocXZiYTMwY0VMdUpPZkhVZnFUNEZZZ0E3WEs4eEU3UzlKTDVSbXBaUFI5a1cyNWs5TGhVUlpfbFpJUDZCSGxxSXRKX1JMbFdSUi1yUDMzMzFtYTNlX1pGV3UxUnAtMkhQLTdzYzV5eUhiRHl4OFpqTnBZZ002UGJ2SjA2MVZHdDZRUTFWeUt5Zw?oc=5,0.0,neutral
2026-06-29,2026-06-30,CVX,Chevron (NYSE:CVX) Price Target Lowered to $210.00 at Morgan Stanley - MarketBeat,MarketBeat,https://news.google.com/rss/articles/CBMiuAFBVV95cUxNcWpLTFRDZHNWMWdzMTk1N3J5LUJuOVlYc2lPYVdZVW5adXBVTV8zUzlyQndTQUtBOWlWTTJONG1uUEFtR20wNHBuV29Ya1RzNGdGcWRQa1ZqaFpmd0phMTZ2cERfZkljNnEyRGViUGxQdUtCYTVCYkdyQVk2NHN6YTAwWkhzeHlaaTNGcTdoSkVLWURSZTJjOXFuWkFQdW1Yc3Q1T2Z2VXgzLU5EUmp2c2pIcWJ3NEZJ?oc=5,-0.128,negative
2026-06-29,2026-06-30,CVX,CVX Maintained by Morgan Stanley -- Price Target Lowered to $210 - GuruFocus,GuruFocus,https://news.google.com/rss/articles/CBMioAFBVV95cUxQSE1JSDZyZm43QjFJc3dQRHhCX1dyc0dYdzNMNTd0d0lCTlg1d1QwMlY1VU1LazNGSmxELUNoa1FFbVRSTUd0cVdJa2ZBUV9oUGJnSG9mRVZVaGt2bDM2U0NCVERlN19mUVc0V3E3T0dkY1R0aVl2cVQ4elYzT21YQkpYampWNktmbXFvV0dkZkZKb2RGYW1MR3M0OC1ZTkhw?oc=5,-0.128,negative
2026-06-29,2026-06-30,CVX,Chevron surprises investors with eye-catching disclosure - thestreet.com,thestreet.com,https://news.google.com/rss/articles/CBMijgFBVV95cUxPUUR0cGYzbmtwN3FUTURCWFMwWWh5b1dQTm5aM1NoLXFpMjVLNHhBSTRVV0hoblo1aUFPNGlhclF6QTNpc0VMMm8yX0s3c2JhQlVfdnRGV3A5RTZkdmQ2OFdDeE1ocHZDeDMzeHk0MXVtZDlLNFZRLU13VVI4SWRzUllrWUxwcHJRWWJCYXd3?oc=5,0.2263,positive
2026-06-29,2026-07-02,CVX,Occidental Petroleum or Chevron: Which Oil Stock Offers More Upside? - Yahoo Finance,Yahoo Finance,https://news.google.com/rss/articles/CBMimwFBVV95cUxQQTBJbzRUQjBUeUdqQ1dvbTg4WUtoYWxyd0doSmN0ajVyd1p0YkZQeDdaazZXc1VQOE9fdmx3N0N5ZzhMem9adjR5Z29zSDlCOG5LMTlxMzhFand6MHFZa3JicWc5dWVfUDJnN3hFejNmSWtrdHZHYkhpa0pSOHlRcGE4amxzX0h5R2JVN1Awc3NEOF9GSG9PVHFTWQ?oc=5,0.0,neutral
2026-06-30,2026-06-30,CVX,Chevron Corporation $CVX Stock Holdings Boosted by Patriot Financial Group Insurance Agency LLC - MarketBeat,MarketBeat,https://news.google.com/rss/articles/CBMi6wFBVV95cUxQZGoteV8xTEVqd3YtVkxsOEJxNVpQQmFyaTZxaFEyVEpaTXA2NFBqdVVoRmVQTGxSaTlSZV9zS2JEU3pWRzczclhnUXI0TTc3TFlMSkVfVnNkTXJLemdQNkRLckdIbEF3emtuMXQ1V0JiNThUMDFGX202LURHYlNrUk9oSTBLdlg5Mkswa3drRXJndDYzTWRSaHB3ZExZVW12V2M5U004ZFBsZXprNWdLVzQ3aXN6UldHcW8wU1ExXzBfQ0dhbXE5TE1SdWd4V010TVlVOUdBTnlieWRLc3A1bTJFTUFZUHo4UnFV?oc=5,0.3612,positive
2026-06-30,2026-06-30,CVX,Chevron Corporation $CVX Shares Purchased by Janney Montgomery Scott LLC - MarketBeat,MarketBeat,https://news.google.com/rss/articles/CBMizAFBVV95cUxNRXRPUWV1cFUtazRfREk2cFJfbEs5SFhTMWJMZ2FEMXE0RzN0OTB4d2tBWWpzSFVBSmNnY2lrcVZuWUxXWkdOSG5uWUJKZnFNdU1DZmx5ZHVYUnFLWi1UMWw1VWNkNFpyUmNPWDh0bzB1N3lDb0M4emFuMzNrdmdSY0NkN1RfQ0w2ZnI1YkQ5TU1OWU02amlmbDNhNVR6VS1sY1IzRkdmZDJpekRSNlFFdmxqNDlwZHRCUGR1Vm1VNmJqYWMtUjhZSGdqZkQ?oc=5,0.296,positive
2026-06-30,2026-06-30,CVX,"Apollon Wealth Management LLC Purchases 10,733 Shares of Chevron Corporation $CVX - MarketBeat",MarketBeat,https://news.google.com/rss/articles/CBMi1wFBVV95cUxOVzU0a1Uzbk1vczk0Q1Y0aFJmZjJoUThfREpnV3NILXlOUXhrNWVMTnRsc3RaNzQ4V0FtNHJsTmJTUXpCN2llRXZvbkdyNjNld0o2Z1ZxcDVqNDNXLXNKdEpVcjYzSkItcm9hZmY5amdoV3J2bUtIa0QxMFBkelprd1FtSTE2S0VmT09TMGxDTE1JdEVKWnZQM0RPU0VqNEc2cS1CODBIaGU1MXBzbFdIdjVkTXlBRVNEUnRGUnI4elpkb2N2cjNQWUVhSmpJVEo1dEFGeTF3WQ?oc=5,0.6597,positive
2026-06-30,2026-06-30,CVX,Diamant Asset Management Inc. Has $226.75 Million Stock Holdings in Chevron Corporation $CVX - MarketBeat,MarketBeat,https://news.google.com/rss/articles/CBMi4wFBVV95cUxQajZQSGp5cl9HZHdGUkVlU1hXa3RRS3pmdFNtMjFEUndaMWFPTjJmay16VjNOakV2czBGU0dkTjdFeW95b1lZQnNNaEVhZlhSVzI0YXJTQTJGay1aREhoMEtsTWNqb1V5ZGdmbnZ5OVRyRTZSQklfXzlRU1oyM2VEZ3U5ZThobWVWSk9ZOFdKVFZmTW5uS29welNaY0J6eTNibEdHSEk0eVlZaUZtNHo3NnR0c190RUYwX0l5RUM1allZRnNzV1REME1YUUt1Z0pMQ1FNNUQ0VDNIVV9kV3VmYzh4aw?oc=5,0.3612,positive
2026-06-30,2026-07-01,CVX,Chevron (CVX) Stock Drops Despite Market Gains: Important Facts to Note - Yahoo Finance Singapore,Yahoo Finance Singapore,https://news.google.com/rss/articles/CBMihwFBVV95cUxNblQ4UVlobU5idWw1RWZ5TENwZFpZMEVYR1Jsd1F3UHZrV0pURjAxb05WME1ERzRoLUQ3TFNzRkUtdnUwakNXeExOZ291Y09HR2FmTjlyYl9COHEyOEplem0xeE9rd1QwWWNET0hPRnJ2YWh5RTdRdWFjekRlNmR4NThtVXZnXzA?oc=5,-0.3875,negative
2026-06-30,2026-07-01,CVX,This Energy Stock Pays a 4.2% Dividend That You Can Bank On - The Motley Fool,The Motley Fool,https://news.google.com/rss/articles/CBMimAFBVV95cUxOVk42Tno0MlVaeDBMUjE5Wlg5Mldhd0xSeUo3LTU1WEYxVjc3VHh0RWhtaVYyNG5CX2RhVG9tcnp5VVBrNmJaU25yUWMxYktzWVlfTkJjcWRKdkU3SHU0amZKMl9xbjhVZUpnaDhIekhOOURIOVkzRENoQ241VjFlZl9COWt1ckJVUmdocU1pcVA0eEVGRG9KVQ?oc=5,-0.2023,negative
2026-06-30,2026-07-01,CVX,This Energy Stock Pays a 4.2% Dividend That You Can Bank On - The Globe and Mail,The Globe and Mail,https://news.google.com/rss/articles/CBMi3AFBVV95cUxQZW1NV0lBYnppRmlyM3F0OFdiNXRUcFRXYlVHYmV1TG9KR2NkMWg5SzFaWlp4ZHlSb2JwZ2kyWDNxNzVqVE5VNGc5bEcyWHVyeDZoeDNrMTFPbGpGVnFuWng5bTR4d0t4MTkwYTJ5NEZQMXFhWHZVRWktSkNBdW1rNU1VTnYwTHNUTlVXeDA4TVVtUHBaQngwWXhjZ3Z4SXR1a21zVXJEWmVZUjkyemdSR3lWUHY5cDMxVl8wZUtIQVBLZjFKSE5PNXpFWjVRMmk4SVhuRUY4dHRWZUd5?oc=5,0.2732,positive
2026-06-30,2026-07-02,CVX,3 Top-Rated Oil Stocks Analysts Expect to Rise Despite Lower Oil Prices - TipRanks,TipRanks,https://news.google.com/rss/articles/CBMiowFBVV95cUxNRnBYeUxESXRfb2hGQWhhckl0NzVfQjNaRjlvdG02bWh6TXQyR0ZOTmRYY0dnOFRTb2xtV255S1p3b0RBNGRWTEFLU2U3eU82RUJWMU9ReDlsYU03V19hSVFOeUoyc3ZFRkc5Zy1jRkxqX1NGekJVX3R5LWtRaGUwRGRQNUE3RWFPcGtFZm80eWZCUG5uM2FPWlg2ZXc4YkRob2hV?oc=5,0.2235,positive
2026-06-30,2026-07-03,CVX,XOM Or CVX? Wall Street Sees More Upside In One Oil Major - Stocktwits,Stocktwits,https://news.google.com/rss/articles/CBMivAFBVV95cUxPYlhxU3dGRWJFeE9XSl9uS19teEtIVlJmNE9JSXZtdlhqaEhzeF9OVUVHcXZBY3I0WVpaN2dnRUFMTWd0UWh2M081RWFscnNBYkFFZC1Qc0pUZ3dQOTBldjVBSnpqbWhrY1dGNzJjQ3dRUjlqQ2Q2WFNocmV6dUQyaWxsZ3M0ZEdIZzRCbGxsakRGbzBrVnRFdUx2V1pJd2tnQWtkdHVVMW5PM2lxTkxvRTA2ZXNLTi1Xek9Gcg?oc=5,0.0,neutral
2026-06-30,2026-07-13,CVX,Chevron (CVX) Stock Drops Despite Market Gains: Important Facts to Note - Yahoo Finance,Yahoo Finance,https://news.google.com/rss/articles/CBMinAFBVV95cUxQTkdJaDlxMzlMQndEVmluMXNGNmo0aHRJdEd1UU5YWHVSVl9FelluVGVfeE91bjk0eUMxQXBiQUlmNG5SVENoaTlCVWNmVjA5ZFVWZmlrUTJDYkFoQjk4azZoek9KY1pqLVNJQTBYRUlSSmN2ZFZEVmRKZDhmMkdZam9XWXN1M1k3SzhOOUM1SHA3THRYZU9nNkhZNlM?oc=5,-0.3875,negative
2026-07-01,2026-07-01,CVX,National Grid puts $1.75B into Joulent’s AI power push - Stock Titan,Stock Titan,https://news.google.com/rss/articles/CBMiugFBVV95cUxPSldCaWV4TVd4aV9HVm9KR2JWbGJMdkd4RDk2a0p2WXBYdnBRVFMyVEdVZGtqQnZBZFZyMjdMTV9QT19rWWlWd3VhX1o0QnMzaU80Rlg1LUlTc0VSU2VVZUdibUIwbDJUcDAxWU4teVRQc2NHSXpOSEpzOHBSeW1pVUlLdnRfTUN4YUtROGxjZjN4azNTY1ZzQjdFVkFXNUc4OHpid2Q1cXp6Q1hOdjNfVlNwN0Iwa1BRMkE?oc=5,0.0,neutral
2026-07-01,2026-07-01,CVX,"Castellan Group Sells 9,140 Shares of Chevron Corporation $CVX - MarketBeat",MarketBeat,https://news.google.com/rss/articles/CBMivgFBVV95cUxNeFYyUHZZb2lDaW5wd0FYcGJaajEzdDJ3NWdyZC1TcXRkRENndDd5M0RqMlhIVXgtU3ZjSVBhUzY5c243bWxDaEt6bW5WX2tjeW5sQU45RkRraDNlT2hXQ1ktajRNWGE1WXVMQUF5eGdqRkpzQmxSakRYT0swN0RKRnAtMXNMUUN1LXBHTHF2RVdQSHFnOFU5T3dld2VDNHlKWVUzYmxIclFOMEpTeFJMRnFZRGVMSDRDQmFxLWFn?oc=5,0.296,positive
2026-07-01,2026-07-01,CVX,Chevron (CVX) Price Target Lowered at Morgan Stanley. Here is Why - Insider Monkey,Insider Monkey,https://news.google.com/rss/articles/CBMiqgFBVV95cUxOYVQxc1lJbktwUm93d3R2cGg5YnlRaGotR2FNUDNMN1EzSWRyNUpEbkUtYW1xQldDTmd2RFFSNVJydDNScGJMX1QyLUh1by1rUnpUTGU1dlBKTjdXclRxTWpsc3hrVU51YXpSbmlyemhPZ1ExUTF1VDRvLWpuczRvRHRhNEN4RFZic2dEek1ncFBncnBrSEVxTHZrRzRUUUhLbFZkUTBRdnhQd9IBsgFBVV95cUxNaHEtUUctMVVHemRmay14Ti1RVHN0RVc5ejMwc1VUNHVZd3lQRXBJcnI3LW03aXEybUJoelM5U3htOHkxc2pkVU1wMGh6QnJDRzNVYld5MlRKYS1WdUtmUG1teE8tRmRqYWRhVEJ0R1c3ajdhMzctWEVER1pHNWdlY3FNVkc4Vkh2Vi10WFA4b0QzUFpMX0lrYWV6eDBCMlRrOXY0MnAzdG1QeWFpN1dYUEVR?oc=5,-0.128,negative
2026-07-01,2026-07-01,CVX,Forum Financial Management LP Has $2.99 Million Stock Position in Chevron Corporation $CVX - MarketBeat,MarketBeat,https://news.google.com/rss/articles/CBMi4gFBVV95cUxPcmVnTVJnQUlxb1MyckxNaUhtYWhCbHhONGE5eFR3QWNFTjgxeHZ0N0JmZjVKN3QtMTRZV2tsd0pmS2ZGUHM1UjZjMzRiZmtVUzJ0eHJTR3FyeEpuSU96Y1JCajhZSjNqdDRoSzktWjBnZDlBcTJjMF9iWHFKcjE2N25SejQzQUJXNWNZZjJCc0ZUaTI0SGFRZHZoVy01aWJwR05ZYmIwWk9CbXU4cllFTXVVRVBMRnpvWndjVk00dnhLNjBtaW9qbHRfS29Rb0hPZWdfMmVxRUtLS2JvR0lieDBR?oc=5,0.0,neutral
2026-07-01,2026-07-01,CVX,BXM Wealth LLC Lowers Position in Chevron Corporation $CVX - MarketBeat,MarketBeat,https://news.google.com/rss/articles/CBMiugFBVV95cUxNMldHOFlFem1HaDBxOGprSTQ5b1RUaEJ0cUkwQWx6d0NCNTRqUnhLUml3eWxVRmVkTm55SG1aMlltWF9RR3pPWEU3WWlZbk1mSzQ0WDdWbjkzMzJaTWhTZ09MRzh4OEVPQWdOR25yay1vZWxOUFBSVnNBemlNYm91OGhWX2NqMDdLSm95YzFsdjRqVjZ1TTVneWFiZXl2WmNYUUJ5X1plX3pxZk1BdzlRaWZlYVVTaTZCR2c?oc=5,0.4019,positive
2026-07-01,2026-07-01,CVX,Here is Why Chevron (CVX) is Among the 12 Best NYSE Stocks to Buy for Dividends - Insider Monkey,Insider Monkey,https://news.google.com/rss/articles/CBMivgFBVV95cUxOdEZCTjd5M1VvRFcwbExNUkJOSWtUTWl4cjNsUi1KdEhENzV6UHdJOGhQM2pmbEVRLWlocHNpNzBTS2xIX1JqMF9GeThtdnY2U2R0U0VmV1dJN2JRNG5EZkhEbzVwMTdmX3RpVGF0Q095a2lldjNmN2JXbk02aHZUTkozUWw5TWQ3YkpRQUxzRm5mS3RXaWRadnZXMnA3YjBZVmpXR2ZOcGN1Wm5CTlItMkZsSzNnQnFBZTcyUDF30gHGAUFVX3lxTE9SOVVJcHpfYU4zRUdUS1ZydWlPTXFNUmRidGJiMG50b1VuR1p5X25IRU9ibkl0WGNmQ0VtNFA0ZU9URE9Bcm9US3NIMXpjV0hGMjZGUlBpUWttLUhldm4wcVY0VDNVS0FiaVlSMzJMY0xRY0V1VFRVeDdyOXZiN2FqSVBVNkwxS0pwd2kzdEJ2NmJxcU40V3hrSzliTTJkUnB4dHVFc2toaDJ2YkxSTXEyRUtmQjQ5N3NNQ3dQR2JhUW90YnZOZw?oc=5,0.6369,positive
2026-07-01,2026-07-02,CVX,Chevron Corporation (CVX) A Top Dividend Aristocrat Stock to Buy amid Growth on New Energies and Strategic Partnerships - Yahoo Finance,Yahoo Finance,https://news.google.com/rss/articles/CBMimAFBVV95cUxPbHBXUVh3cWJIbXdRSXB6cGVTWDVRWHl5V1prdUJWY0FqaHU0VzRhLWhtSUlQZXotQTk1WHBvWmh4Ym5tYmtPMmN1UkgwZWczTVZtLW9henlCUXhXaTVFQl9VXzhaZk9sVTkxV2N0dXBFWHBZdjJlaXdycVhUZ1h2NUxSMEZjVDFCekVZempHRmNJQ0RpNWg2OA?oc=5,0.6486,positive
2026-07-01,2026-07-02,CVX,Here is Why Chevron (CVX) is Among the 12 Best NYSE Stocks to Buy for Dividends - Yahoo Finance,Yahoo Finance,https://news.google.com/rss/articles/CBMikwFBVV95cUxQMVVxUWwwOTZQUmZhVmppZWJIVHBua2xzNGt2OTdhZkRKSmFWWEFiMmdqWXk0b1N2TS1pZTYzLXF0YV9kSFZQZzJwVDdMdm9MS0xKTW1rZDZPR0VDTWd5M2lBUzZBVDJnVFZwRFJ2S2wtSTA5c3o0c2JBX1l3REo3dUh2X0o4b3VLT1NSTkdmOHFHS2s?oc=5,0.6369,positive
2026-07-01,2026-07-02,CVX,Chevron (CVX) Price Target Lowered at Morgan Stanley. Here is Why - Yahoo Finance,Yahoo Finance,https://news.google.com/rss/articles/CBMikwFBVV95cUxNbk5tOTEtSXUxRnFrZlZLbngyWFNZYkRWWTJCUlNDQzF2cExSRFY3OU45c1NTTldpV1hxRENiZWNEZEx1UGhia1FNbG9qRXVLdENMeXg1Z3d4M0Y3RFRqOFZWd0YzVGlSZEpSUnhUSnNVMXJTX3VuQlUxbnVIYzE3Z3pLQ2dNeXRjcE9lSkhiTlFrNVE?oc=5,-0.128,negative
2026-07-01,2026-07-02,CVX,Chevron Yields 4.2% Because Oil Prices Make Everyone Nervous. Here's Why That Thinking Is Outdated - 24/7 Wall St.,24/7 Wall St.,https://news.google.com/rss/articles/CBMi1gFBVV95cUxPMFhxVk1NU0taR1d3Y1YwZ0FMd3dOOGctS0d2eUI5LWE2dlkxcjZRVFRoVWNYMVU4Z1pGMWFZTHl0dmFUZFFNSnplWVh4ZG1PcmphcXFteUwwREZWWWdsY3VwdktVV05kNmd1QTl1a28xMlZSUjJyMFd5c2xocXBZUkVpQnBsS1pYWDh5Q0FHNUFUVDVtdzRybWxOYm5EU1hHYkRoTUJXcDAyTGJvYzhBb25DbUVIakVEWS0tTEd3aVNGSGZlVjhtcmdGVy1Jck9NLXRUMGZ3?oc=5,-0.2732,negative
2026-07-01,2026-07-02,CVX,Chevron Corporation (CVX) A Top Dividend Aristocrat Stock to Buy amid Growth on New Energies and Strategic Partnerships - Insider Monkey,Insider Monkey,https://news.google.com/rss/articles/CBMi8wFBVV95cUxOQ1JqRV9BTkdqSGZHT2dBYUZJWWxDRDZ3S0tqOXVSM3ZWQm9GOFZJQm5LeEg5QUZCN2ZCRHJaSTg0QTJ1VkRiU1F2U3BDQVEwWXQ5Slh4ZWxfbDZDOHVCSVlWdmFzSFkySThmWFJYZXFXa0lzMDBXNVJESUIyVDYwcGRNaTM1UTd0V0lTalhZNlA2Nkc0QnVjWUpMeWRZTEptalltVVhVZGYzU3h4T29PVThKbW1NSG5vc0RPUnJNXzRWTElzVHZ6MDNnNGZTcHZpWUxPeWZsS3A3TENFSkdyVVJQRWVvMl9BOHFRZ3ZTM0pGQjjSAfsBQVVfeXFMTlhPNmNNSzdlNkFzcXpZM2EwUjhkRHg5SnFlQVRRczd4Y0RlLXB1N255NzRQQ3JIZHBMUVFPcVdfOVNROEtoTGM4Zl90RUQtRUhVRzVsWllMQkk0cTdqWEFhNUwwaVNUbzlQaS14bmcwa3dLT0I4UE5idjBhT2Z0YU5YdmVsM3d2Zm05d2xoNGFmcHpDVWJzTmpfYWtDeDJvMDd2d2R1dmNENW1QTnFYaG41RG1zQkdkQ01ncGFyUGN1enlmRmtjeFB5amphblZ4UlJSMDd1XzFuQmlVMll2SlNwX2QzMmZQUmFXd2kwaFZyVGRKOUdiN1pfb3M?oc=5,0.6486,positive
2026-07-01,2026-07-02,CVX,Chevron Corporation (CVX) Partners with Microsoft to Power Texas Data Center - Yahoo Finance Singapore,Yahoo Finance Singapore,https://news.google.com/rss/articles/CBMilgFBVV95cUxOVHppa1llMzJDYXExWC1pcVdXYTdoU2RwQXhCaXNjcFp5LWF3MXBmbHFrWWFXdGJKd3hVc2JueHhlcWNiYjA2VWZzT08zYTVEYk93N1BjalNFUzc1OFM3R2hwdG9SVnpYYTFHZkpHODNtY183eFFBN1NSdnU4QlVVaHZ1a2hkeUQtSWVpa3BUcTRod08yNUE?oc=5,0.0,neutral
2026-07-01,2026-07-06,CVX,Chevron Corporation (CVX) Partners with Microsoft to Power Texas Data Center - Yahoo Finance,Yahoo Finance,https://news.google.com/rss/articles/CBMioAFBVV95cUxQVHJ1T3lMODhDS1RmaEZ5M0N4X29Xc0RrdXZQWDFMTl9JYV9iLTAzR0FQTUszc194NU5SRG9UUVZya0p6QnV2OXZ6d3g3Rll1VFhMUnh1WFk5RzlNQ0NLVUc3WEJtcU5BX0VCUmp5T0hyelItS0FlZlk2SGMyRlhKZzU1MXV4NXJKVDJwSFZVOW9MT0l6ajd2dUh6YUhrU3g5?oc=5,0.0,neutral
2026-07-02,2026-07-02,CVX,Can Chevron (CVX) Stock Justify Its Price After The AI Power Deal? - simplywall.st,simplywall.st,https://news.google.com/rss/articles/CBMivgFBVV95cUxPODU3bndnY3I1am5OTDlTN3dYcV9scFNUeXlrLWRJSGZpOHRZLXdaTDRCNmxlWHdCcE5NNGgzOUlmTVQyOVZvUGpuUDFWeUNwRV9ELWdnM2Q2QnA4bjJvZXY1eDBKcGRnelk5VjBWUmdVaEhKZGJNVmszUllBY0tNbHVfN0M5UTlzRHVJb3UwVXpWaXdQd04xczlVbjRkMV96R3ZnZ0N3Ml85S2ZZNlpySFhpTkVDQ1NsZ3d4ZEFR0gHDAUFVX3lxTE1mY0doT2tPVmh2R0QyOUxXRlFFQVhMZkxlVEZlYTBJamRSZXBkcEZJc1prdFpDemdWdlhER2Nmak9Vbi13Ty10VEw5MmZkNzBteldqaHVmMi1XTjZsU09GQ3BXaXZPTGEwclYwQzZuX0FJMEd5Ym9yYXEtZWJKa0l6Y3plejdycVpFR3lxM3VVZ3N6Rll0RmRNTUpoLTIwdXJaSm5LWVAtZFdCVW5ab2lydldFV2hjSERzdDhncVJkaVV4OA?oc=5,0.0,neutral
2026-07-02,2026-07-02,CVX,Chevron schedules July 31 earnings call with CEO Mike Wirth - Stock Titan,Stock Titan,https://news.google.com/rss/articles/CBMivgFBVV95cUxQcVhVX2xNamFxZV9FNnluTDU1VHdjRmNHemVQMjhIVHcwR0VDTGFIMW81ODZsRFRjZ1JoQ0VqRjhZVm10UXBOSVBlRzg4TC1YWTNFUlFsRTNrbEpITjY0X3VxMlVxQUdDZFN2ckJuU2g3aGQwcjlnMWxCTkhIUlBKVDJtWk1vc01DUU94MlFJYkRlQmpwM3BCZnBlUl9UZmFuSVFIdlQ1WjVsUlM5SkdyMVJXeTRfZjA5OWRmOEpR?oc=5,0.0,neutral
2026-07-02,2026-07-02,CVX,Should You Buy Chevron While It's Below $180 or Wait for a Bigger Dip? - The Motley Fool,The Motley Fool,https://news.google.com/rss/articles/CBMimAFBVV95cUxNT284WlBBWUxPN0ZFblNEQ0o1VnVlRHhnaE90ZDJhU2VwZVRhLTNMT1BIc3JJZHdPZGRVZF9SN3lZaUpZcGpjb29aT2l6T3pha2lzamR6b1c1Z1puQnVkSGFWeDJFYmg0eFlyTnRja0FmNE1QTTFMTEtLZFFvaS1pTEJaSGF4N09TS1BwVGFtdDVXU3BGMUU4Rw?oc=5,-0.4404,negative
2026-07-02,2026-07-02,CVX,2 Energy Stocks to Research Further and 1 We Brush Off - StockStory,StockStory,https://news.google.com/rss/articles/CBMiswFBVV95cUxPZkxSZmZYUmdrZ3JuNUR5Znp5LU51RFBiV3I0VkJmNTdueklTdHhKV1RNTDAycFVfTXUzQm9OajNES2FDSVctNDBRekU2VkwyRGNmUHBoVzA0c1B2MkZYcjF0QUk1YUZZeW9fMXdpZlI0MHQxX2lja3cxRUcwcGlJdUtZa0hESkE3dFdaVWlTTnM2M1cxd1R2QVJEZXhZRzJCcTN6dVBkd19aSHkwVE5zRHRXTQ?oc=5,0.2732,positive
2026-07-02,2026-07-02,CVX,Chevron Corporation $CVX Shares Bought by iA Global Asset Management Inc. - MarketBeat,MarketBeat,https://news.google.com/rss/articles/CBMizAFBVV95cUxPYlpqQVFuTmVfektMSXZDR0EzWEtmSmRMX2NuSkdaZnVMX01pZjRxQTlPNkNERkZUd2NCYmZzZXpvRmhNNHdwZE9wRjZiVFdETG45UTJQTk5RYjBTWEowRElBWUpvZXcxRl9UdVQ0Z3dtc3dWV0Uzb0l0dU00SFprRzA5dmg3VV9uUEIySW9NNlByaHdIRDBOT3RmX1IyY1IxZTBHd1JDVE5KVWVuY0U0d0YyRzJOZnBGdlgteDdHdEVUTmltNjBZT0Vxdk8?oc=5,0.5719,positive
2026-07-02,2026-07-02,CVX,Should You Buy Chevron While It's Below $180 or Wait for a Bigger Dip? - The Globe and Mail,The Globe and Mail,https://news.google.com/rss/articles/CBMi6gFBVV95cUxQaXhFNG9HZEdzTGVhUS15Vm9fbFdORHBvYVBseXhYRFpUSElzYWlvcTExeFFtS0dPWHNuMW9ic2cxVENOVHRjdmhEYVJZS21LdkhfZFQxUFpxQVo1VkFvN1Q2Rk5MeUtFU1NlZmhPa2lSUGh1bzF0aC1RamhCLXRFdHVWd09yVjNFWkRMbVZCNmFJTTZReXh4UTcyQzN3SkZwbVYwcGI2TUsyNUJpZzVoMGlqUlk3UldockZfTTRjX2tzQkFHUnBpbWpMRG9BdmE3WlNpV1c3VTB0MTVvbHNqZUtFZEcwWUNjWXc?oc=5,0.0,neutral
2026-07-02,2026-07-02,CVX,Wolfe Research upgrades Chevron stock rating on improved outlook By Investing.com - Investing.com Canada,Investing.com Canada,https://news.google.com/rss/articles/CBMiwwFBVV95cUxOUS1HWldjYjVRZFluLVlzMmN3dUhqRUlxM2RoS3pPN1VCRmJKdzlQSjJ1UzdmQ3lIQ052My1saTVkVUQtWmdHcWRzaHYzd3prbHBYaGdsTFotQmVuSlJnM1M2R1JpcVdxN1JwWUZDS0dDZm1NS1Z0ZVB4YTNkcmVNZExxa1kzS3RPNnQxbWFjTEVVWkNBRVVLY0lMSWI1Sm8ySGFxM3FzMjYyM0JZTEZMWU81RVdoVlBjWjFXUE9ZMEJIQmc?oc=5,0.4767,positive
2026-07-02,2026-07-03,CVX,Chevron upgraded at Wolfe on strong cash flow outlook (CVX:NYSE) - Seeking Alpha,Seeking Alpha,https://news.google.com/rss/articles/CBMilgFBVV95cUxOeGJBalpLX0pycXNabEhRSFFsRHNkOXgzVmtwaFB5UGZDQmpERkpheC0wUUV2Vlpqd29NbG1xa0oxVkxuQklabUtCN0tDY2k1WmdfcGM5ajByb3NGNE14S0ZMeVczVjFQU080UlFVcV83Z241czl1LTk3Z1Fpa29MckZYR3lNejQ5by1lYjlGcGN4ajBzNlE?oc=5,0.5106,positive
2026-07-02,2026-07-03,CVX,Ohio Rep. David Taylor Bought Up to $30K Worth of Chevron Stock - Benzinga,Benzinga,https://news.google.com/rss/articles/CBMipgFBVV95cUxQcFpicGQxS0FEMXozM2F6VTdjNTJ2MC1XV05McmFGbU5MejdPZEtfTmdjZ0lzSWQyWGRnRlAyN0hRd3EzUHpEYVU5aXhFNDg2NnBORUVKRElxT005TXZCZm13TVljQ0JuVmdUYlhfS3Z2XzNhaWpLckNzVFJfMWFFRkUzTE5qRjdhUGJGQjdoQ21WMWFsSnJyNXp1RTR5UGtVTVlCZnV3?oc=5,0.2263,positive
2026-07-02,2026-07-03,CVX,Chevron (CVX) Stock Looks Near Fair Value With Strong Returns But Rich Earnings - Yahoo Finance,Yahoo Finance,https://news.google.com/rss/articles/CBMimAFBVV95cUxNRktUcTQ5bVliQ0NqYnhyT2tKbGo0WmcwcENXaWxETC1nU2t5UHZGYlMxY2xNVVdBajBJOXpBT1ZJTzY1SGFiZ1pqM3JONm1YbXB1SXd1TG44enpDelR3czBzMS1zRWVTOUN4SG05ZVVXaUNXVEVReTZBTXJtamhvTVlVMEluX2R2WUUxR0xMd05Rc0pvZUpycA?oc=5,0.8555,positive
2026-07-02,2026-07-03,CVX,"Chevron Stock Has Slid 22% From Its 2026 High, Is the Pullback a Buying Opportunity - TIKR.com",TIKR.com,https://news.google.com/rss/articles/CBMiqwFBVV95cUxOUjRXMWJ6M2lCSk9kVmMxSnQ1S1ZTZTUyaWNNMWdvWE5aMm9VYjc3ZGh1bnJINHlleXVmY1JJbVNrNjRuRTI2ZXBrbVplOUJIYXVlV3E0a2ZTODVtdG9iYUUxRkIxMDVrNVdBT1lvWnlpNnpiQ0dydVkxaFF6TzFfS05PYl9sZUozQTVmR21teklaNXFLT3N2SnpmWWhqOVBsVF9yTVhISDR0N0U?oc=5,0.4215,positive
2026-07-02,2026-07-03,CVX,Chevron (CVX) Upgraded to Outperform with $210 Target Amid Stron - GuruFocus,GuruFocus,https://news.google.com/rss/articles/CBMivgFBVV95cUxPRWdPVUprRjlIUmFrMndyODRyRzNiVnpDcFhxdDhwV0lZU1ktWk1JTDZsUlRwb3FFQkQ1TkV1NVk1S081SFpqZU5UOFBOR3Z0aUNkUFhFMFFfcWs2VTg4ekRtY2Y2OE5HM3VUR2p3M2lmUDUwaXB4NUhSZlhyNTlMbzk3ejNsQTVOQVY1MDBoelZwMnItM0ZIdllGR3c1TkhwdUdzLWNWbDJkYmQ0WjZoWS1DVlh6VFlkTDRKdUFn?oc=5,0.0,neutral
2026-07-02,2026-07-03,CVX,Chevron (NYSE:CVX) Trading Up 2% - What's Next? - MarketBeat,MarketBeat,https://news.google.com/rss/articles/CBMimAFBVV95cUxNMXpwOG56YUFDWkVxYVMtSWU1YV82VFRGZDFXNW9PbkoxcDZJbjB1SVV1dHFKX1lNdFplMXN0a0xXX3MzMUZSTWhEQTc4dzdmVGxPeTJ2aEl3MzBHOTVMd0VfV2JTWGF5WE5RcVhidlY1N2ZDbkZ1a05UVllNaXF2eEpRRmZrSHc4Z0pLOG43bkZ3clp3RnE2Rw?oc=5,0.0,neutral
2026-07-02,2026-07-07,CVX,Should You Buy Chevron While It's Below $180 or Wait for a Bigger Dip? - Yahoo Finance,Yahoo Finance,https://news.google.com/rss/articles/CBMilwFBVV95cUxPWGxZckhhUGYxb3B0WmlXY1Z2RmtfamVYSTAyQm9QUWh5Mm82ZmZvTWxweUNTYlN5Nl94T0EySzdqd0t2MUc4VHB3bkFSSXk3cnlFOXJRVmhxcUwtd0xiVUFyNHJtNEpldkdmVDdpbEhnWC1wVmZmUlpESGpZY3lIYUYzYlNHUFpiYjYwSkhNa3A0NW16Mllv?oc=5,0.0,neutral
2026-07-03,2026-07-03,CVX,Chevron Corporation $CVX Shares Acquired by USS Investment Management Ltd - MarketBeat,MarketBeat,https://news.google.com/rss/articles/CBMizgFBVV95cUxOQmxadmJMRm5TdWRlMFVpbFRuNEFieEFpVVY1UHAtVFRlMGQ4UTFCVDJ4RFkzaUlQalB3cm56dHl3cl9Ba29MLUx0c2hqUHdLLWRudzlsZzVlZ3ljd21MQWRKMmprRWFFRmRVRWY5NkZMRFgtNUF6Uno5LS1JbTZzVHlHN0pNUnhrd0g3X3c0UzFkODdjbGJMclhLV2lQdEsxTzh6YmRvbVVoSFpBRURzYlIzb0NQWVlHWHFoeUdxeVRhZ0ZsTHpnS0VtZ04xQQ?oc=5,0.296,positive
2026-07-03,2026-07-03,CVX,Wells Fargo Keeps Their Buy Rating on Chevron (CVX) - The Globe and Mail,The Globe and Mail,https://news.google.com/rss/articles/CBMizgFBVV95cUxOY2hWNVJMY0c0UzBvUWdabDB6WkVXVVBWZHcweUxTQkZIb1lEUlJHYmFCZDhkWUxBRVRmSm1keGRtVWJOSDQ3cjlCcXFGOEQyTElkSUUySV9OMGNubTFHWUlJY3hfU2pUYkI2OEI0WmlCMkRyTEhQUTN1Z04wUTdpVVd3LWNxVzc0WkdDRkpEUUJKNHJxNUhrR0k2VVJBYmtPcl9aNmoteUhjN0l5YmptSWxOOGthVW14cThiV0lvNUw5cWM3RmRnMjBKcVNmdw?oc=5,0.25,positive
2026-07-03,2026-07-03,CVX,"24,064 Shares in Chevron Corporation $CVX Purchased by Vertrix Wealth Management LLC - MarketBeat",MarketBeat,https://news.google.com/rss/articles/CBMi2wFBVV95cUxQZXI0UUhvME5YSGMtaGhiVklWbkUzWVB2ZW9oQ2JBQ0k5TjlNb0Jsek1hcnJsaTdDY0VwOUJFMjNIc0JHbnVVMmRXTHNJQzhjTGRvMEhKOG1HZVNzazFYOThJLXpVdTlhWUZrdk1xUXBWVFFWdkNJbUxJRDBKODN2c3NZMG5iWjBubzk4ekhCdUktM3BmeDhVVzM0dldDM3JfSHlGR3BXdkp0MHVna3RTaFpuVlpVWm9iemdCa2VJY0NlSE1ET3pVRDJRMHJzZG1vMGdlbXN0aFZmcVk?oc=5,0.6597,positive
2026-07-03,2026-07-03,CVX,Chevron (NYSE:CVX) Shares Purchased Rep. David Taylor - MarketBeat,MarketBeat,https://news.google.com/rss/articles/CBMipgFBVV95cUxPOUdEVkV1ZnZJRVllYzZsa2VaMTVXMkJHbmJKcU9nLU5mSzRhZVUxSl8xeV84eXNJMHhNaDlWY2FVWHpxaVV0dlp4TlJLUmRidkZQVXFuTjIzMEF5aHZPaEFmS1BWV0xuNGNLYjVUUEh4TkNRVzIwcTJEampHRnVrQ2lXc3paZFJWa0lrSVJzaUJ6THFvNU9TbnF5azFzUFJ4N2J4Y2N3?oc=5,0.296,positive
2026-07-03,2026-07-03,CVX,"IFM Investors Pty Ltd Acquires 13,481 Shares of Chevron Corporation $CVX - MarketBeat",MarketBeat,https://news.google.com/rss/articles/CBMiywFBVV95cUxQTlgwVDdWR0FIUU1XRVNMWmRHd2lIb05JNFZoeDdzTjFXcXB6QUMyc1Y1VEJnYnRXU2hOWlB6Q1hHcTczcHJYWDhEUHd1U3FwbHZZcksyS3ZFeTZ6ME5zWGlES2JCNVVXd0drWm5BV2lpZVFOWUZONUxtTEJ3NGF2ajFDekZWdXUtc0dwVUtLMDAzRlNPWHM5VjRGZlNwZDNQcjBKMEtSTldDa1Q3S0Z2TjBmT2x5X25SWHBYai0wUWJsZEdiRFNyLTRLQQ?oc=5,0.296,positive
2026-07-03,2026-07-03,CVX,"Deprince Race & Zollo Inc. Sells 51,375 Shares of Chevron Corporation $CVX - MarketBeat",MarketBeat,https://news.google.com/rss/articles/CBMiygFBVV95cUxPUVhsdjRNc1Zqa19ucS1QaGxoLWh1RDdid0xma0JyTy00WDF0WjExaV9SVW9RbEFOR282a0R0c2JCV2dzcTFYY0p5cnh6V3ZrMnpDOHBfVmJIdkRMdGQtdkVuQlNqNTlzcTlqelcyajJ5bFpYVWtDSWluanVNY3loNUhTa3Z4TlI3dS1mY29MNUZVZlFhbW1zSjE2d0lYSGxCSEZhNGJ3YkJqZm5uU0FjV0R4eTRKanhYb0V3RVR2NnRPR1NxQ2NzUmdn?oc=5,0.296,positive
2026-07-03,2026-07-03,CVX,Cane Capital Partners LLC Trims Stake in Chevron Corporation $CVX - MarketBeat,MarketBeat,https://news.google.com/rss/articles/CBMiwwFBVV95cUxNVlMwdUN6Nnl6MG5GTzZYelB4d3RZdTNjMzMxb3FlT2NLOElkdVM4NExHVHltZ3hRczFWOXpMcmtpSGVJY2YtLVgyRGNaYjBxV2V4cm9hUS1mQ0IyRzE5c0V2VEo5Xy1kYUZJLTlmSmV3bG56bDhVSjFGcldJbVdndk0zTTlCOWJnbkJyTjAtbTRwNEpOY1BVUlpRVk41ZC1ndmZPa0FYcldYQ2M2ZlFkUUI3TWQ1R3RFQ0F5Zk9XNVdkQW8?oc=5,0.0,neutral
2026-07-03,2026-07-06,CVX,Chevron Corporation Stock (CVX) Opinions on Analyst Upgrades and Congressional Trading - Quiver Quantitative,Quiver Quantitative,https://news.google.com/rss/articles/CBMiuwFBVV95cUxQVmhybXZBUkdLUVJoN0g2a24wcVVCN25naUNfY0NhcWpkTWFUMklnVnJZeEtCRENMWnZtbnVxdGNJTzJQdE9uYXVCNjZkRkN1Q2ZkVkZTUk9EeHNSYVJ0cUxmM2ctN0l5U3FRWE8tYy0xUUhrNWpTVzJ3RFN4ejBDSVpERThrbU1yZktsVzNSYm1SUHR1VVI4RjE5LUhXb3AwRFpHRzhUdXRqSzdvaWFMMVFfZk9aU3prVjhn?oc=5,0.0,neutral
2026-07-03,2026-07-06,CVX,Chevron Stock’s Margins Are Compressing: Does the Dividend Raise Still Hold Up? - TIKR.com,TIKR.com,https://news.google.com/rss/articles/CBMipAFBVV95cUxQMlYyeGViaXN5MlZlZDVOV2MyalJqSTN5aTJ1Y1dNdlMyTGhLc2pjRjViMFJWVHV1TFpKVDNKVkJDVUg0MUNsUzJoLU5EZW9YY3Z4c0NyWW1WQW5GRlRqLTkwV2RnejVnLTZ6Q2libnUwSU4wRnp4azRSRV9vbTg1NmZ0SmtyNUlZNFZTZ2s1QlYtM1dvTHM4UGRDaXpWR2x3bXZNSQ?oc=5,0.0,neutral
2026-07-03,2026-07-06,CVX,Chevron Corporation (CVX) Is a Trending Stock: Facts to Know Before Betting on It - Yahoo Finance Singapore,Yahoo Finance Singapore,https://news.google.com/rss/articles/CBMikAFBVV95cUxPbWlhX1F6MG5DbzFER1A1QWFYaHFTRUtTTTdoZThVMGVab2ZNQnBPV19BYmVGb3RMMWpRWUNEOS1OQWxjLU1WckxQamxPQXZIXzFHRnZiaEJBa0lPOUxhVnV2M0IxMXhJZDBfU04xaHZ2cHhBWjhPOGxGUmJ6TXd2YjNaNUJrTGhCNjQ5Wng5aE8?oc=5,0.0,neutral
2026-07-03,2026-07-07,CVX,Chevron Corporation Stock (CVX) Opinions on Analyst Upgrades and Congressional Trading - Moomoo,Moomoo,https://news.google.com/rss/articles/CBMiugFBVV95cUxORjFtdy1QcVVlWHpaLUpfSGxCVzN6UU1rZWdOSkN1MmczeGE2S1otVUNzalFtcWtENXpoWGp4Rnd1ajQ3VUQ1bWNkcmpJQV84RmYyd1VKTUpHaVFVM1NOblAtd1N0WmpNWHAzNEZBUUctaXA1UjdoTm1lUzdvaGR3MGV3VU1TeWVNOGtiUnZhMzJtNXVtaXdXUHM4bTRmZThiUkhHSTVzMy1FQlBWNVNWMjJBNmp2WmoyWXc?oc=5,0.0,neutral
2026-07-03,2026-07-07,CVX,Can Chevron (CVX) Stock Justify Its Price After The AI Power Deal? - Sahm,Sahm,https://news.google.com/rss/articles/CBMitgFBVV95cUxPOHdpWG0tUmVtakE0SkxCT05KN3VKY0hGNVdoN0V4eDkxQXVmbEJkRFVpWGxoSnFLQ3BiRFAyanU4UHpiTFNXRU96Qk1FNDFXRWItVnc3OXVFcVNCM3lJbjVWV25INnVMTVZkVHA4VlZWLWQxWFAtbmhSQzZrTnpKN3JRVHNCVG9sTGI4VkUtUjlWLXgtWjRsZXkzNTRmZFBJaGJtNGtfSm5QNGo2RGNEUDQxcm1EQQ?oc=5,0.0,neutral
2026-07-03,2026-07-09,CVX,Chevron Corporation (CVX) Is a Trending Stock: Facts to Know Before Betting on It - Yahoo Finance,Yahoo Finance,https://news.google.com/rss/articles/CBMipgFBVV95cUxPR1FWYmVtTzh1QXV0ckc4eEpyWTFfYVZzTEE5LVFtZGlrMkJ5Xzlnc0JLdjJsMWllb2p5WkVsMTMwZVprenh0Tm4xMmZFOWNYeFhRVzFhMVE2LUZCejhKVmdyQ0VUczFibEFpVFN1V0cyNkxfSDNaT1lkTS1icFE3RHRCUzY3NXlvbXYwck12NlFxY1M2dnhQN1c2ekNSY3N3UlBkaXhn?oc=5,0.0,neutral
2026-07-04,2026-07-06,CVX,Chevron Corporation Stock (CVX) Opinions on Analyst Upgrades and Congressional Trading - Moomoo,Moomoo,https://news.google.com/rss/articles/CBMiugFBVV95cUxORjFtdy1QcVVlWHpaLUpfSGxCVzN6UU1rZWdOSkN1MmczeGE2S1otVUNzalFtcWtENXpoWGp4Rnd1ajQ3VUQ1bWNkcmpJQV84RmYyd1VKTUpHaVFVM1NOblAtd1N0WmpNWHAzNEZBUUctaXA1UjdoTm1lUzdvaGR3MGV3VU1TeWVNOGtiUnZhMzJtNXVtaXdXUHM4bTRmZThiUkhHSTVzMy1FQlBWNVNWMjJBNmp2WmoyWXc?oc=5,0.0,neutral
2026-07-04,2026-07-06,CVX,CHEVRON CORPORATION (CVX) - MSN,MSN,https://news.google.com/rss/articles/CBMiggFBVV95cUxPVEM3OExuZUYtSXYzVWRRVHRUaFduR2ZXOXRWTmFMcXhHajVzWjlEZHhjTVA4bW5EeVk4ODNSMGZtck1uY3lfLXp3MkhReWlPOTRWeDVJa29QY1Fmd0g0ZWJncWFZWDFGY3E4bjlkcC1hRkplMC1QZDhNbzI0c2ZnQ3Rn?oc=5,0.0,neutral
2026-07-04,2026-07-06,CVX,Stock Yards Bank & Trust Co. Cuts Position in Chevron Corporation $CVX - MarketBeat,MarketBeat,https://news.google.com/rss/articles/CBMixgFBVV95cUxPem4zZ0NTQkdBQzdPdWpTWG1KTVgycHozNGR5QkhfQmtIWVdrRnI4VE1IdXctSC10YUtKNko4US1QREhDTWUzcXFVNkxQTE1DRzNua0xjNjV4RGV0OXMtYTFRekVnNVJvZlZoTnR5TmpHQTdFZ3RWOHFQSHpVeG16bzd3eU5VdVcwUjlQY2NDMkprZzhISWhiUFdiN3RXUVlyT1BoNkNwTlZQMTJLcUtPaXpDdGZoVnVGLTZHblpMQjRISzlQRFE?oc=5,0.2732,positive
2026-07-04,2026-07-07,CVX,Chevron Corporation $CVX Shares Sold by Keybank National Association OH - MarketBeat,MarketBeat,https://news.google.com/rss/articles/CBMiywFBVV95cUxOemV4MzhaenZHNzhKNDVzd2pWenhQNlotclRoWThqZXUxV09tTXNXak05TDhtZmFFckUzZjFQOHpRc21waW9ualo2RTFQQVZUVDUxMHFwdjRJd2Izekk1UUp5MzFOM0JBem4xTVNCamJFMi1QNDhsYTEwc2FTMXVXcGg3Z2hfVThEQmVhdW9kQVYtcW10dGJwTWNkc3JFaVhQX1FjM281NFVsNHRjaEdPWm81S3JMQjBSbnJwTmZYY2lUYzg4WURiZi1KUQ?oc=5,0.296,positive
2026-07-04,2026-07-20,CVX,Chevron vs. Exxon Mobil: Which Energy Stock Is a Better Buy in 2026? - The Motley Fool,The Motley Fool,https://news.google.com/rss/articles/CBMiugFBVV95cUxOZDFXd0F3YWJrYXVBZFR5aDhjakZWUzZGUk0yMDByOWhpbEpZVzFuaFFSUGdaZ3FRMkFSUERhb1d2LTNqTnZES0RYTjRzc2xDZUFFMmFhcWlyazdjUXIzT2llY1R4ZUV2R2ZDd0lwNXpaRzk1OUJYQ0JQTUhWeUdlLVp4TnZzeUhKQkg3QTdQaWV3VHRmOHp0TlNZNDZkQnRORmYxdmxvZ2g4Y2VJZWtqVVlLazZyVGhmTUE?oc=5,0.2732,positive
2026-07-05,2026-07-06,CVX,Chevron vs. Exxon Mobil: Which Energy Stock Is a Better Buy in 2026? - The Motley Fool,The Motley Fool,https://news.google.com/rss/articles/CBMiugFBVV95cUxOZDFXd0F3YWJrYXVBZFR5aDhjakZWUzZGUk0yMDByOWhpbEpZVzFuaFFSUGdaZ3FRMkFSUERhb1d2LTNqTnZES0RYTjRzc2xDZUFFMmFhcWlyazdjUXIzT2llY1R4ZUV2R2ZDd0lwNXpaRzk1OUJYQ0JQTUhWeUdlLVp4TnZzeUhKQkg3QTdQaWV3VHRmOHp0TlNZNDZkQnRORmYxdmxvZ2g4Y2VJZWtqVVlLazZyVGhmTUE?oc=5,0.2732,positive
2026-07-05,2026-07-06,CVX,Exxon Stock and Chevron Stock Are Up 20%+ YTD – Why the Long Oil Trade Is Stalling Out - AOL.com,AOL.com,https://news.google.com/rss/articles/CBMifEFVX3lxTE84eEpRaUhKSFZjQmNMT19KRzdOV1pGVDdyOXQ0RXU3Zk9wZmNQakczUWRadlUxbkczc0JBUHJlVVFpOEdrcGprVHFkeFNUZXd5V3NsOThiWXVSVTJDMlFpNFQtTkVWbjFXVFpnWHZPeEVTQVFzRlJ4bHVJYU0?oc=5,-0.2023,negative
2026-07-06,2026-07-06,CVX,Chevron Corporation $CVX Shares Sold by Nixon Peabody Trust Co. - MarketBeat,MarketBeat,https://news.google.com/rss/articles/CBMivwFBVV95cUxOaTBKMU5Ic2c4ZnZ1cl8yQkR5aUtabVY5aENBNWFTTmRkNDVBLVdFX1pTbkE4djE4dGRQV1NlbE4xaDdSS1hNVC02SDY2emt2MmdUdFFCYzhfYTViSDItcDFZLUV1S0hBY0FDdXRfbUcwLUJZZkxWMnpBWWgyWUhsYjJfLTYycFhnSDN1X1RkV3RHNURMcE1OTnNKd3BkbFlWazFRTEZ6eEttNWpXR0ZwdkE3MW5zTDA2azl5YTBUUQ?oc=5,0.6705,positive
2026-07-06,2026-07-06,CVX,Chevron Corporation $CVX Shares Bought by QRG Capital Management Inc. - MarketBeat,MarketBeat,https://news.google.com/rss/articles/CBMixwFBVV95cUxNeG1naG91aTlLVUpWTzZjSkpEVlgxUGtMR041UUt3c190a25RbV9YalBOMVhNbG1YLVl0dXFQNEJnX2JILXc5NVVUUUs4ZmJPaktZcVBXYk8zSkNJZVc2V2ctLU1pMjMtQ25lUmNtQ3FnUktaLVE3a2YzTU9mY1AyOEktNHpabE1mQWcxalNKa3NtQTdqMmU2UHY2Z2RXQjhabXFkQU5tQ2lTZ1AxMFg3OVR6QURiT3Jia3pHZ291TkVsUnpjRkNr?oc=5,0.296,positive
2026-07-06,2026-07-06,CVX,GM Advisory Group LLC Has $38.56 Million Stock Position in Chevron Corporation $CVX - MarketBeat,MarketBeat,https://news.google.com/rss/articles/CBMi2AFBVV95cUxPTHhFcHhTOFl6NS1YU2E3ZzBKS3dpNVlFTXRBUWpjWDY5cVlRUEQ5WENGSkdNOFlfRTIzQjJSOXlaeUd0VHVfeE14dE9tclJSX2VIbHM1WVBIOTV1QjFldFlaOU52dklqRXBQNzNJVEpjdV9MS0RpZkNUZjJJQld4THRrZGtpM1RHejZmZW1xQkpvWjh2UU11RnZEajdlYjFmaFZfb2lTdUx1LWlkbFZmOE9rdzNWR1JnYVFHWGd1b1Vrc3djUFh6cmxOMDFjaWx3WHZySjFoSUM?oc=5,0.0,neutral
2026-07-06,2026-07-06,CVX,Vivid Wealth Management LLC Takes Position in Chevron Corporation $CVX - MarketBeat,MarketBeat,https://news.google.com/rss/articles/CBMiygFBVV95cUxQcHNKMFVVamRXN21xeXh3OGJTeWpUX0djS21LanhoN2U1anZyVTRxNDhyN3lHZmtJZGstSGxNbm5DNll2VWxIOFR5VlB5VVFOTVBHYUdfWFBQN0NKTERpM2ZHTWNGX01YQThMblZKeWd3Q3lQMTVVenhOZ1ljMl9MQjN5U2hFOW9Jb2gzdWhsQnIxbWVLR0k2RWJMUlBMMkNIUTVTZldkenhYU19wQjJFbklSbTFRNE4xT1hweWlvd3FIVFZBd3V4R21R?oc=5,0.4939,positive
2026-07-06,2026-07-06,CVX,What Energy Investors Should Do After Oil Prices Cratered - TradingView,TradingView,https://news.google.com/rss/articles/CBMiuAFBVV95cUxNZFE4dTZGdEYzVnVVaWRrb1FqZVk1bEtqckRieVN6N2dMSndPVUJHYjNmWDlVQzJNLXY3TXNycV9vbzRQRk05ejNJb3dVLVNZS2NneV9DbkVqV0JGc0ZvQTk2YUgzVi1vbzZHM1F3VmZpWmRPNGt6VmtoRVZoMUEtOE92Q09nUjM5Um9XY0V2S051cDJfemFaX3pSdjR4LWh4WUc0VWxPVG5CUnJrTklUS1M2RTh0RzNw?oc=5,0.2732,positive
2026-07-06,2026-07-07,CVX,This Analyst Just Upgraded Chevron Stock. Here's Why. - Yahoo Finance,Yahoo Finance,https://news.google.com/rss/articles/CBMiogFBVV95cUxPTENvN09DVENyczVtcW5YTGJFb2xWdXZCb3Q5YnRGMWZ1cFdldHZDR1RFSWkzX2l5VDJNUnFWWDM3NkFwTS1LSFFuSHZ1bTFYaW1raFlvNVpZZmxBVnF1cU1IVlVHbkw3YThDeUZRdjVOQ3R6Z1ZSU01rdWtsYkVhZWdnUEF3SWpJc0ZBMUIwMEloZm1MV3Q0ckhnaFRyQ0tBTHc?oc=5,0.0,neutral
2026-07-06,2026-07-07,CVX,Chevron Stock And Dividend Income Ideas Worth Watching Now - simplywall.st,simplywall.st,https://news.google.com/rss/articles/CBMiwAFBVV95cUxNYnpyclhSYWZUN0lINDJPb0M2UTF1enFCdjlvVFNLVVlhRXVieG9WWXZUazhwSWJxVFhjMWJlUEtybHFLaExEY3JyaG1uajlnWHFfX3RiTlBFVHo3SVVzU0toajJkSjZ1UTRVWmNBb0F6eXJLN0NGcGJJcENnS3AtMnhTMzA2cTZvTW9jcmVLek5VRjVMbUlvTEJBbnNvc2F5ckdNOGx5Tkp0QkVVQnNvRjJhVmU3allESHNlLXZLR2jSAcABQVVfeXFMTWJ6cnJYUmFmVDdJSDQyT29DNlExdXpxQnY5b1RTS1VZYUV1YnhvVll2VGs4cElicVRYYzFiZVBLcmxxS2hMRGNycmhtbmo5Z1hxX190Yk5QRVR6N0lVc1NLaGoyZEo2dVE0VVpjQW9BenlySzdDRnBiSXBDZ0twLTJ4UzMwNnE2b01vY3JlS3pOVUY1TG1Jb0xCQW5zb3NheXJHTThseU5KdEJFVUJzb0YyYVZlN2pZREhzZS12S0do?oc=5,0.2263,positive
2026-07-06,2026-07-08,CVX,This Analyst Just Upgraded Chevron Stock. Here's Why. - Barchart.com,Barchart.com,https://news.google.com/rss/articles/CBMimwFBVV95cUxQTk1fWXhLdVFsaktKeEwzSk9kTDU2X0J3YlhmWTd6Mkw5Sks0d0FNaWhMQk1JTTFRSmlySnJHVkFzX0ItYWFYakkyMUlfWjFVMDZIX3QzZzFvVEZXMjA0dWtrZGdkTTByYXFtalN6b0VFOXZnNFNTTi1iRXZ0ejJVX1ZqcTRhWGE0N24tcEtPNkl3cERNcGNLNjMzSQ?oc=5,0.0,neutral
2026-07-06,2026-07-09,CVX,2 Energy Stocks to Load Up on in the Second Half of 2026 - The Motley Fool,The Motley Fool,https://news.google.com/rss/articles/CBMimAFBVV95cUxNaGpGeHd5VEl3ZDdXRXFUckJmOEo1Wlo4TFphQVoxMnVqRXl5cXdDdm5ZdERfT0tad2Vod1lxMjJHNHRETmpzcTZKSk04c0NyT3pPYjl3VUhoZ2drV0hkSXVYME9yRW96NlZyeWJ0eFFhM3NULTN5U3ZoYTZJZkUtU0VKVmttN0s1ZVhEcDZrRC16N1NDWDUzeg?oc=5,-0.2023,negative
2026-07-07,2026-07-07,CVX,"Ascentis Independent Advisors Acquires 22,825 Shares of Chevron Corporation $CVX - MarketBeat",MarketBeat,https://news.google.com/rss/articles/CBMi1gFBVV95cUxPLVZIRnVpNWRRcmZMRXgxWFpHOGtyMkFvVTJkSTRSQmYzLXg0M2wxdTJHOVI2RWpMSlVRbVhxdjNVdmZvNUQxRmxJU3Z6NURVbTFMcUNCU0RiWWFSRW95ekN0QVF5QmQ1bXl4VnJ0NlM2SWFmQkNnYmJDUjMxT254WWhsVEhtZnhoTkxkd2tYeEgxcUJaekhXQ0Rsd2otb0ltY1JHTHZNNXUwTGtWSHhfZi1lRWtCeFFhUGxWU1U4a1F2NmdmcHY5cmJqX25XajVvRXRMTVBR?oc=5,0.296,positive
2026-07-07,2026-07-08,CVX,Chevron Corp (CVX) Stock Up 3.5% but GF Value Says Overvalued -- GF Score: 63/100 - GuruFocus,GuruFocus,https://news.google.com/rss/articles/CBMisAFBVV95cUxONkNWc2ZyQ2hXX19ZM0RpMTQ5OG9YdGgxYWlmYlZjZFc3c2lvZUFfZG1oWTViOUloN0FFNFMtRzdWVlMzbkhWbENNbFBJLUxreGJveS13WEJ2YTVWbjlSc3d6c1NQOGJkTUo4RzNMNFcxcWl2b29EdW50RUNTVmpBd0hRamNYcE9NYWt4VVlycWFGRTlQYThYdlo1NFFfajFKd2pJYlRNRG9XeEh2YzdOcQ?oc=5,0.4767,positive
2026-07-07,2026-07-08,CVX,"ExxonMobil and Chevron Shares Skyrocket, What You Need To Know - StockStory",StockStory,https://news.google.com/rss/articles/CBMivAFBVV95cUxNNU5YQ1BZSHRxVnY5ZzZNUEtCRmJDcjVKdTBHLTM0N0Ewc1VXbzZRY0xLS0FkM0R4VFpCVkc1Z0lrbElWRG1BRDZmZ2pZTFBmRmNxamN2OHhtRFhQd3BaWi1SUHM4bnVZMGhwbm5yRUlTZ3hOMUw2VHN5Q0FrdjhHNlpsOWxwLXRIOHJZY3hNTUVNRkNOR0xBQ1ZSZWdYT2YtX3BIWXVqNkx0RG5UVkg2RDlxSmxxblN3THdVaA?oc=5,0.296,positive
2026-07-07,2026-07-08,CVX,Oil’s $100 Threshold: What It Means for Energy Stocks Now - 24/7 Wall St.,24/7 Wall St.,https://news.google.com/rss/articles/CBMinwFBVV95cUxPOTVQS0NQUG1YUEJxVTVvTDVLUll1bGo0N1M3MDdUU2NGZHU4NEF2dEpWZlRfNDlLT3pvblF4UklvWjE5eW1oOWtMMmo2czZBeWdRc1laUVZ3elo5YnQwQ2ZOd1lOcXZVbDktWVNfRDQtdFhOa3Raa3NUaGluaEE2WFI2aVpXSDQ0bjAzazhIZUFpVTVCX01pYVJKdGxpYmM?oc=5,0.2732,positive
2026-07-07,2026-07-08,CVX,Chevron Corp Stock (CVX) Moved Up by 3.18% on Jul 7: What Signal Does It Send? - TradingKey,TradingKey,https://news.google.com/rss/articles/CBMiigFBVV95cUxQLUp3cUlfRmZZQnNjUE9VSWlvM2JUdTlGV3J5UGNjcmw4SUFZSGhHQzZlQ3VEWTQwNml0NDlaZTN4Q2RUaUg0ODI5dktuR0w5UHMyaEVta2twdGtwQXpaMVJ1RjhXSXgyWGNmbGhUSjJiUlRUbTc1TWVtX25FOWFaODBSWDRDT1hBeFE?oc=5,0.0,neutral
2026-07-07,2026-07-08,CVX,O Domhnaill Enterprises Inc. Invests $2.50 Million in Chevron Corporation $CVX - MarketBeat,MarketBeat,https://news.google.com/rss/articles/CBMi0AFBVV95cUxPTXhCNTJGb2x5ZkktMFBHMEwxaXpLendLOHBkb2dxUU1TZVB0R2laQ09ZUzJZd0R0MFNGOFNiM2duSHlUcEZUVXg1SDhpTVdOLTFVZEVQVUN2LU5yMDZfOWI0OWtiZnYxd0FPNTAtYzdTczhmZ0hMRE5RY19TZWYtRHh2cUhmMFg1NWNMTkpTV1R5eXQtNVhDUnFYSy1HbzRQWFRVTE1KaG1QcnhpZm9mdkYwTFFCcll3MjNEVXVYUE10ZkkzQVNVN2xHeG9CckM2?oc=5,0.0,neutral
2026-07-07,2026-07-08,CVX,"Whittier Trust Co. Sells 36,284 Shares of Chevron Corporation $CVX - MarketBeat",MarketBeat,https://news.google.com/rss/articles/CBMiwgFBVV95cUxOcHRyMG5LRzNBX0dvM25WMDdwWWpyUGZ5N0VCdEFadFlxZ1BlOEdTOWtScF9XbTBFQzc0aU1WYzlGWG41TWI2VkNJU1FqQUdHcGxUZklDMWplNnQ2a1dmLXdMcE5DZ1h2NFZKb0Y0dnVWdzVWY2R4di1tNHdrNUQ1VU1PdGVKS0RMd3lUZG5abUJaektOVnY4S1NkZ2pPX3U3TzlldEo3ZU1zQ3hRTVQ2Yndha0MxdkxISGZvYnp2QzJIdw?oc=5,0.6705,positive
2026-07-07,2026-07-09,CVX,Should Chevron’s (CVX) Index Exit and Guyana Upgrade Reframe How Investors View Its Cash-Flow Story? - Yahoo Finance,Yahoo Finance,https://news.google.com/rss/articles/CBMimgFBVV95cUxQTTlEbjlKU3Examx4QTROS0hUS1JfMTc1Y0VVbXBtOWd4aHZtX2pHVk1feDYxZEU0Y2EyS1BrM01mNnIzUEpuWFduRWN6NlZlY0JFYVEzZUJpZEEzajhmUXE3V01sZC16SXRDS3BOSkNwMVo2a29JaG9QMzZVUFpocHpiUUhSVFV2YUIxNkVfaktSVEh6UmkwYm5B?oc=5,0.0,neutral
2026-07-08,2026-07-08,CVX,Here is Why Chevron (CVX) is One of the Most Promising Energy Stocks to Buy Now - Yahoo Finance,Yahoo Finance,https://news.google.com/rss/articles/CBMiiAFBVV95cUxON0diNHlsMS12eU8yNFVBcE5jVjRNZ0x3VW1FdVdOYl94enNjaE5mS0h2Z1NUVXUyNFhaVGYzV1VoRXZUa19Yem1LVzhPeEFhX28tUkdhZm9QbFFiX2wtc0hoTTJ1SjQ0eElVX1FQbjJKRnJ2c2ZzYThRU3VpZDJtS1hlbEdYMDIt?oc=5,0.6566,positive
2026-07-08,2026-07-08,CVX,What's Going on With Chevron Stock Wednesday? - Benzinga,Benzinga,https://news.google.com/rss/articles/CBMipwFBVV95cUxPX2t6d2JDZXBlOVZ1V1BrR1paZm1GeUJ3em1sSk44aEVyU0NKbjRLQkpmUEZLbXdjTnNDVXhOWEM1bXZrODJlUUw4OWx1Mk9vMWN6Y2t4NDE5cThFZ0hnMXIyQjFIY3hXY3cyYlBIRUl1dU9zams0UEdiMWp2MmhOdm5oeTNlY2x3ZjdSaG5UUV9FV3dEMl8tWTlwTlpEc0tnN0dWRDQzNA?oc=5,0.0,neutral
2026-07-08,2026-07-08,CVX,Barclays Reaffirms Their Hold Rating on Chevron (CVX) - The Globe and Mail,The Globe and Mail,https://news.google.com/rss/articles/CBMi0wFBVV95cUxOakRGeEtmWFhRS2d3UU9MX2V1UHpmWGZqT3VXS251eFhxamxCS0cyUGNleVBnbHlaTlFBZjhJWndDcU4teko1TTFNYmZjOFBERURrOUxzV2JtQ2dSMzZDZGVjdVNBV2tKLUo1aTlZUTdZV1p1TG1xWGhMMkF1MlJlRW5pWXV6eUlaU2dhQzBsV1l5WloybnptYWVTU01HSC1hWUl4UXNudU5lX0s2YjN4S19XaGpoLVNOMEtuZndMWjBMN2ZyNDV6ZnNEQVFocHdrc3dV?oc=5,0.0,neutral
2026-07-08,2026-07-08,CVX,Why is Chevron stock climbing today? By Investing.com - Investing.com Canada,Investing.com Canada,https://news.google.com/rss/articles/CBMinAFBVV95cUxPSGY5ZEoteUxrc3liVDFtTGFRY09ZWFROS0MtUVNPOXYxMlFjbEY0OWFnN1JoQ0s4enNWMk5fd3M5S3NmWS1GX0ZtRTFLSllpVWdHMlRQalBKbkJQWnctZnRRakxSbkF3N095bnZqT3ZJTjhFbnBRdnRXQnJScXQ0VUhCd0ZKMHZvS243cFh6OFMzM0JIR1N5S3JHWTA?oc=5,0.0,neutral
2026-07-08,2026-07-08,CVX,Chevron (CVX) – Among the 14 Best Blue Chip Dividend Stocks to Buy According to Hedge Funds - Insider Monkey,Insider Monkey,https://news.google.com/rss/articles/CBMiywFBVV95cUxPUEJwOVVpVkJPckJDSVRiOGdlTlZqTEdBZUhEUWoyanpud1p4SjlySlhReHRZMElSc0NsSTlETzlRcElNWVkwRGJNeWlsemI4ZUppSGFETUtJX0h1X3VnRUVVUF9qTWtNS1B3Q05CRTgzOGxtSGNfLUluN3pMelRydjllaEZDbGUzdzFtR0hTNlVvSC1BYlQydGplRTZQVHB2TE1ZWnNUckhTMDhmRHVfa2pzQ0ppRU8wTWYtS1lqeGk5RHZhMmd0UHBHONIB0wFBVV95cUxNT2JVUW1SU2FfR2NEanlCUlpwUnQ3MXAxYmY0NTN5VVpOMFNRamxxODRhV082SHlaMnNXV3FTY1FBRk9HSHdpaVRXRndwZF85LUI4ZUxfY2dZNnNTRUFmbTd1OWR5Y0RGUU1LbGhuRUJNMXhmRExDMHhOVmJNYUY0ZjhlOHFpNWRwRDZXd2hjM0FpMm1OU1hQcEhQc2JqamlFaHdST0wzeHVySTNjc1dVeklSdjVlT2tJWWJlNnNUeGNxUHBlX1ptcm5YSndWQWo2Ui1J?oc=5,0.6369,positive
2026-07-08,2026-07-08,CVX,"Stock Market News for July 8, 2026 - The Globe and Mail",The Globe and Mail,https://news.google.com/rss/articles/CBMiuAFBVV95cUxPRUFTdlJCSldFeWp5NE1lZk1CaHoyd21ZczNNTzVBR2piLUpuZXVjR2p3RlVkWThkUTEtVS0wMmQ1WlN0akZ6bEo5Rkhtdy1DZDhYSUV0WFBJMVBZczU5aEkwWk9OUXpWd0VZNHBaam9Wck9MT0RDLWJSUEQ5NHJVOXdZMnUwYjJHdkVYRzRjeHZUZl9Wclo4ampib3dGTjdhTzFjeE84a0lXdk5VWXBqYzN6WUpDdXc3?oc=5,0.0,neutral
2026-07-08,2026-07-09,CVX,"Stocks making the biggest moves midday: Broadcom, Chevron, Alibaba, Carnival & more - CNBC",CNBC,https://news.google.com/rss/articles/CBMimAFBVV95cUxNY2VhQ0VlRmtzYS02WHMxMkNqYnlnMG12SnFRVjU4UHNtV051Q08tZUg3eXBiczRSSXpTZmx6b0pvenZVNk82UmxuZnVnYmNxZGZ1ZnZvRW9zMldVRGhnLXJGWnpYQl9GQ2duVXR6N2YwR0JzTEwzdklSLVVFYUh5WDVnLVZpV1ZySUpTdklxUzd4bU9ycV95TA?oc=5,0.0,neutral
2026-07-08,2026-07-09,CVX,Why Is Chevron Stock Gaining Wednesday? - Benzinga,Benzinga,https://news.google.com/rss/articles/CBMioAFBVV95cUxPWVMzcXh6SDlvLWk1dlhEa3hIcEJCanRfX3p2dTQyZTc3ZWhEUHpYdjZTdVpna3VQQ3NPUUN4WEw3SkNxakVnbm9lWDY4b214akRuSG5NcFhyaHJPZTFPLVN3R2IxdVRzVnBucExjcTIxakpDeHdjVEJfNC1GV0JoRTl4VVVSV2pMQUttYzVmejRuMzlvb1Y0a0NRTFVCWVFG?oc=5,0.4215,positive
2026-07-08,2026-07-09,CVX,Chevron (CVX) – Among the 14 Best Blue Chip Dividend Stocks to Buy According to Hedge Funds - Yahoo Finance,Yahoo Finance,https://news.google.com/rss/articles/CBMilAFBVV95cUxPcTkxVEw1NWs5ZHMySFdvZjlzYW55YzdGY0JfMjI1QU1UUG1OakF0eTR1Qk9DZTRjdWkxejBFdXFvOHF2cnFDWUtQR0dzYjJkR3NtcHBOaTVlUVFvX2pVaFRySjhNc01aLUpqZkc4UmtUMjZDOXlSaGd6c3FZd055S0JRY0YyLVUzRlBTNDBtSXRuczhX?oc=5,0.6369,positive
2026-07-08,2026-07-09,CVX,"Chevron (CVX) Following Index Removal And Guyana Upgrades, Is The Valuation Case Intact? - Yahoo Finance",Yahoo Finance,https://news.google.com/rss/articles/CBMiogFBVV95cUxQeTFDR1BtZ1IzT3QyanBqbzNuTVFUS1ZKVnN2Y01ZRnhURDAxc0xFZjBKQTVteTlTRmRkbXl6SGQyTERxSzFOWUthSGUzNk90dlNNZXpPdC1pQllTa1YtNHJST1A2NE1pcWJoREI3Y05nQXJoU2x6QVY1YUlaNFJDejJfYVV2LTgzamlMREMydjU0MF9aZTFmV3g4WGJrdWozU0E?oc=5,0.2023,positive
2026-07-08,2026-07-09,CVX,"Lobbying Update: $60,000 of CHEVRON PHILLIPS CHEMICAL COMPANY LP lobbying was just disclosed - Quiver Quantitative",Quiver Quantitative,https://news.google.com/rss/articles/CBMiywFBVV95cUxPVHViMHpGMnNOZ3BvM0R5eGsxc2ZodUk0RjlFb3dKa01iNTNJUVJSOXNqQnBSNHdKYjZ6NEpkdE85U2xNTHIxUlYxTjJzVGRld3BLQVJEUHplWGJuNXRsSUpDTlJLTE9CcVNlZWM3SGw1VFpxM3NuWTZZOGFmQlVDOEV1Tk9kaFd3ZGZiU0ZYbU5LanJCWk5HWEoyZnJ4Y0g2S3VmUFdvMTJYZFJnbUNOaVZYZ3Ezc21jX285b0pOc21Fb0pHSGlWaHhhRQ?oc=5,-0.1531,negative
2026-07-08,2026-07-09,CVX,CVX Handed Shareholders $115 Bil In Five Years - Trefis,Trefis,https://news.google.com/rss/articles/CBMiqAFBVV95cUxNSkkyU19YN1pNSnlGRnk1cHBUNDNBVEFKMkVkVkljSEw3a2llZVpGZ1FEWlROVFVqczdoSWZiclVJNzhINFlEQXNFbldsZzNhNER1TWg2NmJ0VXliSlc5LTJndDRIMjRKQ2Faa0FFb2VkLWYtS0tMZXY1UUpmb1M5LS0taHVLaXo5RXM2X1A0b1NEdmdVb3EtOFBnMHdjd3VrVXJaRmVrME8?oc=5,0.0,neutral
2026-07-08,2026-07-09,CVX,"Stocks making the biggest moves premarket: United Airlines, Micron, Chevron & more - CNBC",CNBC,https://news.google.com/rss/articles/CBMikwFBVV95cUxOLTZOQllFV1ZESzBZM1o3cUwwRzBub2wyNHN6Q0toVmFBbVgwd1JmVXpTUXZHZUkwTUwySlYyM1ZqV3RLdXFWcjZQMWJOc25qR0FBSE9iVUkxUHN3SUwzSnhOTzF5XzZsU0JIZkRGVjlxVnotbTFUSGM2ZmkwT0lYM3lmTkhHQ1laS25HT3VrQ0dpbmM?oc=5,0.4215,positive
2026-07-08,2026-07-09,CVX,Why is Chevron stock climbing today? - Investing.com,Investing.com,https://news.google.com/rss/articles/CBMingFBVV95cUxNMnFGUGxiUkh0T19KdG5BMV9QZzBub0RaLWpuMTJRQUs4ZkI1Z1NDZi02cy1XQkttTnNyT0J0SzJHaERZaHNMVzcyR0dia2V0dFhNVWJ5Y3VwdWs0UE9jbi1GWTBSMnk1MEU1blpsVTJ1OWdXcE16T29rR3pKODNNVVRGV2wyQVpMMFM1NDh5aXdrRjVOcDhmVmZwakhuZw?oc=5,0.0,neutral
2026-07-08,2026-07-09,CVX,Chevron (CVX) Ascends While Market Falls: Some Facts to Note - Yahoo Finance,Yahoo Finance,https://news.google.com/rss/articles/CBMingFBVV95cUxOZXdIV1NJaDhBcmNmM093X2VDNVQ2dGNXOEhtZjFyU2Y2V3JyNkFpSEVpMDZ3NWdBcERCQkVfenUyWWNHRHA1SnFteUtRcWY5UDlqbnFya3BjY3l2T1EyRGQ4U2xydk1oaUtrMk83Zk1kaFNYbmQ4ZWxuV0Q5UmQ0X3Y1YTZKdFZ1YUhieFBaRXA0SDIwaE9Kd19XeW9Jdw?oc=5,0.0,neutral
2026-07-08,2026-07-09,CVX,"Occidental Petroleum Jumps 4% While ExxonMobil, Chevron Lag: Evercore Upgrade and Oil Spike Fuel OXY's Lead - 24/7 Wall St.",24/7 Wall St.,https://news.google.com/rss/articles/CBMi4AFBVV95cUxOWWhpUlpLSm9lM3BHOEYwM3QwamVCODRJa0NLcnlUWlZ4aVluQkRONlBQbVEwOGppaUcxSjktZ2dJb2FwZ1llSkVmY2RGOFVlbDdWYUExc2VqRC15Z3hUOUFfNks3TEdkLVMzQU1adWpDbUxwX1dYM1lNZ1h3R0hybnY5TWFhbFFCU0hfRWlOUjYyOG85SEstUlE2RzNNTG90QkY4SzZOQ20tNjJWbXdPTDJGTDJ5T3JVX0lYdS1VOHlvMFZ2TXUxam1CUnJpY1p5REFzc3g5U3p2ZWd4eVJCbA?oc=5,-0.34,negative
2026-07-09,2026-07-09,CVX,Chevron’s (CVX) Data Center Ambitions Are A Great Way To Play The AI Power Bottleneck - Yahoo Finance,Yahoo Finance,https://news.google.com/rss/articles/CBMilAFBVV95cUxQNi1XQTFUZjE2c1p3bno0RnhwRnR6V04yLVp2VWlFZlZENG41bEYtWWNDdTF0QzFOcG5LeXVJbXdWYUdnVF9xR0VCeEdWNjViTndkX1hkbWhiZlRHZmdMemxHSkZTcTBoVHQ2MlhHVEl6aVVOV1pMZXZ1VTlKOEYxeUFnaFNSbklWR3pwYUlEaE43TVJF?oc=5,0.7579,positive
2026-07-09,2026-07-09,CVX,ExxonMobil vs. Chevron: Which Oil Dividend Stock is the Better Buy for a Lifetime of Passive Income - The Motley Fool,The Motley Fool,https://news.google.com/rss/articles/CBMilwFBVV95cUxNLXZrQzBSc0NUQ2VkaF9kUFF4N0xOUE1vZTk4TnRuN012ZDloTWtJZ1MtQWZSTVBDWmVBMVhxQkZUSmpMZ1k3WlAxd2FYWkt3R0l6Znl3a1l1di1rYkZaQVVUZEZVTTRMWmstQlB4UnVDemw2dTE3N05qZGNrcC0yakYwZFQ5NXlaMHBtQ2w1MDhpVGppNDJZ?oc=5,0.2023,positive
2026-07-09,2026-07-09,CVX,Bernstein Reaffirms Their Hold Rating on Chevron (CVX) - The Globe and Mail,The Globe and Mail,https://news.google.com/rss/articles/CBMi1AFBVV95cUxPaVE4TXBWYTY4V3dmdTVvek40RGNmT3pGZHJPWGlRVjNmbXcwbWxTSUJyQ3BhaU1YbWJ1SURhT0g4NVd5N3NkT01WdGNDY3JXRzNURXFlTTNWa2VzeFJ6RHFmVm9sZjFfR0NQQmtmenRWakVtQU1KLXRvNnZBUmVQUW9RSHhhT0w5cm9JTjNHY2J5LXZueE1ndVJ4b250TWhNRmdIRDd2Ql9iTUNtX05WcjRtVXlVNzRDX1pBZU9BZEJWNFF2amJZUG9yRHdoWnYxeU82bw?oc=5,0.0,neutral
2026-07-09,2026-07-09,CVX,ExxonMobil vs. Chevron: Which Oil Dividend Stock is the Better Buy for a Lifetime of Passive Income - AOL.com,AOL.com,https://news.google.com/rss/articles/CBMihAFBVV95cUxNSl85SWN2SnA5czFBc2xHd1h4QnlWY0lFS1BGWXJqYUdrcy0yb0d5OUVSNGdZUzkyWXp4YzhqLW5oOTktX1NXWjBHcF80X3RNcDZrQ1VPa1c5X282c0FqcHYtYk5fTkFiYURkc19BVmRTYmhIUDB4S3ZZRDdtZV9LX0pFUlc?oc=5,0.5719,positive
2026-07-09,2026-07-13,CVX,CVX Stock Has A New Bull Case — Why Bank Of America Favors Chevron Over Exxon As Hormuz Risks Push Oil Prices Higher - TradingView,TradingView,https://news.google.com/rss/articles/CBMihAJBVV95cUxOcFJoWVZKaWd1X0ZwMXpKSXZ6S2J3MS1raWMwVlNjUWdhd0JGSFU2SDZDTkdaWWw3RFhZNHZUVUh1T0VDTmJwNmRjanptcWFqVDZzV29LdEJCcktrLXluSktrZllBRXViNkk3OHRzZU81Mmh5a2doR1gxci1waXRBN2RKUzFRenVuUmNKc0NiRmFIWXBuS0plVlhUekdheml4R3Z6ZTNOUFgzOWRDbEp0NDd5M3FYN2RzdTNmNUdsTXI3eTlVQ3JmYVFkQWVwc1k1WEplNk9rekpSdlNhNmZNZld6eU5zU0RJd1BGeklaTGEzbWItNHRQX3dIcUJkeW9jbERBdw?oc=5,-0.0258,neutral
2026-07-09,2026-07-13,CVX,ExxonMobil vs. Chevron: Which Oil Dividend Stock is the Better Buy for a Lifetime of Passive Income - Yahoo Finance,Yahoo Finance,https://news.google.com/rss/articles/CBMioAFBVV95cUxPMnhna215MzRaZjlOWHAzUnhrR0JYdXd3M0doVU9GS3hmdXBMcXBubWlkZGFuYWFoLXVpSXJad2w2d3IxOHpzSnFROTdIb1ozNGQ2QW41eXYzLUtoSTFiTURPQnloM2NnMDFjMGt6d0Z1c0pBV3RCbFdQaUxRb3kzeVhteHhsNmdrQzFGX21Td09iTVp1Y2F6dkU0Rm1UZnRw?oc=5,0.5719,positive
2026-07-09,2026-07-13,CVX,"With Iran Tensions Heating Up Again, Chevron Stock Looks Enticing - Barchart.com",Barchart.com,https://news.google.com/rss/articles/CBMirAFBVV95cUxOM05WaS1WSVJOZ1pma2RqSTVhSmVkTnN4RXg5NVY2Z21lU3NkUVlfSXNhZVlJMm9nS0o5VFpQOFdxTVItbEROQ1daWVYwdVlkckwzSGd3VHJiazJvSW83dFUzdTA5b3JxMzJGRUVBd2F4YWtUclZ0Z0ZyLWN5ZTJsUk1TS3owSkplMU9MdWh0MTdrUkxfY0dhb2NrQndBTTlVY0NaRE1YemJkRjVG?oc=5,-0.4019,negative
2026-07-09,2026-07-17,CVX,CVX Stock Has A New Bull Case — Why Bank Of America Favors Chevron Over Exxon As Hormuz Risks Push Oil Prices Higher - Yahoo Finance,Yahoo Finance,https://news.google.com/rss/articles/CBMikgFBVV95cUxQeE9fSWR6TXdUNjBTaG5JMThwaFZzMTVzSTNtN0xjdHNmSzBsRnhydkZSLW1LZzJSczM3ZTFKdjcwMHpNLV9Hb1QxNW9qU09abFZVSjk0aDRweTNmZGFpRUZsTVkzbkc4c3M1TlRWbVM1ZldGYjhOWlozdkVDb1J4S1N0VFhzd291WFExMGp6cHJfdw?oc=5,-0.0258,neutral
2026-07-10,2026-07-13,CVX,CVX Stock Has A New Bull Case — Why Bank Of America Favors Chevron Over Exxon As Hormuz Risks Push Oil Prices Higher - Stocktwits,Stocktwits,https://news.google.com/rss/articles/CBMi8wFBVV95cUxQUjlTbERWbzB0RUMxQjNSZXczOFdrM05MQUtOLU5VbnY2enRQZzdMRjZIZGJZNnh5bVRUQVBXWTl4V0xEQnJRMGpfMldQZWZvNGdndE45QThfRkw2bG5BcWQ2X0lWaXpHSGI3N3BDQWs4eXhCSVdKNmgwMXdBUFkzUUVFWWZqM2VJQnp6NVBnUzNVZWhaT214UkZzR1YycWxOb0lEMUFGeWZ4cjhud1ZfWGNkWkRDT25RekQ4UXRPR2N0T2RIZGJwU2RCUnh0RjUwSW40QUtoVmthZlFfaHRtS3RVTmkwRzNKbklYcDAzZTR6ZVE?oc=5,-0.0258,neutral
2026-07-10,2026-07-13,CVX,CHEVRON CORPORATION (CVX) - MSN,MSN,https://news.google.com/rss/articles/CBMiggFBVV95cUxOQ2FyLXZENE9qTVAtTTluSW14RDN2YngtZFRDcy1rM29zR0dUdmtNcXZ3MUMxTjJ1ZFdGT1M1SExrakI4UlpfRDRnWF9RbEN5TEV5UzhnN3VqWXFyV1hyMzA3dS1SY053UWM2c2VXdTVIc1k5SHpib2dEUGFpQU5HMkRB?oc=5,0.0,neutral
2026-07-10,2026-07-13,CVX,Mizuho cuts Chevron stock price target to $224 on valuation - Investing.com,Investing.com,https://news.google.com/rss/articles/CBMiugFBVV95cUxPbGc3dVA4RUlJZk5aU2ZURjFBOWFCT3FSWUc4ZzNBRm81QXNWU1hNZVBzamlBa3k4c3dsaFdiQkF0WDdTV0l4eTkyQi1sY0ZzVWkxS1ZUYUdyXzI4ZzdUeDZEeXp5ZjJNWHpoM1Y0TlR5T2NyNDJVamI3OE9ZV2VhQkVBejZvRHhtWGVsTWJFc0xWdFVobnRZVVg2RVNxN1lfd2w4RS1TUmY2SzZveHBPaDJGanpVMUo3QUE?oc=5,-0.296,negative
2026-07-10,2026-07-14,CVX,"Chevron (CVX) Analyst Ratings, Stock Forecast and Price Target - Moomoo",Moomoo,https://news.google.com/rss/articles/CBMi1AJBVV95cUxQQzNTbTBSc2l5WUdFazBkT0U3aUpJS0p4YzhBYkNhMHp0dW5RMUtvRXFjOWFpWmFCRGs0QmVUZndROXM3dHpkNXRSUWRIQ3NNODZOSGVVZ3R1MmUyTFV4VkJYXzlyOEE3ZXJyYjctWno4RUtzZG94Rm1XcWxqeEItazVyMEEydUxzbnFqLTk2ZV9SaVdlQ3hMd2JLcGpnOHJaaU1jVVE2c0pHUzEydHNFaE9Fc0ZQb0tjcWFoRmV5X0x0NV9UclpFQ3hkaEczN0hoa09XdUU4NjB2TnVDa1hodUszalB6YUE3dHFvSFFnQ1pSZVNqODZhaW1EZ0pCRGV2T3dlaU1aOHhlaUxYM3Jqclc5VVRucGpMd0hnNkthcGhlNkFJNWxzdmpsalFKWFlERzU0dDZHZ2IxMlI5VHc3VWptU0RyeVZjYk5jV2c5NGNIXzdD?oc=5,0.0,neutral
2026-07-10,2026-07-14,CVX,Chevron (CVX) Stock May Be Fairly Priced On Fresh Oil Surge News - simplywall.st,simplywall.st,https://news.google.com/rss/articles/CBMivgFBVV95cUxNUU41NzFVTXd0Y09BRHZhelhoenRVTnZENFdHV0tUMkVmZkVQRnh4eUZPMVdmUVpKRWh5dWU5V0EzUFVHUkg1U3QxbTkxOTNHLVhiRGptYVg3OFVuUm5iZTBibWQ3R0RXLUhCNjN6UVZHNjg3VFVIRGFNOFBEd1VBalVOLVVYRnJaSkRDSHNiU0FEZy16WTNwUDlXTWRiM0FaaUJZV1R6cXRfQUNjT1JBTWxfZnJ0Z1hpa0tQVGhR0gHDAUFVX3lxTE5Hdm45YS02dWVaVXVVenFHYlZrOU1Vb0dsdUU5YTNjU2FtZDU5MWMzeXVjZ3JkZkpRUEl2eHYzdW81TEF0Z3IwUW9QNUJuM3NpSnpfOHZfVVlqdU0zSFJzM3N4MEZMR01VUU9JdnlBSEM4NWg3bkphenFKRi1lSFQ2Z0dJUkFOTG5BZEZpVG5ZdTZRWHN0WnYxZl9CcEJDN3gyYWE4TWpka1hRMC1YcWYtUnpMVi1VdDJpOVJfaGZ1NWo2NA?oc=5,0.3182,positive
2026-07-11,2026-07-13,CVX,Chevron (CVX) Stock May Be Fairly Priced On Fresh Oil Surge News - Sahm,Sahm,https://news.google.com/rss/articles/CBMitAFBVV95cUxOcVhaNU1SXzBSMWJ4OFcyWHNySlhOZ2x0a3dJcnJnNF9CX2laSHJVMl9HMXNWS3h1TUJfVlZmdkp6VjUwWGhYZU83YkJYNmlHRkF5dElFSXFDSlVYNXVUNlY3MWZ5Z2w5bENOQWpYLWY3OC1kVmdOdHFENkl4aDVDOXY4cEdqR3FwbVpSNTFpZGlseHhBa3RsOXNrVkh6WDBfUFd5Zzh1cjFTa1RTdXQ4Q2tXcGg?oc=5,0.3182,positive
2026-07-11,2026-07-13,CVX,"Chevron (CVX) Gains On Oil And Power Deal, Is The Stock Still Undervalued? - simplywall.st",simplywall.st,https://news.google.com/rss/articles/CBMivgFBVV95cUxQMjJ6b2VrckZYTEIwd2wyOS1GU1ZtUno5SVZSeUl3dVhHNzFTLVd5VmxWZTRHNnk1U0poeVlhYUEwWlZYcDgzQXBHMEZ4NEZackQ2dVFVOUpkXzNTR1NzeUUzbnhUTDRuV0NFTTRiWjVqcnloZENGSmF2cGpqdEY4SlpQR1ZBRDhxTFBvblA3a3pFMkMxRXUwV0llVE5TZS0yRXl3dEdKb3dzSGZ1bEVvdXRtNzFSN1JYc29QOVl30gHDAUFVX3lxTE1TZnh6VVM4Q0NkSGVlUXZCX2E2NVEtQjFOaWJRTDQ5REh1dV9odXl0dEhPRGJ6VDhKTzM5bFBmd3Z1YUpLeEZCZzVJR1dTbWJLMWlZY1FONlpydndqN3ZIT3k2MGpHbWc4MFB5NENkUEVTeTVGdFYxakl1R2pQdzBtOUhpOFpXWkFCd2QtLUw4VGw5eGFfcjdENVFreE1va3g1SUZHLVlsd3VZY1BkUVp3bnpRTWs5NEFLdFdEZEZTcldZOA?oc=5,0.34,positive
2026-07-11,2026-07-14,CVX,Chevron May Have Unlocked a Powerful New Growth Engine - The Motley Fool,The Motley Fool,https://news.google.com/rss/articles/CBMihwFBVV95cUxNbjVtMWw4Qkk3bWstWG82VktTZGp6MFd2MGRmM2JMUl9MSWFVUmRQQzNQR2dSLUV2SThpa19ub201T0loWlljVkctdDZId21BWVBKdTR4RmktZVBRQ0p0aEgxbUFwOUd3OXVOV1lRNW1OWlpOaUtCLUZLRDZaTU1CS0w1dVVFUWc?oc=5,0.3612,positive
2026-07-11,2026-07-15,CVX,CHEVRON CORPORATION (CVX) - MSN,MSN,https://news.google.com/rss/articles/CBMiggFBVV95cUxPOWxNcUxLeXd3cldIOENUYkRhUkg3WGQ3T0tlZTN3d012UVJQNzFZMW1ydG0zQkk2bmprVzlScHVuaTUxSDhsV1VVeHR2ZTJnLUctYXZMTWpJT0dsME5zZHd2X25FVzJYT3BzcDk4MXNFZ2xnQVp6Tmo2MDJZbkNpY29B?oc=5,0.0,neutral
2026-07-12,2026-07-13,CVX,Does Chevron's Joint Venture With GE Vernova Make the Stock a Buy Ahead of 2027? - The Motley Fool,The Motley Fool,https://news.google.com/rss/articles/CBMijgFBVV95cUxOLXlGSlg2a3hLTzc3a0VFN3pIaGs4YzBLVjZPbHlMVk9lUV8tUnJ2OVQyVk1VcmNEZVBEMEVkZEY4NHgzQjRPNWZBMHlZTGVZakJzdFFQZGpQanZWMktianJQenhZNHlvSm1qQlpNa0ZiM04yZGx5VHhZOElJaGFjNnVxTHVpQmF6TF8xbWFR?oc=5,-0.4404,negative
2026-07-12,2026-07-14,CVX,XOM Or CVX? Wall Street Sees More Upside In One Oil Major - Stocktwits,Stocktwits,https://news.google.com/rss/articles/CBMivAFBVV95cUxPYlhxU3dGRWJFeE9XSl9uS19teEtIVlJmNE9JSXZtdlhqaEhzeF9OVUVHcXZBY3I0WVpaN2dnRUFMTWd0UWh2M081RWFscnNBYkFFZC1Qc0pUZ3dQOTBldjVBSnpqbWhrY1dGNzJjQ3dRUjlqQ2Q2WFNocmV6dUQyaWxsZ3M0ZEdIZzRCbGxsakRGbzBrVnRFdUx2V1pJd2tnQWtkdHVVMW5PM2lxTkxvRTA2ZXNLTi1Xek9Gcg?oc=5,0.0,neutral
2026-07-13,2026-07-13,CVX,BMO Capital reiterates Chevron stock rating on strong operations - Investing.com,Investing.com,https://news.google.com/rss/articles/CBMiwgFBVV95cUxQcWZuM0VuNHItTktRMlpzT2dXNGtiZE8xQkZ6aG82X1hmbnVTUGtXUlVJY00tX3ZvbWpvdWtrLUJoNVRiQTFmLTlvWV9sRG1DLW9yYThqWThtWm9ydVQ2MmJWTTY5U0QxT1FKZGlRbVNzcGJuR2ZZejlmX0YtYnYydXdCUXJDZ09BT2VFZHlzMTczUXVRcUFLRGVBVk03dWJqLTdZTHFEZ1VPd2NaZWV5WFZzRUR2bklfTGNrX19tYjl5Zw?oc=5,0.5106,positive
2026-07-13,2026-07-13,CVX,What Chevron (CVX)'s Hormuz Shock and AI-Era Energy Pivot Means For Shareholders - simplywall.st,simplywall.st,https://news.google.com/rss/articles/CBMivgFBVV95cUxNcXN5X3VSODRLZEY1M0dFd1dXckw5RC1NN3U4OGhqd3VOS2xBOFBiTmVPQUduajZwTFpxYy1BbklNcHRweHc2UDNmcVZpZ2tCZUROWlFJQVhSMmduUzU2am1ZT0U1ZUJPd2hGU1ZpZnFjN2ctak5XWXFRakQ2TEJTT3BySU9BY1U1N1l2TTFFVTNFamFPbDFLdEttTmpCUjJneUx5dW5kcXpMd3pYdTlnVlNmU1p4QWt2TVZ0Sm5R0gHDAUFVX3lxTE1icDdqNGNtUW5ZMTQzLVVKcHVvdjhxcGRqdzJCREVZaWViVTVLbmp1SVBVYUtsaFdxWTVOV3pLdVNnRGZzd0RBQkVjYmM1YU9ndVlhbjM4eDc0azNoMUlXMl9KeDNPazFrOUFuNU50ME54NUVKTTRjMlE4X2VjYW9sVG5lVzhrZ09iMGkyZWRYN3p6Y3hPTjNJY1RWQ1M5VlJSVTRka1NaM243Wnl4MVlFUHl1LTV0SXBMbkdYdW5US0VyTQ?oc=5,-0.128,negative
2026-07-13,2026-07-14,CVX,$CVX stock is up 3% today. Here's what we see in our data. - Quiver Quantitative,Quiver Quantitative,https://news.google.com/rss/articles/CBMingFBVV95cUxQeFhlT0d0TWVnM24xdGJidUY4b242N0luUjNXSnVZdUNUWWl4U1JsanVJYl9FenZGTHlnVTItc1Z4emh2NzY3Vzh1dUFzekxyVlJ6RERCc3RnT2txSnR6eWNURVl4RncwZ3pqVnF4UU45OXFHME82ajU1cEd1aVFzRmt2T3pKbWFKZzFLRWh6VjZ4bUxqVDFJNHpOSktTUQ?oc=5,0.0,neutral
2026-07-13,2026-07-14,CVX,Chevron Corp Stock (CVX) Moved Up by 3.16% on Jul 13: What Investors Need To Know - TradingKey,TradingKey,https://news.google.com/rss/articles/CBMiigFBVV95cUxQVlV3RzBNYmJVLUlHd3p3RmJQa0JrdFQyOWItdlhvbmhsdVlyT2pXUXpTa0lmeVhPLTdYcmtnUDlkWEdfRGZHa1N0Si0xdnhiR1hEbF84Tm9xQng4enVQM2RYbmExaU80X1pQQUhCUzF3T3hUTmRJcjVuV1QtVEhtTnppMF9CYVlncnc?oc=5,0.0,neutral
2026-07-13,2026-07-14,CVX,Chevron Stock And 2 Oil Price Sensitive Stocks As Strait Of Hormuz Risks Rise - simplywall.st,simplywall.st,https://news.google.com/rss/articles/CBMi4AFBVV95cUxPSUNBLVFxdHEtdnVaQk1NZzZEbDFvYW9XOWl3ak1XeVgxTUNaTlA2dnBXcGtqNzlUYS1KY3R4aEhHTE4wN0xEQjViSzE5VERtdHBjT0ZuUUsyc1M5OFEwSjJPWGtZZVNMN0kzSlk3Y3pEc3h5WEJ6TzUyd1BNNU1Rb254VlRyRUt1WWRrdm1VNGNlb0NfM1dOVmJXc2xHVFBBSzB3UEYtTFhxQmxUOFBnd05zb21Cc2piZmhNY19sS0p0OFIyZXVhdmtpSUh5eFh6MDVpbC1DZnB0eGNYaGpIYtIB5gFBVV95cUxPMm9ZNm92OGxqWFBkSUFNdnExNW5MbDBuRFFObTVQUGN2RVF5VUNQRlVTaDZDMEJXSlY5bDJzYjZYRWtIc0J4N2dKOEdmUDl5T1pxeDctbFY2SW8yV1gwTHBrSk5ERF9iaDJad1ZacTNwOGVyYndoSlJlS1JhazBwQS1vMldSWExteVBiM3BjTFVKM0ljTlVhUzRWbVotYXZMOWo4SXJQS3NKVmM3dHBiMl9yanMtUW03VTlicUsxOUtNUUpsRjhvY2dpRlk3QUNQMF9oVDlsNjJyZ3VVTHVaWFlrYjltUQ?oc=5,-0.2732,negative
2026-07-13,2026-07-14,CVX,Chevron Stock Outlook 2026: CVX Gains Momentum Ahead of Crucial Q2 Earnings - top1markets.com,top1markets.com,https://news.google.com/rss/articles/CBMigAFBVV95cUxNd0J6VzV0TmJZbjNJMU5aelJFN1l4V1ZYOGcwMkFkb1VhSzFacURLekRYeEt0ak5xWXpfOUZHTmhLM0Z4RW5XeFh2OFV5TEg2WjVNMDdPc3lWMHFJenp2UWo3OHpDV1kxVkk3QWlEdENYc3c1NXA5Q3ZtQjNFOGZ1Vg?oc=5,0.34,positive
2026-07-13,2026-07-14,CVX,Chevron Stock Gains As Analysts Back AI Power And Oil Tech Deals - StocksToTrade,StocksToTrade,https://news.google.com/rss/articles/CBMie0FVX3lxTFBqekp5TUZTbDY0N0ZWMnlwNXAyUDF1NC05Z1VHd2FiS1NFY3cxeElWVVcweHdtcGNRTmhMdGY4LU5ramxtY3U4elVuMnNLVzVKN1VwR2o1aW13UGN3cm5YSnFLdUp0VXFuRW9yRklCb1BTMGdzQUxPdVF2RQ?oc=5,0.34,positive
2026-07-13,2026-07-15,CVX,XOM Or CVX? Wall Street Sees More Upside In One Oil Major - Stocktwits,Stocktwits,https://news.google.com/rss/articles/CBMivAFBVV95cUxPYlhxU3dGRWJFeE9XSl9uS19teEtIVlJmNE9JSXZtdlhqaEhzeF9OVUVHcXZBY3I0WVpaN2dnRUFMTWd0UWh2M081RWFscnNBYkFFZC1Qc0pUZ3dQOTBldjVBSnpqbWhrY1dGNzJjQ3dRUjlqQ2Q2WFNocmV6dUQyaWxsZ3M0ZEdIZzRCbGxsakRGbzBrVnRFdUx2V1pJd2tnQWtkdHVVMW5PM2lxTkxvRTA2ZXNLTi1Xek9Gcg?oc=5,0.0,neutral
2026-07-14,2026-07-14,CVX,Ranger's three hybrid rigs are expected in the Bakken in 2027 - Stock Titan,Stock Titan,https://news.google.com/rss/articles/CBMiuAFBVV95cUxPbnNJdm83aGNuRE45REk4aXN0czhXbTRNR3RaR0k4WDVKdFluQUtTRHluODZ6ajU1MTBQdlBVaGI2MmJqTk9KRVhYdWVhVV9iV2cyNFZxb3JwZXd1X2RWYjNhQ0pfT0kwNF9ZS1pNRWpsU3NLbTREUDdTbjZtNnh4S1BDR0R4b1Jxb1Q2TTlXdWUteGc4SWxVQ09OMjJTdm93VlVaaFFGc0RoWkdwbVdsdXBOOWtNVUFl?oc=5,0.0,neutral
2026-07-14,2026-07-14,CVX,Chevron (CVX) Receives a Hold from Barclays - The Globe and Mail,The Globe and Mail,https://news.google.com/rss/articles/CBMixgFBVV95cUxPX3F4Q0VYS1h0eXhfal84M1ZEOW55ak83d1hLUzFJcXNIRTZmTDQxalE1UU1GUzBGcFkzejllQ3JWV2FKbVotOVVaWHFlbnd5WGFXRkFQakRnSjlnbmFWdGM1SjBVMkViZ2ZnNGY4ckRRQVItRWdBYVJwSTdxSHREazRkR0V5Q2xDeVcydmpEMU9jQzQwSkpsZkJYMWNVWEVKT08tRFgyM0RETzFmLUV2MHJyTHNCdWdFQlJmX1JVSC04QUlrckE?oc=5,0.0,neutral
2026-07-14,2026-07-14,CVX,"OPEC Cuts 2026 Demand Growth Forecast Again, But Raises Its 2027 Outlook. Here's What That Means for Oil Stocks. - The Motley Fool",The Motley Fool,https://news.google.com/rss/articles/CBMi5gFBVV95cUxQVnM0c3VpM3NrNE9aaXlMaHVJbGwyOHdISDZfZTN3WW9KeS1mVFZfWkxvTUxPalFMeUI3b0h3MlF5dnI4dE9nVFFKMmZYRUxfQWV2dXVpTThFT3R5NkRaV0FMdHU3aTl4dE9lSFVVZ3YtU2tLS0tCR0h4MTc1NHkteno0UFRuSXljVkpTTmNLNVNBc2g1STM4UW5Ib2JldjNaZnA4d1VHTE1RWEZrcXNoMHZqYVo5RlhZSm1NUGZ4SldUaldHM3BHUEI1elZZZGM5Xy12aUJWQm1lelpNdE4zem9zTERXZw?oc=5,-0.5994,negative
2026-07-14,2026-07-15,CVX,"Top Stock Reports for Chevron, TotalEnergies & Robinhood - Yahoo Finance",Yahoo Finance,https://news.google.com/rss/articles/CBMipwFBVV95cUxPRlVkTTJnZGtDYkRPcl8tcGRpR1YyY21iWXVPVDRMYklSME9DZkduQ2t1aG1HbVY5WFFPNkNMRnBXNzVtb2pFOGc0aGZFNWE3YWxPQlItaS01RldVTU8ybzJGQXpJOEdOV0NuVTJnNmZidXVCblBrREJMaWljTF9QcGFONjJnWm50bWk2V0pVZjZrMVl4SUZmZlZPUVlnekNXZUpOelBkUQ?oc=5,0.2023,positive
2026-07-14,2026-07-15,CVX,CVX Stock Has A New Bull Case — Why Bank Of America Favors Chevron Over Exxon As Hormuz Risks Push Oil Prices Higher - Stocktwits,Stocktwits,https://news.google.com/rss/articles/CBMi8wFBVV95cUxQUjlTbERWbzB0RUMxQjNSZXczOFdrM05MQUtOLU5VbnY2enRQZzdMRjZIZGJZNnh5bVRUQVBXWTl4V0xEQnJRMGpfMldQZWZvNGdndE45QThfRkw2bG5BcWQ2X0lWaXpHSGI3N3BDQWs4eXhCSVdKNmgwMXdBUFkzUUVFWWZqM2VJQnp6NVBnUzNVZWhaT214UkZzR1YycWxOb0lEMUFGeWZ4cjhud1ZfWGNkWkRDT25RekQ4UXRPR2N0T2RIZGJwU2RCUnh0RjUwSW40QUtoVmthZlFfaHRtS3RVTmkwRzNKbklYcDAzZTR6ZVE?oc=5,-0.0258,neutral
2026-07-14,2026-07-15,CVX,CHEVRON CORPORATION (CVX) - MSN,MSN,https://news.google.com/rss/articles/CBMigwFBVV95cUxNbF9qeGNNZVZueUxVak9NY29VOHdxd3lhUjF4eVVHSDROdkJsYWRla0pVbjhJbTAwVmI5aHY2TjJzbTdUc2xuZDg2M3Q4S2djblFMYkEwZGRGOHhvcTg3N3dQRFJoZFZDOWhhZEVpVlRxb1ZWNjFONVFNWFVOVFFRZVY2MA?oc=5,0.0,neutral
2026-07-14,2026-07-15,CVX,BMO Capital Sticks to Its Buy Rating for Chevron (CVX) - The Globe and Mail,The Globe and Mail,https://news.google.com/rss/articles/CBMi1AFBVV95cUxNZUVnZThHNkZDOGxGcDhraFdKcWYtbUVreE5ZQndiSk16c1FLNUZEZ1daTUpEY096d2psX3FHV0xnOEdGdkN4cWMwVTVDTmo5WU9DVUtLS2taVDB4OWlNNGd6YzkzTzNZbDJlbzg2NXFGaUVYZ0MyeU9LRHViVzFrSVFFZEY2ek1lMjU3NnExSmg5bUVUYjA0d3lwSzlfdk1KRXVsUFBpWUdwNC1paFlhbkNKamowODFHYUZJbm82S3E5bXFjTURibHM5YlZUSGFteVMwWA?oc=5,0.0,neutral
2026-07-14,2026-07-17,CVX,Chevron Entered The AI Power Business. The Oil Patch Won't Be The Same. - Investor's Business Daily,Investor's Business Daily,https://news.google.com/rss/articles/CBMirwFBVV95cUxNSHQ1NFo3X3dtTEVWMkFzQUJHeWRYUXhpQnFXR0tBTnl0X1NRUVVNSEU3ck42Y2VwcDJVcjZRd2Fuc2kzeFhBbUVBTFJhMTNEY1Z6RnFlVnBiUXJZbVh0TkI1b3ZCa0xYdWRxeG1LWFBqNVVuazdXV3hmZzVmRThpRXdKTUhDeUh3amhVQzBVaXJsLTFMLWoydFJDbUpvSm1XSHgzODVEQmNlb09pR1g0?oc=5,0.0,neutral
2026-07-14,2026-07-17,CVX,Chevron Corporation (CVX) is Attracting Investor Attention: Here is What You Should Know - Yahoo Finance,Yahoo Finance,https://news.google.com/rss/articles/CBMirAFBVV95cUxPRUtZd3ZIT1FRLVpXQmNvbmlndXNBMlJRT1JPcGxGTFVOVGJFZkZpeGhLSEFWVHZPTm9JbFJsX0JPR1FvcVkyUGNnWEdCVWJsSlRvS1RIZlJVQVBhaFZSQ0wzUHJDUkVualF1bl9YRU1qTGp4TmJrVV93VUFTSUtBYnJSaWoxbTdwbzJzTTNWVW9Iazh6WmxtR0ZwQ0llb3Z2TW11NUdEY2JrcVFX?oc=5,0.4767,positive
2026-07-15,2026-07-15,CVX,Why (CVX) Price Action Is Critical for Tactical Trading - Stock Traders Daily,Stock Traders Daily,https://news.google.com/rss/articles/CBMizwFBVV95cUxOU3Y2azhFU1FvV0VQQkdGdnZjUHYzdXlHSF8wNTV2WEFtMW1SaU5RcldnYVZJMnBjd3BMSW9WQ1JiaUxONk53VFZldndZVGJfYy1mUHV3T0ktRVFobEc2RmE0Q25ETnZ6T29IMVQwc09fZzhnejlySDdwZnkxZC1WV080WnZJb2U0bGFBN1pxUFMwUGoxTUVhbFZCa2ZrWldxblZINGtiRGplQXZFWVdxajQ2d1RqQ3laWldsWk81eUxtV3NScjV2MW9RNFg4d0E?oc=5,-0.3182,negative
2026-07-15,2026-07-15,CVX,Chevron (CVX) Expands Microsoft Deal With $7 Billion Texas AI Data Center Plan - simplywall.st,simplywall.st,https://news.google.com/rss/articles/CBMivgFBVV95cUxQZjZzNGlENXZXZkx0eDhDa3M4Qm56SGVQeXBHRGtwQjFDamtEeGtfX2hWbEdFakdkeG96VlRJQ0k2UUZyUFBUbkNkRWRoUkpBX0tfRmhyZURsOWpudTdYRnYxbnRZSk5zUU1PWjlQS2wyYTFqMFVzYW4xX09iTjVYXzJEbHdIajhuelFVT05MdmxjRDYzelpvMjF4aDhVTGdYUkJpd3FULWllQ2xEVkk4c2RvaUdjMk81MFc5WlRR0gHDAUFVX3lxTFAtVHVkXy1qeTZ6LU9Yc2t2V1VZYWtuNTV2djU0Ni0wcldQaVE3SlFMWmpvRG1nOXZWNThUUmRSS3lMNTBLRkpxLUQ1bDRMZ0JXN2VaMnNHdzFLellnMF81NGZ4Tl9INVFSUXRYN1JtVmY4Z1BHcjJvNHBGUjhiYzF2VGk3dFpyUTRYVEY2SzVneEtYSkV6dUNfUjEwemRBOERpenVJUUt0VElQdXpNaHBBQTNSZFd5VzBoVmtRU1ZuZG0xTQ?oc=5,0.1027,positive
2026-07-15,2026-07-16,CVX,XOM Or CVX? Wall Street Sees More Upside In One Oil Major - Stocktwits,Stocktwits,https://news.google.com/rss/articles/CBMivAFBVV95cUxPYlhxU3dGRWJFeE9XSl9uS19teEtIVlJmNE9JSXZtdlhqaEhzeF9OVUVHcXZBY3I0WVpaN2dnRUFMTWd0UWh2M081RWFscnNBYkFFZC1Qc0pUZ3dQOTBldjVBSnpqbWhrY1dGNzJjQ3dRUjlqQ2Q2WFNocmV6dUQyaWxsZ3M0ZEdIZzRCbGxsakRGbzBrVnRFdUx2V1pJd2tnQWtkdHVVMW5PM2lxTkxvRTA2ZXNLTi1Xek9Gcg?oc=5,0.0,neutral
2026-07-15,2026-07-16,CVX,Chevron Stock Is Barely Moving. Free Cash Flow Just Went Negative for the First Time Since 2020. - TIKR.com,TIKR.com,https://news.google.com/rss/articles/CBMivAFBVV95cUxOQ0NCTXp6Vnk2VUktOUFpb2lVaUVDYUdwNVRyZV9KcWc0RHZpTnR2M05YZU5icHd3eTZCLW16WDk1VWVRR2Q1SEFnaW0zWEd0Um1yaktOaVk3Rk9IaEYxZGtTYjBDS2lUa1lCdGxFSlVscUtnVDEzSEpzOHJJTEk0OVloRDVLNkpEa3dBdmhNQ3hIRzFDU1h3TngyeUo2elN2dWNJSnFRLWF0Nkp2M3BGU2VLYmtTeHhQZlUxZw?oc=5,-0.1725,negative
2026-07-15,2026-07-16,CVX,Why Chevron (CVX) is Poised to Beat Earnings Estimates Again - Yahoo! Finance Canada,Yahoo! Finance Canada,https://news.google.com/rss/articles/CBMiggFBVV95cUxONVdjejZ5c0UxNUp0aW9uUXpNWk1DSnZRSjE1Sm4zUDMtUHZRcFFNQ0Z2OE9RXzRnVDRkM3AyZ2tMRENlOXNQOEo1Ym5lMVRzalY2ZFVFbkE0dHhSeFFzRzR0RUQwZ2kway1VNDFNNDdHbGtNUlk1ZEhZeDFpTDdvOGt3?oc=5,0.3164,positive
2026-07-16,2026-07-17,CVX,Chevron (CVX) Stock Looks Fairly Valued Following Its 123% Five Year Run - Yahoo Finance,Yahoo Finance,https://news.google.com/rss/articles/CBMimwFBVV95cUxNQTRmNVBmcloyWXpkc0JleFZPbjM5RGloaTBDdGNKcDN6azdyNlJjbGNXMmszSlRuUDU3dlhQc0V0NGx0ZVlDZVdoNVlTSUFQWGZQTUZIOHdBYjNEUnRwRGpwdEdueTBQNm9IcHc3Q19PZTV5TmR0bHpUUmZIM3lhejAxeDlMZk4zOURxSXNYVE9JM3Z4bjZfM3hRdw?oc=5,0.4404,positive
2026-07-16,2026-07-17,CVX,Chevron Stock Has Pulled Back 14% While Returning $6 Billion a Quarter to Shareholders: Is Now the Time to Buy? - TIKR.com,TIKR.com,https://news.google.com/rss/articles/CBMizgFBVV95cUxPSTdRSmtSaG12Ry0zMFpPRktkS1M2RlMtWFpDeWZOcmZ2UTIwTjY3VWhjMll3VjFkNUtfZTZBQXowSHJYUHdfb1l2cEF1U0Q0Q1V3ZGc2bjQtMy1rWXpwY2V1ODV0d1Y2UjNFd3U4R1ZJRmQ1S3RpMGNJcTRuZXpBaFBZMUVFbG0wQ3RpMjMtMVBWY2MxdVJPRF80eFdqZWktWTRBTGdkSlloVEozTzNWUzFRRlVUd19NOFJIY3lGaWNDNG9KVEU5dHdyLXIwQQ?oc=5,0.0,neutral
2026-07-16,2026-07-17,CVX,Chevron Corp. stock outperforms competitors on strong trading day - MarketWatch,MarketWatch,https://news.google.com/rss/articles/CBMiwgFBVV95cUxOQ3MwVnRzSEVJRXRZdzIxbm54LVp6LXZTUFNKRmxoT3k3VlM3RUplWEdpN0YzYVpoMS14V2c4OVFUcXo4d1RFdkJzYTRDU05Nd1lNbXRzQUd0VEE4NlR2ZjdpbUpqenpvRjNxRURna1RQRy1PcTIxSERqM3U2bzFRY1JFdXZrbldmUDZSSXBHZGtta0JlVGo0elEtRkpGTWJMdmlDUzRfS0NOM1lvZjNtSTZjd3ctdks5dHYtTnlnQlFVdw?oc=5,0.5106,positive
2026-07-16,2026-07-17,CVX,Chevron to explore Iraqi oil bypass of Strait of Hormuz with pipeline to Syria - WSJ (CVX:NYSE) - Seeking Alpha,Seeking Alpha,https://news.google.com/rss/articles/CBMisgFBVV95cUxNZWtLOVlETVhsZUtpcTNkYnhEYUNuT1k3TlhnaVVTZ3lKUnlmaXBDZW45ZU5LNUZCaXRfTWFMTVY2eE55Q0V0LVJjSHpoajc3UW9YcV9XUERHWDdnUVVtNjgyRkVqZmRhbjN0NkhkdWphbDBsUGRTTGtQb2tvMjU4VHV2dWJTbHE3SzhLZUZUaml3QTRTdHhnOFhzOEZOUTFCbzhnQU9FZHRvVk9hNnFKZ3Jn?oc=5,0.0,neutral
2026-07-16,2026-07-17,CVX,Chevron (CVX) to Invest in Iraqi Oil Fields and Pipeline Project - GuruFocus,GuruFocus,https://news.google.com/rss/articles/CBMiowFBVV95cUxQaUpSdktpdmVhYXlxOVp4NjZaVlY1eHlYUWJPcGZTUmVySFBVZHBySlRLcnFlX1V0MnVHVUxMUTV2XzRmeTBKLUhaWUNwT05QSW1pTnRYYzNPelFWSl92NnV6VndUTmRqUnpobWEzZVdhZFdfWlpKVTgxbHd1WmpJeXpSbjVXTWVER0VsQUVMZlNmUEZ2cklENWZJOUJUajNMQjlj?oc=5,0.0,neutral
2026-07-16,2026-07-21,CVX,Chevron (CVX) Rises As Market Takes a Dip: Key Facts - Yahoo Finance,Yahoo Finance,https://news.google.com/rss/articles/CBMimwFBVV95cUxOa3RmVGxONE8yU1RUWm96RjhXakxUc19tdVBYUXEtd28zRGNLLWZ5MkNlNmRMc0ZUQl8zU3h1MVlBNzlWVXJPTUUyZmJ2Y1FPVVEwWGFFZmc2YThDZHNtdFU1VmJGenR5RnVpUlBiMHA0XzFxVURVSndGb1hyYjVCa0s4WkRteTBKSVlfX19OOVhPRGZKWDVpc2Mzaw?oc=5,0.0,neutral
2026-07-17,2026-07-17,CVX,"BNP Paribas Adjusts Price Target on Chevron to $224 From $230, Maintains Outperform Rating - marketscreener.com",marketscreener.com,https://news.google.com/rss/articles/CBMi1wFBVV95cUxPSWpaUUFmenBUdkttakdZdGVqYlhjb19IMXpVVExBUG14U20yWWt1RmxIdjZjYTcwcC14Rk16VnRiQzNFdF9iLWU1Q3picFNONmxWVWlIdS03clU5ajBmVXVfTDdGdXM5ZDZSZ2EyMDhxazJwVVM0ZXZxUzlUWllSVW9oYW5Rdk5IMEZDN0g1YUNpeDlFTW1TeWhxUFN6XzhaUHV3Tk5nTUE2RXpzSXJFcFRVU2pqUnVsZWdic3p1OXdRMGZmMTZBTGtVYTlXTkFScnRvb0M5QQ?oc=5,0.0,neutral
2026-07-17,2026-07-20,CVX,"Chevron (CVX) Analyst Ratings, Stock Forecast and Price Target - Moomoo",Moomoo,https://news.google.com/rss/articles/CBMingJBVV95cUxPZ1E3QjUzVFV1RGxpV2lMazBuM094ZEZmMFJ4VTdSZmtVR01HLWc0bmFUbnUxU2xpTXgtYVNhTVpyOGhqX0p5dDVfV3hCWjFyN2ZBZldueTU3MTV0blM5ZU1EM3ctT19mSk9wV2d4VDZTWG5CaWYwdjVnSlJkWXVTaG5UMzJGTFdoQktQaDJxVkdEOWpnTDNZN0tBWkdJT1pBejNmSERmYV9uTWNDRE96U21rV2ltX2ItSlRreGpGOThvYlMxOFdza1NITm1XNlI2M2Z0aHFUWjdsQS1La1J6U0xyNlp5cVU0aEZWX2ZVT21lanBVQmlYTGNYS0VwV0N4c3hyVGVBaW1SYVVTU1ljV1dLUk5Ya1k3Um02emZn?oc=5,0.0,neutral
2026-07-17,2026-07-20,CVX,CVX vs. TTE: Which Energy Giant Deserves a Place in Your Portfolio? - Yahoo Finance,Yahoo Finance,https://news.google.com/rss/articles/CBMihwFBVV95cUxNdGZzamVIdXhSQnFYMEZna0xlVWJaZl85dDFrZGRVVnlSTlBOVm0taVhna0t5dm5seFJacXF0dUx1c1JIZEVqY010RS00NUhsVm5kY1A3THB2N2haMG5DU28xQkhDUGh2aTRPc25xRUZqTTI1WEs3bjdMZDhUZzd4amM5SHQwQ3c?oc=5,0.2732,positive
2026-07-17,2026-07-20,CVX,CVX 260717 175.00C (CVX260717C175000) Stock Options Chain | Quotes & News - Moomoo,Moomoo,https://news.google.com/rss/articles/CBMivAJBVV95cUxQME9GN2hjaUZBNnljeUpUMjRqeW9zeTQ1b0ozQzFYLWJrVTNwQnBoVzFvWnhYWUJzcFdnajFnVWlBcFlqZDZ5bHc1c1dqanBDekg5bHl6dXJxS29VN2xqZ1RfSFh0aGk3YURjeUpRbzdOclByNENXOS0xcjVyZUZBRjB1UmZrRVBIT1h0T3lkWlpmakhPYkhXSHB4YVp5QVZoV1l6a255T0ZBSEdUMzBOQWVwcG1XSUZ6THZHampCTkgyT2NRLUZlUjNJZ19SZUtLLUdlSjBuVnFtS2h2dkl5QWp6Z3FzTF84OTZCdjJjZXdHN2tybm1ZeVBlZTJWczNwdlJQbkZkTTdFQjNUOENKaWpmMDFZWTZ6TnAzZGtUUXFpN2xmVkliODlxZ1dlRjhXZVA0bjVxUGdWQUFI?oc=5,0.0,neutral
2026-07-17,2026-07-20,CVX,Chevron Will Explore a Pipeline to Bypass the Strait of Hormuz. Here's What it Means for the Energy Stock. - The Motley Fool,The Motley Fool,https://news.google.com/rss/articles/CBMi3wFBVV95cUxNZktzOTdPMTJRMFFYeEVpcE14YWVQVUxWOTZURWJaMWR1ZnNPel9UdVRGSGttZUlzWXFpT3YtOTZBSjZGUWdvclNncWlPclc4WURSUUMwczRqTkFPT28zQ2UxRUFpWGpZRnByODB1ZUJoOVZLZU53VWdzVktsRjByY1BxQk91LXA2ZjVkSXJJQ01NbjdaaU1FWmhyZHhibXFGNEFELUxwTjRrQW5EOUZzVm13Qndwcy1xc3RrRkFOSGd1LVZEaHpBSG9MY2g3cXFGb0hYRWlGTFMtaVNyNGpR?oc=5,-0.2023,negative
2026-07-17,2026-07-22,CVX,Chevron (CVX) Stock Looks Fully Priced Despite Its 133% Run - Sahm,Sahm,https://news.google.com/rss/articles/CBMirAFBVV95cUxOOWNUZHN5OWluOWVPemE5NGdYcmRoX1BIbHNPcnBuT0l3RU45VFM4elZtUExXMXM2MzFxWVlCb0pBX2RjcWRDOUJJYlBhdUFqNkxiRmFaV1pjNGM1cjZKMWlLZ004VDVWSGNFSWZlWjlUNUthUGVNbFpkWWRuZ2JXVGV4WjRfU2NsQ25tTlVTVHJEaDU1V3ZUX0lSS3kzVWlkazlXeDlPT2x3dFNx?oc=5,0.0,neutral
2026-07-18,2026-07-20,CVX,Chevron (CVX) Stock Looks Fully Priced Despite Its 133% Run - simplywall.st,simplywall.st,https://news.google.com/rss/articles/CBMivgFBVV95cUxORkhGdy1fWlpNLW9ubEl5dnRtaFF0TmF2bmxqUk9jelNJVmpwTjIwb2JUNkl5QUgxbXVLTHBYUVJwd1hfYUdzdGFFc3hxRnpTbF9GMG1UTVozMHkzSTVaZzVSdERsbkpMb2VrU2Q2Y3Rhbk9zSGQ1N3MwREZXVElWb1ZmNHJITlBPX00tVm92NGctS0NFNHpyRV9vLVo2bXdBVnhPcHBGMFNxY3RLLUZVeEJ5SENrREh2VHd4a2dn0gG-AUFVX3lxTE5GSEZ3LV9aWk0tb25sSXl2dG1oUXROYXZubGpST2N6U0lWanBOMjBvYlQ2SXlBSDFtdUtMcFhRUnB3WF9hR3N0YUVzeHFGelNsX0YwbVRNWjMweTNJNVpnNVJ0RGxuSkxvZWtTZDZjdGFuT3NIZDU3czBERldUSVZvVmY0ckhOUE9fTS1Wb3Y0Zy1LQ0U0enJFX28tWjZtd0FWeE9wcEYwU3FjdEstRlV4QnlIQ2tESHZUd3hrZ2c?oc=5,0.0,neutral
2026-07-18,2026-07-20,CVX,Best Dividend Stock to Buy Now and Hold Forever - Yahoo Finance,Yahoo Finance,https://news.google.com/rss/articles/CBMilwFBVV95cUxNOXVUS2JfSERXdl9UMmpxbU5QZ1NYZ1V3S2JrbXNfTHlONm5VWmhSZmxkT3ZBUWRvUEljTHpYS0VqTXBfbkRlNDAxZVdNa2RreVNHangxTWRYNG9Va1JSTXB4YVdZcHBXbkxEVnBGTDNkWE9pTFpXXzFaR2RhcXVhZ1p5QWZLNHZsQS0wZzMzaFNwWklISUtN?oc=5,0.6369,positive
2026-07-18,2026-07-20,CVX,Chevron: Solid Energy Demand Ahead (NYSE:CVX) - Seeking Alpha,Seeking Alpha,https://news.google.com/rss/articles/CBMif0FVX3lxTE56RmM1OUt3c2NwZlFoYjQ4amNCRHZSUnhRZHpOVm5tMUx3MHI3RGRBdlFoUGNmYjF3Uk1kdjlmZURKOU9KODlwY2xjTlRCWWY1d0g1OWt0SUh2SEJ5WW1LVjZwbXNrc21Icnd6b3FXdy1iWnl6RUtPVk16UnluWTA?oc=5,0.296,positive
2026-07-19,2026-07-20,CVX,CVX 260717 125.00P (CVX260717P125000) Stock Options Chain | Quotes & News - Moomoo,Moomoo,https://news.google.com/rss/articles/CBMivgJBVV95cUxNNXNHZkhrZU03eEs5eE4tQmRGYzZqWkVFRUhiQThqRFNncVBSSzBxU2FMQWlQX1NQbVpGREFHSEVRQ3UzbVV3ZWJQRTFLMy1TYnUzYXF2OGZYSXVxRzJxUjFNNllGd2FQdjlQVXdUV2RlM0ZJYi05dWhSU1dLRXMxenQ0MnVQZUVVNy1ULWJfWHBwa1BNWEdKX1lPN3BsUVZHRzVfSS1pczFoSnNpZ0tVNXQyblRLZ1RPUFZzUmZUQThhaWFsQURfb2d5T1haRUNsR0MwTU12em5IZGNhRlJ5Y0hrSGxqQXdCNUZHNGNSUGVyclhRcjB3ampzWW1GdzItMTlqUUpyclVJU3hrd2kzTEpfdTlIYlo3aWhSMGhiZV9RNHFwV3h6ejI2UFh4T3JZRUViWUNTNUlIbDJzdHc?oc=5,0.0,neutral
2026-07-19,2026-07-20,CVX,Chevron (CVX) Could Be 13% Undervalued As Iraq Oilfield Deals Open New Growth Paths - simplywall.st,simplywall.st,https://news.google.com/rss/articles/CBMiwwFBVV95cUxOU2JLX2gzNE1OdWhHbnlOTGJ0SU9YYWRmYWdJTEktUGZ3dktHZHlLWTVNSy1rT0NUZWNCTmlmckZsb2VXSi1aUEwxN3doYmNMb3dCQ2tZRzFYTEhfQVNad201T0tKQmR5bFNHN3RhYlZEQm8yZDNybXZMTFpOQXNjQlpmSFZsUDZUa1RZS0RIbzBMNEc0TEZWTmdCRHZFb21ydEZHUllJZlB6TVdYSFktYmtkUE0wbkVwVjBlMDNnYUJ4Z0nSAcMBQVVfeXFMTlNiS19oMzRNTnVoR255TkxidElPWGFkZmFnSUxJLVBmd3ZLR2R5S1k1TUsta09DVGVjQk5pZnJGbG9lV0otWlBMMTd3aGJjTG93QkNrWUcxWExIX0FTWndtNU9LSkJkeWxTRzd0YWJWREJvMmQzcm12TExaTkFzY0JaZkhWbFA2VGtUWUtESG8wTDRHNExGVk5nQkR2RW9tcnRGR1JZSWZQek1XWEhZLWJrZFBNMG5FcFYwZTAzZ2FCeGdJ?oc=5,0.3818,positive
2026-07-19,2026-07-21,CVX,Top Wall Street analysts suggest these 3 dividend stocks for steady income - CNBC,CNBC,https://news.google.com/rss/articles/CBMioAFBVV95cUxQMVl5VDFZaGpwelJUaFRfOG9paGtkdXBnTUQ5VkgyWlpFWWhFbk14cTNBUnNld2c4NDJoUG0xZ1lHRFlOeDJBNFZCWUx0VWZ5LUpUNGc1UUZpa0VDWGRWVGRETGZvemF1Vjl4T19ONzhiVzJ0T1J6RGFsbnJ2bXRycURNU0JPY0pXaDFlT0dha3pHN2R0eWFzZVBRdWZNM01h0gGmAUFVX3lxTFB6OVlBeXVLWHhvcTZfUUEwelgzWFRzNlljdVI5OVZoTmV0dFlrX3g0WHFRVHlBUk8tWWhfaV9zNjhDRHhHZkZLVWdycV9ERUFfN01LRDI2QnlTN2FXc1Y4U2x1VWk1Tjd5TU9VejdPXzVQdV82ZHhCamxUTFNNQktkbEhwdHlyeERMY21HdmoyeUsxV1NiZDlZcjAyRG1oZ1l6NV9PZ3c?oc=5,0.2023,positive
2026-07-20,2026-07-20,CVX,Chevron Stock Up 23% YTD: Can Iraq Deals Extend the Rally? - EBC Financial Group,EBC Financial Group,https://news.google.com/rss/articles/CBMid0FVX3lxTFBTZlIyMjNUaFZzQjFqNE9raWUzV3F1cmtXc3JhWTl1THpPdC16R2NFVUFUVU5HOVRjdnIwTXpCU183dGZQUzVlRk9Fd1JyZGFmZ0FkYk9PVGN5TG9TUWFXTmJxZ2RGU2tEOFU5VkdwekpGUmFacVBn?oc=5,0.1779,positive
2026-07-20,2026-07-20,CVX,"Nasdaq Futures Lead Rebound Despite Middle East Tensions – Why LMT, OXY, CVX, XOM, GME Are In Focus - Stocktwits",Stocktwits,https://news.google.com/rss/articles/CBMixgFBVV95cUxOUzllckhiOVR0TVo1MzQtMWpqaS1VUlVhUmh4NHFOQVFZTmpodWpIQjAyYzM1bGpXcEI4VWpkSkpsdVJ3QU05NHowTGFheVBoRjRPWW1sSDhLOTREbS1VdWZrQ3VSTjFJdVVsdzJqQ1dLUmM2ZExubnplQ0M3ZEk4d1dHakJwOG1QUk1ySGQ4a3VoRXQ1cFhCN19GRWRsWmdMdUFXUFZfaWJzNDN4aEVPT1ozd0t1LUFUS29JLUgwVndEckVYZ2c?oc=5,0.3089,positive
2026-07-20,2026-07-20,CVX,"CVX Stock Gains 1.91%, Testing Key: Explained - JournalArta",JournalArta,https://news.google.com/rss/articles/CBMilgFBVV95cUxOWEY5ZkRpT2ZweDVlN0FxUGdrSjQ2M0tHRmtXWXNJYTBuR0hnZTh3bXZmVENjcjV6dldtTDBMM2RXRzBWTTJzS3lJZG5ySHVLa2xGWjV4dzJ2VkpxdzVtQWViLVRUc1VwTFg3WVVaUmtSRXNyWFIzV09hcU1DWU9YaE42QVNMaHljNFg1aF9XY1FfVzBjeEE?oc=5,0.34,positive
2026-07-20,2026-07-20,CVX,"Why Are BATL, TPET, XOM, CVX, USO, UCO Stocks Rising Overnight? - TradingView",TradingView,https://news.google.com/rss/articles/CBMiugFBVV95cUxNM0hYSnNwSGk1UXhaUlhKTkVXZzJKcjYzLXB3TVUtRXF0WXZOTklFRlpTb1oyVWJBZ05CdFlhVmZoQnFKMkJBNGhXQmNrM0NRWm1Pb2w1VHdpZHYtYWJraWJIcWprd2lDYUZxNjRFWUlPYi10bnhkaUxZTFpFZE9USmxVdmZQeDdCR242TktVMl83TE9OT2owR0dLaW1CM21vWDRoUE9xZTBOVC1VUTYxdVJjeWNWTFFFNmc?oc=5,0.0,neutral
2026-07-20,2026-07-20,CVX,President Trump Just Reimposed the Iran Blockade. Here's What That Means for Oil Stocks. - The Globe and Mail,The Globe and Mail,https://news.google.com/rss/articles/CBMi_gFBVV95cUxPVHg2S3Z0a2JrMm9qQ3FfMExlakRPSXlKSm85S0wtd1FTLXJwdFg4NERjVWhuNjR3Rk5heW1SOXlFSktUaDByM1BiWVM5QkFwTWUxQWdlV0xfZWtJUUVFWmZmVW5PQmxoN29fVF9GQ3A5ejVVeGF5a1VPdVptYXF0Zk9wWG9OUm9DeC0yOWNZQldsMWQ3Rk40cmpEeC13QUpzTGo1S1BIVUJhaFEtOF9RVWN4Ync0T2I4Tjg5T3MxbzRTakN0Q2hyRjFFN0s0NWx0bjlHQ1VMZ3pscXh1T0xhU0hZb2Y4eXNNNzVsOXNsczZJRHcyenQ5by1FZV9wdw?oc=5,0.0,neutral
2026-07-20,2026-07-21,CVX,"How Time, Not a Trade, Could Re-Rate Chevron Stock - Trefis",Trefis,https://news.google.com/rss/articles/CBMirAFBVV95cUxOaGxWM01nOFN0bHlEMm9tdnpsV0ZEbG53b2RuYWhVNG8yaEsxQzdlU2V6d2RabGtpR0VIQ1RERTU0QWJQd0JEbnZIN3gtbC1xRTdEZVJtY0VxandZUkk5SGJnOTVyUHV0RVMtcFU0R0hDWkQ4elpCYVFLZ0tsT0hNNWd3UVIwdG9MakxidjRXZ1hycFltTDd3UXV1SXR3VUJvUHlERVRtbmQ5M1ZC?oc=5,0.0,neutral
2026-07-20,2026-07-21,CVX,Chevron shuts production at U.S. Gulf platform ahead of tropical storm (CVX:NYSE) - Seeking Alpha,Seeking Alpha,https://news.google.com/rss/articles/CBMiqwFBVV95cUxQaGRXeUxiaGhncGZzcFR0UVk0Ml9tY0owTC1DbVBMMzVwc21uYUZiT3FadDJvc25CSmE1NjllX0lUUjM3bGNmTEpBQ196NHRSSkFvLTRmenZVRjBVUFJKRjZpMmszYnpyNEhKdGQyY29MSllISkdybVVCRk0wSG85ZXVaQTY2czd2c0xhMVl6T3l1ejN0RnRwWmF6azM3cm1uRlQ0d3M0cnk0VlE?oc=5,0.0,neutral
2026-07-20,2026-07-21,CVX,"Lobbying Update: $870,000 of CHEVRON PHILLIPS CHEMICAL COMPANY LP lobbying was just disclosed - Quiver Quantitative",Quiver Quantitative,https://news.google.com/rss/articles/CBMizAFBVV95cUxNQ2g3Q1h5N2x3d0FURFU4S3FIQTBsVHdiekIyUDI4cElvdEl5WjIyeFhZOTRuVTFYb3VaX3JYclRsZGl6azhMcUhGbDlNVFVXMFpPSnRWOExfZ3FsbFk4OFd3QThOS2VlR3BlZW92dWVkNUJaTVcteVpIbDAxR3BiOU5vTEFvMzdFdEM4VlFSZnpza0RtQzFiTG14YVRyU1Nlbjg2UWdINDRTVmRibVI3UDVhU1RaRWFoVk1xaFZiNkxnMEROX1ZMZTVybjE?oc=5,-0.1531,negative
2026-07-20,2026-07-21,CVX,"Chevron (CVX) Prepares for Tropical Depression, Shuts-In Production - GuruFocus",GuruFocus,https://news.google.com/rss/articles/CBMipAFBVV95cUxNWVpEU3pmRWU3WjhLcl8tdDF5RjVlbWZjS0dqMTJfeXdtTG1fLUVLRVVqY1lQMEQ4OGxYRktqZmV3cW9DVEtJcGlwNmRIa2ZrOWRMYTI0THV2bURyUjZCd3pGTExGNEkwOVc5LUY4czF2TFk1bkFOYWxpdmhtRXdMNUk1X09Yc2EwbnlJMXhsQklpTnZKX0kzODkwZFlKMlRkYThhUw?oc=5,-0.5719,negative
2026-07-20,2026-07-21,CVX,What Chevron (CVX)'s Oil Price Tailwind and Cost Cuts Mean For Shareholders - simplywall.st,simplywall.st,https://news.google.com/rss/articles/CBMivAFBVV95cUxPQVhUN2RTVF9SWkR0X3hvUEgzWThnT05nS3JSNDEzSGluTzZPeDdOanFIUl92b3d4aHBIY3ktSkN5bVY3SkVGR19ycmZHRGNCazU0Ykt6RjdQSWxsUjNoSm1aNjkzR2VfanpJU2lUa3VVaW1EWDF5b2hEYWY3S2M0VlV5ZnNnZlZxZDZxZkxEenc1VGxTYXRvMEt4cUNqNmNNYkZianVpN3M0V1ZuQkVXRTVjdnhHME04bmhEatIBwgFBVV95cUxPNmlOS19jam04X1VaVEluYThDeURGWXRqcHVGX2xLR1UtYlNjZkdLNm5wNXBlaXFUdkRmdjdHZm14M1R3Qi0wcU5SOUZ3NE1ZeDItU04ycVBXNkNBdUxqRlZYTTR1cVpWU1ZRTlRLcUZVZ1RBWlFvaDgxd2d4a1B0WTVtYTBWTHp5QlN5ckk3M1dYUFVQMHNmeVFPRkJOUl8yWldJX1piWjJEQnRzMC10R0tiMElRS3Q5TjJoMF9nVmMtUQ?oc=5,-0.296,negative
2026-07-20,2026-07-21,CVX,Chevron vs. ExxonMobil: Only One Deserves a Spot in Your Portfolio Today. - The Motley Fool,The Motley Fool,https://news.google.com/rss/articles/CBMilwFBVV95cUxQQWRKTGJGS04zMDZzUXpNNkZlRVVUTXFZZ2pJMElObTVuVElCc2N1V0dJVmc3MDRVU0F4VUVkb3FJaFYyc0s3aWhHX2ExZE5yQWczLThKbmNPT1NTMXRuWk5Yd1lFTkxydFVVcWtRZFBrVjE4OFdiYWI4U1BpWGhxTFl2ZEVzYy1ZNVk1TTlJOUNuc2dVcTJn?oc=5,-0.4404,negative
2026-07-20,2026-07-21,CVX,Chevron vs. ExxonMobil: Only One Deserves a Spot in Your Portfolio Today. - The Globe and Mail,The Globe and Mail,https://news.google.com/rss/articles/CBMi6gFBVV95cUxOVXItNGY4NHdCYmhLM2thcUR0anRib19rNGJ1LVdlZGhYWmhIdVZ4TGdZd0RPRk5vbWxLVVlFbnpzRGU5LWNrT2ZOUUlYLTc2clhNRGZVTDI3dEY3cVBJUkJDczNubGtzUVRzVjBvajJ0TDhzM2EzaEpWRkhRUGFXQzYyYm9RUHNHa2EteEtMaFBkMlYtTHFRSks0aFYtdURhMmJWQWY4eUdVNkJEOE9EWGNTNk5ESzBwUXlxcmlrbUhLUUZOR2h2dUduSnRQTGZCRUVLelM1eWpiQm9CRDh3Y0lyc2pTSHlLSkE?oc=5,0.0,neutral
2026-07-20,2026-07-22,CVX,Chevron vs. ExxonMobil: Only One Deserves a Spot in Your Portfolio Today. - Yahoo Finance,Yahoo Finance,https://news.google.com/rss/articles/CBMimwFBVV95cUxNWGlPNkg2TndpUnhkN3pIVEoyOGRaTDE0T0tyT2hQbFNmZVo2ZWpMc1hUcmEtZDZIVXU5NklxbXJlR3E4NDRyMm1SOTlxMzVKeWNqTEZXbG93aGx2b0RoSm51Nkc4WS1sUjN6YXQ1T0MteVlqLVcxekh2MEUwaV9mSEExZnQyOWRRV0EtZUQ2LUd4QnNtNFBKTnZFYw?oc=5,0.0,neutral
2026-07-20,2026-07-22,CVX,CVX 260717 215.00C (CVX260717C215000) Stock Options Chain | Quotes & News - Moomoo,Moomoo,https://news.google.com/rss/articles/CBMivgJBVV95cUxQUnRBMENlNV9xdXFPNFhlTy0xU1FoRndSY3hCZ1V0TDNVd01ON24zNFcybW84MFhWY2tUQ29xSDRWTDUtNVVmaHU2My1OV1FEVlh3eWx0VWhCQVhwS0hsOFg0aUtxRXU1VnV4Q2hDSTVDZV9zNVoxeGJjT1hkZWVaeDNzMHJxb3BxTWF3TGM2NE1NTUprVVRYc09iVFRzeHlCUFBPdktDZU9hczFMR1pSWmlfdzJIWmh5alZ5SkZTZWUxSXVEVThmeHNWdjdMLVozS1VZOFZLdTcyaWlqUVpwOFpudjhnWUo1dlotX3VfWGR2TEFVTU5BZ2cybmpvNDRjNW9xSVk2c3gyVGwxUXBCYm1qMzRyTC1CMDdjUkhIY2pkM1owd1I4ZlhJWG9XQ2dHZFNpT2VtQk1NNjNpcHc?oc=5,0.0,neutral
2026-07-21,2026-07-21,CVX,"Raymond James Adjusts Price Target on Chevron to $225 From $230, Maintains Outperform Rating - marketscreener.com",marketscreener.com,https://news.google.com/rss/articles/CBMi2gFBVV95cUxOVG1PXzNNYzdGUXlwNVpvTldCRHd3TEhtN1pRdHBXRTkxQXdjbnhRZGFycGhiWTQwRGRoNFM5QlcyYUJFNERTNElIaFFmZHZBRjJuWDdia29UdW5wTmt6Y2RtSjhpZXdqMjcwM2lWSEhoaEkyamxIYnhvaVFxaG5mWW8xUEhzMk4yeG5TbElIRGp2QUVJT0Jnd3dHUU1TNUxRY2VMb0Q0MFgxajk1Rk5JVWFoV1JlTlFsNzk0Tlc1anFrV2piaHVHc0lGZnlLWndGcTJUZkNaVXFXQQ?oc=5,0.0,neutral
2026-07-21,2026-07-22,CVX,Chevron Stock And Oil Price Shock What Middle East Tensions Mean For Investors - simplywall.st,simplywall.st,https://news.google.com/rss/articles/CBMivAFBVV95cUxQNFJyWTFoSV9yWEtjMExSX3NhRmV6WW11TnZKS3JsNTNsVTZzckVmTlpzTy1feFZEUWR5QmNyclVBdkVtUzBpdzRkLWxuUmJwX1NJZDFhcjlLeS00UGh1SVZwdU54b05PaDE5VEJHeGxQVXJmM0FsZE5Xckk5ZzNVazZGMEY0THN6ODJINmVOR2NPZERzVFNkdlQxU09yNEZkMVd3REVlSXRzU3k0QWNnMTF1QUlCUThJTEdiZdIBwgFBVV95cUxQcW1TeWdpa3I2d1doN2VZM0VFb1J2ZTdub1BYU3NGRnFEd2VlQnhKMmhqVHBEajJ6RU5ITUlLOFBaQkNEai1WWU5jLVB1ZzNZQnFsdC05Q29KZWVfaWxUSzRiWU9TdUtyNk9XWjlZX1NfRVhRQVVhcnFabzIxcHg3ZWpWQzNyT3hSR0NpcFl5UDQzM0R5aDV0bE8tWUozcUNNWXpfVUZ0blJEZ1dCclNOX0NGTlVNNlRaNDBrd0UtLW55QQ?oc=5,-0.6486,negative
2026-07-22,2026-07-22,CVX,"CVX Stock Technicals Today: Gains 0.72%, Testing Key Resistance - JournalArta",JournalArta,https://news.google.com/rss/articles/CBMioAFBVV95cUxNV2l5dXA1WllsMS02bnpUY3o2WUhGcFRScGxlTmgwM0I3YTJnbkRjMmM3UnRXQlFvZ0FWUWZhMDlxNDQ2Q1gtM3prNWNZTTFLQmoyekpad1MzaVhfeTFPN21nb2dQVGZNa3BOUDg0QjlGNE90VnV5QjRIZGl3VDdrNVUtSWl1YWkyY3AxOFJlNlVKT2sxbmFpcTVKZ2JUQnpG?oc=5,0.34,positive
2026-07-22,2026-07-22,CVX,"TD Cowen Adjusts Price Target on Chevron to $200 From $197, Maintains Hold Rating - marketscreener.com",marketscreener.com,https://news.google.com/rss/articles/CBMiywFBVV95cUxPM3RPcmV5Z09uTjhiZWgyemZvaWN6NFREVjJiU2tJVFJRX196U1p0NG9pUGkxZG1XUEs1VExmR2p1ZHBPZkFKVzVIbzFpV0c5dDY5WjAwaEpOeHJ3LWpwWlNDRjVfRVc0eDZvOHNPT3hWVWdxWDVXN3FwazlNeXFpWHFqNzhGOXc2ZzFXdHZuRkF1djVEMXpGb3hyOUZxZHlfM3FwQTBVWUEtUHpvUUZLdXlveDY5SUNmU015U1ktZE8yMV84a3d1aDduOA?oc=5,0.0,neutral
