published,fetched_at,ticker,title,source,link,sentiment,sentiment_label
2026-05-01,2026-06-24,JNJ,Why Johnson & Johnson (JNJ) is a Top Dividend Stock for Your Portfolio - Yahoo Finance,Yahoo Finance,https://news.google.com/rss/articles/CBMilwFBVV95cUxNVmE1eDU4VWZRUlUwdnNwQ2ZLaWdTSU4wMkNLVlV3NWR5djlFT2FBOEVDVkJER2RuOW5MSG0xZVNnOGJmb2c0dEJDWHNtZHdiM3dsakMxTDUtSTlqYnhqd01xUkRKcWlkUzhuRmtXSXlUY1VtSXVqQnlYdDltWkVkNFYxMmoxdFJPbXZMdHpxY3Fod0h0bEJn?oc=5,0.2023,positive
2026-05-08,2026-06-24,JNJ,Johnson & Johnson Stock On A Winning Streak: Time To Get In Or Book Profits? - Trefis,Trefis,https://news.google.com/rss/articles/CBMizAFBVV95cUxPbGZDYmNCd3NLMFRtQk9sU3J3QkVHc1BqTGUwN0FJUlp5X205d25GZlhyZFR6QWdnd2VSUnBkVlkwMFk5ckpQRll0LW4wYXdOYTQ4RUFXWldMY2xneklZek11eFdRVktnVW8xZjNVXzB3dXZMeEJ1MG52ZGw4WUc1TEU0dVh2MzRfNlJQdjNjZ05ZU2hLTXJuQXcyRzJESVdYZ0tmQmxIN0cxSFVSVy1uY0VoRE5lS2NhMmhoMWYzWGJZLWI5WVRkTGtadEg?oc=5,0.743,positive
2026-05-25,2026-06-24,JNJ,Why Johnson & Johnson Might Be the Smartest Dividend King to Buy in Today's Market - Yahoo Finance,Yahoo Finance,https://news.google.com/rss/articles/CBMioAFBVV95cUxPWkxvUFBOaWUwT1lfOTFRcERYQnZfc1R3Rll3X0x0MF82THpjaTRtc3FaaVNHR3M5VU1na3BhT1VWNll0R1dHcl9jazA1MGFjSGRMM2pQOExBS294Q3BaYmlWTmZUOWhJaWJBLUtobGVjeWhfczlzRWlyMVpobHQ2Y2t5OTBIS3hWdEZjeXBNNFI4Rm9PQUdJdXFtbWR4OWF5?oc=5,0.6124,positive
2026-05-28,2026-06-24,JNJ,"J&J Stock Gains Nearly 12% Year to Date: Buy, Sell or Hold Now? - Yahoo Finance",Yahoo Finance,https://news.google.com/rss/articles/CBMikAFBVV95cUxPeW15WU5rNkpVT21QbmxpV0o2SDBxX3VlNllFY1g4QnFLazFjR1g0TFBKVHZyMlM4XzZTYkZNU0c3Q2QtSXJxb1hqQVhpMDJWSU14VEJ5eDhYQlRXN0F0S1YwLVA3RlNCMDlWMU5jNmRTektZSzR2aUF4UXBlN2dld0xoNGh4anVBS1NTSGxfMks?oc=5,0.34,positive
2026-05-29,2026-06-24,JNJ,Johnson & Johnson (JNJ) Stock Slides as Market Rises: Facts to Know Before You Trade - Yahoo Finance,Yahoo Finance,https://news.google.com/rss/articles/CBMingFBVV95cUxOSVVoSlprVndJRmQ1V0VkOGxxQ1ZxX0VRVzBQU2N3ci1XMVh0VTJCY3VNUkdUNl9WVjFhRExsRTRWcDJ6NWo2dm5IaDhRWnptQ3RWbnd3ckRqbjk5QWZBZ0FHX1ZqRkh5MEI3SDlnMFJ4SHZpR25OQ2U5cFA5NE1kX250MDNsNmhvWk1MN1ZMaGxwOTJlRzkyVnhSSnR1UQ?oc=5,0.0,neutral
2026-06-01,2026-06-24,JNJ,Is It Too Late To Consider Johnson & Johnson (JNJ) After Its 48% One-Year Surge? - Yahoo Finance,Yahoo Finance,https://news.google.com/rss/articles/CBMingFBVV95cUxQNi13aGI1aWVQeTFaYUU0NU1WTms2blZqQzNjQUU5Q0Q1aGs2dnZkUEdWbFk1ZHdGbGdtRnFncnREZGYwRlJoSXk3MHhfSXpXTmZSREdrVUxzYloxcFBZeWdsWHlUZGI2RklpdlZXanFVcFF4U0o3WVZIMVhMRFVsUWxuaW9xVHRULW4waEJjcWpDaVZoX0xwS0F2bERZQQ?oc=5,0.0,neutral
2026-06-03,2026-06-24,JNJ,Johnson & Johnson (JNJ) is Attracting Investor Attention: Here is What You Should Know - Yahoo Finance,Yahoo Finance,https://news.google.com/rss/articles/CBMipwFBVV95cUxOY19ZeHIzRXA5MWQtOEo3SFV3UnVJeEtZcFdLT0ZJWV9ieV9BbjhwSXEwQUFfTEtneDJleElNcWVWcmdVWHVUMHpLOFllcW1WQXlrVWpDYy0tbEozLXpCenJjZWo2N0JXVUZJeUVHREdSTEJkQmd3RTNTZFU5UUZ0V0dXQW04T1FzTDBLbndSNUVzdUFWeW16bkJJVTdTWXM3NzByV1hwZw?oc=5,0.4767,positive
2026-06-07,2026-06-24,JNJ,Johnson & Johnson Stock at $233: Why Wall Street Mean Target of $253 May Still Underestimate the Pipeline - TIKR.com,TIKR.com,https://news.google.com/rss/articles/CBMixAFBVV95cUxOQlhJZTNvQWNuN2RRQXprdWFHZnEzdTlxUTlLUV9sRlIwelRqekhjOXFaYnFtMTUxT2puMlhmM1EzU3NPQkgxM2xwQXYxYklUOW9MYmI0ZVdwVTE2LTRHVWowRFJZZmc0REplUWV5LXdBeF94WDVfTGJYTEZvSFg4RjRCT3VYOEptNklMdktmVDVfaWdJS0dlTW9PWGtvV0xWeGNnMEtYaU1wTURYWG5meVJjQU5mNmRxbkFFQWdCUTZtYXhj?oc=5,-0.296,negative
2026-06-09,2026-06-24,JNJ,Will Johnson & Johnson Stock Hit $300 This Year? - Yahoo Finance,Yahoo Finance,https://news.google.com/rss/articles/CBMimgFBVV95cUxOU0doS1RZZ0E4M1d2UmxlYUg5RHVmYVJOck85NldqX0stdmhLTV81WlRaaFB5VEs1UW5BeElnQzREMVg2TzV1QkhTZ3UxU243RXFrX0JIa3NrOXZEeTRwdVJWc2M4NWNkME5PVW5QRlBMcnVPM0lES3kxalBzWkViVzBEbDR5a0s1Y0daNDFEUnV5SF8wQTRFdzdB?oc=5,0.0,neutral
2026-06-09,2026-06-26,JNJ,JNJ and AZN Face Patent Headwinds: Which Stock Looks Stronger Now? - Yahoo Finance,Yahoo Finance,https://news.google.com/rss/articles/CBMinwFBVV95cUxOeGY5X0h5SWpsSG5kVnVUbnR0TElyRlRNaktydk9Ba0RkbzkxLVd4ZlJVTUlLVElWSnVxYTBmWjRMOGQ5SkxKcFk2X3VKdXlVbUZROTdXOWt6aFlDY0JpVWo3Rk9OZnFSclZFcy1EbjFxVWtpVldJMTlnb0sxQTlac1ZvR3I3ZkdGaEI5cW81ZDZmVHAtNlhqMnN4a0FwTmM?oc=5,0.3818,positive
2026-06-11,2026-06-25,JNJ,Why Did Wall Street Misprice JNJ Stock? - Trefis,Trefis,https://news.google.com/rss/articles/CBMinwFBVV95cUxQdDI5WnF3cy0weTZrSzZBZ3RsRTRHdHNlem9CT3JSVzVQQUcybnRFTXFyWDBjbm1XdVppU0EwNGJyOGZBb3FoX3hEZWU5a2MwYmR4YU9kTWFaaFdvQjJwc2xSeFltSjczVDEwVXI1ZE1DRGc5WXBsQVJ6YzFma3c4c1I0YkFUdmxYU1ZIcktyWXh6MS1oYjlrS1daOTM3d1U?oc=5,0.0,neutral
2026-06-11,2026-06-26,JNJ,Is Johnson & Johnson (JNJ) A Good Stock To Buy Now? - Yahoo Finance,Yahoo Finance,https://news.google.com/rss/articles/CBMimwFBVV95cUxOc0Vod2p6Ml9hX01kWnZURUtmVnJ4MnFZN3V4WFQ1YUlnZ2tTRFE5bmxSeTdvOUlZdnRDLVJiNnhjREtxTTZRQ0NFMEw4MHM4X0dPUkZnYmVnUWczOWQyVWNwMW05c3pRanA5U1E5Wm5jdHZ0T1c4cS1STzFwdkl6SnNRbUNGR1VzanhudkI5S3pXUGI0OTh1VklTRQ?oc=5,0.4404,positive
2026-06-11,2026-06-26,JNJ,Assessing Johnson & Johnson (JNJ) Valuation After Recent Share Price Momentum - Yahoo Finance,Yahoo Finance,https://news.google.com/rss/articles/CBMipwFBVV95cUxNRHpZb0M2bnlKamQ3OF9WbXlHbDBrMDFOU1o0U1RvNUpKcmNaNE15SEtJZXZVa050TExmMlBRU1hnMXNRcEtvWENnV21JZDV4WnVOYkVoZGtaeVJ2ekNKTXNkZm1DTjd0d3ZGUFN0akFXRkZXTlZfZF8zWENFWjhjNXl0RlhuQlVsdTBvd1ZsREVmVllnc3p5bXktOHZKYjlIVURVUXE1VQ?oc=5,0.296,positive
2026-06-11,2026-08-03,JNJ,Why Did Wall Street Misprice JNJ Stock? - trefis.com,trefis.com,https://news.google.com/rss/articles/CBMinwFBVV95cUxQdDI5WnF3cy0weTZrSzZBZ3RsRTRHdHNlem9CT3JSVzVQQUcybnRFTXFyWDBjbm1XdVppU0EwNGJyOGZBb3FoX3hEZWU5a2MwYmR4YU9kTWFaaFdvQjJwc2xSeFltSjczVDEwVXI1ZE1DRGc5WXBsQVJ6YzFma3c4c1I0YkFUdmxYU1ZIcktyWXh6MS1oYjlrS1daOTM3d1U?oc=5,0.0,neutral
2026-06-12,2026-06-24,JNJ,What Could Push JNJ Stock Higher From Here? - Trefis,Trefis,https://news.google.com/rss/articles/CBMipAFBVV95cUxNcW83bGJxVXYzRkp4RWlvWVpIYURWZC1yc05DNFdRQzF3SUNNcE1KbEM2d3Nkb3oycmVTZXRvLS1TTHFOXzhWMGR4SExlQzZ5MEE4cG5yb3MtMmt2WUVTUU1fOUhMX2syZEFZeVZoTmVwUEhUalFqSzN6dnE2V212Vk1PZlNEemx2QkxNZEViYWRrckdYQmRPWTlEd3U5NXBTYUFCbQ?oc=5,0.0,neutral
2026-06-12,2026-06-25,JNJ,JNJ Raised the Bar: So Why Is the Stock Standing Still? - Trefis,Trefis,https://news.google.com/rss/articles/CBMiswFBVV95cUxNWDEwbmFmUWJrOHhKWGZjeThTVDBnT2xSWWR0cGVjWTVzQi1jVkh4TUNXRXI0STVJVF9zLWZpeEhKOU82UVFZUTNudWtLaTNKRnhLWUFZQkN5N3FQeHhUUmV3SE1nWW9rbXA5NGlOd0s3OW1oZWRmOWZjbmE0Qm9OYTRxMmMzSF83ajVHX2I2eDZmYTlTeFZsbFNZV1VRcUVqOHBVeV9fUl85dkY3aWh4TUUzaw?oc=5,0.0,neutral
2026-06-12,2026-06-26,JNJ,Johnson & Johnson (JNJ) Jumped on Market Optimism - Yahoo Finance,Yahoo Finance,https://news.google.com/rss/articles/CBMinwFBVV95cUxPWlJDUXllZjRybjRXUHJNa3dZTHFvUjM4cnQ2ZWthaGZTanR0bW5Ud2RvUWxWUUdNcTVVRXBmUlA2ZTFoc1lTYXd4djUxQzhXOGx2b2VjbGhkcUx3UkYySHJ5R0JXdDRKYmhXZlZETGQ4QUhpY0NnRXlLRzBqQXJMV3RaVjFVeEtmYU9yWnAxSnVLYk0tT1FUczB2SnhaWWc?oc=5,0.5423,positive
2026-06-12,2026-07-07,JNJ,What Could Push JNJ Stock Higher From Here? - Yahoo Finance,Yahoo Finance,https://news.google.com/rss/articles/CBMilwFBVV95cUxOU1NjX2pkNG9nR1hqWkNHSjhCQl9CLXhpYVQzeldXSTkwVTNWbnFTTmtnVjIyYWVGUDhBRFYtQ1JwTEdaYzhiNC1YcXdxOTFqbG05azZIMVZGSS1YRVAxd0pHN2xjSUFuRkFIZW1CdjFpSDJ3X3k4WlU5amdrMXJ2WVJwcVJabDBkUkZTTjNyYWVqY0VIX1F3?oc=5,0.0,neutral
2026-06-14,2026-06-29,JNJ,Jim Cramer Explains Johnson & Johnson’s (JNJ) Shares Have Gained - Yahoo Finance,Yahoo Finance,https://news.google.com/rss/articles/CBMiogFBVV95cUxNUmVtd0dBWUhfZUVWTmVsTFNGc25iLS16Zk5yMHVWelItdlBHUzcxTE1QckdvbE54VWlRUHNBX3ZyVEticnhiRk5IUjhHczluZFp1dlF4a3h0VmZkMEJvZmpMMDE2SEhVQWRWbWVybFBsdFFqcDZjRlFyMWt6MVBoUnpoRERQOEo4VWl2OG1UbFhRdzZCenlIOVJhV3d4c1J4SUE?oc=5,0.5859,positive
2026-06-15,2026-06-24,JNJ,Johnson & Johnson (JNJ) Stock After 55% One-Year Surge Is There Still Value Here - Yahoo Finance,Yahoo Finance,https://news.google.com/rss/articles/CBMimAFBVV95cUxPaTBRMVYyQzdwSW9SZFhuMEgwUk5YQ1E2UTQxMEZqcGNvWXRoTWEzZ1NuZ293djVaQmh5clVfb1U5aXhoc1RFNDBrOUdmTVI2cE9CbEd4ejU1NV8zVFlfd0dsdDZESmthTmtORnh0ZWVXWmV2Qks5Z3Rla2Q2aWlZbDM4Y0QtRERRQi1fMnRwVDE3Vjd1YXRFbA?oc=5,0.34,positive
2026-06-15,2026-06-26,JNJ,"Johnson & Johnson Invests more than $1 Billion to Strengthen U.S. Vision Manufacturing in Jacksonville, Florida - Johnson & Johnson",Johnson & Johnson,https://news.google.com/rss/articles/CBMi6gFBVV95cUxNRkJWRlgweUJsTXJlVnRCeVpzX1o4eWZIUlo2WjRMRUNxVk5yNHc5enZtRUppUmlJM19CM0xxSjVyZDktWldtM3ZlOHp0Z2V1elNfalZIS0tVRDRydGlqSTFSY3NHbF9WRkE0b1JDZldVOUhUV25hX2hCNGZsZlVPRUY2b3VzN2k5bGp1Rm9vbjJob1hfT2RHX2NVQXBjQWJFTHA0SE54T25aMnNVWDMzdkhWLVN3cEVjR01hb3ZCbWxPdVVoTnhyeld1SDRfUDY4RExVS0gwcl9WbFI1VXB6M1RUUTgxUERFQkE?oc=5,0.5106,positive
2026-06-17,2026-07-02,JNJ,The Number That Could Test Johnson & Johnson Stock - Trefis,Trefis,https://news.google.com/rss/articles/CBMirAFBVV95cUxOdllrUW4yaERKUFd2NDNXTFF5UFltZzhqcWdaUEp4N3NIeUI4a3pkS2IxQ2pPeTNBOFdQTFh0NVJmY0g0RkFpZ1BLbGs1dHZnRFUzZnVZM2x1ZHpMZzVPTy1YcWdDTHk5bDNyZjAtcnZXQUVIUE9JSmZ2WGdmNDhCZElnbUZPbnVPYjFIT3NGc2tfNExkYUptY2dTMm9jSXBPSEs3V3N6b2VxYWt6?oc=5,0.0772,positive
2026-06-18,2026-06-24,JNJ,Johnson & Johnson (JNJ) Stock Slides as Market Rises: Facts to Know Before You Trade - Yahoo Finance,Yahoo Finance,https://news.google.com/rss/articles/CBMingFBVV95cUxPQU9KcVdRZDFwUDFJN0ZSQzZvNURHdVlTSk11enlES2JFbVREdmV1STAxWkNldTFha2cwOWRhV2huaUo2a1NOZ0Z3R0RQRjVQZHNVWjk1M1N6bE5oWDk1Z2pPM2NKR3QxeG55SjVudFNqX0FFTTROMXRUQTZTWVRyQWJGOXdxeW56RnRLcDdIRUhBemJJQWU3Mlg4c3U1QQ?oc=5,0.0,neutral
2026-06-19,2026-06-24,JNJ,Johnson & Johnson (JNJ) Stock After Strong One-Year Run Is There Still Value Here - simplywall.st,simplywall.st,https://news.google.com/rss/articles/CBMi3wFBVV95cUxNaHZHa3NoT0hDenNsNVlVdjNYX0dzNi0ybFdWRzZPNGNqdWd5azZkTzdRVmlsZ05SeGhwV1VoVTE4Y1BzXzZNUTdCNFVKWFdBM0JKdks3dEV0SmE5bFdEZDBBeXRWMGZHdFlTbnNtZ3VMMTBCeV82blRsRGZnVjJTLWtJTzFnWlh0RXd5MjBKbTg4eElDMjdsSmJUbEpzU2xkLUVjb1A5aEhJeVVxY1c1VVdla1NtcmV1MEM2UE5JMEpjTF9hZzBiamxaX1YyNk5fRVRiV0lId3ZpdEpsN1VV0gHkAUFVX3lxTE5mMWstazhjaGNIUDV0ZXVrS3ZvYjlIbHZTVFdjNXJ0UEZsZ05UWDBtNEg2Qm1aeExiYXNIY3lpbEJZVjNhbWdvOE52emVEV19wOFhuLUl2djFzck1xc21Dd1AwUTgyN0xjYlh6OTNISXRoT05sU1lfSS1scnFlZFdXLTNtQ3dYUElQZW9YVTNOUk1NbWhWdjN3TUY3MWhoVUFGV3ZaZ2U2ajBKY0s2NHc4dkZfYlkwT0w4OGh6dkpOUDJ3dWN5Tmc3VmtsaEhlZWFFazg2SkJnNWFnelV6dUI0eWtuSw?oc=5,0.6908,positive
2026-06-19,2026-06-24,JNJ,J&J Stock Down 3% in 3 Months: Is the Dip a Buying Opportunity? - Yahoo Finance,Yahoo Finance,https://news.google.com/rss/articles/CBMiiAFBVV95cUxNb1ByMFhwOF9Pc28tZExBWmNLNWxVQnlPMy1Yamw0UU1qWkNvWGs3N0FUeUVPTTZPX3NhRXQ4clBOTkRrUFBlUHJEbUdCTVlNTl9hZU9PMGZrU0xoZXhpeTdGSGtYdnVIaWN5eF91RlZTR01fd0dPVkR3UjY1Y1NqZmgwY1hnckZR?oc=5,0.4215,positive
2026-06-19,2026-06-29,JNJ,Johnson & Johnson (JNJ) Stock Draws Fresh Price Target Split On Pipeline Promise And Policy Risk - Yahoo Finance,Yahoo Finance,https://news.google.com/rss/articles/CBMinAFBVV95cUxQcDlyR1NOblk1Qkd2aVV4Vk10NjQ0eHc5MTYyN216YmZIcVZWT2pUMWxIR3NlMnpqQXlDcDFNZW9SZktNODVCX2FHT2kyTHc2OUk2LU1TUHg4em9CSi1iNUNKVWRoRXJ0cW9UaVExV1lPbzM1ck91RURGODJwQTI3aHlramdFNXhDQjZUd3Ryc0RNSXNnbFhWV0VUNm8?oc=5,0.3612,positive
2026-06-20,2026-06-24,JNJ,Johnson & Johnson (JNJ) Stock Draws Fresh Price Target Split On Pipeline Promise And Policy Risk - Yahoo Finance,Yahoo Finance,https://news.google.com/rss/articles/CBMinAFBVV95cUxQcDlyR1NOblk1Qkd2aVV4Vk10NjQ0eHc5MTYyN216YmZIcVZWT2pUMWxIR3NlMnpqQXlDcDFNZW9SZktNODVCX2FHT2kyTHc2OUk2LU1TUHg4em9CSi1iNUNKVWRoRXJ0cW9UaVExV1lPbzM1ck91RURGODJwQTI3aHlramdFNXhDQjZUd3Ryc0RNSXNnbFhWV0VUNm8?oc=5,0.3612,positive
2026-06-21,2026-06-24,JNJ,Johnson & Johnson (JNJ) Stock Could Be 7.3% Undervalued Based On Its Pharma And MedTech Focus - simplywall.st,simplywall.st,https://news.google.com/rss/articles/CBMi3wFBVV95cUxQZEFmZ0NRM1R2Ni1HMDdRODRwN1dhOEpBbkZXRF9nTno2enRobDNFOXlLUTdUNUpCRTRMbVZMQ3JkaDd6ZkZjcmFLNEt3SmUwYXBjM3hGaEktUDhFSWZ5MXlhc3NRX1hJRjdHMTA3ZFI1RjJ2NDJQRDhzUkJzcDdVYmctTTJnZ1ZHeWxtVDh6WV9XM1FJbGFWWU5abzFWTnBsX1pvLWVhYTM3TEdNcU1EUm1oLVZGb1NGVy1ybHgyOWVyMmt5d0JYRjdka0I4R2VCeWhqQ1dOQktzbTI2U2ZJ0gHkAUFVX3lxTE10TmZwdVduSEJNRmw5NFhwODFyZFNUYkJDZ2JvVFFJdXpMWjk0bjZ0Ymx1enNaU25zcFRVTUJGeng1bmRSQjBEbTJFWmMwa0NhSXlCdTZGTjNHOGhxTTNHczNYWDBEZ1N0NFNYQ1hSWUREMTlUeWR6c3EzZHFwdW1WeEhNamJFNFBqZmlPYXB0M0hmVnl6OWEtRGVIbXJNczh6d1d0dWsyV3lfZUlDSjFsYy1uQTl1TmlCbnZWODJVbER0SmJPVTBNZUYydDVHYWc3OUt1VU5VaG9BdU94X3QtNllJMw?oc=5,0.0,neutral
2026-06-21,2026-06-24,JNJ,Own 500 Shares of Pfizer and JNJ and Here’s Your Annual Dividend Income - Yahoo Finance,Yahoo Finance,https://news.google.com/rss/articles/CBMijwFBVV95cUxNYjVubHduZHVnMV9KVm5sNTBnbU5raTVmZnA3eVRoVVBOc3BNZ0doejJPYXBkZWQ3RHZfdFNiaUFKSWNmSVNzMFkteWZHZGllOUJPR3k1anh4M1gzOUNtLWdwVUxKWFBKR0JSRmVKQXJRMklvczRVRVFSaUJIbHZYN0hIMERNWEExeV9lRGdwTQ?oc=5,0.296,positive
2026-06-21,2026-06-25,JNJ,Own 500 Shares of Pfizer and JNJ and Here’s Your Annual Dividend Income - 24/7 Wall St.,24/7 Wall St.,https://news.google.com/rss/articles/CBMitAFBVV95cUxOdHdldHhKblFlOE1tbS14NjFpMUFKbllLVEF2MmRpTHJiMzF0c0poWjJsNGdNVkJwc2hLb3ZrYVg3Q3FlbmUxT2VrdlM0bWNSVjRldERLX240eGw5QjJHNVQ1bjNzMmJCSzFvdUs1UTNiaUlZT1czLU52cEtSU0w5WThMaS1tRXVvY29Sd2tTMVVSVEJDZXFKVl9ObnRzLWtaZkZ6QXM5ZzhEdjNEVHZxMmFwQzU?oc=5,0.296,positive
2026-06-22,2026-06-25,JNJ,Johnson & Johnson (JNJ) Stock Analysis: Evaluating a 10.72% Potential Upside in the Healthcare Giant - DirectorsTalk Interviews,DirectorsTalk Interviews,https://news.google.com/rss/articles/CBMi3gFBVV95cUxOMVJMVDdISTlfTVN2a0R2Q3cyQXJEN3RzNHRyS29zaXRWVFFDTXZlNmZpVDg3RGFjMjE3VGRyYkRlUHZpQjFFWi13RGFYNTdKQ05Lc3ZCSDNtUWlsaUF5cENDM0l0d0ZOUmV2SG9HZ0NjMzlaRkJzTWZRTmdVWXo4NG9CS1JZUEZaVnh0QmdDd2RyRXI1TEJkbWttN2dMVWNGZjJxQldJaEFzLU5lSUJsNlpqa0swZ2ozRTkwX0tObG02dVFqMjhBVlUxLXlyQWNremtRZlZ5X013VFAxV2c?oc=5,0.0,neutral
2026-06-22,2026-06-25,JNJ,Johnson & Johnson $JNJ Shares Bought by Uhlmann Price Securities LLC - MarketBeat,MarketBeat,https://news.google.com/rss/articles/CBMixAFBVV95cUxQODgtNV92QV9wbnY4dVRRUWtUV0ZScjRxYW85dDJMcUJ0djlpYjdWV2k2SVdzMGNITlBrelRxa2hyYjh2dEhtZ25yWjJGNk5WdXBacVRWdW01UFBSMTRaeFRVWjRvUnF6VHB5eXpDc3JOUHN2eDF3Z1dvXzktVG5JOXFadzdhcndsVkJ6SklUTXM3WkN5MUhWTlF4Vlk3cnVBTWtpNDk5Qm1qZmlwUm92LTU5bjBEc0F2Z1BrSzVoWE1wMXVn?oc=5,0.5267,positive
2026-06-23,2026-06-25,JNJ,Johnson & Johnson (NYSE:JNJ) Shares Up 3.6% - Still a Buy? - MarketBeat,MarketBeat,https://news.google.com/rss/articles/CBMipAFBVV95cUxOYi1oemM1QlNodmJvZ0xaZFlRZEUxVEFJRm1VUjJZa2psLXhxZzdicFZMS09tVVROZjlHU0F5RlRhNXpSdWxrN3lwZUFBdkN3WnZqMlVsVEswbm5za0ZUZWRSazlpQmxwOVdmVWFWVGZ2QWdKT1ZRbGFsUXFxR1lqcXZBc096VXpyOFBSRzExUnNzR1FKN3FkbHgzWVhVT09qQlU2ZA?oc=5,0.296,positive
2026-06-23,2026-06-25,JNJ,Johnson & Johnson $JNJ Stock Holdings Lowered by AEGON ASSET MANAGEMENT UK Plc - MarketBeat,MarketBeat,https://news.google.com/rss/articles/CBMi0gFBVV95cUxQMHN0TlhIRVZGTXhicjl4b3RGMzd4cXZaWTY2U1k1c2FnX3FqX1FxdEFVWnI5bUJITElrTS16TmExN3FqZnduQU16bzJGelM1Q3FYYXAwOFkxVk81dTNGNHVUSFFVVFE1cUZQaG8xUGN4UWY0dFd6WUFhOWRvOXlFQ1pmRTZSWVZvT0pwOXhPaG9WWVVNYXpLRW1KSXVpUFUySkZialM4ZzlRWEYyZ0JhSkQ0QXFTY2JsdV9fM2NuLXBBVlpuWlh5UUlmdEM1a19VU3c?oc=5,0.4084,positive
2026-06-23,2026-06-25,JNJ,Johnson & Johnson Stock (JNJ) Moved Up by 3.07% on Jun 23: Drivers Behind the Movement - TradingKey,TradingKey,https://news.google.com/rss/articles/CBMiigFBVV95cUxQSnJ5R00tWGNNTzN1NUdTWnAtMDM4Q3VfX1ktUUdncUJNendrYzdkSHBmUnhfR3RNMHkxeVp3S2Y0czljUVJHWEg2MXRZOEtTYzVhMnRILVJTNW1BNjlPQU5qWm5TWVNtdHNILXJSMFdkN1lJa2pPYm5Ra0FKMTJDaTczT3ZSdXhuM1E?oc=5,0.0,neutral
2026-06-24,2026-06-24,JNJ,Johnson & Johnson Stock Is Near an All-Time High. Does the New Drug Cycle Justify Owning JNJ Above $237? - TIKR.com,TIKR.com,https://news.google.com/rss/articles/CBMiwwFBVV95cUxNYndyVW5Eb1I2bzBRRFRxaTBiaEU4aTVfYVJ0bDhoTlNFbnluZHZMRndFelZEZ2RiUTQ5dGh1Q21NZkJnNTkyT2JnNWcyeUN2WVI5ODZFV3VIRlRraC1XWmp2QWlUVVoyQjVpY1dKa1VqTHRhZHlNZFRVLTFpellUOFl1VUFUcDlJV2pmQV9uTW9lcWQ3ME82YU1VWW51X21NbnBib0ZRa2VDN0J5RmwyaEI1a2dFcjBjQXk3R2s2M1RFTlk?oc=5,0.0,neutral
2026-06-24,2026-06-24,JNJ,Why Is Dividend Stock (NYSE:JNJ) Gaining Attention in the Dow Jones? - Kalkine Media,Kalkine Media,https://news.google.com/rss/articles/CBMirAFBVV95cUxNNFUxaFQtbFRpdHdyM1d6cHR2RTNlUlJOUkVPZHZlRE1VeXFnNGZHSFpuMFRvQ3JuR25Ham0td0xTcGpNeDBHakpWQnhSR3lyUXBMc0tGQ2JuV2IxeHhDUElXM21nRDB3LTgyNko3VzI5amxSeHJGNlkxVHRJbndhaTdSZ3NQeGVpUmpYclJ5MlZvUEZqMzBSaHI5NGxUeldSM1ExRkdKejBxSjBZ?oc=5,0.4215,positive
2026-06-24,2026-06-24,JNJ,J&J CEO sends a clear message on the obesity drug boom - thestreet.com,thestreet.com,https://news.google.com/rss/articles/CBMie0FVX3lxTE1FUUxuaEMyRWxnbnU2S3JHdFlDSVdVc3BVbUh5S1lDNk9vYUVzOFdabTFRejF6VVhMd0F6NnZDUDlMMjlmVjJ5XzBocG9VaUNDcV9nVTVKaDFPVzJBZ0hjUXFpV0NGNVo2SUZhZWR0eXN2d2tXODJHRjJ3VQ?oc=5,0.3818,positive
2026-06-24,2026-06-24,JNJ,Johnson & Johnson: Not Every Dollar Needs To Chase The AI Boom (Upgrade) (NYSE:JNJ) - Seeking Alpha,Seeking Alpha,https://news.google.com/rss/articles/CBMitwFBVV95cUxNVEE3MmxNUGs0U3NnaVo0LWo4Ny1HNmF1VXhDQS1MTHRHUDY3aTJTNm5QOUFpLVYxeUN3SFg3ODFmSF9oSFhkUUlpMENxc3VwYU9WdDFMZ1ZBTTJIOURjUUFnOWg3ODRQMHR0dXNObWdKdjlaR05OMnkzOEdKb19URW52aDNvUkxCMEVmZEt4bUpXZFJNTnJTSFMzNmloNW5paVlwZlBTWWg2eWZLdjVLRjUzaHlrb28?oc=5,0.0,neutral
2026-06-24,2026-06-24,JNJ,"CPC Advisors LLC Acquires 13,185 Shares of Johnson & Johnson $JNJ - MarketBeat",MarketBeat,https://news.google.com/rss/articles/CBMivwFBVV95cUxNVnQzREY5Qnp3bnF3RDdEZGlVbUJFVlpaNVJFY0ZxWlUxanhySGRHaXpkWGxXTWUyN09faGx5TkljVjVYZ2hiTDM0NkExSzdacWdoSTNSWnRuVkE5S2xmamNsakJGNXpYRkFyalRfR01NV3lPRFdLeFd3QV9oOWlqa09BdUlKY0tZTFQyNUtMWUczcTV3LXFTSmVpVWdHVWRfemVjb0gwWTFIamxuTUhTWS1xNmxJTnNic25mTXczcw?oc=5,0.296,positive
2026-06-24,2026-06-24,JNJ,"Campbell Newman Asset Management Inc. Sells 21,646 Shares of Johnson & Johnson $JNJ - MarketBeat",MarketBeat,https://news.google.com/rss/articles/CBMi1gFBVV95cUxOV0E2Z09QZ1BHWUkzM0c0dDBtMERmdV9wbWNXS0NFOWRRX0wxYmF4N0VWaDVVQTBtTllqY19idGJwOVBkOUt6MjlnTmZOQ0NTUGZHQ19MWm9rLWFCclVxMktGSjVYZG5kekhOYjBwdEJTYnAyTlY2bUc2Ump1ZmpWZnFsbmh6QU5UQ0RtenNmLVhHRGxDaHBXenRveEtrWVRaZnNWeXZ2MXdhMlp6UXplRWw1NjVhU05GNmhfUjEzQjd6TmRjOW1jM1BXRWRLR1BhRU12dm9n?oc=5,0.5719,positive
2026-06-24,2026-06-24,JNJ,Warren Street Wealth Advisors LLC Increases Holdings in Johnson & Johnson $JNJ - MarketBeat,MarketBeat,https://news.google.com/rss/articles/CBMi0gFBVV95cUxPczFYNF9mWnNsR0ZHTjdBalRlVmlIbnExN3FJRWtWUFRydWtZb3RiQmIyTVdWR3JkQ2gzQ0hrREpkZXhoSzNyMUw2bF95dE5hbDNhMEs0TlExUDRnRkFrNHlud2VBSkotRm9EUE9naVlaRDJMeUV5VDRGYUxfQ3hqSERMVzJ1OGtVN3VMVDFtZDM4Y21XU2VpYTNiQ1gzcks3QUozenZuU0JlREQ4aWRYY0I2R2xua0trR0Y0U0NpY0JfVVY0NmZ2WTVfYi1idEZQVXc?oc=5,0.4939,positive
2026-06-24,2026-06-24,JNJ,Brookstone Capital Management Has $18.94 Million Holdings in Johnson & Johnson $JNJ - MarketBeat,MarketBeat,https://news.google.com/rss/articles/CBMi1gFBVV95cUxQa20wd2RQeXBEMzloU2lGb0VQNUVOQV9iUHlHOGNvckJIaXNDbXplMHI2VExJU21CeEpIYWc0aEdybnZoS2dJUjFwc0dOS0NvVXpwLXlxMU9MdjRDcG1OZDBhNVRXTnhRb0Rwa2ZXcVRaVk9SSFNnNThicF9XczhtTVlWaERRQ1JRWUNtRnB1V1RpNkc5T2E2M0YzRHJNdTFsRXBxa3RiZU13RGRXNC0xRHViaW5oamIxUWtwZXhvbWYtTy1jd1hxa1VYdVIzcEkxZU5yOVFR?oc=5,0.0,neutral
2026-06-25,2026-06-25,JNJ,Johnson & Johnson $JNJ Shares Sold by Novare Capital Management LLC - MarketBeat,MarketBeat,https://news.google.com/rss/articles/CBMiwwFBVV95cUxNX0JZUG04aWc3dnFQOUg5YVZDZ1ExR2gxOWJKS3JsdEhMNUxYYi1wRFc4UlRON2NZMnFNb3hwamJFN09oZE5ZV0czbjFoNS10Ylk1cm1sbVNvUEx0d2Jodnd6cUExc2ZyMGRaLVMybHpCYVZ0eXJVOENSUHhIb3U2ZTRuSHVUd2dHaEdNNmJVRFNxWkVtdXZGWDBNUEp3TzZfYkg0aDhxd2RaejktdnljZG93N1JmaF9tM1VhQTdwVGRBTjQ?oc=5,0.296,positive
2026-06-25,2026-06-25,JNJ,Johnson & Johnson (JNJ) Launches Innovative Platform in Europe - GuruFocus,GuruFocus,https://news.google.com/rss/articles/CBMingFBVV95cUxOMHNKM0V4ajVfU1d6Y3FqWVFaV3NZakMyTWN2dC1hcWRvUVR4MXoza1VJLVhoenpHcE45UENnZ0hWN2xrc1VtamZWam5oSVh0aW9MVTBmaUFHQURrUUdiaDgwVV9ocGtQMEl1VDNTbHFKNEZxbTFXUXFoZDlzOWFhZWsxeGtIZUZmVnVKZVh6Mll1YnhpZ0pjMC14bWRWUQ?oc=5,0.4404,positive
2026-06-25,2026-06-25,JNJ,"Signal Advisors Wealth LLC Buys 6,539 Shares of Johnson & Johnson $JNJ - MarketBeat",MarketBeat,https://news.google.com/rss/articles/CBMixgFBVV95cUxPQUNIM3BXdzREUjQxYUs5SmFtRHZoQUpVWXhheVBKZ3hfdHBIVTNFdkxyVGQ3ZTJCWGlQODRrcG84NXp5T3diWC1ZeWJybk9NbXQxOURFOHJGb3RHM3lyeDBIRTRNWWdaQWdIajBYTndnNWdaWW1od09wbFhMNU1ubTBrZ0RHdlh2dHkydlZQYzZjZHFzSkNlR3lXQ04wU19rVlhZX2RuVm56RXUtMEJIemVXampGZUx2dmFOOUFNVVlTLXdVZUE?oc=5,0.6597,positive
2026-06-25,2026-06-26,JNJ,Johnson & Johnson Actuals & Estimates (NYSE:JNJ) - TradingView,TradingView,https://news.google.com/rss/articles/CBMiggFBVV95cUxQTm00TlRFWG51a0FJd2MwdDZZRkVyT0xGYzgwd0Vkb3JVMmZ0NWlHS3dRQmJJVkxjdmdoN2J1Q2p4ak1LcWVYYUJDZ01zNi1CY1NZQ0sxN0RRZHFqQnNTMm9LemRTWXN2cmc3ZGJadWF2NmNZdzExMkZ2R0lxczBjRGVB?oc=5,0.0,neutral
2026-06-25,2026-06-26,JNJ,One Stock to Own For Ultimate Dividend Safety - 24/7 Wall St.,24/7 Wall St.,https://news.google.com/rss/articles/CBMikwFBVV95cUxPZnRFaWtqaEZGbTFCTFU3T3N0UlpRM3JFb0xxX283cXJ2Z3hZNkhIVDBfYndSTm8xaGZnSDZDenRfbXBvRTRJem5UTElXWVJxWU5XNVZGUU9DQ2tLSkRkUEpiVHZhZWNGelAxdE5jZVZCY3JPYm1lM3lnV0s1Zzg1VUNyMkZiaWl1SjN0MUJYaERxdFE?oc=5,0.4215,positive
2026-06-25,2026-06-26,JNJ,Johnson & Johnson (JNJ) Walks Away From Obesity Drugs To Chase Cancer Leadership - simplywall.st,simplywall.st,https://news.google.com/rss/articles/CBMi3wFBVV95cUxQSWltQ2xoQ0VDNnQ5c19BZC1taUhkQ1JtdW0zZUVlQnJXbV90TXdSVExsaGVhV2s0QjhlYVZCRjJwSDIwZjFDdkV5SzlSLTBxRF9raVFnU1VySHA3NnJOTXdHQ2RWUzNxM2lzdGNmWWswSE5aQi1OUVdrS3lEOUt4OVlSYTJVVEZ3cHhGV2I1OXB5S2dUdUdQRmxEczJaV0FWRGpZWTBLLVQzT0k5dzVQY3hyY1RFWGJhMTBSSTNxOUZyNzJPMkxsTzBMRTFsUWRJd2xzLUhVZThyM3NBMkhB0gHkAUFVX3lxTFBsbHNYT1c3MlR4ZzFwSVhjUkZIamtxOE5lWnhGcU5Ndm5seUZCaGVIdThlU09VcTFzTVFqUG80YktlUHFjdXlNR0ZEQmR4VDVlUjREYjJnb2I4dldpT0dDVUpIUkRKa0UxY3ViUVVJUFpEclhLTUQwZXZIMFFhbGdiWlhHWFdmMmRxTHNtdWoyTWp3S05oSVhnQjc4V2J5MEN1V2xrMXBiWE5XX2FZVWhxaGdYanh3a1ZGWk9zVkJDeUdneGdzNkdBSTFRb2IwXzJuMmFOb214ODFMNXJMdFJZbTRxaA?oc=5,-0.6597,negative
2026-06-25,2026-06-26,JNJ,Johnson & Johnson (JNJ) Rises As Market Takes a Dip: Key Facts - Yahoo! Finance Canada,Yahoo! Finance Canada,https://news.google.com/rss/articles/CBMiiAFBVV95cUxQWjZUV2hFLUZFdUJkZEFCdDcxbDFtZ3hzSEo3ejMza09KQnMxQnlxcWM2cTUwNEo5SF84NS16SmF2d3hrQXd0OTJ4cmVxM0gyNVp2cUQwVGhPWXVsUVpHUFhpenFYQ2JMWHVkZWcta0dMTEtZUWpQcG5XM2NqTjlXSlZEaWJXZ2Rz?oc=5,0.0,neutral
2026-06-25,2026-06-26,JNJ,Johnson & Johnson Earnings Preview: What to Expect - Yahoo Finance,Yahoo Finance,https://news.google.com/rss/articles/CBMiogFBVV95cUxNT0F4RzVrUFZaeGpfWmdJY0tkc1B6MnJlUjVqQUFmZXNVUTc2NkxwZ0Fvci1ad1NlbmFfT1lVT2laTmNhLUFwbEsyVmtxMUM1dHJ4MnNNVXpEM2ViWkFNd1c2emJaakR3SjMtbmpZcGtuMllPTFFBdmVtVWVwWVQtQ25mWmJDQ0hzeEMyR3VUUUxPcGlPMW5OVmRrWXl1Ym1QZWc?oc=5,0.0,neutral
2026-06-25,2026-06-26,JNJ,Johnson & Johnson (NYSE:JNJ) Trading Up 1.6% - Still a Buy? - MarketBeat,MarketBeat,https://news.google.com/rss/articles/CBMipgFBVV95cUxNLXVJcDJBM0lDQlNQSXU3X3JFdkhZcW8wTG1vX2ktRzlVbWs4VEVTN0Fud2VLTzZnQ0lDOUhIY0NmWjg1MjFCMjlMOXpMYTIteXlXaVR5a2NsVFdHc01kbS1EOS1qazNuNFFBakxKY09PcWtDV0hZTzY3dFAwbm1DZ0NVeDFRbGd4eE1qaWRUaEV0WXZBVnRkSGNVQnVDblFhT0pScUZR?oc=5,0.0,neutral
2026-06-25,2026-06-29,JNJ,Johnson & Johnson (JNJ) Rises As Market Takes a Dip: Key Facts - Yahoo Finance,Yahoo Finance,https://news.google.com/rss/articles/CBMingFBVV95cUxNMDlJdHN5ZlQtcGFqdDdBbnY1T1hRekVPLWpYenBQdnYxSm5TRDBmRDFGTUhNRzI1RlRSNnFfcVZQeDk1VjdUY0l0eHdvcmRITEJHZUNIYVJGc3JhNXozRUJad3VudmIwTzBGN3Z5VzZ1dDlRTnIwWmNnYWdmdkJ4ZzNvM0RrZjFaRF9IZWtQaXY4NUdJWFhIWmRhUTFNdw?oc=5,0.0,neutral
2026-06-26,2026-06-26,JNJ,"Cache Advisors LLC Acquires 5,843 Shares of Johnson & Johnson $JNJ - MarketBeat",MarketBeat,https://news.google.com/rss/articles/CBMiwAFBVV95cUxQY0hGajJvN2pKU0dqNUZ1bHI1U0tFd1ItM2RNcDROd1JId3QtQ2hNbTRkU0dJVE5UN2Q5SW1EUjV4S2ZkUFgwNW5mWFNpMURjejFlbzVCdkZ5M2h2UjZBbF8wbGFHbVd6MHRBWVo3b2RXSzUzb0hQbkNGT3RwMExDS2g4VjRXaFZSbExlNGFFNm1JeUN5UjhIOE02VTRwU29scVhva0hLNlhGTTNKM01kMGwzSmRUSDZPR19SYTAzZ0k?oc=5,0.296,positive
2026-06-26,2026-06-26,JNJ,Johnson & Johnson $JNJ is Bar Harbor Wealth Management's 6th Largest Position - MarketBeat,MarketBeat,https://news.google.com/rss/articles/CBMizwFBVV95cUxPVTB2TVFENnJGWlpmem43RmV1a3JJZFdOMnV6X010TUhtbk9rWDZONjE5QnZHel9SSDAzY3lWLVdpcFFtaTNmbmF2a2tuOVB6cjhoWFROX2xkV0hWVFFLSWxOamJQcXpMbDktYzFaRmVnNm4tZ2Y4R2RVS0dIekhmSE1fMVI4MWFodmJwUXVhb3o5RkRKOHhIYWxZa3d1Z1Z6MWdNbnpwdUJGTzFoaWh6ZURmNmhjb0lQQWRJeFFsNHNudHA0VmhwcHhtNkxkcms?oc=5,0.4939,positive
2026-06-26,2026-06-29,JNJ,Why Johnson & Johnson Stock Popped on Friday - Yahoo Finance,Yahoo Finance,https://news.google.com/rss/articles/CBMingFBVV95cUxOVmlYcnZlTE5Xc3NiSm12S19NaDlNS2tUZWxVRTQwZXJULUQ1MTBYYkNWRlpHc3JqM0RvU1VwZE1oTGc5aXR3VDAwWi1SMkwwdUFybl9SWmVYM1I0cTBvbUt1bnRoSDZaZGVLaEFHa3hfdDlvOUFwaGY4ajRTcW1ySllNQjVRYUMtWHMwN2JFcXY5aVFuV1NheUhGUFFfUQ?oc=5,0.0,neutral
2026-06-26,2026-06-29,JNJ,Why Johnson & Johnson Stock Popped on Friday - The Motley Fool,The Motley Fool,https://news.google.com/rss/articles/CBMijgFBVV95cUxOWWJ3R0toU1JqV0o3ZUtzd1ItZlRrcmg4WER5ODRvNllyR2NZbUtvWl9feG1JbGpLZEVFY0V3UU1kMFdES1M4U2lhVVJUWmM0MUFpWEMyemtza0FQX3VBN1FIeHFTQkF6QkpEbVZiT1g4MHNVTlV3UDZTS3p6RmJldFppWnh1d2h0M09jM3NR?oc=5,-0.4404,negative
2026-06-26,2026-06-29,JNJ,Johnson & Johnson (NYSE:JNJ) Stock Price Up 4% After Analyst Upgrade - MarketBeat,MarketBeat,https://news.google.com/rss/articles/CBMitwFBVV95cUxQSERtaFl3aU4xSkg1cVJKUkU3RUlFRjJINFlmdGRJaXUxaHNaSzF0eXFDbk9zN1NGNHo4M1NqUTlwT2xoQWJ2WW0zYlNadzJDNGhnQ1FjUGRqR2FPUFFMYmRINGRrUnRJZk56dnVmTFgwS2dQd1BJSTg1cEUtX1F4QmZzajZ6YWszQjRNYl9fWmd2WkhWT2hhY052YUtDbjdpVnZYQjQwbzVkYWJfS3NQX2E4TnZ4Y28?oc=5,0.0,neutral
2026-06-26,2026-06-29,JNJ,Guggenheim Issues Positive Forecast for Johnson & Johnson (NYSE:JNJ) Stock Price - MarketBeat,MarketBeat,https://news.google.com/rss/articles/CBMiyAFBVV95cUxPby1uaVFrMzdYVlR3bDVELXdMXzRoXzVkdWFTb2xUeE5RQUpqenRWTndCOXNQZTRPRkNvOGVtZWFqdDQtNDRzMS1mQmdaOHdMNUMyU2hiczJ4djN2dno2eTI1UVJEQ3ViMUphSTlCY0VGYmpiWF9aaEdFYUxBRDMzVTRJRThRcEhnUEtWMUxqXy1DU1BiMkljajdHNi1sY2VYb1hqUzFnUUtBZkxtQnpZRGNqSzU4U1Q5bEhjcDJmSVJOSmU2am9qbA?oc=5,0.5574,positive
2026-06-27,2026-06-29,JNJ,Johnson & Johnson (JNJ) Stock After 71% One-Year Rally And Pharma Pipeline Focus - simplywall.st,simplywall.st,https://news.google.com/rss/articles/CBMi3wFBVV95cUxOTWFKY0wzQklRU19qcXRvdTVRNWRJaVQtNk9oWHJ1TmtKdlRTUmVyb0ZjbXFodERfenFnNUprT1lvZXNuVVhyazhrcnlmZ1l3c3Z2Z2JPNHM3Y0JFTl9TX0c1d1B2OV94aGtfcW9xR1E2YTFOcURrQUFGQmlETDhHbzk1aWtDRGtmSVYtZGpVVGVoUlI2WDE4Wnh6X1lycDF1Zy1NRzhmeEttSEVUcFVEaWFyeERWclBOMVBQSERqa19QN0FMUE1KenRQc1MyakoyUXRKNk9iOXhBU3ZvZEE40gHkAUFVX3lxTFByTHJ1ZXVOOHN5TWNzU1pnXzZ5d09ibERRWGFybFNBcDVmdFpsN3hWTU1ZQU1ZT1YxUlB4MGFpbHBTcWRrVDNabE9mT3RoTVBSb3A2ZVA1MGdNZlk1bWxsU3d4OTRUQkVYS1o1aUdfOFBfTmhsRVhkX0lIeFVnM2M0cmRpempDOWlCcFJNY0tNRVMtblBWRWJEU2s1ejJTQVV5djRYR284clNUNmU5TEpjOTBOZVVvMlJZeDliV2UtZ2dJQllNeFd5Q1FfOUZpdDJ0ZkxFa09NTzFRZFlmZlZ1QmhQWg?oc=5,0.0,neutral
2026-06-27,2026-06-29,JNJ,Johnson & Johnson’s $5 Billion INLEXZO Bet: What Will Happen If SunRISe-3 Delivers in 2027 - TIKR.com,TIKR.com,https://news.google.com/rss/articles/CBMisAFBVV95cUxNRW1jRVlCSzZkNVlPU1psaXBmejk2dHNTMDNkaDNUTlRCdDgyZnR5MUJ1S3gxbmtMSlZ2c2hSR1FxRDdTbEhUVU9BVU04VmN6d18tTVRPcE1zYzh3MGwxOExHUDM3Y2pGZG5jaGZNRXJhMzJaUUlNREFqVUhJbVhlQmlFVnpWNHZFYzFOQzlKYTk4blU0RHNPcW5ob2ZFdTBSemdmejRoQnlUcThSNmNIbg?oc=5,0.0,neutral
2026-06-28,2026-06-29,JNJ,Johnson & Johnson (JNJ) – Among the 10 Best Dividend Stocks to Buy for Passive Income - Yahoo Finance,Yahoo Finance,https://news.google.com/rss/articles/CBMimAFBVV95cUxPWUdfaHVPYTd5T0t5b19jZEIyMzBUZWtlYVFLYS1pMm1id0pXZmRTTkttaDVwLTlQQmRBbWlva2FUUm5GTk9oOGE0dFRxeU03ZjR0WVZkZzVmSlFtZGR0SExzYnBOU0lpcEFmd1FpOUFjMklMTVpZX3hxTTYxelhGdzBjc0hQZWJhd1NmT2JrbGM0RFNDYjI1MA?oc=5,0.7184,positive
2026-06-28,2026-06-29,JNJ,"Ritholtz Wealth Management Acquires 7,116 Shares of Johnson & Johnson $JNJ - MarketBeat",MarketBeat,https://news.google.com/rss/articles/CBMiywFBVV95cUxNb3dOcm1DLTFYM2VMbllRZFpKSFAyOWhnX3VXTmVJVjlNcVNlUU9jektzN3RpajFlOHRCN2MtZkJFZ25zdHkydXMwVGpqMGtsUEJxSjdDMllBanF6VlVMWGlTX3BTRS1DeE5VbzV3RVI5Vm44a3FSZS16YjFRM1VrY3RtRHpEanFKUTdPbnZnLVpYRHJCN1BaSkVub1pNMjFOUWFWZUlBTFpiZndjcXk3d2ttd3MwdGRRRnROcnBnWjJFMmNEVWw5US1Zaw?oc=5,0.6597,positive
2026-06-28,2026-07-13,JNJ,Johnson & Johnson (JNJ) Beats Lawsuit Alleging that Talc caused Three Women’s Cancer - Yahoo Finance,Yahoo Finance,https://news.google.com/rss/articles/CBMimgFBVV95cUxOWW1QZnktOWtmRDNDUGJYUGZlTmpzME1BYlF0UE1uQ0pycjJtWUZVbUQyNVRSTlI2Sl9BY2xxdEc4U2l0c1RUcXRabmROeDVRX2V5U2RuOHJuQklSRnVPN0FLT0VLZnVlV3ZFN014OVBlWXRxa1M2ekxvdjRaQnNsd0N0OS1kTWRnbFpXaXVENEhiZUY4SllkcXFn?oc=5,-0.743,negative
2026-06-29,2026-06-29,JNJ,"How to Find Dividend Stocks That Won’t Blow Up, Featuring Johnson & Johnson (NYSE:JNJ) - ChartMill",ChartMill,https://news.google.com/rss/articles/CBMiygFBVV95cUxONlZXVlh4aGJ5cWRlTHdldUJiVVhla0QwU2JMRm1uNlo2QW9nMkRMY0RCUWpzSDRRVEl5ejVZY2ZsdW1DZ3FZa0ZRelBNaks5WnIyMGl1RUhhMUUtZ2hxdzZQc2pZX080RHBYZXlWQjRSbDc1dFR3ZUZLVE9CS29vM1JaemRiWFBHSXI1d2I4ME1PcUdCM1dwcnBrQWRRYTk4UkZMSTg1WFhMcTVpRVJnTjhnSkxUWGpfWXVTQ0tYem5IcUxDR2tTRVR3?oc=5,0.0,neutral
2026-06-29,2026-06-29,JNJ,"VCI Wealth Management LLC Sells 14,863 Shares of Johnson & Johnson $JNJ - MarketBeat",MarketBeat,https://news.google.com/rss/articles/CBMixwFBVV95cUxOVkdJZWVZd3hVSTRHeUhWNzFJR1FXbGhQQmdaR3V3dTRhY1NMTXZOcFQ0Vk5SV2dUZERicG9EcWsyTzJCc3IzN1QwTTNULUVtS242M3JGZE11RVNDbHZDY2xfZXlkczlOaEFKSjBBVi14bEhva2lLUzVUdEQ0YTluUHVmVngtQXhuUjNIWEZmdjZZeTdOaVRRbkhTdjNIX2c3aW5rbjQ0ZEZRbVRpdWp6MzNORXlSTzhnX3lvcTd4RHBTdWh2U0FF?oc=5,0.6597,positive
2026-06-29,2026-06-29,JNJ,Welch Group LLC Decreases Position in Johnson & Johnson $JNJ - MarketBeat,MarketBeat,https://news.google.com/rss/articles/CBMiugFBVV95cUxPTHRpUDRGa1AydE5RQm94WnoxTVBxaUlQdnNra21GNnQyYldUOExxeWxRbG5oTkpPVHlOSEd4QmxUYm5VcllNbnN1dXVVbnpCZW93VURzY3djYU5teUFMWHdfZDRweVA3YnJaYjNUckdidkVSbV9scWotdmxPRmloRHpGN3BOazUxVkRIUjhYS0V6UGkxVHZRLVRQVnAwVmctVFdQZFpWbVFIZUNTSzNuS25Tb09WVW5NVXc?oc=5,0.0,neutral
2026-06-29,2026-06-30,JNJ,Johnson & Johnson Actuals & Estimates (NYSE:JNJ) - TradingView,TradingView,https://news.google.com/rss/articles/CBMiggFBVV95cUxQTm00TlRFWG51a0FJd2MwdDZZRkVyT0xGYzgwd0Vkb3JVMmZ0NWlHS3dRQmJJVkxjdmdoN2J1Q2p4ak1LcWVYYUJDZ01zNi1CY1NZQ0sxN0RRZHFqQnNTMm9LemRTWXN2cmc3ZGJadWF2NmNZdzExMkZ2R0lxczBjRGVB?oc=5,0.0,neutral
2026-06-29,2026-06-30,JNJ,Johnson & Johnson (JNJ) Surges 4.0%: Is This an Indication of Further Gains? - Yahoo Finance,Yahoo Finance,https://news.google.com/rss/articles/CBMimAFBVV95cUxPaGw0RkxkMWNTaHJUdHBjZjFRTDQtdXZma3piLWxRLU1rSHI5dncyNUF2NUtYRGx5NG9BeVhwX2RmYXpkX2FjbUw3WXRSWkpGSVp6dGEta2M1WnFnZURZX0hoUGo1SnN2T0xCOWlBUV9jQW1hOXF1MzU3dzloSVhkVHRZSmZWUjlabldSRmZFRmVwci0zTE5CVA?oc=5,0.34,positive
2026-06-29,2026-06-30,JNJ,Johnson & Johnson (NYSE:JNJ) Shares Up 1.4% After Analyst Upgrade - MarketBeat,MarketBeat,https://news.google.com/rss/articles/CBMisgFBVV95cUxOa3pINkJiZ0JHZk4zMzRRUVUzQi1meDZVWVptTFFOMlZYeVA3WWltbzNmSGdERVN4bklDU1RFXzJMSEliY1ctMHpCSFlMQWVZcEJiTk1Dd1dkbU11VGczRGtWRGtEQklyVzdsUUNqT3BvUXROeEpiTVRJRkUyTnhDQ0xsZ0k2cEJCSHhVTGZMQXhGc1BpVm4tZmVlM3pCa1VwSXFKVzAzWjMySmFnZTcyekRn?oc=5,0.296,positive
2026-06-30,2026-06-30,JNJ,Johnson & Johnson $JNJ Stock Position Lessened by Sterling Capital Management LLC - MarketBeat,MarketBeat,https://news.google.com/rss/articles/CBMi1gFBVV95cUxPT3c1MGhySDJZWjBJc0d6ZTVNc0hZeUNyY3NyQjZ6eFlNZjhOYVotVVlKN0MwUGZiT2xvdlRfOWc5c0NhWjJHTVhRMW9LSmNIYWprU1pQaUhYallDTFZLUjRBOWtKd1o3SjRjRXFHbEhsS2xROXUyMnl5VUpkNmprQ251TjhiQkdST1l4ZmZRay1mY0Zrd0hxMHR5NFNSdGRDYW05M291bUxFRWdDakZvb25OMTdBUUQ2NW5YVEJWOE5OR19wbTNPaHFUYW1FdlI4bG1PU3Bn?oc=5,0.0,neutral
2026-06-30,2026-06-30,JNJ,Johnson & Johnson (JNJ) Could Be 31% Below Fair Value After Cancer Drug Progress - simplywall.st,simplywall.st,https://news.google.com/rss/articles/CBMi3wFBVV95cUxQWGd6MXJCNVJ3OVRtSGFDZEVNek5sd19zS2lJSnJKdmFscWVaWW9JUWR2V2M3RmR5Q01Nb3FUbEZRSzFEM2NxNXcyYUZtdGYtMGZoMjJndmR4RnVrNlNBLXRjS0dVdk9GNUNLblU3ZURMbTcxeXpxWFp0MHUteVotYnpxbl9YaTVKejE1QjlKRGk4X3hxc24wQ09OdzlXRU85WWo2N3FIVXdXdUpHUnlYTjg3b1FJMTVhNUhmZjVtWmdXaHIxQm1JbTFRdUxmclVCdElZdURyeUhnRW53TW000gHkAUFVX3lxTE93NHdjZ09nOW9zQWczUFhSdUNtNG5kcTRtck83RHFaTThJM3M1aEtWTVFKNm5qSGZ5VUdnRlhMYWs2dEQwaHlqNGMtT3ppYnFFblRJWm9IajlwWjFTTzl6bjY3SWdrT3hidVN1aFhMSzNkMkdWTnc0cl9ONVA2N1BhYUcyai00aTB4Y2tyb0pETjFSRFFvMUlxMEhQbW82ZWhWTThWd0lJWVBxWmdCci1LTlpHS2c1YlFHVlNhQmhCR053aXQ5YzZRZnI4ZVllYzVYYng3aG14VklNemJqaEEwUTVZZQ?oc=5,0.2732,positive
2026-06-30,2026-06-30,JNJ,Johnson & Johnson $JNJ Shares Sold by ABN AMRO Bank N.V. - MarketBeat,MarketBeat,https://news.google.com/rss/articles/CBMisgFBVV95cUxQeEs5MG1WR1d2R3B6aTZxWEd3Wk40V1N1ajhsTEt5ODNLeEtKTHdOcmlYODI2U3JQUDh3TV95ZVFLbV9hb1NqOXBsRUhSQko2djdyZWRsRGpuRjlYSkU5OHl6cmVqT1BqZG1CVkJGVENRWnhRTnVSQ21rWDhXVDl5WE9VSGJ3azVaMllZeXRkQ1RuMm9GaHhEU3Fqd1MyV2FxUjRpSkwwY0JlTlJDeUFQa3Z3?oc=5,0.296,positive
2026-06-30,2026-06-30,JNJ,Johnson & Johnson $JNJ Shares Bought by Braun Stacey Associates Inc. - MarketBeat,MarketBeat,https://news.google.com/rss/articles/CBMiwwFBVV95cUxOQlM0YXppUUhuUXgtR2FxeGJ4a3ZXdzkzUFZCU3BybVpwVTNZbVpjeWNXOE92MzRIeUc5Snc0aUFCUjFzNEduWDcwRFdIODBYWDBRS3BlTVJYc0kzdmU0Yk9salN2Vno4N3RuOTFPRWJYRkdNdlpUME1RM05yRkFfdFpsN3JGbk9XekNRbGpZd3dCNjUtYVZ5NUg0NjJOZUV2RHRqNDA3ZzM5OHdDMHJJU1NyemdzYmh3d0pEaW9GZjltalk?oc=5,0.296,positive
2026-06-30,2026-06-30,JNJ,Fort Washington Investment Advisors Inc. OH Trims Stock Position in Johnson & Johnson $JNJ - MarketBeat,MarketBeat,https://news.google.com/rss/articles/CBMi4AFBVV95cUxNZktQcGY5Qi1qTndXM0JScC1SY2RXeWduZDZOWXpMOHpHMXVvcUloZzhwQlNwOXUtNUVlQmZ2VmpMb1g3dElIUlpCT1Rzdkx5TWxObDRQa0NiSXp2bGtETnZELUpSbkZ2RlM2TnRJLWwzMnQzLUQyMjVlTzBmVlRnV3JBRjRfRHhDRmg2U3pzVXNZME9kTE9Sd3VValN6bXhBd0p1dEFfWGhLMFBmUW1fSm5qV1JzcGFFNS1ZQ3pvX2EwNWlpQm1sVG1rajJlM20xNEpSa2NlQkE2RFJDaFhISA?oc=5,0.0,neutral
2026-06-30,2026-06-30,JNJ,"Pictet Asset Management Holding SA Sells 29,789 Shares of Johnson & Johnson $JNJ - MarketBeat",MarketBeat,https://news.google.com/rss/articles/CBMi0wFBVV95cUxNbHZiMEpVRVo0TTkxZGtObHhSMmVnbUJwcHNjWHBOcG1KYkpXbk53N0VJQWhjR3JTRDBsUFZWNzdwcUVfV0xTd0ctc3l5WGhPekh2Vkw0Mk1nNVQzTFEwclZ3ZEVuNlJHb05fdm5LcVg5UVl5VTBLTnRIWWZvMnkxcGRRc2dKOHJqaG1EcnFzSC1tRld2WktuM01lWGVEWlJwVlIyMTVNRVNRZVZTYV9jNU1Mam9UQ1ZFSVZzVmpsRDhFZ2QyYm14SkJabVBsOUNmS21z?oc=5,0.5719,positive
2026-06-30,2026-06-30,JNJ,Union Bancaire Privee UBP SA Has $33.62 Million Stake in Johnson & Johnson $JNJ - MarketBeat,MarketBeat,https://news.google.com/rss/articles/CBMi0AFBVV95cUxQc2JFTmhvQkpBX1pCalFBbXc1dTRhZ0FZdU9aMUt2TlY4NExtQUNoc2FkN3dSZWNDLVV1WDQta3JqRFhyTVRzaDQxRVo0Y3NFQVdJN3hVOEhHSFpzTjRVVnFQVTI3LXduSk5zYlU0elpMWEsyakVNcU5LWC1sWWwxODdNcVlmS25Da2NBRkhZNWtWb1NaWms4QlpnaHYtQURIVDdzRkZ6VlZWNFN1clBhOVZ0bEpWWGlPN0lCNHlpbTFwRXBZNkxkdml2Q2xQbHlR?oc=5,0.0,neutral
2026-06-30,2026-06-30,JNJ,Border to Coast Pensions Partnership Ltd Makes New Investment in Johnson & Johnson $JNJ - MarketBeat,MarketBeat,https://news.google.com/rss/articles/CBMi3gFBVV95cUxPNkg4NjdyOV80b01ZUDVEYUtGejZIOThBRV9HNGRsMjFJeWM1SDljMmRCSS1XUGo5dHl0WWY1RE5xTlEzQVBHTVd1UDFUalMzYmMwMVNtSVhxWnZlVWNoQWluZnV1bnl2SUxmM1dtTHlfWkh6ZU8xOFZVdHdBcERiVVJQZVIyT3hVS2FsbjJucjRWS3lQWG8wcGIwaDBGS3ZPV045TmVXakthY1ZkODhla2t1VFhidGJQQnNsUk5Xb0tBaTBwWTdONUQ2RzQ2RUg1RkNtZzg1TkVENF9IblE?oc=5,0.0,neutral
2026-06-30,2026-06-30,JNJ,Pinnacle Wealth Management Advisory Group LLC Has $19.73 Million Holdings in Johnson & Johnson $JNJ - MarketBeat,MarketBeat,https://news.google.com/rss/articles/CBMi6wFBVV95cUxPeVZQam51WFRJRVNqM2hKYTBXeGxGN2xzLXBkT2hnei1wQ0NnQm9nOVVZYzdsQ2twN2FMS0ZhX0dUaVAzZHlYenlDUFJmSzFhRE9tYndFRS0tSl81aUZKQkdQRFhxRGoxY2dxazJDdW5QRDg1V090aXV1amhoc2lNaVJ6SzZMdXBWQkFocWJWZy1pU2FzclgtLS1jREx0NFZjQ0tQMDg2dzRibllTNmRORUlKZE5OSHgxYTF1b3lZTnItTmNnTGVYclY2ZHV5bmVEeUVjUmlPYnd0RDNYaDlFM2tiODNwSmllNG1J?oc=5,0.4939,positive
2026-06-30,2026-07-01,JNJ,Why Is JNJ Stock Defying The Market’s Daily Mood Swings? - Trefis,Trefis,https://news.google.com/rss/articles/CBMitAFBVV95cUxNb2hZUHpOYWVKcGZScDI3aGNtaDlCdV83Z0dzX0NrWVRyd2ZiVFhIeVVHeVdhSmFfdG1fVkZ1QTVISFdzc0ZuTEJOYkJldnZKbjZKZ2hDWno3T0tOdzNLTDM0VTdGOXIxaFNBY01fT0pWbzBxUnR0a2ZDRERTQ3ZKdUFzSENEWDA2Q0pOLVpZOXRpN0xOUEVLcTlFSlZ4eWRRdXhucnV2SnNmUVBzbzFpYTVZbGo?oc=5,0.0,neutral
2026-06-30,2026-07-01,JNJ,"Dow Jones Medical Giant J&J Breaks Out; PNC, Iron Mountain, Fortinet In Or Near Buy Zones - Investor's Business Daily",Investor's Business Daily,https://news.google.com/rss/articles/CBMilwFBVV95cUxPV2M1ZWpRWVc4VU9jbjZoOGMtQnZYQTBsaTlySjBoUy1uRTJSYUUxZnltSXI5cHVsd2Vzalp0d2ZuUmJzY3BfU2ZTaE9MSXhmQVNsUlJkSzl6UlBDcE5ZZG93cU40SjdfVlRwTGJ5R2NkaV9kWXRhbDdlS2JiYnV3WlkzZjlLYVRYWVEyeldpTktzUVM5UHVz?oc=5,0.0,neutral
2026-06-30,2026-07-01,JNJ,Johnson & Johnson (JNJ) Faces Decline After Six Sessions of Gains - GuruFocus,GuruFocus,https://news.google.com/rss/articles/CBMiogFBVV95cUxOQ1A2dG5TVHRrbElvanV1RFpuZUhPeXZwSlpzX0dQdUJFVS1rUU5ONEVZVUZXS1I4cUJUS2pURW5Xdm5ydEpERm9Jd1R4SFd6V3lHOTYxNTB6cW95blZvNE9sWGRxdlJiUXVDQlU5Yk1PVDVoQm95TGlEMnNqMWNRczN6Z0NFMUQ5ZHg2Wjc5XzlqNXZlY0FfNjAwa1RISE1yemc?oc=5,0.34,positive
2026-06-30,2026-07-01,JNJ,Johnson & Johnson (JNJ) Stock After 73% One-Year Rally Is There Value Left - Yahoo Finance,Yahoo Finance,https://news.google.com/rss/articles/CBMimAFBVV95cUxNMXRiN0hmU0xUMUpjVDVzTXAtZ2xOZHZpdENrWW9FMFhyMUJHVmVkY1l5V05WY0dqX1E2UnRhTUxNR0FfZExuNGNJdUlQNDNlcE5pQUtQNVVsN0NiazhJbXRzdXMxT2VPcWpEOGVBY213V2xEZHNfckpZTkpLWDZhNGJiZ3Nfc0pCbzIzcFVzVzBZdXFWNXZxUw?oc=5,0.34,positive
2026-06-30,2026-07-01,JNJ,Johnson & Johnson (NYSE:JNJ) Shares Down 1.7% - Here's What Happened - MarketBeat,MarketBeat,https://news.google.com/rss/articles/CBMisgFBVV95cUxNZ1cyUFpfQ3RFbTJJcThpTkx1SWxqLVYzOERRRnNCb0hxemFyQkdHc2d1azFLUmpsQS1BN0ZoMTdsNG1RcFVEUFI1cXUtSnNoVk1xMUJ4cFgteEl3dzV5blFfNWRRMEk5VDA2Q0w3MXI2MHRCOFZmSV9wTWJEcWoxMmJPbXdERFNOZ0JSWVhEaHlCZEZmVi16NWJvZkdVWFhOMVpLZkZlZFVSQzRDSmNLQjdB?oc=5,0.296,positive
2026-06-30,2026-07-30,JNJ,Why Is JNJ Stock Defying The Market’s Daily Mood Swings? - trefis.com,trefis.com,https://news.google.com/rss/articles/CBMitAFBVV95cUxNb2hZUHpOYWVKcGZScDI3aGNtaDlCdV83Z0dzX0NrWVRyd2ZiVFhIeVVHeVdhSmFfdG1fVkZ1QTVISFdzc0ZuTEJOYkJldnZKbjZKZ2hDWno3T0tOdzNLTDM0VTdGOXIxaFNBY01fT0pWbzBxUnR0a2ZDRERTQ3ZKdUFzSENEWDA2Q0pOLVpZOXRpN0xOUEVLcTlFSlZ4eWRRdXhucnV2SnNmUVBzbzFpYTVZbGo?oc=5,0.0,neutral
2026-07-01,2026-07-01,JNJ,Johnson & Johnson $JNJ Shares Acquired by Canoe Financial LP - MarketBeat,MarketBeat,https://news.google.com/rss/articles/CBMiugFBVV95cUxQSHJHNkZBTnRaUG10aXdxSHdqWktNOWtFOU9lSDh1R2RsRUI3MTktQTh4QTF1M3BURGtXOTJJcl9PZ3Rnel9UUTV2dlZjYXZGTVIyNWtEdDdYOEVTUmMxeWo0eTNrdXdTWm5OcERNQWFRbzMtMEY4ZTZUemFhNDlOMy11cDFCRlAwdGhKaldPYVdhOU85WlZQN2owQ292WlRIUWFobmJkRmxpU3BTQVYwSzBmUS1Ua1FmMUE?oc=5,0.296,positive
2026-07-01,2026-07-01,JNJ,Johnson & Johnson $JNJ Shares Sold by BKM Wealth Management LLC - MarketBeat,MarketBeat,https://news.google.com/rss/articles/CBMivgFBVV95cUxQQVl0blY3MjdBdnNGY1psd0VobkpPVFAybXFPSFhpekxDbzRPeXg4S3M2c1V2Q2RUWC1JcUktMVJBbmIzcjlCZVJPUC1obHE1OXVUNFZDM2JRVkE3bXlPM3BsblBrT08wSmJ6alVkUVJBYUY3WEVELW5jaW1ydjd1T1JiSzNOUk42OFRwUGFBQkdNaFN6cGxtTTVhSElRTHFIOF84QVpkUWhMWXJWdlltTnJSakZaSVRiWHJ4WGtB?oc=5,0.6597,positive
2026-07-01,2026-07-01,JNJ,"Louisbourg Investments Inc. Sells 11,896 Shares of Johnson & Johnson $JNJ - MarketBeat",MarketBeat,https://news.google.com/rss/articles/CBMiyAFBVV95cUxQVDI5V2RuVWhHZ0p0Y2ZUalBteEhyd0xtR3BuRDdkRE9PalVxcEc5UEJtZ1A2MXlER0FMWDdVMzE1WFF3dXhhSWdFMVJWcEFzUXE5MWR4RGVzOXpQaUVwRzd1NndTMnZWUGYtLXA3d0tHNFl3RWVfZE5QeTJBS1RKa3BSRTN1V2FWOUJTLS1XbkdhQ3RZd3JBU0FGdUFvUUlGUXBLZThkc0N0cHJ2RklaNElOdHpYYnlEaHVJbnAxeTllRUlYaGdUSw?oc=5,0.296,positive
2026-07-01,2026-07-01,JNJ,"Janney Montgomery Scott LLC Acquires 75,420 Shares of Johnson & Johnson $JNJ - MarketBeat",MarketBeat,https://news.google.com/rss/articles/CBMizgFBVV95cUxOTTM2clVfZ19nMW1vSkpSSjRVUGU0U3FWS2lXZEVjcG8wZFhuMUFncHFadDVJOERWUVd6bXRWOER6T0ZrcTZXdUFjWXJVd0VxNzRlaDdTTFpsa21DWjdqd2VsNTg5RWlBV3lkTHVQdVVlcjVVVml1cVFYcW5hdlpLeFVWZ2tidUk3VzVNa0xoOW13MUptRjY1ajNRODF2eFEwUjJ4RElScjJKZ2NEQ056SjNsTUVqbTIzeWZETDlENk95VzIzYXkwWW1TWTJnQQ?oc=5,0.296,positive
2026-07-01,2026-07-01,JNJ,Cornerstone Wealth Group LLC Boosts Position in Johnson & Johnson $JNJ - MarketBeat,MarketBeat,https://news.google.com/rss/articles/CBMixwFBVV95cUxOM3NmVjZxa2hjSHBoVWhTeTRDWjYyWFFXd3doblJiSUZtSzdfRVRTLVdvLXFtZEhMRzRlS0N6dzNFUjY4aHU2VmI2a2UtT3dlRVVLVUJxdW5QeXAxTnpqUEJPcTFqLWI1NGhyTmd6MXhZQmk1bnlNbkVfcEc1dDI0dW04SGlhX0VkWjdoOTh6VGxaOGxPQ0paem5LNjNaWkE4NEYzNmd4VThGeHlaMHYyTVpBUkI0cW1rMnEwenJYcllMMlhvY0FR?oc=5,0.6705,positive
2026-07-01,2026-07-01,JNJ,Diamant Asset Management Inc. Has $109.34 Million Holdings in Johnson & Johnson $JNJ - MarketBeat,MarketBeat,https://news.google.com/rss/articles/CBMi1gFBVV95cUxPY2NBNld1VDY1dW5MN0wwcW1Kem1jMXRXZzRfYmxBOE1nUGMzRHFETEplZnlhb1BUUzl4UnpsWlkyRFRZT0JlTkJfRzV2SGFnUTdhLU1WYVlPNk5DSFUzVHphUXRGdm5VOUFUMG0xRTNhd0NValdVOG9GcXlmQWtGeWN3SVVwQWU4X19VUGFDa1Z0d3JZOXlNaEFTNEhWVDFnRXlIR0tBaWdac1RWY3NqOTFFWTZJYzFFUldKRVN2WC1LNnVkVGJwZ1MzSEE5ZlJ2cVdSSV93?oc=5,0.3612,positive
2026-07-01,2026-07-02,JNJ,Johnson & Johnson (JNJ) Reports IMAAVY Gains In Myasthenia Gravis And Pregnancy Study Plans - simplywall.st,simplywall.st,https://news.google.com/rss/articles/CBMi3wFBVV95cUxQcm9nVGdYZ05KeWtjWFp6RTdkbGNNRm80M0RSRS12MHNCeHhFaWFfN0MzOUpHXzRYcllLbEloVVFTYlhkYWZtQWtsbUNNd05ma2lGOU04dmRabWd2OE9NcUF2M2pybkNkS08xQlJ3T1JmZkc1RzdWWkRCaEpwSE42d3RJT3FxOHc2NGlLcVNTLUZpc2FFQnZrdlAzOEhoV2d0NktORFRQM2laZVZRUFVHenpHSGFZSjNkNUU3cnFQeHYyNjc5ZTEzT0EzWW5mQllOSjNhandXcDdRdDIxRWM40gHkAUFVX3lxTE1TYm9hWXAtcGltS1RMcGMyUUZvWGFxQ1lQZHo1am1RT2ZjN0FXSFE4WFVZbEZ6SEJOaTRvUngtS1FNOEYwb19Zay05V0REVHg5emxMTWRhV2NVNHlRMkM3NndkWXFGSURIUEhoeXhscEFPMUhiUUc4ZWkyUVNLNEpJT05BT0pjcWtMaVRpZ3JuM2VWeWJYaVo3c2xPMUhTZFhjdXZ5d0wyNTg3QU9wZWVuTDlOLS1YdnlwQWRtZ2xlN0RaUWhteEU3NWNzUnBMNDVfenZaVlpoU0dMRnF5VVFTN21MNQ?oc=5,0.34,positive
2026-07-01,2026-07-02,JNJ,Johnson & Johnson (JNJ): Focused on Cancer and Neuroscience as a Top Dividend Aristocrat Stock to Buy - Yahoo Finance,Yahoo Finance,https://news.google.com/rss/articles/CBMimwFBVV95cUxNQTZGZWxXckpxbE1YaDlRNklUbUVXTUNOa2Y3UHBLYjFHbFA1cjVtbnhRY2dJbl9DTGpZeV96R2UtbjJtX3g5ZS1jUzdiYV9qaU1oZ0IzUFBnV0RMdXJSalExZFc5Z3R1Y0VWUFEzOWREWVVyaUl1ZU9HTFpCcjQ5QXFkMHVLVkxJTDg1Y095Nzdnd0J0VFFsa2xZYw?oc=5,-0.25,negative
2026-07-02,2026-07-02,JNJ,Lansforsakringar Fondforvaltning AB publ Decreases Stock Position in Johnson & Johnson $JNJ - MarketBeat,MarketBeat,https://news.google.com/rss/articles/CBMi4wFBVV95cUxPV004SVRESmp3RW1FdmhKNUNWZXYtN205WGZRWnFuZkxwekFmV3Q0S09oc21VR1BubDdUTC1adWxmcE9xYmpfWTZDaXJjUmgyOEJwLVNLQ0VDSGtrc1Z5aFlQcC1XQWw4YmFMU3pQZjU3bkJpYV83SnJpaDRiNzVuU0NLYWwzQlh1QTNQWGdhbDYtSmdzMDBVbkVYcHlrOHMtbUVCRnl5MDNkbFhRaDZSS3RjenFoMjZOVk1WUThhT1Fma2hWdzV2SWg4T0VVSzJ0UFFOWXM5ZUhsb2tOU2JaNk1wMA?oc=5,0.0,neutral
2026-07-02,2026-07-02,JNJ,"Apollon Wealth Management LLC Purchases 20,418 Shares of Johnson & Johnson $JNJ - MarketBeat",MarketBeat,https://news.google.com/rss/articles/CBMi0gFBVV95cUxQaDZJa29WVjl2bVBZMW9hcGJoZ2dQZ2lXUnFqNGFFeDJhME5WRWo3S3diV0ZaMUhxdy0zem03V3JHdnZ1NkpYNWYzTUFFZ1k1R2lvaE9zMWhEbnYxcVpfVVJ5MXV3TERNSU9NbkRXbDZETEJIZmJHMU9oeFVZU3BGY2NETTVITjh6b2M3SGpmVUxwTEJPbE01TjVYaVZEUzNlRXJPd2lZVUF3REVHWUpPQ0RIek0ySE1weU1fUlAzRTA3X3IwUlZ2SE1JNmx6dUxVSWc?oc=5,0.6597,positive
2026-07-02,2026-07-02,JNJ,"BXM Wealth LLC Sells 67,962 Shares of Johnson & Johnson $JNJ - MarketBeat",MarketBeat,https://news.google.com/rss/articles/CBMiuAFBVV95cUxOZC1ZMERpVzNIZmJXWXFMSV9lLVFaUml3WUlaRGJWQnhWRU1RbUxwdUUtSU1NQllpUmd3MGt5MEtiUXgxenhyOTdfeVF0N1k2b0dKR1J6SGxmMkpWSmtfeTg1Mnpxa05WTHM5VjFvWHd0LXJmMVhHNTlMQXU2aGh3eWktczVsMi1WLUNnaThLUEs4VGRqRF9mN2FsOXNkZDVMeDhfb3ZhMDJNMUZpWkZTOUNDLXlyXzli?oc=5,0.6597,positive
2026-07-02,2026-07-03,JNJ,Johnson & Johnson (NYSE:JNJ) Stock Price Up 3.4% - What's Next? - MarketBeat,MarketBeat,https://news.google.com/rss/articles/CBMiqgFBVV95cUxNeS1lZF9Bb2JoRHZobWlLNUtHdjhOYVJidlFCV2hrQVNZMnhxcnRHM0JOcDdLUEZseE40ZEtMY2U0ZkRRclkyc1gwQVNOV2Q1bmFVMHdVUG5YWEpNalFyeVNmM0Jrek5TRGtaVzRMYmVwcUo4SFBJc2NQRDNKNy1STUpMckFLTElYakpvV0lFWWd0UVJsdHZDV0hGbXRId3ktaDJ4ajYyRDRLQQ?oc=5,0.0,neutral
2026-07-02,2026-07-03,JNJ,"JNJ Stock Management Sees A Breakout, The Market Sees A Standoff - Trefis",Trefis,https://news.google.com/rss/articles/CBMiwAFBVV95cUxOeHItencwTlJaeDJJLWZLUmZIUjR0bUwwVUkyOVhJUHJtdjhYOEZwUW9VZDJ1NF96UnhUckQwa2V6MWJmaXdObDZ3N01mdnNKZDFwQVlIOVhvUU5SMDVjdFZ4bWpzMjNJd2stM3B0UzBMZ2NkS3Z4TUl0a1k0OEp0ZloxSjJDeFY5c2NXTERGTjF3SXJEcmd2ZFdXZXlEaTFfeWI2dGY0VkttaVFGVHpXajdJNVFXaGt1QW93bkM4d3k?oc=5,0.0,neutral
2026-07-02,2026-07-03,JNJ,Is Johnson & Johnson (JNJ) Using IMAAVY’s gMG and Pregnancy Data to Deepen Its Immunology Moat? - simplywall.st,simplywall.st,https://news.google.com/rss/articles/CBMi3gFBVV95cUxPUUxCTkZCSGZNR1dFVnFfRWpXMWNmMDJyZTc5SG1mZndrVVc2cUJJX0xyWlRoeEQyOFRrMXhTLThqNGFvbGRiX2N0QXptMUQyZlA3SGtnLXJ4V0NTU1RQTHZ5ZnF6dktMaEl3UEFlTHRaUmRZbVdWLVJURXlyNTNHYVJFajRFN1h2eklYV3owOHF3OUhvVjRtdEdRdHBjdXdVN0NtSDJDbUFUaUtQLXJULUFQLTFQNmYxbThQenRhbnk2UGhPdUxNRGtiMDYtaEdSM0g0VVJQSS0xZWx5YmfSAeMBQVVfeXFMTWZRaURreGNseDlRbDA0cDVYRE53SjZQRV9aQ2dvR0xiZmhPUGdEaVd4SU1CUHltRzZlSTMtaF9KOVRmejZweVlEallYb0ViWHFEZWRxdzl4dklWQkdqU2RJaE1RS1R1dWhQT0pJQk1lMjFtOHlURU9ybGV6LVVpS3N1MFdmV0JEeWN6LVJ0d202eWtBczdPamRtZnppYk1ia1U3STVKYmh5a0lST0U0blNoT2xWZXRqVnlaX1FuZTlSdWVkZTE1dXIxaVJZSDNUZXBlbGc0RDVGVmZLeFhfX0ZTYlU?oc=5,0.0,neutral
2026-07-02,2026-07-03,JNJ,Johnson & Johnson Stock (JNJ) Closed Up by 3.39% on Jul 2: What Investors Need To Know - TradingKey,TradingKey,https://news.google.com/rss/articles/CBMiigFBVV95cUxQRXdhNktGblZxQ1BaTjZPakd0Q1dWa2huYVktazlPNHpVOVViM1lBS2Z0emQ0NXJrYm5DendhQnZ5Q3c2alUyWGt1ZzF0UGJaQnFQZlExWE1YUm0zLVMxQWVnMzd1aGF0Xy1oWVM3b0hBRGVpYnRMY080QjQ2c1hxbDhnSmhqendtdEE?oc=5,0.0,neutral
2026-07-02,2026-07-03,JNJ,J&J or AbbVie: Which Stock Deserves a Place in Your Portfolio Now? - Yahoo Finance,Yahoo Finance,https://news.google.com/rss/articles/CBMilAFBVV95cUxPMmFPV05BNVNucUhjUkJ5d3IyZDBvc3dNLW80VXNGblh5eXV0MVhxdHZzNHhzRWZPSi1DT2JTdkdUQll1Z0VYM3FGVkFZQjJqOXdDZmZta08zaU1YcHJKOUlFWjhmbjN3MVAxaDU2VXM2VXVJMmUzM2d6WHpkOWhJenUtVy1fQk1NN3JsemFaZjNZVEZM?oc=5,0.0,neutral
2026-07-02,2026-07-03,JNJ,A Look at Johnson & Johnson (JNJ) After 3.6% Gain -- GF Value $1 - GuruFocus,GuruFocus,https://news.google.com/rss/articles/CBMiwgFBVV95cUxPQy04V3Y1d2tMTjd2dVFCbXMyaFh5bHlvQk5UUy1NTG9pZkRIak5rQjlkeHpuSWpkWU1QWnd0ZHRqOVRtUDgxbVMxMDdfdVo0cFdLNnlWcjJBX1JoVmZtSF91Z3dxTVpMYTAxVGhva2lHZnBOQ2t6RHdiTkEwUTEtbWtSamlxa0VBZXMwWkhadlJVeUlsaGExZ0dJaDUtM1pkR2RJZlZNSWl3ZVhIUXlIaEF3RnRZcmV4TTJYenh1cHBSdw?oc=5,0.7003,positive
2026-07-02,2026-07-07,JNJ,"JNJ Stock Management Sees A Breakout, The Market Sees A Standoff - Yahoo Finance",Yahoo Finance,https://news.google.com/rss/articles/CBMioAFBVV95cUxOYlFJWS05N3E4SmNURTRRZXR3aU0xY2JDczlIeF9zNVFiOGdYZWlhUGtoaWxod3k5LVlHak41LVE1RS1XNTdBV245RTNUTkJBNE5DRXhhdWNxR3dXZzVkRWkxVWFsaWxCajAtMEszeEk3UElyU09jV2JWdjRIc21aaWl0V3R3QnRIMTFfaFNycjhLdzdWNnU4WTNBOEJrX2RT?oc=5,0.0,neutral
2026-07-02,2026-07-30,JNJ,"JNJ Stock Management Sees A Breakout, The Market Sees A Standoff - trefis.com",trefis.com,https://news.google.com/rss/articles/CBMiwAFBVV95cUxOeHItencwTlJaeDJJLWZLUmZIUjR0bUwwVUkyOVhJUHJtdjhYOEZwUW9VZDJ1NF96UnhUckQwa2V6MWJmaXdObDZ3N01mdnNKZDFwQVlIOVhvUU5SMDVjdFZ4bWpzMjNJd2stM3B0UzBMZ2NkS3Z4TUl0a1k0OEp0ZloxSjJDeFY5c2NXTERGTjF3SXJEcmd2ZFdXZXlEaTFfeWI2dGY0VkttaVFGVHpXajdJNVFXaGt1QW93bkM4d3k?oc=5,0.0,neutral
2026-07-03,2026-07-03,JNJ,Johnson & Johnson $JNJ Shares Sold by Financial & Tax Architects LLC - MarketBeat,MarketBeat,https://news.google.com/rss/articles/CBMiwgFBVV95cUxPX2xVeG84TlFaQklUVmFyQTBhNlBRVll4RTFZLUN2YmVJR3RqMWlEc19zdU16M1ZZYmpqWEMtTWxmTXlxckRjWThZM1pMTFB6aXMyUG5mODZuWlhJeGpsUzk5d1BFd0JJWFRhT1I4Qm85SmNwa2dOOFpGbmU4QmY4Q3prckdqbnJaM1BnMnN0VGtUSUJsSHBCeEtuSzJya1lFNTVtcFMwMzExRVd5Zzg1TE5ZTnQteG56QWRuQ2swbjlKQQ?oc=5,0.296,positive
2026-07-03,2026-07-03,JNJ,"Forum Financial Management LP Sells 23,577 Shares of Johnson & Johnson $JNJ - MarketBeat",MarketBeat,https://news.google.com/rss/articles/CBMizAFBVV95cUxPM0NDYlFqcmdNQWJ0WENvMEl5SmdWS0doNF96SkxmRXNBcWVkZHAyREExeFpULThBN3ZKcnRFeUpLbGNsOWJORnNmeDJnWjhjdTBZbENoOC13d013Z3dnNDVGcjFpQU1PeThuZER3MWRHZmE2Uy1jd3FEc3hNazhNLTYzQkl4eV9ic0Jka08wNGJlT3dlU1BRVUxNd1hRNW9EMnhBYWlyMGVCNm9vMmtuMDVjVFpwSHVxLUtfX3B2dGRQYXNIbXJHUnhHeW4?oc=5,0.296,positive
2026-07-03,2026-07-03,JNJ,Folger Nolan Fleming Douglas Capital Management Inc. Has $25.43 Million Position in Johnson & Johnson $JNJ - MarketBeat,MarketBeat,https://news.google.com/rss/articles/CBMi8wFBVV95cUxOMVVmakw4SHJVYnN4TktEUEtQX0oySWo0LW9XQzlkVndCVkJtTEJYX0lMTHR0T0ZrYVEyZ01QbmhOU1N6dnM0VFJUNkxockFTY1hoVXozZ2hKaEp5ZTNDRm5nUGhtRWlZY2RTLUF6YndKazY5emZ6UXNYQW9pMmxsdFZ6RzVWZEtmcEJWNkVGeEdsSjVSWGlTeFgwV2NJS0VXcjNHUzBJNTN0ZC1JRGZxRVQ3ejR4b2pLMzBuaXUxWjhIOHQxOUcyY0JTS012dlR1d0ZrdVlMTThxdlRJQUw1eUJxRGFyeklBV2xMaFNuVlNUR2M?oc=5,0.0,neutral
2026-07-03,2026-07-03,JNJ,Members of Congress Are Loading Up on Johnson & Johnson and UnitedHealth. Here's Why Retail Investors Should Pay Attention. - The Globe and Mail,The Globe and Mail,https://news.google.com/rss/articles/CBMiqgJBVV95cUxNNXdGekN1OGY0UXk5M0psTjVyOGIzOVJFWm1TdXBiWWpVWC16RDM5a3FSVmc5N1REeWZPWVhldGJLNGNTN2NHVm1CQWFiTmo4d1FGWmxwNU5TemlVdC1MakEydHdMdzVDZHJqaXh6bDZuUVR5R3VUYzVLUkVFYm0yMkJRVTR3WnRyanM4RlRZakZzM3VCZmgtelNaM1poMVN0alFTWng0c2xKVlpodXFaVlRnZ1AzcWxHdUJMaUMta1ZQNThzMkRRRWw0Vk54cGNQTnlxRmM2V3FkOW5QUmFzZXFqVFNqVDljOTVxTnhpQnRFbDhqc2RPbFQtakdHejlFc2tKOUxyX3p6VHZZdU1CYV9nRzZsSHRsY3FscGxyWk5NZ0M0ZUpVZU53?oc=5,-0.1027,negative
2026-07-04,2026-07-07,JNJ,Johnson & Johnson Stock Hits 64 Straight Years of Dividend Growth in 2026 - TIKR.com,TIKR.com,https://news.google.com/rss/articles/CBMingFBVV95cUxNbE5FeGNYd0ZKQXlCakJMMDRiT1B2SFZ5bW5Va1laQ2czRS1LcGY2bmhqVkJ3LXlJYWNYSDFFU2l6SmxOMEdWN042UmpSbThNTnVDWmk3ckdjelJMSlU0dDRuWkVGSmVIeWYxU3Y0M1F3WWFtbjVYWFNrQndPX014U2hCOXgwajZsWkZPMG5yNUl1dU9lYXN4RlZwNS0xZw?oc=5,0.5423,positive
2026-07-05,2026-07-06,JNJ,Johnson & Johnson (JNJ) Stock Looks Undervalued On Cash Flow While Earnings Look Fair - simplywall.st,simplywall.st,https://news.google.com/rss/articles/CBMi3wFBVV95cUxOV0lBMEZ1UVlRb2JENnBqY0xDNGhhVG9wWnJfaF9wSS1OMzZ6dUl4ZHlNREFhSExrclZjT2dRQTBSNHMyZXgtRWdlcnNESjJRQV83ay01cm0xVFBGZVdXMVNUYzVrYVJiQS1XQVp0Y1VyUXotaUN0ZGxUNGFoMWQ0SVU4VE1WeU1ENkJmcjMyenRmVmZZRkxjSUNUWkJOclYyaFRqWTRjeTRWc1BYWHlyRmdUa0JqY3lZZmFLYWtUUjc5MlFLbUU1S3o3ZXFvdGRhZ25UOXpYSEczSjQ5Q2pj0gHkAUFVX3lxTE9GQWlTVEpBS0NDaXRydEt4QVJPR3YtWTN2X09Ta2VJSi10SE9FN3BiaVdkWGxwaC1SQzZmZ0pZVXEyeURzak9xaE1UVFc3ZHJObHBzWFM4WGZ4RE5DMDMxLUh6QjNHZm9VY0xoX0JQbWFjMTN3Ql82UkFoZDZPVTlVX2phU0ZvVzVzYzBsdzNJSExkOElXQlpxXzhPNS1pQzRKeG1LNTB6Mm9rUEJuUG8yMDJDMFhCRVJiYmJjSkxuYVZ5RFI3TXBLbHFXSFNHcThQejN2dUplVk5SVjhTMDU5VEVDdA?oc=5,0.3182,positive
2026-07-05,2026-07-06,JNJ,Johnson & Johnson (JNJ) Is One Of Jim Cramer’s Top Performing 2026 Stocks - Yahoo Finance,Yahoo Finance,https://news.google.com/rss/articles/CBMilwFBVV95cUxPbHl0aDByOGlKSm9ZWFhBaTZ6bVlsbGd5SExiTVIxVzJ5UzJqSlF0Z1MzYk94VG50X2Zsbl9CN1BlUEQzQUh5enBSNEQxaXZwcDIwMWdjYXktSV8zdnNCd3JOQXF4ODhpUGpNU3V5T0FyT3hVQ2tXUGZIaWNNYXhoUTBhcEQ3ajNLQmE0RWE5cUk3em5RNUhz?oc=5,0.2023,positive
2026-07-06,2026-07-06,JNJ,Johnson & Johnson $JNJ Stock Holdings Increased by New York State Teachers Retirement System - MarketBeat,MarketBeat,https://news.google.com/rss/articles/CBMi5AFBVV95cUxNNVk2RzRVWUhpUndIOFgzbnBoRjBPdnR4QksydDE5SXR4SkNMY1QyZmhWVFRjdmszQmI5V3ktMnZaODU2VUdzbmNyeERxM1g2VjFJbXE5MzZkTWdSVHRtemlCbkFaWmdVXzVPLUhSNGRUMFdnbDRuV0gxbkl4VUgyVkZWWENraW8za2VsZ0d5ZXhqQ3d2X0VraEdYMjhWNjFGa0RMT2JpSk9iWHEtZFRZbE5qRnhzRmRtd25RX09zVXNOWW9laEZhaU95TmNCNDNaeENDVHU2TlVLMTZFZ2xYS1Jlay0?oc=5,0.2732,positive
2026-07-06,2026-07-06,JNJ,Johnson & Johnson $JNJ Shares Sold by Boston Trust Walden Corp - MarketBeat,MarketBeat,https://news.google.com/rss/articles/CBMivAFBVV95cUxQSUdIT3ljclhJZTZHNWRFVDlYUWd6d1dLVm50WERGRzFreW9QeGlTSjN0LWFiNVQ4SU9SNVVlTFd2ck1XZ1ZNTFI3c2RRbl92aHBiaWZVTGRlNllRM1NzbmpyX3JQNko4Q0hSakh3VXR0SDREYWx3U245YzRGZnRTdzFYQndEQVloVHZ3N1JYMTlQbG4yclBONGZnRzVfZmdwMmJsS3I5bTJlZGtRdmZVZ3hhb2tJREw0X1djTw?oc=5,0.6705,positive
2026-07-06,2026-07-06,JNJ,Heritage Investors Management Corp Lowers Stock Position in Johnson & Johnson $JNJ - MarketBeat,MarketBeat,https://news.google.com/rss/articles/CBMi1wFBVV95cUxPaW9WWkNVekNRbTlsRHEzYkNJb0VlNTIzQ2t5V25aSEVsNmx3cnZ3QVVLR2Z6Ul9lT25EM2RZSmllTDBnNzhwR0w0QWYxUVRBY0VGaFB3NHZwQW1xc3VLR3dtVmNNcTF0SlZsQ0Fhb2xkZWtGcnlUVTF4VmpPWnBqQUx0YWNuZ1dfdmpIdGF3cEg3TFNTcG1lRFNLTjM1TDZ0aGxFQmxwclBkWDJwR1VFTUNpOXpSVU13RW1nOG5tTUlhQktkbU5ueFhMR0dyV3phLWFDemlRZw?oc=5,-0.128,negative
2026-07-06,2026-07-06,JNJ,"Strs Ohio Sells 42,784 Shares of Johnson & Johnson $JNJ - MarketBeat",MarketBeat,https://news.google.com/rss/articles/CBMisgFBVV95cUxPekRsYzQxLWtranRha3RMZE1jeEI2MVNmVWxBcW1QSktuTllUM3FwN0FhS0pZOG1fd09CXzdzVHM0a3pGcDBmMUphUlpVSkd2am1EYWp4RDNlUWdCSzN3N29lYUFCSngtd1BOMGZEVHYteDNiQjNyZUJWLUJRRzFLc1p5aXlTNktrRWY5ZDBOU0w4Wk9XQ0NZRHFOVHBGTWxzUGs3U0dzdmNLWHNlbkgyMHRn?oc=5,0.296,positive
2026-07-06,2026-07-06,JNJ,Private Advisor Group LLC Raises Holdings in Johnson & Johnson $JNJ - MarketBeat,MarketBeat,https://news.google.com/rss/articles/CBMiwwFBVV95cUxOZ3k1bi1xLVU0TEE4UTVuNndTbDV4dU95aE5FNmhwQ3NsT0lJeU0zRUNQSXNQMGdEcHIzOC0wN2pwNVI3Z3hueXQ2c1hvTThNSTFBSHhNLTJydHVjWTVReTR1UTNTRDJpekxzT1ZWelFjR1FrX3VneDZvNHQ4V2tOZlB1a0tmd2FMbWFoc3lpZDB0QW9BanlrbXZaeFJodnl5TDVSc09pdUtLaFNqN21Odk1ldWg2ajNNaVNvM2JxVVc0SWc?oc=5,0.0,neutral
2026-07-06,2026-07-06,JNJ,Peregrine Asset Advisers Inc. Cuts Position in Johnson & Johnson $JNJ - MarketBeat,MarketBeat,https://news.google.com/rss/articles/CBMixAFBVV95cUxNaVBHdl9ZZHdGeVB0c1gxTU5pTjlTTjh3cDFIZEZiQ1FzYVVONzVmb1kyLTY0X1JYaDZUS0VwX3NVZE1mQmVQbF8zdWZ1N0RRTy14MW5DN3hINzNlTkxSQ2JLczE5WktRalpvSkwycklnY3JVc1F3SGJzd2ppOWFsZUl3VVNWSWNnUDVsUTZpSnFkQ1RfZVBhWGFBUmU0NW5HTW9nOC1RNkxVNFRlYThkSFFxMmc2aTEtazczSTFCYkplbDVx?oc=5,0.0772,positive
2026-07-06,2026-07-06,JNJ,"Fjarde AP Fonden Fourth Swedish National Pension Fund Acquires 419,769 Shares of Johnson & Johnson $JNJ - MarketBeat",MarketBeat,https://news.google.com/rss/articles/CBMi8gFBVV95cUxNT1I2bFVYcjRncVR1cDlOV2NGTnczb19YSUtmLXIyaldyTEo0cVFNcC1zd1RXUk5xVUVTdGJmOFhoY1Vwb3hlNXV6YU9Ja2FuZGtrS0xJS3NhcFZTMXNqVkJkUkxuZklURUwtWnV6MGFUa0lYbW1LSXNCSFdIVDgwZFB1OWhOY0RKd1B4MTY4bFVXbU5FY3lWenNOdmp2V3ZGUnBpQ3cyM2J5YjZvdWhsNDkxWjM3c0w0cmdqY0syNGZoUEJtNnJmU1JDUmRPRFY2QnFqcm1nYURDQU85bWYtcDN6MmhFcEc3SDJYMldyemJTdw?oc=5,0.296,positive
2026-07-06,2026-07-06,JNJ,Elevation Point Wealth Partners LLC Grows Position in Johnson & Johnson $JNJ - MarketBeat,MarketBeat,https://news.google.com/rss/articles/CBMizwFBVV95cUxPUVd3S2VmTnI5NGFnakoybTBjamMwOHg4Q3lXLXRZSW9LUm1zcTRwN3ZhVDJGanBoTmkxdGhPQ2xBcHFZUlhCVEVEWnhidDJIWkE5YnFVbGFpdk1nVHdVZk55UUU5dE4zd1M5Yk9yY19YRk9ZY0h5c3Y3WWdSYTE1Y2c5SkgtbkZQOVhnQWRzZS1BOG5sREdPYXFHS1ZPQWZ5cVU0NVh4TklvR0dISFZYbnFzTXktTFJXeG91M0JEaTQ3OUpQM24zQTZwZ3pNTkU?oc=5,0.4939,positive
2026-07-06,2026-07-06,JNJ,Fideuram Intesa Sanpaolo Private Banking S.P.A. Increases Position in Johnson & Johnson $JNJ - MarketBeat,MarketBeat,https://news.google.com/rss/articles/CBMi4AFBVV95cUxOQlhSS0c3M2F1eW5RR3QxM0Z6RHgybkVRNjVURGwzd3gzSTJhd0ZzekdSbU5aZ25uSjQzZkJmdnliRnZzemczeWk5SC01U2dUZmFaaENkWTk1TTl5OU5TbFctdHNsbkNJbHh4ZmVSbHNYYlc3QU5jVHpIT0V3R2lyMW9KVlZEcjg1WDdKLU54WGQ0S2hUYW81YWZneVRfZWNKUVpNdlNQcjFUNmpCeXpWMldhRXNRblhfejllUE04Y3Bxd1ZjclZDal8ySGNPQ09rd1REajJwOUZJWHNFSjdMNg?oc=5,0.0,neutral
2026-07-06,2026-07-06,JNJ,Johnson & Johnson Likely To Report Higher Q2 Earnings; These Most Accurate Analysts Revise Forecasts Ahea - Benzinga,Benzinga,https://news.google.com/rss/articles/CBMi6AFBVV95cUxPaWhMN2diR3FlTHBHMTBHTmRrRF94OGQ0TnV4OEFIRmd6UU1aRU5nbE1CQVI5N042SWtBUEZRUWpRaHhsU0hJM1JUOUwwUFJrNlU1LWE1NW1ycnFQa0R0eDNMQ3JxWURiX25kdVROZ0otajRnbjJEaWwyUnVPMnk0ZmsxdHd0cGVuZWZUclVONUsySktJVlRhckJ4bl94UmZhc1JudnhSS2Z2bmk4cUt0bFlkRm1sRjhtRlh3ZF9aNGkyNnhlSGxOSmFzcVFpVkU0allIN1dVSFZSYmhpRjI1dWVIdk1rR20z?oc=5,0.0,neutral
2026-07-06,2026-07-07,JNJ,"Johnson & Johnson, IBD Stock Of The Day, In Buy Zone Heading Into Earnings - Investor's Business Daily",Investor's Business Daily,https://news.google.com/rss/articles/CBMioAFBVV95cUxNREF6MTF6N3ZmWF9iYlFEcVcyRmluLVZFYVNqamlIckdidEVRbWZzdUpuSmczb09tRkFwUnFOTkdEdFlJUWdySFhuMjNRNjA1VnhoWmhxWEhPRzg3eldHSEdqQlZJbks3bmRoOVdKODc2dzFraldGbVNxWDh0Tm5sVkY4bGhMdEdnTWQ4Q1ZaRDBDNjJQaVhHbVpSUWFUR2xL?oc=5,0.0,neutral
2026-07-06,2026-07-07,JNJ,Johnson & Johnson (NYSE:JNJ) Stock Price Down 1.4% - Here's Why - MarketBeat,MarketBeat,https://news.google.com/rss/articles/CBMiqwFBVV95cUxOaWlLTEJvUGVKTTI2T2otSzBDWnBieGlNMGh3dUhlb0pCWEVVZG1YVVVVdmNFekZVVWRqN1Z1VFFZLUdXRXlVVFZOV081MURKa2ZIMjh5c0hjaUNic0lRTTkzT2dRZmFWU1VFWWZOWk15TXNkUjZsbktsOThRSkZrcUViQndtb094dEJpVVgtay1YWlhfR2ZVbjhvQ0dzLWFubGpnM3pGZF9UU1k?oc=5,0.0,neutral
2026-07-06,2026-07-07,JNJ,Why Johnson & Johnson (JNJ) is a Great Dividend Stock Right Now - Yahoo! Finance Canada,Yahoo! Finance Canada,https://news.google.com/rss/articles/CBMihAFBVV95cUxOMjdldzhiTkpJTGdOdF9iSlM2M0V0NXhvMENQS1RBWW80WDcwODR4c0xOeTBKcnJ0SERnQ0IzM05TTW02Z3RnRDhPcGhhUUp5enVxU2pyU0xlR2NCbDNuSXlGbzRoQWR4YXExTlI2bW1ENjhkMU9jb0Z3aUQ4NC1ISUtySS0?oc=5,0.6588,positive
2026-07-06,2026-07-07,JNJ,Johnson & Johnson (JNJ) Stock Analysis: A Healthcare Giant with a 26.42% ROE and Steady Dividend Yield - DirectorsTalk Interviews,DirectorsTalk Interviews,https://news.google.com/rss/articles/CBMi4AFBVV95cUxNSWdGUTdXNGJKQXRyYTN1RXowbjRFcTRsWFR3UmxrWlFqTURhOWxRQndLYURqVC1rTW5OeVJqNFR5LU11RExZTHYyMl94TDhLSFJiU3lhbHozWVd6Z3FrOGF4YjhQQ09TREt3bnBNNWYtN3VIMFNENWgwVEMyWHh4cjZRQmQzbERzRGw2aldnblZLTkUwZm9Ec1JWYTJacXJ0bzdzZzNTYnFBb2J0UGU4Wm9jV29sZm5iMW1WTWNpWF9wQ3BqNDNRMW04YjNFZXAtTWFfLWV1NjhNQWZvaUtlZA?oc=5,0.0,neutral
2026-07-06,2026-07-07,JNJ,"NAVN, JNJ, CRWD Stocks Hit 52-Week Highs Last Week: What's Driving The Surge? - Stocktwits",Stocktwits,https://news.google.com/rss/articles/CBMi0wFBVV95cUxQMzJrSkRFVTNGWFBYeUtSWnp4RXRXVVlsYWhUeHljM25vaHFoWUhMUk1iZ00tdzl5SnlselpBbV9zdVNiX3JOaFByZUV4OG5lb3NuUkVJN3NFVWd1ZHY5RGl5Vmp4c1lFNllvcjI1RFBmZVV0MUtKNVVKclk3djlNbWRDcWRVRmE0RlNHeWxpNWp2YUdtQWY2UXNHSm52SjVlNnQ2eXlFa3EyM2RWR2YzT1pqX0tYakQzcUdheDhDVy1QbENHM1RBSUEzSV9GRXBxZW5V?oc=5,0.0,neutral
2026-07-06,2026-07-08,JNJ,Why Johnson & Johnson (JNJ) is a Great Dividend Stock Right Now - Yahoo Finance,Yahoo Finance,https://news.google.com/rss/articles/CBMimgFBVV95cUxNalJsN1pmWENJQ1lpamxDRWN6VXZPMTZwWGhJRDVjNXBwX0NGajdmbWgwMms2cWVkZmhDbUhRaFE2V3F4d0hnLUJkSTVTYUthN2Vyam1tX0EtbTNwQlVHbEV3cGZGYnFpZjg0MUJJSVZyVkctWktOMm5iSXVoYzJ5bHRYMWxfamVnbW12cWZfbXZka01QMEFfMlFn?oc=5,0.6249,positive
2026-07-06,2026-07-09,JNJ,Why Johnson & Johnson (JNJ) is a Great Dividend Stock Right Now - Yahoo Finance Singapore,Yahoo Finance Singapore,https://news.google.com/rss/articles/CBMihAFBVV95cUxNcmtiQnFsTGctT0VQZFpsUVJIUEVrcFkydnBLOGJtU19RZTdZcVNPeXdadVdWbzEzVEFBSzFSNVNBaDQ5X1JCbkdxRjhUc2xnU0diYTNOTHltM2pXNmRCOExsODhoYjVMdmZpN3Q3djB1QndIMkg3MUw4VGlvc01Lc3N5d0o?oc=5,0.6249,positive
2026-07-07,2026-07-07,JNJ,Johnson & Johnson (JNJ) Has a Diversified Earnings Engine Bigger Than Talc - AlphaStreet,AlphaStreet,https://news.google.com/rss/articles/CBMiogFBVV95cUxOVi16ZHR4a2wwLVlfQkVTZXJySFpReUp5TEFxSmNRZk5UTlVEOTZxUFBMVFZ4SEdtdG1sYUpWSUh2SUJjN3A5ZU5RWmg5NGoyTE92NXBzZFZjQ3VsTnZDWW9rNC1ubUxXZU5VaTNfYzIydEZ0ZEdSY0lFNy1ocGIwVEJzREZhaFN5VHoyUmtnY2xLRGlVSVdKcUVaeVRobVE3WVHSAaIBQVVfeXFMTlYtemR0eGtsMC1ZX0JFU2VyckhaUXlKeUxBcUpjUWZOVE5VRDk2cVBQTFRWeEhHbXRtbGFKVklIdklCYzdwOWVOUVpoOTRqMkxPdjVwc2RWY0N1bE52Q1lvazQtbm1MV2VOVWkzX2MyMnRGdGRHUmNJRTctaHBiMFRCc0RGYWhTeVR6MlJrZ2NsS0RpVUlXSnFFWnlUaG1RN1lR?oc=5,0.0,neutral
2026-07-07,2026-07-07,JNJ,Baer Investment Advisory LLC Takes Position in Johnson & Johnson $JNJ - MarketBeat,MarketBeat,https://news.google.com/rss/articles/CBMixgFBVV95cUxPdFNST2hDbUV6YzdGR1hnbkt1WDZUR25xa25HYjA0SWg3M1NiVklFMlVPU0dfQ3N0SmlEY21nWm55Vzl3dVVMLUJRT2lyTEJqbUNCcTctQzlHS1RwOHJYNE9Ja0MxWkRBNE9JekE1aTV3MlRGOEpTc0RXV2hUN2JFVGxzSDhwa2ctc3VTVllkREoyM0JrTXlGVXVSMGxkdjR0aWk3VUhCNzZfRGl3Z04yOF9CTFVSbmt6cmotMms3MDJsbXplOVE?oc=5,0.0,neutral
2026-07-07,2026-07-07,JNJ,Burford Brothers Inc. Grows Holdings in Johnson & Johnson $JNJ - MarketBeat,MarketBeat,https://news.google.com/rss/articles/CBMiuwFBVV95cUxPc00tcThON3JSWkdrS0RwZW1yTmtuYmFMNU5DYzZFazFMMlpFZDMyWm1Yemx4VldVbTVPbHpETmlNVGI0NFNybkRqdGZrdjVGakxLYTVrV3E5eXNfOFByenBRQ3J1cEhrMkRWZGJpLW9tbWhaeVNCSlo4UFVXajlDazFpSjNGNGRndGhCaUJvcVNZZjN3TUNmeG9nX0Eza2NFR1ZnZFZfNEpiMlFVMzAxY1JWZDI1V3B2QlRv?oc=5,0.0,neutral
2026-07-07,2026-07-08,JNJ,Unusual Put Option Activity in Johnson & Johnson After JNJ Stock's Recent Runup - Barchart.com,Barchart.com,https://news.google.com/rss/articles/CBMivgFBVV95cUxQMXFRdk5zbG1kZzJXWGVIeWx0MGdld1EyZFhhZW5FRlNGcXFiTWxUajdhek5NWU51RFlNMXl1cks4V3VBWXRmMGMyUkZRN1o0bWNWVmtnN2duV1ZEbXpPd0NvNkpteEwybi1ERnZwbUhscUxDRnpnQnkwYy1EdGxDMEcyYUJNcGItUXBWU0g2YXlaU1NrdU1ReW9WVXlLVFdndFdxMXNwOGIyaVFuWldSZDcxWng2ZloyMjUxVV93?oc=5,0.0,neutral
2026-07-07,2026-07-08,JNJ,Johnson & Johnson (JNJ) Could Be 34% Below Fair Value Following IMAAVY Update - Yahoo Finance,Yahoo Finance,https://news.google.com/rss/articles/CBMimAFBVV95cUxNZE1kUU9EaTBWbWRHcnZISWhKVlZSQnpuT1JsM0ZxWmZSLURyZ2llUHQzcGE5eVlzdzJGRFpMMUE1cnFLb293aDZnN21ENnFPbE9ud2NadHl2YjhtZnNrbmVJSzUxWnZycmxrXzluLTlXTklsc0NYOW9Bb29DcXh4SjVJd21tb1ktR0hMZnROM0luLTVhUE1nUA?oc=5,0.5719,positive
2026-07-07,2026-07-08,JNJ,A Look at Johnson & Johnson (JNJ) After 3.0% Gain -- GF Value $1 - GuruFocus,GuruFocus,https://news.google.com/rss/articles/CBMisgFBVV95cUxPVnZvZ1M3d0hUVnp1VkVZUlNyWm9OSWxXS2o5a2lydjVUb0o2cEFyNDRuQk1ST3pjNGpiWjdaVW1KSFpodHMzRnFvTHVnX2I5MGQyYXFZQ0ZucHQydHVlaUVJeE5YY2lDQ0pnVTlYc0FnNE5OWHhkY3AzSEpZVkNTcVJKeUI0R1MyQmVJU2YyY0w3MDRhTkEwSE9EdFhPcHhYX05KSEs1bTdDaTlVc2lZOWln?oc=5,0.7003,positive
2026-07-07,2026-07-08,JNJ,Johnson & Johnson (NYSE:JNJ) Stock Price Up 3.1% - Here's Why - MarketBeat,MarketBeat,https://news.google.com/rss/articles/CBMiqAFBVV95cUxOdVNqbURaVE9TTkFsdmlNWnEyMVhqZ25PNDJ6ZWIwMHVXYVFCdTExYUJyWks1cG1iTnVOWFhrZFM4TDBIWWViYklLZXJNSFJwQl9INXFKVHoxczZPY0JOSWMxRHd2NEFVUWl3WjNvMDFVUldHc19nUW5JamhodFJwaGFXUFJWLVdXRklVSm40M1R4cXppU0dRS1o3TndiOWdkQjRHYmI2a1g?oc=5,0.0,neutral
2026-07-07,2026-07-08,JNJ,JNJ Stock Analysis 2026: Dividend Royalty Hits Highs Post-Earnings Beat - top1markets.com,top1markets.com,https://news.google.com/rss/articles/CBMif0FVX3lxTFBQd2x4ZmhydTR4elpjX05ENzlmc2tuOWtPRVdqaWYyWV9aUFRzd0hHWE9IcVdRTi1ZR3YtUC1vVGtYR3hhM0NDSmVkTkk4VHhRVlpFNndLUVFQTXUtMW83MmYzREozZTJsNHpzYXJQSEZfbHhuLXZIYm1KX2tTREk?oc=5,0.0,neutral
2026-07-08,2026-07-08,JNJ,"Johnson & Johnson (JNJ) Highlights IMAAVY Data, Is The Stock Above Fair Value? - simplywall.st",simplywall.st,https://news.google.com/rss/articles/CBMi3wFBVV95cUxNd3FNT3JwNXpHTl9UTlVjZ2EyNmxFYWxlUmJyeXk1TjFEX0xwa1F4VWM2a09jZW1WNUpBY0NEN0dPZGluXzdKWnQwQzZMdlpXdUp3N25QTUg1UndBTklvTUZqTXNSV0k5WXlVc2FDZkZ6TlgwWGJSM2pnYzFILTNTcjFySHBibXdfSTB6TUlIYUlNUjI0dUtDY0NaM0xLVlVzUEUzQm9Va1UyaE5IQ25iNWxMUDJKOF9raUFYY3NjSlJOSlBfLXVrYmQzcS1qbjYwMHBrRDl3aWpya19Za2NJ0gHkAUFVX3lxTFBvR3pfMlhmaTFjRWVDLVJqVzZlNmFiNTY0aENFVWJPWnE5dlNTZm1GaDFwLUxjeGdpd3lFYVBnaTVYWFNCeElGQUduUTVlN2J5ZEJEazhvcjNRakpPckpzMGcxVEhNRy1iWGgtYTQzTHZjS3VKWVR6X0dlUWJDYzBxQmZKV3pOVlBzODRhVFF5NXZpaG1kT054Q3lWZnJ2QnVTSjIydzNER05QTHdpQVdkV3NqNWVBZTNmeTJGakVsNkdFQTdleG9vTWRHMWsyUkVMVVo1eE9XWnNNbUlhMXhBSFVsWQ?oc=5,0.5719,positive
2026-07-08,2026-07-08,JNJ,"Johnson & Johnson: Stronger Fundamentals, But Too Much Optimism (NYSE:JNJ) - Seeking Alpha",Seeking Alpha,https://news.google.com/rss/articles/CBMipwFBVV95cUxNNXRRVlBsX0JGMkVHdEMwcVE3WmpnZ3hxbzBMQS1yamxUUnd4cjJmcUNzYWo3bm5JbDZIZVlyWVFCRGotbjM3WFJGR3dzX2FqTVVhQUxQNHNqQUhFRFZjc00xdi1EX0dwbVAzWVBFME1sa2FsV2MycjB4N3R3M081NE8tUHc2SWU1dVV3bTdFMk1LMl9xbTdjMUg3bmtxS2JDNEV0ZE9Hdw?oc=5,0.7615,positive
2026-07-08,2026-07-08,JNJ,Johnson & Johnson $JNJ Shares Sold by Hudson Edge Investment Partners Inc. - MarketBeat,MarketBeat,https://news.google.com/rss/articles/CBMiywFBVV95cUxONmtvR2YzNnB3V204SEg0eTRMODdDQldRTmNtb0Q0aWFfY2lUUHo3aW9xa1IydG9LMDE5WmxreHFlZGVYck9RRGxEcHNRdTdwT3NDZWEtWTROYnJmanhqQWRuSTFjWDQ5RGdXMmhmcU9oLWd5eDlQZTI3cEVOd2ZDeDJPWm5CM0cyX1pGYVFZcDJGcWVlV05FSlVrWVVmYllyVGc1enBXM3huVE5PT0RMMWplc0szYk5JNkw2d0NlSXRGQ05QUUJyUFpvSQ?oc=5,0.296,positive
2026-07-08,2026-07-08,JNJ,Johnson & Johnson (NYSE:JNJ) Stock Purchased Rep. Lloyd Doggett - MarketBeat,MarketBeat,https://news.google.com/rss/articles/CBMisAFBVV95cUxOOV9YbjNGbFN1Ym15M29GVDk2Y3RtZ1lzVUZ5YlFpRU93cnNmM3hpZ0F3dTlFTnUtM0NlakdNdktlNmZWNTdGMEZIVFd1YUJyb29PTG9OQ2dSYXZNaXpGU0pJVlJqakdBZlZzV2xFVE1UWnVucG5aYWpiTV9fcTVpY2hhRzd2T1RTV29MSll1R1pxTnRvVy0yZGM0Uml0SENJak5xSDNFTGdjVU41VzE4RQ?oc=5,0.0,neutral
2026-07-08,2026-07-08,JNJ,Johnson & Johnson $JNJ Shares Sold by Berger Financial Group Inc - MarketBeat,MarketBeat,https://news.google.com/rss/articles/CBMivwFBVV95cUxNSEphMENOb2xkVDJKa0VPbTJWd0NPcy1uTkx4bTIzNVd6RGFxMm1RS0ZEYzE2SnlIWm1YRjEyZkJCMnR0NFdXSUZ6VC10QlVvUnBJSUxTdE12cUJqX0s0ZjN1QllKbkYwUzJlNmhSX0VkemZMMGp1dy1EZVBlMjZtdHczcDJfVDBNeUUwLUZ2MGpiVkZHTVlGQXBDQVBoZnZMcVVWbm5GRXg3dThkdVBUUEFzNHdKaFJUWjF6eGhidw?oc=5,0.296,positive
2026-07-08,2026-07-08,JNJ,Johnson & Johnson (NYSE:JNJ) Hits New 1-Year High - What's Next? - MarketBeat,MarketBeat,https://news.google.com/rss/articles/CBMirgFBVV95cUxNWGlxNnZjZE0tRVVVbG9KZHNBbVhIYlBaczJWOWFBRUw5YldfTHhTcEhuQ2tVR2tyWkdBVFNpclZ6Z2JyNEJHQTNDUmRxR1VaM1lIQ3FnV0Y5UGtjcUxxMG1uSGczZVMtX05uVzdHbmhUeDBwTXcyclh5X1ZqS1ZEQmdrSFpHaEtiemlGTFFRckpkTHc1WmlCQkY2X1BoY08tM1pQdURJaWN2aVBncmc?oc=5,0.0,neutral
2026-07-08,2026-07-08,JNJ,Johnson & Johnson $JNJ Position Trimmed by Kepler Cheuvreux Suisse SA - MarketBeat,MarketBeat,https://news.google.com/rss/articles/CBMixgFBVV95cUxNYk55VFNnanlSdW1lc0ltdlVENDRHcl8wTmU5Z0lGcmJLOTNCWXhCUFhjUnJsd3dXcExDOEtrWDNwdDBmRndxV1RXcjBfZXpsY05JVEc1dHJGSzc3bU5Lc1lDZE54VGJsTnlMYm1LRVhNZlc4emlKZFJ5ajN2bmt5R1NkSUJ0YTBLQ2d5TlFSQUpYRVp3S3lZMTQ4TXd5dldTcEk2MTd4OXFiaGxkNTFiem5WNTF3dnpFaGtpeFZHazMteTQtX1E?oc=5,0.0,neutral
2026-07-08,2026-07-08,JNJ,Johnson & Johnson (JNJ) Projected to Announce Quarterly Earnings on Wednesday - MarketBeat,MarketBeat,https://news.google.com/rss/articles/CBMixgFBVV95cUxOWDVXZUFpVmtGdTZDUFp5WTVRc0JlZnhPQVE1NUJNcDM5YkVER3dhVFR4MHpicmpFVUtjaGJhbzZVRHVKUzd1NkEtZnZoUDFTLXFLZWt0TURxRFpoTGkta1RBZEliM2NVTE9ZR3NKdktxU1RycV90R2xNQ0tZeUR0NVVleUhQcVlPaS1NbWh3WFJyY3pZOGc0TkdES21oN3dyMHZWbVF1eFpXeTFUaGRGTkZtbFhEZGFPODJERTEyQnBrcGg5Y1E?oc=5,0.0,neutral
2026-07-08,2026-07-08,JNJ,QRG Capital Management Inc. Has $101.93 Million Holdings in Johnson & Johnson $JNJ - MarketBeat,MarketBeat,https://news.google.com/rss/articles/CBMi0wFBVV95cUxPbkdsSGFWREk2YlZIVHFQSjFVemtYUFdSR3NiYXZQYmpobzViMTRJNWUyanlXaDhhTVJhOFZJaGJZbTR6WmNXcktVZEp3aDY3TFZGNWxmNkJ0anViT3JzUWh1d0Q2ZlFXb1NCNVNYV19oY1B5QWN1akY2MkRhYm1vLWFkQnF0MEZoR1JxeWFubDNqc3Q2Sm9uRmRoQzhKZDhhTm9PMlQzSDZENEZuSnBIRlBqb09TSGxVLURhb3VTa2gxVjczem5WS3VlVEJVakJ3WjZz?oc=5,0.0,neutral
2026-07-08,2026-07-09,JNJ,Johnson & Johnson (NYSE:JNJ) Stock Price Down 1.4% - What's Next? - MarketBeat,MarketBeat,https://news.google.com/rss/articles/CBMirAFBVV95cUxNYjE2UzI2ckZMWGZXdVpPOXlDSndrdUZiOGFYSU1tZ19yNkxTektoSmktUmJDR09wVTVhR3lwM2wwbU0zdm9ZRUZOdFJEa1RpQjI1MFBYNEhjWVllTk1wQjRsN0dOSjNsMHI2WGJBcmFVV0xfTGtuSGdlRWZZUDNLeHNrUm0yZDFrdU11T0ZZXzBqMUNtY0VxVzFTNW1DTy1XUXZPb3YxRnl2RlBD?oc=5,0.0,neutral
2026-07-08,2026-07-09,JNJ,Johnson & Johnson (JNJ) Declines More Than Market: Some Information for Investors - Yahoo Finance Singapore,Yahoo Finance Singapore,https://news.google.com/rss/articles/CBMiigFBVV95cUxQSU1ESVZQYmRZUkRaQTF6cGlZaDlkeXZleFNmVHVjQ1hMVkJPXzZtajd2UUNJVkhYWlpkYzVldmRJNVduUDNnUFV0TWVNckFlOXBsc3NpOEZpRS1ta19LUlBxdTRjX2FjRmJ2WHl0TldIUktwMUVTYjI5MGwxSXBuWWhibUZ5eHFJRXc?oc=5,0.0,neutral
2026-07-09,2026-07-09,JNJ,"Kathmere Capital Management LLC Buys 4,272 Shares of Johnson & Johnson $JNJ - MarketBeat",MarketBeat,https://news.google.com/rss/articles/CBMizAFBVV95cUxPblZBOGJ2WEtLT0c1LWRUNDRHZDRzSF9pc0hyQkhNVFBXaVgxY0hlNmRIOUFwZ1AtM2dJOXlRZlhBMUVvMGdQbmM5ZEtoekFNQ3ZFby1zZUI1U1VLSFB1NUtVdXhiZ3RVMmFYVWFHSEk1d3RFVm5QbGg4ZE13cW1jVFFmeDRITnE1YzUtczZpcUxYVlctRzJPT0FuRGQ3S1ZJYlY4WU1TXzZDMFI5RnhmYkw2ZEd6b0duc0JmdF9aYmRLSHlmSmdWeFBjQXY?oc=5,0.296,positive
2026-07-09,2026-07-09,JNJ,Johnson & Johnson $JNJ Shares Sold by Stephens Inc. AR - MarketBeat,MarketBeat,https://news.google.com/rss/articles/CBMisAFBVV95cUxOalNmMHM5WXZxdVlnc0lFUnpBeGpNU0t3My1LNk02ZHV5QTFTb3JWN3RiU1NrN1VBbmtPLXRPQnFLMjkzeVhGZUNfZUdxTGFUUXNzUHZqUUNFdS0ybXRkcVFvNnI1OUd2NTNKNTdjdEhnZlE4Umk4YWk1VEtJS25NVFI0VnkybW9ORG1nN09hMzlsQVpGM3UyR3JXZUdSYk1BOGMwb20wY2I5dUJJSUVqbg?oc=5,0.296,positive
2026-07-09,2026-07-09,JNJ,Johnson & Johnson $JNJ Shares Acquired by Ascentis Independent Advisors - MarketBeat,MarketBeat,https://news.google.com/rss/articles/CBMiyAFBVV95cUxOdWhxdl9JbmZBYUdoNEJyNy1wOS1oRWxLRnhpN1RTZ0ZrbnkwSnowMnRNSWUtQjRXeERETWlWT290ck5LeDdaOTNhamRMVXNFYmJrQ2ttZDZQeERsNE5rR0t5eURqdGJvN1k5dDRiamxlQkJIa0p5RzdqQ1lGY0JPMGx3N2NLb3ktMXFLOWFKUk1TRlR6UlRzazdNcXN1Zy1JMzU5UndKX0tCZW00TkRRQUZ6RzZBZFkyOVVqQnhLYVo4bjZuSWdkcw?oc=5,0.296,positive
2026-07-09,2026-07-09,JNJ,Collaborative Fund Advisors LLC Purchases New Shares in Johnson & Johnson $JNJ - MarketBeat,MarketBeat,https://news.google.com/rss/articles/CBMi0gFBVV95cUxQc2FwVjNmSEtHYnFyazdidzItUzRaZ1EzNHF2bVdhRkZ6bzdFMG5TM1pqMXcyTG9qWHpqeWZNLXFrU1lqLXVmM1pzVjc0c1JFZThNNl9zWm5LYTJpeFdncm5iWGYzT1FCZ0VfeDl4THllNTBHMzFBbk9HS2FpcXhJSl8zQ2paMHhHUzdaNXZrQ0NlVjUyaUR1aG1WWjhsTkZ0ZU1NNFVPb2U2cE83c205VzVTMk9VVzJTT2ZjNGZVSDlKcHVrTU5DcFA1Z05Ta1BGUGc?oc=5,0.296,positive
2026-07-09,2026-07-14,JNJ,Will Johnson & Johnson (JNJ) Beat Estimates Again in Its Next Earnings Report? - Yahoo Finance,Yahoo Finance,https://news.google.com/rss/articles/CBMioAFBVV95cUxQdE9UeXZVV2luNGZLNlNoaVJ5UVo1LWJmMDRLVmpGbXF0ZXpRdV93cERMLTIxbVZ0M2VaSm1KcUN5MWk3QWZiZzIxSWJMdWstT3h6OW00bnJ0OS1XWllRaUI4ZFN5VTNYaTJNMjlDUkpydnpOTHZuZV9yZTNnZVZJMUVPaTJENWFiYnMxTklYbTFQTndTV2VyVmZlOEJmSkRl?oc=5,0.0,neutral
2026-07-10,2026-07-13,JNJ,JNJ Stock Keeps Climbing. Should You Climb On? - Trefis,Trefis,https://news.google.com/rss/articles/CBMipwFBVV95cUxNX1VHYzR6X1B4U3BlaTlPUGpGYmdzdXpqblM3RUxQWG5MYmxvZkY4azJsYzhLTXNwWUtEbHVjN09qUXZhQUZPc3RFVTVrZ2tEMDBpcGJkcWdYUFpYMFZ0Z0thck9OLWt5V2VSMUNId3pJNGxUVXN1RUpGUzdSbExGU1Nva1VOZGFxWlNuZGtLNlZrdGs4MDFqSGt6VGxXdWZ6U1NHTWRKaw?oc=5,0.0,neutral
2026-07-10,2026-07-13,JNJ,Johnson & Johnson (JNJ) Faces Fresh Talc Risk After $45 Million Verdict Stands - Yahoo Finance,Yahoo Finance,https://news.google.com/rss/articles/CBMinAFBVV95cUxNaEJxaXpxc00xQmhsdmtyTzFhcDNLVm94cll0RmRDMm0tWkZ2M0M5OUdWSmFSZ1JNUzlsVGlnVDRhSlFnZkI2OFVXRUxBOE5KSFIyUTl1RGxDbkJtRWZUbG9BZnNDLXBrVHoyZU1Jczl5QUF3bEFza05jQm1mSFh4cHVvZHNLdzIwTzVNUnFMelIzTWtra1ppbmlRR1M?oc=5,0.2023,positive
2026-07-10,2026-07-13,JNJ,Should You Pay Attention To Johnson & Johnson Stock's Momentum? - Trefis,Trefis,https://news.google.com/rss/articles/CBMiygFBVV95cUxOa3RGS0RGUVZwclEwSUJmeV90dVUyMHNLelhxTWMzRzdFUzVGS2k3RWQybWFBVUVVS2J2aHlHMUQyc3lROUthdnJTOGo1QTE0X0J1YmJQV2lXQzFhRjNDcGJTYng2VHVLX1QyVEhCZWdjT3NVZG44UU5Qak56X3BtV0QzYnZ1ZnNYeXA4T3paVGRqcm1TSGpxQUlPbkQ2eFNYYWpHTmdtQmZRMC1VVEpBeFFjTEVpX21mQmNIT2JmQkFtbkg3NWhIQmJB?oc=5,-0.1027,negative
2026-07-12,2026-07-13,JNJ,"NAVN, JNJ, CRWD Stocks Hit 52-Week Highs Last Week: What's Driving The Surge? - Stocktwits",Stocktwits,https://news.google.com/rss/articles/CBMi0wFBVV95cUxQMzJrSkRFVTNGWFBYeUtSWnp4RXRXVVlsYWhUeHljM25vaHFoWUhMUk1iZ00tdzl5SnlselpBbV9zdVNiX3JOaFByZUV4OG5lb3NuUkVJN3NFVWd1ZHY5RGl5Vmp4c1lFNllvcjI1RFBmZVV0MUtKNVVKclk3djlNbWRDcWRVRmE0RlNHeWxpNWp2YUdtQWY2UXNHSm52SjVlNnQ2eXlFa3EyM2RWR2YzT1pqX0tYakQzcUdheDhDVy1QbENHM1RBSUEzSV9GRXBxZW5V?oc=5,0.0,neutral
2026-07-12,2026-07-13,JNJ,"Healthcare Stocks: J&J, UnitedHealth, Abbott Face Test on Sector’s 9% Earnings Drop - TechStock²",TechStock²,https://news.google.com/rss/articles/CBMinwFBVV95cUxNYnFlY0xtUFY4QVFXSFEzQVRZTVRtaVdRaXFUTlJuRk5TX1BhWTlVVU9sU3psYzQwU2haeTN5OFlNTlFzeHZmN05SRlZHNUVfTzc5VjJuRERSMURsU21Qb1NPai1kWU9TVElIb3B0WGZBQnBSSGdVbDR3YWhVcGZnUUs1NC1KMEpKWG5WU3c2bzlvQ19uLTF0ZjF4cGw2cG8?oc=5,-0.2732,negative
2026-07-12,2026-07-13,JNJ,Billionaire Ken Griffin Boosted His Stake in This Dividend King by 146%. Here's Why It's a Dream Stock for Risk-Averse Investors. - The Motley Fool,The Motley Fool,https://news.google.com/rss/articles/CBMilwFBVV95cUxQQTZsSHNKRWQwTWwtTU1SdWZiOXRkajh0LUx2UzFFTmtZTzZBLWlJczhleUZBVUtqMXFTUzFTSGZqZmRCdWU3UFZDVnB6Vm9ETlZlR09RZ09HM1FRWEV4Yl9LYTVFMF9UVXY2NS12ajUxLTliQzhDblpvX2dkOFFoeV9Ja3JGbnlySUZWUzRrcnVOZmJURDdz?oc=5,0.1531,positive
2026-07-12,2026-07-13,JNJ,Johnson & Johnson $JNJ Shares Bought by Kestra Advisory Services LLC - MarketBeat,MarketBeat,https://news.google.com/rss/articles/CBMixAFBVV95cUxPV3BUb0ZtOWZsckh4aFRqdXd6dzUwNFlLeGR2eEh2Y1FLNzJWQ0xpMy1yT3NuLThRNk0tbEx5bDdMNzZ4UGNWXzVrYmN0a1JaMDk5UW02NDZ2YmFtUThLRFcxRnhBdjlhdFJkRnFVVDZ3OV92VV9IY2dnUEsxQW9Nbk1HYmVTQVROTHlPb1VGbkd0c2h6d3k0anNlY05SVEwwWjFjelYteW5xQzhCakk3RnZqbVF3RzFZSU1sVktWN3laT0JT?oc=5,0.296,positive
2026-07-12,2026-07-15,JNJ,The Dividend Growth Approach That Builds Bigger Paychecks Every Single Year - 24/7 Wall St.,24/7 Wall St.,https://news.google.com/rss/articles/CBMixAFBVV95cUxQNmZpU3dFdjcyNEFiRlgxOTl1emdmb1dkTGlyNFZ1elhKSGpvUTVHTmxObjJhdTBXcFpadWpTUkFjdC1PN3ZrWXgzQm8zelVZN1dhQmZKMDhXZExYaXB0aFhDV0lqdERiNGZvYWZaWkQ2SUR0SVpKVG54Nkg5b1hjdktRaHYzUkdJNGJSbi01U1BNUTNKcGN6T2ZRYjlBSlQ0Q1JQRTJvNFpKWTBCdUJqeG9ZNW1lc21PNC1sNmNYNWdYY3Bq?oc=5,0.3818,positive
2026-07-13,2026-07-13,JNJ,The Real Case for Buying Johnson & Johnson (JNJ) Before July 15 - 24/7 Wall St.,24/7 Wall St.,https://news.google.com/rss/articles/CBMipgFBVV95cUxQUnNkRWg5UGJzUGR5dEx4RGkwYW1OXzUzYURNamZHcmhtMS0tR1NQZjJfN0RBb05NRGhEbmZXdDdqdURSNlhFekZYSkRZSmZsZUIwa3J3N29PSTk3SEI4X2pVX3hqLWdUWlhtYzFRQkxqeWYyemxqNVJhMjlBQXdramptc3QyVDhva1ZyNTEwb2pRUWd6cy1kN1Axd2xUelFKRGhhanhn?oc=5,0.0,neutral
2026-07-13,2026-07-13,JNJ,Johnson & Johnson $JNJ Shares Sold by Conning Inc. - MarketBeat,MarketBeat,https://news.google.com/rss/articles/CBMiqwFBVV95cUxQc2xoeUFWSXVKamdjb1FRUTVONUFXckJMa1oxbndpLWtVSWZjUF9jcHp1eHI5WjE0OGxhdTBUOUJldVRXeENmS0t1SElYY2paSXBCdWttMThtZFBETktRM1lJV0dBR1F3TmhIOVdOOWZtWlAwNjVIOXE0MG1zSFRHZ0NLZVlmVm41LXlTM2RMVWhjWmxORVJRWHF6TXhnQS1QTlBycTJ2TlQ0Z1U?oc=5,0.296,positive
2026-07-13,2026-07-13,JNJ,"Villere ST Denis J & Co. LLC Sells 4,470 Shares of Johnson & Johnson $JNJ - MarketBeat",MarketBeat,https://news.google.com/rss/articles/CBMixgFBVV95cUxQWHZJTkFWemF4VUJ2SXNBczVGMExHbDVObnZNcVFkYzlCVEY1dDhDUldHcWVDUzBYNDZSdjJ6UHZ5ZC1GaHl2LW9qTVM3UW9lYmNNaUltaGhCamdUSjQwekZreGtkU2k4VTVQM2tsZHFGSldjajgyaEcwLUlsa0dyRi1VdmlFVmJEMWZXTjRZSmNURHh1RjM3SE5pcUhVZlpSb0p0eldCWS15ellmb3pySjlvVmxTX0xHNGtIRGxMQXZ5YmEwa2c?oc=5,0.296,positive
2026-07-13,2026-07-13,JNJ,Ramsay Stattman Vela & Price Inc. Cuts Position in Johnson & Johnson $JNJ - MarketBeat,MarketBeat,https://news.google.com/rss/articles/CBMixwFBVV95cUxQbTlxWEprenRadmtSbG14THhHcnVvR1pNaWZXbTNJaHJRd0RkUnhTV21oUDYxTHc3WjVOWk1QR21VMG9OaHd0bzgyd3UwRzFtcC1iNDlhWl9jUU50Qm8yRlUyV2hwRVdFVjBrMEh2V2tGbUo2M2lPanlzcjVaSmpNVDNRZ0FWSFhJeTJLRko3YWUyczJxYVhZZFAtQkxTTnhhVThHZnZBbGxCc2dFTEFTc013eWlaWTN5em45YVZhZHp2RG1mR0Nn?oc=5,-0.296,negative
2026-07-13,2026-07-13,JNJ,ACR Alpine Capital Research LLC Cuts Position in Johnson & Johnson $JNJ - MarketBeat,MarketBeat,https://news.google.com/rss/articles/CBMiyAFBVV95cUxPX1ZrSFZYNWFTZ3BWbjF2Tkx5b2JHWlpreXNBN3pYcUtQN0NxektuSEpob0g5OUtLV0h4cHhoVWxoOVVMdC1OZEk2SkRuOGFHWTFXZXc1R2EzUnJ2bmdoZERiRzRjcFRKb2EwYmo1UHNLY1llY1hCMmMtTXF1WjZkaGl3M1FseE53VGZZM1hKRl93dVNlY1BLRkNQUTlHYXgyYXE2UmpuaHRDdkVPWlFROC1scFBQRkdzeUE3ZGxnRnlORllxdzhadQ?oc=5,-0.296,negative
2026-07-13,2026-07-13,JNJ,Manning & Napier Advisors LLC Lowers Stake in Johnson & Johnson $JNJ - MarketBeat,MarketBeat,https://news.google.com/rss/articles/CBMiwgFBVV95cUxNUkxJVDdVYnVIdGtKUWhHbWJjWGFiWGx2QU84UVozZ3VTYVpwaGtwY2hFMXBTOFJiM1FkbmtidWFQeDJ3QXVsdWFGZTdRSWRQSEVyRk41LWdzU2NxSF9BOGxOOUVNYmJRb0dvMFBCZkZrNlBCSnVZLVlEak5kMjNIX1lHaGwtX3pqVkZNWURoRmZjMG9jOTZlOVNZN2YyWHN4RXQ2R2NVZlJ3LUV0dXUySVdEUnl1akMxMXNjcHo5QjJjQQ?oc=5,-0.128,negative
2026-07-13,2026-07-13,JNJ,Kornitzer Capital Management Inc. KS Has $79.85 Million Stock Holdings in Johnson & Johnson $JNJ - MarketBeat,MarketBeat,https://news.google.com/rss/articles/CBMi5gFBVV95cUxPSjN2NWZ0cW5FXzNoOExmQVNsLXdKcERrMVUtb2NYYll1T1V1LW1uenpCenhZcm96dHhvMDdxLWgyQThHckJlXzdXZ3VQX0p2VHc1bU1sV25NWU1Tb3EzeUVIY3BKUzJfX1NKbXM2OGg4WVdBT2drTzZPWllfNmlLR2tlckFEdUpGRzlCb29YZUg5TTY5aHo5Z185bDlkbWs4eS1lTjZYM3d1SmNRdVlxQ0pMN1FJZTFWeUlET3FjT3YxVllzRk1KbFVxNUUzYXlQbkY3N1lQSnJwTTBrNmF3TGoxSlQxZw?oc=5,0.0,neutral
2026-07-13,2026-07-14,JNJ,Is Johnson & Johnson Stock Poised for New Highs as Q2 Results Approach? - Zacks Investment Research,Zacks Investment Research,https://news.google.com/rss/articles/CBMirgFBVV95cUxPdDl6c2JLWURrV01BN1l1WmlWZm1uUnVpMGs0dU9yOWZydTdXZG9QSnk3c3dyMEZqaEFaNVRrRHZlQlk2dkJmV3RnX2J0cERRZFhVNTZBNjRtLV9sa05ReVdJSDJyTEpQV0JMdHN0MnJyU203VERXM0hNZldzSVNlb0ZrTkMxRkJRXzN6VVNkbHF2RkNtdW85YnlpOFNfV1RPLXZtUkNQQjM3VHB4LUE?oc=5,0.25,positive
2026-07-13,2026-07-14,JNJ,JNJ Vs. KO: Which Dividend Stock Is The Better Buy? - 24/7 Wall St.,24/7 Wall St.,https://news.google.com/rss/articles/CBMilwFBVV95cUxOa0V2M1JfZFlUelFGUUhHM3g3ZGNmUDgtUzFpdkh2SEN1SEdLbE5tVHdYLTVEeXExMFZxbGNwTXlPLVk5V2MybHNKVGhXTzZmR2VNY0Z1UXRIbFdDbF9ycFA3czZHWDRZVThJbm1NSnNhdmNadFZLM2JVb1B4SGdlU1gySnJKbzhvZWJvZnBSMmVWMlFJNjB3?oc=5,0.4404,positive
2026-07-13,2026-07-14,JNJ,Can Johnson & Johnson (JNJ) Trade At A Discount Despite Talc Risk? - simplywall.st,simplywall.st,https://news.google.com/rss/articles/CBMi3wFBVV95cUxQRm1YT2xvcHoyWlI5Vk9neEZwQ2hzejR4VkdzaXNmQ0hPS2h0VG1jYUdXcWUwV0w3c0V1WHdWRFNwRS00SUx5NXVtbXhsdVBSWC0tNmpJdHk4V01jLXp1SHpLNlVzc3FCcjFZYzluRWM2SjVZVW15cVNxLTc5clU4dkdseTJ0WHZzN2xLMEVkWWliMDA1WVROczZxTHVSVkphRk1ZMlc2YUUtMmU2YlJrMWdheF9QbDlnb0Q0aGNpWGVCdE9WR3dDcGJmVlJXSWpDSGpMV3ZscHVMSzNoaTh30gHkAUFVX3lxTFBZQ3VKMERXdm5samFvU2NBQmR0R01GNFZxR1lYNC1ncWRPaHd5Z3RBWldSTWFjVV9QWXFBZ0VPeUx3U3ZMOFNMMEw2ekpIWnBtY1Z6bENfU3ptWFk3Q3pkaDhPY2NTWUpsV0tCZEZVX1dsN1pBVEpuZV9hRHZVQUM1MEhFXy1OSmtOa1phekl6dTlkTDVuS25WWkZYV0JNdFpkWE03bVZqU09YQmtkWm5BR0xxZi1GWUo3VVFzQVE3eFJ4bmFYZllaOGJIS2FsbE84VnV0aUdJS2tQSFFaS25nQlVYMQ?oc=5,0.2057,positive
2026-07-13,2026-07-14,JNJ,"Is JNJ Stock a Buy, Sell or Hold Ahead of Q2 Earnings Release? - The Globe and Mail",The Globe and Mail,https://news.google.com/rss/articles/CBMi3gFBVV95cUxNR2xZc1RWaUNlZ2o5a2VsWjFCUV9SZkdvcXBtMF9TV2xKbVRGZ3hNM1E2NUktbkJRTlFrcVhVSzRaNTNlNTZXTnZMOUR4My1sSWlVZ0tORHRBVkNaNTVRWlprMTNKSU5uTFlqekVldHNaZFBWa2NQaGpBelg5ZVY3R0ZQZlI5MnNwcnpUVVV6WHZmUE5YSnZtZURjS0tHRGppdkc1OXdEeWRoMUhVMXNISmpWRDJXWmYzclZ4Z1JVWHg0ZVhzVGx5RF9nb1NsVjhPSWpJNGhjdU5nTE5FQnc?oc=5,0.0,neutral
2026-07-13,2026-07-14,JNJ,The Real Case for Buying Johnson & Johnson (JNJ) Before July 15 - Yahoo Finance,Yahoo Finance,https://news.google.com/rss/articles/CBMingFBVV95cUxOaTItWm5qWm9SY0IwY3pSOVNudVRIbXlaVEo0cnpJdWhUNjlLMzN1VHlNelprVVJiQnNCeFZXSzJSZ1YyLUw3R1dNRVJCVzFSbnE3NVdzdmNzMWVMVEdDQ2ZNVmxQWndacUl1OTRjSlJNeFNJelJwOHFLMmpMMGtURzdyYjJkWm5ETWJ0U1pTTm1BczB3RXlxNTVUX2VBZw?oc=5,0.0,neutral
2026-07-13,2026-07-14,JNJ,JNJ Vs. KO: Which Dividend Stock Is The Better Buy? - AOL.com,AOL.com,https://news.google.com/rss/articles/CBMid0FVX3lxTFBQUTRScmtleEFWSFNtdDAwUWZMOTJBdGV1NVVUOTBCYXJMRHNtWE5TN1g4aFdjbjNfLXhMbnJUN0dfZXhObFZlNzJZYmxkWlZoWDhvLTdFSmY2UEQ3enR3WjVCcHdDS3pkb1J3NEwzNWVBNVNodXNn?oc=5,0.4404,positive
2026-07-13,2026-07-15,JNJ,Is Dividend King Johnson & Johnson (JNJ) a Buy Ahead of Earnings? - TipRanks,TipRanks,https://news.google.com/rss/articles/CBMilAFBVV95cUxQNlJvOTZKby1ySWdabGdBa242bWNxaThMb1RFRVVSUC1oSGoxajB3aGtCd2RrMElwcGstOGhBTkt5b2tnX0xremNmZEI4cU1WcThUMXRoUEM4YnlWYUdMYmxJMTdTT19LZFJReE4tOGlrVlpzMWItNXlvU3FKYWRqR3E0RVZPR2puajE1QVBUYS1HRVVm?oc=5,0.0,neutral
2026-07-13,2026-07-15,JNJ,JNJ Vs. KO: Which Dividend Stock Is The Better Buy? - Yahoo Finance,Yahoo Finance,https://news.google.com/rss/articles/CBMikwFBVV95cUxQYmU0SEczeDAzTWxGQTN3N0VEam15b0lJRHZCcWJ1LTllMFhSZ3B2NXJhTE05VlR6b0ZRYWxJbjdRREM4VWhzNkFnX05CWDI5Tk4ycnZJOWxfb2I3MlBDMHdjWWpZMU1ObC14VTF1ZklaUS02RGxCekZkYVkxdTFBaTg4X1ZLYUpZQUxhalljajQxQm8?oc=5,0.4404,positive
2026-07-13,2026-07-15,JNJ,Is Johnson & Johnson Stock Poised for New Highs as Q2 Results Approach? - Yahoo Finance,Yahoo Finance,https://news.google.com/rss/articles/CBMioAFBVV95cUxOaTVldHppT3VWZW1OSHQ4MkFxbUk4Nk00dlNiZzVEMjRDOFlQZWYtZ1VFWXFQb2ZBTmRNSE95RHFmQTdnd0VhLXZVeGtsaTlXZ0NOdWJHSzhLUFdodlQ3U21SNUpEb08yYWlldmIwelBHOXRLX3RiQk5WZkVzcVBLSVk2NElNY2RpbGxUaHRNaExkTUd2dTd5a0lnd2xBTi1t?oc=5,0.25,positive
2026-07-13,2026-07-15,JNJ,"Is JNJ Stock a Buy, Sell or Hold Ahead of Q2 Earnings Release? - Yahoo Finance UK",Yahoo Finance UK,https://news.google.com/rss/articles/CBMifEFVX3lxTE5LX3lLczJHSGFsenMtRzlUQ0p3QUpkLTFJUHFXLXpoQms3U1drMnFfVDUtZ05NVmpCWUktdzd6N3psMHdaeE9KbFdVVXhCOFBsUEhONV9yckVON1hFcnJSRENYMGY1N0NpaGpqMHk2SjlWTmtnY3BraUdfclE?oc=5,0.0,neutral
2026-07-13,2026-07-17,JNJ,"Is JNJ Stock a Buy, Sell or Hold Ahead of Q2 Earnings Release? - Zacks Investment Research",Zacks Investment Research,https://news.google.com/rss/articles/CBMiowFBVV95cUxOZVZHSVlEaThLeE12d2dfa3dxLWNGYnBjRU9GUWkwRUdhbUltS2U3d2NqTGRJTUhIOGtORlpNRkNQcDVvX3lXMkh4ZXFpeEFsZ0VPWFFXdW9oUDZuREZweXo5bGxMMmlCanBCZE5WWVFiS3FqQW1EcWowZk9jcGNDNkE1NEo3a0JuU2RJQlRTZERORTZSYmZKU0xJbGVFRzBocy1J?oc=5,0.0,neutral
2026-07-13,2026-07-20,JNJ,"Is JNJ Stock a Buy, Sell or Hold Ahead of Q2 Earnings Release? - Yahoo Finance",Yahoo Finance,https://news.google.com/rss/articles/CBMijAFBVV95cUxOWV9sS3dUc21kNU5TTXZtak9ZWmEycVBUSk1tVFdRYTBTNnZEWUF6VHlEaEoyNHN4MVlhcC1rMm1POG40S3ZpMkM3a25mSXBkQ0VqQjIwTGNNTjVHVTMwWFYxNW9fMUZobXFjWEJ2c0Ntb2ZrRUZLX25VYXRjMU1OTnRkd0I3bnF1RVZRQw?oc=5,0.0,neutral
2026-07-14,2026-07-14,JNJ,How Will JNJ Stock React To Its Upcoming Earnings? - Trefis,Trefis,https://news.google.com/rss/articles/CBMirgFBVV95cUxPeUNBeGlFM1RaUkFZV0w1OG53cjVDWGEyNzdZQ3laUlJuc2RBVUxmNklQaTVrRHlLbVMxLXNvQ1BiSmpNYVNXc3dOY1o3ZnJwRXJQX2l2STFEODBaZEhuWVZWNUJMckxLaFBYSE9Rel9MU0JCZk1iekJwZlVxLXJud0RjajZNbV9aS0cwLW9PTEJKajhGSUFBVXB2WlFhVGdtSnJsTnBvUmJrOEJFUWc?oc=5,0.0,neutral
2026-07-14,2026-07-14,JNJ,Johnson & Johnson $JNJ Shares Sold by Cullinan Associates Inc. - MarketBeat,MarketBeat,https://news.google.com/rss/articles/CBMiuwFBVV95cUxOS2tIaEhSUFVzVTNWdTRaclpPb1NxYkliWDZTeHQwS1hxZ3BuQl91dkZkNWZQU1g4TUJ1cDRHclNvbDFPYW1lQjJ5c0xwOTJ0cFRETzZ2enUxVFFTYUlURUh1Vmt2Vmw4c1hxc1l4SmNyM0RQOWdqNHdKa3puS1phZGZQQ2l6a1h5NHE4akJGVVl2WVBpampIZEJyLV8ydFVRcEVGczJrcDhoTHZtUHo1bU83b2lJWjNvZ3JF?oc=5,0.296,positive
2026-07-14,2026-07-14,JNJ,Johnson & Johnson $JNJ Shares Acquired by WealthShield Partners LLC - MarketBeat,MarketBeat,https://news.google.com/rss/articles/CBMiwwFBVV95cUxNdWt5WFQwTVFBX2Q5eXRybElVemlKaE5KX0x6NWFQUHVMb25zaTREcktYMzdCbnlWR2VHZmpXbnZHZVAxRm1YQ1JGYzY2TDNIOEJNUVl3NzJjaGx4UF81UGdSV0Q4M1o1NlF2VGpYZF9WOWg3UDFJZXNZOUk3QXU0MWdLWXF5MTJUb0Z0Z2F0Q1RkWFYyNV9tUDIxYnBMenc5aHJMbXNwUEIwTFRUc1lNMlV1WDBCN3N3TXVjaDNrekNLTzQ?oc=5,0.296,positive
2026-07-14,2026-07-14,JNJ,Johnson & Johnson $JNJ Shares Acquired by Candriam S.C.A. - MarketBeat,MarketBeat,https://news.google.com/rss/articles/CBMisgFBVV95cUxNbDVTbDlhc2tRcGVtTWdmRndxZkswYUJEcmN0enlYc2t4WWxZWnlXdmZ4V1FiU1JwOXVHMDJIZEgzNE8zQkJWNXI3MWZ3Zm5OalhEM2tPekZQWDJaTk4yYW52T3VwN1FRc0s5S183aVdFZE9idHdWSXBVdm5BX2Q1X1NkcEFCR2NkYTA2Q2h3YjNpbF93S3FTT01aUXgyUGhmaEp6eGxSUHI5RGxnWGlKdHFn?oc=5,0.296,positive
2026-07-14,2026-07-14,JNJ,Johnson & Johnson $JNJ Shares Sold by American Trust - MarketBeat,MarketBeat,https://news.google.com/rss/articles/CBMirwFBVV95cUxOUmZIcldCRF94RDl0SE1ZT2x6aEFEMXZoSENuMlVZS2VoNWhCNDIwcUQ2MU9FM1Z3b1F4OW02Z0Vmci1VXzN3TmJWcE5pVTAydnh2MlpZR2w1ODkwcWhRdFVVZFVZUmJqZC1jamtjeEs4MDhRRG9QSnBCQi1iZVRoUlFBSFpJVDMwZFJySEVJbUZQMXpUQjhZUG5OMzIwM2psZGNiY3Z2WWVWZG9HeTZZ?oc=5,0.6705,positive
2026-07-14,2026-07-14,JNJ,"Fifth Third Bancorp Purchases 804,298 Shares of Johnson & Johnson $JNJ - MarketBeat",MarketBeat,https://news.google.com/rss/articles/CBMixgFBVV95cUxQczU4RXlSWEFsZlpaRmZVZmIxclF0SFY4bks1aE1KVERYc1Q0cHhMSGE4aE42TXJ3VVRRbTFCaUNsWl9Vd0VJc0tKN0hzdmI0LVVVWk9RSEJfcDdUc1pSS0Q3RGtDdDFzWEh4aWRyWG91aGlrY1BnS0JaOWJudXEwWDhfaFVRSnBmWTU5S2tZYTY0bllTNTQ3X01Lc1hwOVNnVHBSNFNxMW10YnR0X1FfR0NQQTFYTkhuZWlGV0RUMEVpZ3pMOUE?oc=5,0.296,positive
2026-07-14,2026-07-14,JNJ,Midwest Trust Co Lowers Position in Johnson & Johnson $JNJ - MarketBeat,MarketBeat,https://news.google.com/rss/articles/CBMitwFBVV95cUxNelkwMk1NYk93RW1yVkZWVWVuZVRybmtXY0hHci04QUNuWjg5WE1DdVp5UE9rUGJkanRmRWFLN3BTcmxUUHREMHo2WXBwRXdCUTZQbUVQb0loT1VPMlJlX1pFcklQeFN2MGlCMHZkZ1BGVDlTR2dWMFlpaFEzdU5fMDFYSkhONERGY2pjbk9VcUUzR21MdzlURjFtZlJoTzE4WXpqMlV0X3F3eHJmZGxYY29oZmFvV3M?oc=5,0.4215,positive
2026-07-14,2026-07-14,JNJ,Welch & Forbes LLC Has $160.73 Million Position in Johnson & Johnson $JNJ - MarketBeat,MarketBeat,https://news.google.com/rss/articles/CBMixgFBVV95cUxPZ2NsRHdzZmp0V2wyMzNKaTlyNmp4eXhYbVY1YlhMVFlGRnZhTlg4bXhXeXFMbHN2bEd5R01RajlRNmh1dEN3NEkxTDFBb2IyeW9wekNEdE5icHN3eHg3U1lNMGh6cGJpT0hDZl9YUmF3ODdYdWJiUmNxelI3VGpMZUVhQ1N3c3lFYmZ3OWNpRVBYNVZ6eHVSTVNCbWFKc3RjRm1VRHFiVHppSWFFRjk5UnNxdUw1UjBpTklHclZYYzMyS2NVZkE?oc=5,0.0,neutral
2026-07-14,2026-07-14,JNJ,"Citizens Financial Group Inc. RI Purchases 7,966 Shares of Johnson & Johnson $JNJ - MarketBeat",MarketBeat,https://news.google.com/rss/articles/CBMi0wFBVV95cUxPVWhmUnF1VExiaTFubjdLdHpLbUpQR3pCS2tJbGo3VF9lOEFjZkVjcXpBUmNWaUJycGpRaE1ZclNoNmd6OXJ3blg1Q08yZDEzTVR2UmV4Y0ozbHU0dXg1WjlMUVFhUUpuQmlFTXgtR1VMajBMQjZFQTEyeFllellXYXdZVGx1SkhrQ1A0aEFfZzRhMUktbHlzUFNqRkNST0pYNzBBcVBieWwzZmdMLXV1N2FYN01uNVUzSG9ZZmlmOHdOLV9DbVliUVhlWFRnV0FLUXhJ?oc=5,0.296,positive
2026-07-14,2026-07-14,JNJ,Beacon Harbor Wealth Advisors Inc. Trims Holdings in Johnson & Johnson $JNJ - MarketBeat,MarketBeat,https://news.google.com/rss/articles/CBMizAFBVV95cUxPaC1aRzJSY0p3X1lQWFhVY2hyeEsybHFmSUxfbG01VWlNV1RLVDlvT3FGXzRnMjN1UklQT2VIMENMM2pxTlFFVUNDeXR6Ul96Z0trTGF0MTZiSE5JdVVNMzc4N09nMjNudjladFpsVWhnSVEtRGM1MmczT1JkZkFSS0QzbHQyRG13NFFVT0ZMb0U4VmxJb0pqcmJpYkpZbURnT2t0MzFBTnBQN1pPVjlob3h1QUlERTNVY2pDZzdzT1VhMEZKa0x5TGF3VHI?oc=5,0.4939,positive
2026-07-14,2026-07-14,JNJ,Ferguson Wellman Capital Management Inc. Has $114.65 Million Position in Johnson & Johnson $JNJ - MarketBeat,MarketBeat,https://news.google.com/rss/articles/CBMi5AFBVV95cUxOOGJGc1NxdkpmclNBS2o3OGF4WjVHWUxDYTVYVW1iYjM3SEdvYmRKa2JZeXZaLS1tOXVRbFo0dXpuTmNoOWJmNU82ODcyZkc1Tm5VcUJrV1VUWE9DRVN5Q1VXRllLYUh2c0JwOU1EU2tpYkRpZzBuU3VLWUFuMFJvNW5WMWhsSnFHNEFPMUdibUZaaElwN1hvZ2FaQm1odElWMi1kRXA3bmdpN1UzU2ktSjFhOURYWHowZVBHZ1d0dGFESl9aVHRnVWpkd2RrclFLbjJvdFJEdkRpLUhLdTc4VlZjOW8?oc=5,0.0,neutral
2026-07-14,2026-07-15,JNJ,Johnson & Johnson (JNJ) Stock May Be Reasonable After Talc Verdict Ruling - Yahoo Finance,Yahoo Finance,https://news.google.com/rss/articles/CBMimgFBVV95cUxObGNVaVNMUU1CbVNRelFqa1cxSjZJRXcxY2VyaGRrTEE4dC1fZm84Wml5WllQc29DeVJSU2cxelhTS2hNdHptWXdmYTRaS1pFc3JZMjdzZXdlb1Rhdk8wUDJJb3dMSGl3R3JxeU5fX05ndzM2UmlyOE9ISU41c0oxRUJnZVN4TVQxb0RqYkFWMjhGUXFlcTJZOC1n?oc=5,0.1531,positive
2026-07-14,2026-07-15,JNJ,How To Earn $500 A Month From Johnson & Johnson Stock Ahead Of Q2 Earnings - Benzinga,Benzinga,https://news.google.com/rss/articles/CBMi0wFBVV95cUxONFlVUDR0alZRekp4Q3hxZEhhUkh1RWdSQWl0aENRNC1ZU2l4MUtKWnVEaUZyNjRzN3J2Y0R2N0MtMEF0cHM3aVp4eVNQNm1lZFVMbUcyNjFqUWxlVGYybExFR1VpNGtfbkx3VndwOER4dUQxY1BJN3gySm9leU9uZnhNU1NRS2FyWnQyQ1htXzQ0MTNFcEJjYUdEalJDS3dfakxwaGFDWW15X0dYdGZiMzN6RnZqeHhFVmtuYTNCbkpMQXdqQnRlT09CaElyeERZd2cw?oc=5,0.0,neutral
2026-07-15,2026-07-15,JNJ,"Johnson & Johnson Hikes Guidance, Stock Falls - Barron's",Barron's,https://news.google.com/rss/articles/CBMiigFBVV95cUxOMTZYX0hFVUhHanBBV2p1TmxlaTRIOHYybmNSZzhoUnl2c2RVRkJrdU01MEtqc00xM205TmRYNEllSFp5Tmd1cXBfWEV4RG5WWkRULV8xZFBWck9LT0dVX1VySnpheE5uRlpFUzZDZHhmZm8wRW5sNFBnYjJrelFCaEpLTTdDOWFOZ0E?oc=5,0.0,neutral
2026-07-15,2026-07-15,JNJ,JOHNSON & JOHNSON ($JNJ) Releases Q2 2026 Earnings - Quiver Quantitative,Quiver Quantitative,https://news.google.com/rss/articles/CBMilgFBVV95cUxPRUtJeTlXWlpCT1JoYnM5bWdtWXg2NTg2V2o5T1N3XzNSTmtHck9pazhRUER4U2JGNk1jaVRmcVUwQWktREl6N2toWjBZWHQ4RWkxN0Vaa202RTJma1JTNXlqMGY1aXE2M25PV281RkJpMDB0LWs2cWhiaG8xdkFXUTd3Y21iaG5UVThIYUp1Yjc0OERFd2c?oc=5,0.0,neutral
2026-07-15,2026-07-15,JNJ,J&J quarterly earnings beat Wall Street estimates on strength of medicines unit - Reuters,Reuters,https://news.google.com/rss/articles/CBMi3AFBVV95cUxOSHFERlRfY1p4QWdVOU1sTFdjYkJvZUNIYUJUWWRmX2U5ZjlSZVN0OExXWjM0UXZUTkx0VXV4Z0NaTTh2RnhHWnBnUy1lYkI0Y1Y1LVNwM0ctRVhMc0lYZGVrdzdYOTJWSENJZ2ZaRGFlWjliTWNfbG54RzJ3TVZfb2FWY1NobklVVWJrNkRaTG44b3oyRkd3MDJzUHVMeGYzTV9iRXY3cFlnMUpBeHFZckhtbkxmMWhtajFHZnhqc2N5NFdXa3FSaHl5bHRya0hueXJhb2h0SlVmenJC?oc=5,0.4939,positive
2026-07-15,2026-07-15,JNJ,"Johnson & Johnson Sets $1.34 Cash Dividend, Payable Sept. 8 - Stock Titan",Stock Titan,https://news.google.com/rss/articles/CBMitwFBVV95cUxPUTYyWGRncjMwY0JKelk5dU5mN1BmdVpuYlozenRCNlhkQTF0TVBpVEdzZEk3WnM5djY1dWQ0MXZka1dQTU1QbFZDZXZVX2d6TGlpeVB4ZTZuVUJqallmZTZpOEJVMGdTWVBIUVcxZGd0WFNkU3dOc1pWbkpIOGQ0eGZ1d29ieVhKUEh2ZkcteExldkZnbGxTMmx6UF9uZVR2eFM1OWRfY3VfT2lzeVgzeXNxbnRMem8?oc=5,0.0,neutral
2026-07-15,2026-07-15,JNJ,Johnson & Johnson (NYSE:JNJ) Raises Full-Year Guidance After In-Line Q2 Results - ChartMill,ChartMill,https://news.google.com/rss/articles/CBMiwwFBVV95cUxQVndlWW43WUs3RlNMYl9VMks2elJPRDVvcFNaYkR4N0VSNm1sd085SUk4ZTZYdzR0cHlmdm1mZ181Q3IwOFRyNE1PcWVHTC1vbU5TYVpRUE53bnhnUVgxNVBJSnZWd09wTGQzUzRYMXhZbWZyU1czZTlENnJTM2Jvc1czTm90VVgycjZqdW1MM3hHVlh5eEI0RzFDMzRscXVuRkZ1YVJENkpYTlNjVjl1cDJYSnI4MDJSWjF4TzNjSjU4Z0U?oc=5,0.0,neutral
2026-07-15,2026-07-15,JNJ,Johnson & Johnson $JNJ Stock Holdings Boosted by Diversify Wealth Management LLC - MarketBeat,MarketBeat,https://news.google.com/rss/articles/CBMi1AFBVV95cUxOTVdLTDA0ZlFzZmFTVnJYV0N0SkhINXJmT2FFZnM1SmRpOGxrV1NUMmk2Q0szVHZPY2pRc0hJVUdHQWJxLWowYldoT0dUZzhHSHM0U0Fwd0RIVk9kVnFJMjRqeVYweGdLbDdCRWp1RGJvN0dNNGtCSkU1VUtBb2V2VUZPUERmRmRNRVNPbFFNNy1FNzZHRVp4Zmsza3BCb3VYWTdCc1NBWkZqQWNhMzcwMjhhdjBHeG45TjJlSkVXOVVaUkRNTnVLc2NpZkNIdkYzc3VlTA?oc=5,0.6908,positive
2026-07-15,2026-07-15,JNJ,"J&J falls premarket despite Q2 beats, updated guidance - Seeking Alpha",Seeking Alpha,https://news.google.com/rss/articles/CBMipgFBVV95cUxPQlBWMmtBanVpNWFvZWxPZGpSeXFXaEh1QWhXVWxfSTR1TzE1MVBKQy1YTVE2Q08tMUtUM2NDcDNuanR3SU1NUG0zVWpDTm1GaDhPSHQ5UFZVMVZsYnk2SF9EREFqem5OMEdSMmdEZ2NvSXFMN21LWVhyMkpBQy03VHByZnBpZ0dETE5Rak9lWEhQbmI3OENzb3c5WThoa2hfN3lCT2d3?oc=5,0.0,neutral
2026-07-15,2026-07-15,JNJ,Johnson & Johnson raises 2026 sales outlook to $101.1B - Stock Titan,Stock Titan,https://news.google.com/rss/articles/CBMiqAFBVV95cUxNSkFZVTAtTm9JZzk2RDA1ejhpTFVkOFRuOXZvdmpMcXM5ZTNOZFZ3dzJhcG1GNHdxVTZGU045YVRtZEh1NU1TaFI1a3JXRkFrWGIzeTJ0anphQThBeERHWTVCNjNxdDFCSGRmSmlOR0FlbmlsNTlxTHl1NzVEclIwZzhoaXA2T1otbC1GZFhxYTM5Q2w0SXRGYzJBNXZkcjdQdDlXcFg4UWY?oc=5,0.0,neutral
2026-07-15,2026-07-15,JNJ,Johnson & Johnson $JNJ Shares Sold by Arbejdsmarkedets Tillaegspension - MarketBeat,MarketBeat,https://news.google.com/rss/articles/CBMixwFBVV95cUxQSmpNN2FQallNbExhbjl0aWNtM3k4ZVBXZ1RDblVCXzFEd3puTE5BWlhkbEt6dDRTZDBpN1k4WWJxNXBoa2JYeUstbTJwZUJRSl9FekxSZzdocnA2TG5FRjBFLVJIQ3d4LURYQ01ydXVqZDV0X093R1FRNlZfREpWRDdJQUQtM0lDbXNLekFMR29wYTEzUFpJV0NOaWdHNExEZFFnR0tiQ2FhMlZPc05ubzRGZGNxaXFFM3VkZDQtTjcxaktWd0pj?oc=5,0.296,positive
2026-07-15,2026-07-15,JNJ,"Triglav Investments D.O.O. Acquires 32,700 Shares of Johnson & Johnson $JNJ - MarketBeat",MarketBeat,https://news.google.com/rss/articles/CBMiyAFBVV95cUxOMUUyMVlyT0plQVl4QUZPNlJrb3BLWFB2YXNiN2pQcG8xQkdGVmplV2lFSkFLNUw4eXY1WDI2ZDZOOVJ0Q0pzN28yVF85d1dZbnVGQVpmSXlOOFdZSFhWaDZ6QU11ZDNBVndVTUlfTDFsa2ZzekxpbFNDSmVfVTVrSGY4cXlMSkxyWlpxMEpWQkFwTEpycTJhVzRiOEpzZTlXMFN3UHhpSUhwS25IZE55NEFGYjYyZGYxX1h0QWFwNUZJUjFMNEo4WQ?oc=5,0.296,positive
2026-07-15,2026-07-15,JNJ,"Carnegie Investment Counsel Sells 34,449 Shares of Johnson & Johnson $JNJ - MarketBeat",MarketBeat,https://news.google.com/rss/articles/CBMiygFBVV95cUxQSFpaRlNmcU5VTWhIejNYM3dWYjNybVlBdEZZYV9WdlB2MElpUVBmMDhoLVRFaF9oTlFxVThCNDFPTGdKZFhBdm9HOFdBYzZ2R0FuYlhSRDMtR0xBSWJKdWZGQVNFY2ZwNFpiU0tUSnJvX0xKNFByZDJ5NmFHUHgwcUc0NGpEa0ppRldjTC1ScDZrTWlhMU1tX2h1N1NQck94ckJlYi1QMFFJS0xpQ3NXb0dzTUxiMFFldk0zNmtWSUllbTJ2dTNGQkF3?oc=5,0.296,positive
2026-07-15,2026-07-15,JNJ,Johnson & Johnson (NYSE:JNJ) Releases FY 2026 Earnings Guidance - MarketBeat,MarketBeat,https://news.google.com/rss/articles/CBMisgFBVV95cUxQZFhQdjVIWUdsOFIxU3p6TWFuUUljd2RoMFNHNGJSelJqYjRKcmVNaTEtMGtYYlQtOWl6VnhTQm5xcFhHZTQ4YkJBSU9SVjFES1NHSGY1YkVrWjUtU0tXNWpld0NSdFRERHdkMWdldFhoa3pUTVpDNlhfUDZpVFhzS1hQVGhQelE2TjhwbnlNNG5LN2lEdm1jRXlkWlVVbGE0VHRDVTJiSG9PLUNtajAweGZn?oc=5,0.0,neutral
2026-07-15,2026-07-16,JNJ,Johnson & Johnson CFO Says Guidance Hike Is Just the Start - Barron's,Barron's,https://news.google.com/rss/articles/CBMiigFBVV95cUxOMTZYX0hFVUhHanBBV2p1TmxlaTRIOHYybmNSZzhoUnl2c2RVRkJrdU01MEtqc00xM205TmRYNEllSFp5Tmd1cXBfWEV4RG5WWkRULV8xZFBWck9LT0dVX1VySnpheE5uRlpFUzZDZHhmZm8wRW5sNFBnYjJrelFCaEpLTTdDOWFOZ0E?oc=5,0.0,neutral
2026-07-15,2026-07-16,JNJ,Prediction: This Dividend King Could End The Year With a New All-Time High Stock Price - 24/7 Wall St.,24/7 Wall St.,https://news.google.com/rss/articles/CBMiyAFBVV95cUxPdXM4Sl9XZHlaQzhKa3F6RjY0R2hqYV9uV0lOQVFlV05GMWV4MS1LWW5mSjltdHN3X1lCSmpBclFYdHB1dzlPdVByM0Vwc1gwUTZDY0hHZmh6bkJVa2JrLWFtdVZqQ0xEUHc3SVRjMC1hQlR0OW8tMGswWjlqVDBDWGhFX2taUUVpSHp6WDlXQWJRMU9nRUlvaEJOckQ4WUJYTFNBNmNfOE9nOXRlSFl1ek5RRTRkZmp1a1gxdC13RG9jQk5Kei1Lcw?oc=5,0.0,neutral
2026-07-15,2026-07-16,JNJ,JNJ Struggles for Direction Despite Notable Q2 Beat - Schaeffer's Investment Research,Schaeffer's Investment Research,https://news.google.com/rss/articles/CBMirwFBVV95cUxOTEoxLWQ5MFprOVhKMW84eVVlNmpnVFVJYUtCSm9mU3ZCaG52WDdfWVUtNzh0VGl4UVRTV0ozdURiQkFjSkVUUERyS1hPZXhKQ0o0bUE1TklNYnc0Y3Jmc05scjBPQ2hfeUpmRERYUTA0N2RPYzM1c0hkdGVKNG8xVUc1R25TeVZCd3NXb1VvRHY4RmE1dU5iYk5IMzFVRnhHU0pXZE1pb0lBc1pYS01j?oc=5,-0.3612,negative
2026-07-15,2026-07-16,JNJ,What's Going on With Johnson & Johnson Stock Wednesday? - Johnson & Johnson (NYSE:JNJ) - Benzinga,Benzinga,https://news.google.com/rss/articles/CBMiwgFBVV95cUxPVHIwWDNwWXdpdG92WkpGMVBMTFBVLXE1U29PMTVSbjRjTDItd3FoMW5tRzlFVGNXRHdqRjRVOXBPY0dXMzM0UU9GQVdGYkF2QVZnZmpERFc2UDM0U3g0T21ONjRvR2E2RjJHQXBjVTVJNXZkOC1GMjJsSWNZUk55Qzc3NmtHMHRrcjZpTXlwWmYyWmFMNnRNRWlqbTlRVlA5VGFDNWtwN2ZtRWRqU3JNcE0yRUxocXloZnlPeHNiRmgtZw?oc=5,0.0,neutral
2026-07-15,2026-07-16,JNJ,J&J medtech miss overshadows earnings beat - Reuters,Reuters,https://news.google.com/rss/articles/CBMi3AFBVV95cUxOSHFERlRfY1p4QWdVOU1sTFdjYkJvZUNIYUJUWWRmX2U5ZjlSZVN0OExXWjM0UXZUTkx0VXV4Z0NaTTh2RnhHWnBnUy1lYkI0Y1Y1LVNwM0ctRVhMc0lYZGVrdzdYOTJWSENJZ2ZaRGFlWjliTWNfbG54RzJ3TVZfb2FWY1NobklVVWJrNkRaTG44b3oyRkd3MDJzUHVMeGYzTV9iRXY3cFlnMUpBeHFZckhtbkxmMWhtajFHZnhqc2N5NFdXa3FSaHl5bHRya0hueXJhb2h0SlVmenJC?oc=5,-0.1531,negative
2026-07-15,2026-07-16,JNJ,"J&J Dipped On Its Report, Why Intuitive, Others Celebrated - Investor's Business Daily",Investor's Business Daily,https://news.google.com/rss/articles/CBMijAFBVV95cUxPQlNfSF9FMUVHYThaODhfTzZJOGx2YkxJaERhYXJuNEZQLURmc25uTjVHQ1EtZlhVazhTNy1DU3l6TFEtaEFZTDZydTg2cjlnaDVEWXJrbGV3OEJKemYxb3hKYkRZcXdvY0FxMEZHYmpnX2N4MThuOVktdG1CZ090WDBKT2N2bFF5eFN0Qw?oc=5,0.5719,positive
2026-07-15,2026-07-17,JNJ,Why Johnson & Johnson’s Earnings Dip Looks Like a Buying Opportunity - MarketBeat,MarketBeat,https://news.google.com/rss/articles/CBMiqgFBVV95cUxQbWhLV2FTR2F0cGhqSy1hZmNWcnp0dExveDEwVU5EZFF2dlpzRjNTXzE3WWV4bjFNX0R5SWJWUmVBbk5maGhjTTlXTFBrTEhtWVYzNkRKbDAwS1BPWmhBYXI2Vm5ZSjByZWhtbENuNUdMMExvdmhQR1k1dFhkalpjdEZJUUZRNFBINlV5RmJzNWVHREVuVU82WlcxTERGQkdnMUVPYzBRQnFudw?oc=5,0.6486,positive
2026-07-15,2026-07-17,JNJ,Stock Market Is Giving A Pristine Entry Point Into This 64-Year Dividend King - 24/7 Wall St.,24/7 Wall St.,https://news.google.com/rss/articles/CBMivgFBVV95cUxNWTRkVmJyWWZjSW5lZ0tOd1J1Q1NWTW9Md0tYNnpIWVJJZjgwMUFpX09mcUlCVldqVERzbmQyWXBiV3QzcDBBWVJRSzM1NDVueWo3Vk1uWWhqeXZuSDVieWw2cTZfT1FPdk5wbHhhTE53Mkw2Zy1hT3c5MWJ6VTJWRkJKT3J5M3RGclhQdkZpUk1HZjJOY3hPd0hOZ0YyTzJxMkVzcXJRYVdHTzJqbHhvMWVpZWVEZVZwd3ZHQldn?oc=5,0.34,positive
2026-07-15,2026-07-17,JNJ,J&J quarterly earnings beat Wall Street estimates on strength of medicines unit - CNBC,CNBC,https://news.google.com/rss/articles/CBMid0FVX3lxTE11NUZhTTdiVU1Ld2tIcV9YY0hvbG5OSjVUUzJqR0toTFkyWTdPemNUbjNQVVdYQ2FaVXkwSEMxRkl5TjhNUEpUQ1U5LXBjd0VORTBTaDlyTTJCV0FNT3V2WXFoODduZlpQVDVhTnFDeHA4NjVIRWlB0gF8QVVfeXFMT2xLZGN0UTRQbFAxLXVCRXdyRFNkS2pKRXhxZXZFVHBHZy0yeVY2NEVxVzdzX3BMQV9kbzI4VHFtQnB6dWM1UHN1YVZobGxDOU1sRGFET3h1LUNLQVV5cDJmeVpxUkZfTUZwQ2pob3B6VlBJU1JyT1E1eHBFbA?oc=5,0.4939,positive
2026-07-16,2026-07-16,JNJ,U.S. Healthcare Professionals Can Seek New TIME Award - Stock Titan,Stock Titan,https://news.google.com/rss/articles/CBMivAFBVV95cUxOcWZ4TXJZdE54TnI2RV9PaGRVLXA5ZkFnNzJ0c09TcU5uVkh6NWw1dlkydjRfT25DNGRFVGJVQXBZbzBOYlBOaHZ6UDVPSHJtUTRrcVRQRkRab3RNNkdteFljeEw5Q01MY3pibk4wYVI3RTJraW9oaXJwdlNKRlVwZmZtOE1hbDFIUEx5a01TaDd1bFJuQVlPYlQzUG9FTWZuWDlGVVJQcTR1VVlrMjRIMkJXdko4NHQwV3lhUA?oc=5,0.5423,positive
2026-07-16,2026-07-16,JNJ,The Real Engine Behind Johnson & Johnson Stock's Next Climb - Trefis,Trefis,https://news.google.com/rss/articles/CBMixAFBVV95cUxObGxpWG1NcGVaaWhRSEpCbTlxdjRpeGFCYkFxcnlZN0hOTFNLYW50enhNNUZIcVY5NE1lM0RPeDhfR0ZyelFOUVBFQWsyMzVkVDd1a0NZN0RTd2ZqaFNWZG5xanVSOWJRMlRPcE9nUllPWHh2RmtnQlZSc3dvWS1CWUUwMnBMeVlqcTdIQ0h0YU56Y0lHVlB1MS1sRWVZQTBpOU90OURjRkF3YUh3bzk2R2RJWmxsenZXZjFnLWQxc3E3S0dH?oc=5,0.0,neutral
2026-07-16,2026-07-16,JNJ,Johnson & Johnson $JNJ Shares Acquired by TFR Capital LLC. - MarketBeat,MarketBeat,https://news.google.com/rss/articles/CBMitgFBVV95cUxNR3dVMEk4cVI3X3A0ang2bnVGYk9ic1JYWG96MEN2R1YxaFFiQWV1QXNIWS13ck5fWTBhT2lLT1lHYzV5TVk3Zm5NOEdQUTRrLXlpQW5fN19BZXRzeUNNYXVXaF9OM0wwek1hQ0YyZU9wMFFJSWFVMjlaSVlwZWw4TUFfTmVJSkVYYWZsREhjeEpvaDdqMmpUSEY2a0t3RjZoMHpOZFhqalYwT1JGWEVVMkg0ZHNCZw?oc=5,0.296,positive
2026-07-16,2026-07-16,JNJ,Expandable spine implants designed to help mitigate post-operative cage collapse - Stock Titan,Stock Titan,https://news.google.com/rss/articles/CBMioAFBVV95cUxQUmdGMmw5a3p1ME5TUGMxZE1XWlhkVE15QXJnTFU0MEY0ZmRRMkh0OU1PaW8yZVRVSWNmano5TDROWjdtTFpRSlJ1bnpSWFJFekVFVGs3Yjl1UU10RFBHc3l4ZjliVW4xc1JoWUtiLWZnSEpXTjdGeGxrU184cVNKNElXUURaalBUaUhMWlBPT3czMlRXcWk3WHg3UUtsRkJM?oc=5,-0.128,negative
2026-07-16,2026-07-16,JNJ,"Principal Financial Group Inc. Sells 38,576 Shares of Johnson & Johnson $JNJ - MarketBeat",MarketBeat,https://news.google.com/rss/articles/CBMizAFBVV95cUxPMVRTajFqYUxON3dENnBUZWZjeTFDaGVqUEJqYVc0VlBweVhsY1hVQV9DX3JBR2ZZa3BfVzJlQ2lWZ1BibDZucVFuY2ZONkI0X2NBZk5CczNBanVKalQ5QW1YcC1GOUVZNWJsTlM2VFh6cTl6c0FmNlBncC0wRmdvRXNpOHlycXl0cUo0VERBal9jeDFYX09fVnJQcDhlcDZrdk42ZjkyY2ZmOEwyRHdmbjRGX3JsYUVjNTQ2dGZpdU9VMS1EeGV6YWh5bGE?oc=5,0.296,positive
2026-07-16,2026-07-16,JNJ,Johnson & Johnson $JNJ Shares Purchased by AMG National Trust Bank - MarketBeat,MarketBeat,https://news.google.com/rss/articles/CBMiwgFBVV95cUxPU1JGa2x4SlhsaWZYZi1TdnhEZ0E4X3lIQ25DVGdzSUdIaDRxVm5RdWpseC1OcnJsaG5DZnNudGlpbFlaNTduNnhRaGtFR19WZW5HM0hDNHd2WWw5MTMwTDB2TWFTU3V0dHBUQ0VkUDFoQjJvUTZTTlk2VzFYNjZLQUJFSE9VbThLem9nX0RrOXF4c0pBVkt3anlXaHMzU2REeUdQNkItUlFic0owU0xsTTBpZUFRRHpQX0M4QzliRzVmQQ?oc=5,0.6705,positive
2026-07-16,2026-07-16,JNJ,"Ghe LLC Has $138,000 Stock Holdings in Johnson & Johnson $JNJ - MarketBeat",MarketBeat,https://news.google.com/rss/articles/CBMiuAFBVV95cUxNOFNjNXJpUmpQcGpvSlBacVlEMjZfQjg4RUQ0SU55a0taSGxKVVlZZm9YSjVUNnh3cjZpTU5UZy1XblVFVkhsNlZfdjU4VmdpWGRFYVYwWTlFb29sTkVWNG90MTBwUW9Gbk9yVVpRUlc3UG9yMS1vRXBpYjdHTVZoYXcxTWRjdnNMZUZGYnMycTB2cXZwdE80Z1Yxb3phVVlOcW5fXzNHRDR0dDN2N1ZQXy1UWTlMbXNo?oc=5,0.0,neutral
2026-07-16,2026-07-16,JNJ,"Calamos Advisors LLC Purchases 122,350 Shares of Johnson & Johnson $JNJ - MarketBeat",MarketBeat,https://news.google.com/rss/articles/CBMixwFBVV95cUxQMXZHOVB5QTN4alZVRFJSem9HLWZPeGJaTHhMSlJrR2xONEtFSDVNaWNpdm5DcE50eElaLXZCY1hYZlVOR21DR1dnNndISEZ0MXBUNWQ5RDhqUUpQX1RnNzNQV1FCRTlFSUNPUHlFc19NcEM2b1FfWEZQYVBDSG9XcUdncXE2X1lIcVJOUTZ5VGVhOXloajZSMGdwUFZlOXZHUi14WHdJU2RpZXg1QmJUeklNMkI3NS1mbEpkWkExSEo3RVVVWE9j?oc=5,0.296,positive
2026-07-16,2026-07-16,JNJ,Bleakley Financial Group LLC Boosts Holdings in Johnson & Johnson $JNJ - MarketBeat,MarketBeat,https://news.google.com/rss/articles/CBMixwFBVV95cUxNLW5jN2p2VmhHWEhBOG1hbV9ldWtMaEYzalVTWUJqT0N6aS1KQnFBZ0c2aUpIT0NBVjZNUVA4Zl91bmRNd1kwc3NoeVZhSVcxTGlSS3lybUx4YmFocEJpV2NWT28yRm9UdndYd1NOTXY3Y3hsZkFrNC13a2N6b29RU0c5NnV3b0lhNzh4RGNtNUdvYmpHMmdmSmNrc3I5NjFNcmtBaHhXVUl1UW5INGVuMEh2eVBCdHhRcnplaFcwS3JMUHhwcmpr?oc=5,0.3182,positive
2026-07-16,2026-07-16,JNJ,Birinyi Associates Inc. Invests $4.16 Million in Johnson & Johnson $JNJ - MarketBeat,MarketBeat,https://news.google.com/rss/articles/CBMixAFBVV95cUxPaWE0VjFjbmRoejBJbnpBdmI0RXVZVkpZZ0NnQnMxR3lTSV9XMUktSlcyMFpJZTBKa1ZBeC1TMnJpTjlyZXVfSTZrVmI2dmhUTzduLUt5WkRMTnBLZmRIalFaWjR6aVNMV0haN3lnSl92VUxXVU5JMkZCWjlmVHZTVU8za3J0UXBObEJWR3l6VHRFLW9IWjU3TEF0dk90WTNQMzUzTWhBdEs3TmprUUtUT0tCTmVGa1F6MnZkLUg3Ti16WjhG?oc=5,0.0,neutral
2026-07-16,2026-07-16,JNJ,"Calamos Wealth Management LLC Sells 6,096 Shares of Johnson & Johnson $JNJ - MarketBeat",MarketBeat,https://news.google.com/rss/articles/CBMiywFBVV95cUxOWHdhdDB5bWxJYWpyWUFObXVCcmQ4ZVhPNTZPNXQtQ1hIdldMOW9SUkxQR3JDcm10STRPeVFKRGtFRGZaX1R4a25aNlZ1V09PaE0wbmNtVmNSQUN4ZVg2a0RZcF95aFBLUDJJTVlGYXRjdWljQnA2Z2V2VHNuWW52UC1vV0g5YUdZRTZjSUtHNWZOUEZtYnJWX1FNSENXSmtOQzdtNjRCOURleE5WNTNYQ1FfMk5DYXZVN3FBLUhTTk5BWmpQYnlLVDdKQQ?oc=5,0.6597,positive
2026-07-16,2026-07-16,JNJ,Mattern Capital Management LLC Has $8.64 Million Stake in Johnson & Johnson $JNJ - MarketBeat,MarketBeat,https://news.google.com/rss/articles/CBMi0gFBVV95cUxOOEJaVmNRcDdKQVdyYzJYRlZObUFZS1dNQl83ZmNueVFnVkRXUUx0NmtuU2pnVlBsYVpBUDFEQ3h1T1BaNV9ldVZId0oyaDA3Wkc1N1JGNG92R1F1YmJleUQwRDBPV2RxblQ4Y1dFclRrelhDeVhCWjByQ1JXcEhwc09PWjJDZTdHN3hiT0JxRVVrZ1BEUVB5Q0I5M1JTSTMzenFXdEtDMUxfaVJCSkZIRVJ6dlAteGg1VnVnNy1PbG5WbTNhZFFjSWtsYkR2NHo0M0E?oc=5,0.0,neutral
2026-07-16,2026-07-16,JNJ,"Empirical Financial Services LLC d.b.a. Empirical Wealth Management Buys 5,253 Shares of Johnson & Johnson $JNJ - MarketBeat",MarketBeat,https://news.google.com/rss/articles/CBMi-AFBVV95cUxQQ0JPUGxvWUV2S0MwOFhWNDFOVUYtMmcwV3BRa1JzM2FWMm9QZ0J0TkdPOWkxUjdFMW9BLXZaaC1FQ2puWnY4VXl5OEowdWk2RHRjazJVRF9CaTNKR1Q1RUNuaXNoMUVzUDUyUDdJNGxPVV90azdhTWRLdVNMMzJmUFdaVWNocV9lNTBHVEY3TjhlaGFTYmxMbjdlNGs4TkhhdTVQU2lhcGg1aFRLSXE5WkN2UTRsTTcwWndFU3Z4UXBqVDhQVURTU3JOU1VHbzBRY1ZWNndLa09RNnEwZGVDR0l6QzV6Y3BqVnl6b29iUlhnd3JpdjVpMw?oc=5,0.6597,positive
2026-07-16,2026-07-17,JNJ,The Real Engine Behind Johnson & Johnson Stock’s Next Climb - Trefis,Trefis,https://news.google.com/rss/articles/CBMitwFBVV95cUxOUWtsMWlaelRkdVdyLTl2WkRWWGhoNko3SmJETml1a3dMbzROeE9HUEJPUnNaV1hkdld0QnkzWEk5X2k0b2xrbUl5TXFsYVJYcFA2RjNNYlVTeDNpUU1mc0VGLThrNTFqQWkza2pMUHktOVJqcUV4enZYNzNrQUdYREVPODVqRHl5Ui12MVdueENXaXhNbVNpTTBGRFZaQ2VlOHo1d2tZejV2VmJad1gyMUh0bmstMEk?oc=5,0.0,neutral
2026-07-16,2026-07-17,JNJ,Why Is The Market Punishing JNJ Stock? - Trefis,Trefis,https://news.google.com/rss/articles/CBMingFBVV95cUxPV0Y0RUNkelVjajdBM0djbE1hLXpjV09rV3Z2Z1k0RHNOc1VacjI4a1NJSUxKT290aEluNmdYOENiRjRkOHpKMC1VMWFKSGt1aTl2Tmd5WHdDZXAzcmc0VUUxc21wQ3FoTU1SVGhuUlM5dG5FQzMxY2xlZzVCYTZzNlgtRmZaS2x5OWJKR1lkZllheWhvWGpsaV9UWEFjZw?oc=5,-0.5574,negative
2026-07-16,2026-07-17,JNJ,I Was Wrong About Johnson & Johnson: Upgrading To Hold (Rating Upgrade) (NYSE:JNJ) - Seeking Alpha,Seeking Alpha,https://news.google.com/rss/articles/CBMisAFBVV95cUxQLUJzbU9felRDaGEtbFJkSjRTV18tM2tLRVpHdVIwQzhSYm9wZ0NEZTlDdmxZUjhBeGtOWXdhZ3R2RzducmtZeXVJdEJ1ay1oVUVmTjFLMnpxNVlSaWVCdjBlQ1hYR0ctTS16WGZPX0ZaRTFpajUxdVpTV1BrZW9lZU1RcHFIdUFOOUhLMGhTbDRFUi1yZjNCVGlUQ1d2Szl1YmQxNkZyM2s0SGVXMEhRag?oc=5,-0.4767,negative
2026-07-16,2026-07-17,JNJ,Johnson & Johnson (NYSE:JNJ) Stock Price Up 1.1% Following Earnings Beat - MarketBeat,MarketBeat,https://news.google.com/rss/articles/CBMiuwFBVV95cUxNaWJzZV9NU1prclJGZGs3SVBYaGlBcms5TmpxUmg1bHdSdVg0Y0p4NVVlb20ycll5YjJoXzFNU1A0bENnX3U2LTRxd0ZyR3p5RUd3dGx2VmJLTklGOW5Nd2lBNE9PRkZiMExJSnh0dXZDUFhHLV8xZndJdDQ4MkJ1ZHhfXzhCTm5FVlo4bnlwTmJYNm4xdlp1M3ZGakw3MzNrYWdWMTViZm9sQzRIRDJBd2o0b1Z0SGlGLXM4?oc=5,0.0,neutral
2026-07-16,2026-07-30,JNJ,Why Is The Market Punishing JNJ Stock? - trefis.com,trefis.com,https://news.google.com/rss/articles/CBMingFBVV95cUxPV0Y0RUNkelVjajdBM0djbE1hLXpjV09rV3Z2Z1k0RHNOc1VacjI4a1NJSUxKT290aEluNmdYOENiRjRkOHpKMC1VMWFKSGt1aTl2Tmd5WHdDZXAzcmc0VUUxc21wQ3FoTU1SVGhuUlM5dG5FQzMxY2xlZzVCYTZzNlgtRmZaS2x5OWJKR1lkZllheWhvWGpsaV9UWEFjZw?oc=5,-0.5574,negative
2026-07-17,2026-07-17,JNJ,Hillsdale Investment Management Inc. Reduces Stock Holdings in Johnson & Johnson $JNJ - MarketBeat,MarketBeat,https://news.google.com/rss/articles/CBMi2gFBVV95cUxNQUlRckI2OS1odlRQNzFYb0x3WlhTc0JfbXBZN0hNMmI0NllQSl9XSkQyQTBabDNHQ3RTR3dxdk05Y3lXb3NFZ3BEd3NMYVhWUmc4RU1FeVVJUW9nQ1NGSk9DdUN4R0xDNmc3dXd6N1hrUWZJWkJtc0wzZTdBS0NUWUMwdENMdlR4bTBydm1fWkFSc2lJdzJMczdXY01zQWxLRjl3ZXA3emxBaFZZME95SE16aWdKRGg2QUw1QzNEQ1poZTQ3eDQxbG10V3Z6bzVmRU9iOHU0ZHVwUQ?oc=5,0.0,neutral
2026-07-17,2026-07-17,JNJ,Johnson & Johnson $JNJ Shares Acquired by MASTERINVEST Kapitalanlage GmbH - MarketBeat,MarketBeat,https://news.google.com/rss/articles/CBMiywFBVV95cUxNNU9vT0xiYnFvSlNPNFRudnU2S3NFQkFzS2lQQXRWY1hoSFNfclN0bG1TeWZDRkgzcmx6NmVyY1pJVWRCblpNeG55endCY2F1RXFtczRUZEJHa0RzQ3QzRkFvRmdGUm52MzdGWC0tY2F4aEZlQUc1YU5iYms2TmtKdi1oRjR5amY0aWRicUUwcFZoNDhxbUhMQTBCOWlTeW4yX2JCYTZkeXdCNmJvemF4Z29yTEZqbi1Wa0M2WkJVXzc3My1MMGRBLTdvUQ?oc=5,0.296,positive
2026-07-17,2026-07-17,JNJ,Johnson & Johnson $JNJ Shares Bought by Livforsakringsbolaget Skandia Omsesidigt - MarketBeat,MarketBeat,https://news.google.com/rss/articles/CBMi1AFBVV95cUxNSnB3a0Z4cm9rM2V1QU12RVJJRXZ2YUs2NVk1VTlhTWlOZUxqV1F5RkFWRnBIeENrMVdTSk51cDU2Y1NzbHpXUmUwUDhYRnlnc2RSc29oMF9fS3dEeUpnSWJ4RVR6V2xrM0Q0X3NEc1NwQjdENGRabVJKdk5sMkVFMUF2aWV2eEVWa09yNTE2OXR2NUJ0UHlxcUU2aFNQVmFFREdYMWwwWUVudHRmR2dVWFhxdlFscFFqMmh0Uk9IcnRGVHBpeXlfV1pQblBNQUpYTlB3eA?oc=5,0.296,positive
2026-07-17,2026-07-17,JNJ,Avantax Planning Partners Inc. Reduces Stock Holdings in Johnson & Johnson $JNJ - MarketBeat,MarketBeat,https://news.google.com/rss/articles/CBMi0gFBVV95cUxQMXBvUTktZVZTZXN3MTFVZUFmbUtPLW93SmN4RENSYWFhc1ZESEtUSHlGUzJ1NmdXRGhNcGpKNVlyMU9JRHJ4azRiRUlWTnVfbkd6azFWV3RKVTI2ekRIa3ZBNTZWTE5weGdTTHdwdWxFZEtJZS1zczFqckN4UEFVSl8xUWlZejRReEdrRTlWS3hXZmdvNFNNWE5HSjRnN3VzQ3BnelcwcGU0NS1tZjhoRDFUaVBMU1NGdFNnX3lBT3ZnUE1ROEgzaXFRR2pOczlpdGc?oc=5,0.0,neutral
2026-07-17,2026-07-17,JNJ,Johnson & Johnson $JNJ Shares Acquired by First National Bank of Hutchinson - MarketBeat,MarketBeat,https://news.google.com/rss/articles/CBMizgFBVV95cUxPbUtJVldKVThNZEZLVGUzSWdYYTJSdWpDTmltMVZyeVAtUGNnMTlaa1djMmZJRF9saE1zQmdQYUM2NlI4T1IyUUE2a2tpYlJfTU5Bdm5WQ084Y0FHMnlQdkROUnJnWENzMG9HVWhEZmZVOVR5S3pMcDIzWjlZZHdDMmZUMkxNcVpfRklmaG0tc05fWmtJOUZ2SHB4d0ZxRXpDWjhURU9xVEw3bHExOGRZOWtIVlFZRHFnQ3ZNSFZITjhaX3VOaTkycHBMcUhHQQ?oc=5,0.296,positive
2026-07-17,2026-07-17,JNJ,"Rep. Thomas H. Kean, Jr. Sells Off Shares of Johnson & Johnson (NYSE:JNJ) - MarketBeat",MarketBeat,https://news.google.com/rss/articles/CBMiugFBVV95cUxOTDFFTzMwQVJMLUdYMl9BczRkZ3RuYXpCeHJpMC1BTjF6RWVmZVF0RmlpUWo3d2YxdHU1QW5fT2JHaXFBbWt1V3NXb0x4VDdXak05cmE3WkJwV2NqVFFNTnRMb0s1a1MzLWV5RTN1NTh5eUFNY0Z6bXhaZ3dSdDJ2eDA3Q2psMU03TDdsdTk1cllEOHNMZnlzdjFiMmxrZjZMcm94RHByTVNfVll6RDFXUktEQmtsMTNXY2c?oc=5,0.296,positive
2026-07-17,2026-07-20,JNJ,Johnson & Johnson (JNJ) Stock Faces Margin Squeeze As Q2 Net Profitability Undercuts Bullish Narrative - simplywall.st,simplywall.st,https://news.google.com/rss/articles/CBMi3wFBVV95cUxQdHZxd3lxdHF4amlWY3I1cHZMNFVtNGR1bUt1dlpFc0lmZFBDRFZrQkdtSUxRdkVDdWxKNVlFZGk4YmNFYlhTN2Roa3YtLVVFSE1SWFB3eV9aOFhGYkVzV1YyVGVMRnBnTEl4djIxQzVfWFowYm16Q1RSR3I1MTlGOGlMSjQwc1hfb2JNYXVNdDB2SHYxX3N2YUYtSjZwanRZUDg1Zm5UcGVnTWxMUGtTSVdSU3dNM0lra3NzZWpkOUM2VnBtR1E3TG5yaUtRa29saXVpejJ2LUFHNGJ4bGJ30gHkAUFVX3lxTE9LTTlyY2MzN1RwRGtTdVlQcUdXdUtXR1RxaHBEeC1aVGFpRnFIYlM3VktLUm5QYXRyVmQ3UnZqMVhlcUs2eDNVZlJkd3JnNFNwVGxON3doNGRGLTQ0cS1lMWc1QjBqY3RjSURxX0t3UHo3QmNuTnZNbzNGVG1jQnQ4cEQzSzVDTm1MMWpwbm95My1ReXAxTUM2bGpqYmNaMVk4RU1QR1ZPd2tsVV9vMEx5NXI3WnBQdWhHSjJSS09sVXltbFRyaVFSZEJEX0tEdDJjS0s0TzRsNWZyQTE0SUR3TXlEeg?oc=5,0.2732,positive
2026-07-17,2026-07-20,JNJ,J&J Stock Falls Despite Strong Q2 Beat & Higher 2026 View: Here's Why - Yahoo Finance,Yahoo Finance,https://news.google.com/rss/articles/CBMijAFBVV95cUxQRU9TVmRzZHNPVXFUMjNqdDhONjQ3YVpmbTdJdjNWakhCcHFkM0gyeUF4emZtZ2l5RkdERTVWN1VXdnJvdUxWUWJWRjFEa2FQZG43WlNuak1hUlZlNmRPM1JtRkR6UkJnNGFGZWpkTjdjQ244ckt2eUtYbTRxaHNDWDV2Z252Qi14WEVmVw?oc=5,-0.4023,negative
2026-07-20,2026-07-20,JNJ,Johnson & Johnson $JNJ Shares Purchased by Zhang Financial LLC - MarketBeat,MarketBeat,https://news.google.com/rss/articles/CBMivAFBVV95cUxQdGE5SXdmXzU2TGZQcWJ3Uzd3bU0tQmNjcjNKLVdMcm9acE81dTZacXJrSFhxWHlKWjB1SHFScmlOOU9XNWk1VEFuZGx1Y2pJdFM3bUM5NHpvVDMwOFJMV1huVTVON3JNZjhxV1czRFZSNFdEMzRkZXdaT2ozUTRiOHlGT2FJRjVnVS1NdTloWFRfM0dlRjVQMlFlMlFhNWtFZVNVLWpDWE5NM1RXVENMbUFUVFlxbS0xamw4Uw?oc=5,0.296,positive
2026-07-20,2026-07-20,JNJ,Is JNJ Overvalued? DCF Says Worth $124 - GuruFocus,GuruFocus,https://news.google.com/rss/articles/CBMigAFBVV95cUxNRzVaTFYyQVVwbTJ1YXZ0VzFLRnN1NmMtRjJ0aGhQYXE1Z2dtaDQtcml3ZzZtS1RHdkNkbE54V1NzMnRLczB4TU5pcjNNZFRiTDA0ckppdDhtRjlMcDhqNThCZ05zdlRpOTgwWC01c0duNlYtMTZ2U3p2T2xJRC1BRQ?oc=5,0.2263,positive
2026-07-20,2026-07-20,JNJ,"Valley Wealth Managers Inc. Sells 23,789 Shares of Johnson & Johnson $JNJ - MarketBeat",MarketBeat,https://news.google.com/rss/articles/CBMiyAFBVV95cUxOdWJJYmVMWWRqSEN0TkRkaWdrTUw2THl5QXV5cTZreXA3RFNtaE5NcWNReFdwU0hyZjV5dnQyVml4WUdGZ3pxcC1oMXU1NEJIZmJCVWF3Q3JVQk5IVzdHNEtQcXB0ZWE4Q0RGbExnVVhSRF9OWndfWUM4Qll4ZUpmZzlZcjdnUm1Sa1pZTFFGVmgya01jM1cxaTFzcl9kbHRsZW1mLWpYUzBHMTI0bHBPNl9qazVsckM5LTNUdG51ZWxKdW8wX2pJcw?oc=5,0.6597,positive
2026-07-20,2026-07-20,JNJ,"Dorsey Wright & Associates Buys 8,953 Shares of Johnson & Johnson $JNJ - MarketBeat",MarketBeat,https://news.google.com/rss/articles/CBMiwwFBVV95cUxOZ2Q3ZktSZE94NWZaQ2x1Q2lLNjI3amZKMXh4ZUM2LUR5dS1LYzM1YlJqb0tMczNIdlF1VlplNVFkcDhudU9udlU2dXktX0tLaV8tYjhsbVl6WnpjeFZiaVJIUEFGMlF3V3k2ZDRJa0p1SHpGM1JkVFhZZVdnTlhOdzFLV1hDNWwxXzdUdG0zWkdBa2pJYUFNOUJvUTdBQnQtdnBJWDVHWTNSRkJEWHZUTUxrMGdpR0NzVmpFRFpwcFUwTms?oc=5,0.296,positive
2026-07-20,2026-07-20,JNJ,Mediolanum International Funds Ltd Increases Stake in Johnson & Johnson $JNJ - MarketBeat,MarketBeat,https://news.google.com/rss/articles/CBMizwFBVV95cUxPTDBvSU1YLW9IMWFmY2FQSkMtOVRERjdKWVNkT1NKbDF1aGpvS2VSc0ZxOU9PNGNvWHotSEthQUVScEEyQnV1b2NpdVcwSE1Ib09hYk9ya2V0c1ZHd3pZa3ZPMkxPZy0yZ0RnMHg0VzA3ZDhJaDdTRm04eGxTSzlkZHBoOFRxZWtrYUJQOHNBazdGNld4VXdTVTk5a0VXNk00WTBDV3FRTFJ6WjVaY3c1bFhxSm5HM2ZfTUhuNkdJOW02M3VNM0ViU3FGX05yVlE?oc=5,0.0,neutral
2026-07-20,2026-07-20,JNJ,"AIA Group Ltd Acquires 40,831 Shares of Johnson & Johnson $JNJ - MarketBeat",MarketBeat,https://news.google.com/rss/articles/CBMiuwFBVV95cUxObmdfVHpySFFWT3VpY3pCVTFaNlhzQTBZUXk5d1VPdXhMNmtzVlRuVE5rVFR0WGZRcVlpNGRuWEVUR1pPYldBTHVOME85U29kMWtDVm8ybi0wTmFNTUlBM1paVjRQWGg5UmJNV2Q1akxhdi1NamdrSWh6VDlCNTN1b0lPR0Vuc3pXS2RkdkRMc2lzYXZyR2tjeHVmdUNRX1Nib1VydTg0dzBVaFdWX1FkZmJWVjk2UVFOZE84?oc=5,0.296,positive
2026-07-20,2026-07-20,JNJ,"Heartland Bank & Trust Co Purchases 6,381 Shares of Johnson & Johnson $JNJ - MarketBeat",MarketBeat,https://news.google.com/rss/articles/CBMiyAFBVV95cUxOTjZ4Z0RNcVNZTXBCREJYelNLQko2c1NaN1ZxM19YZW5GNFhlTktGclpmc3RfZzFRcjVXSW1aazBWX3NEREhLMHVuSFdCdFdqcjQ5MGVBSUFGUm9HakVjaGo2dHZzaUN4Z1M4WUh3SXpMbHlQQmNkaDJpNUVxcENFNDVCZ0dVa0tydG04dlJUWmpOR29Fbkhrd194eGdvcDdRWmdhSjFXaXhzc2FEVm1mYUlvbTNmUU1NcDNnVXhDa0ZTVUE0WXhCMw?oc=5,0.6705,positive
2026-07-20,2026-07-20,JNJ,California Public Employees Retirement System Has $1.47 Billion Stock Position in Johnson & Johnson $JNJ - MarketBeat,MarketBeat,https://news.google.com/rss/articles/CBMi8gFBVV95cUxQUHFYOU13VXpkMzg1RmNUcU9BeHpvWVBTbmtZM2VtRXpqOXB4OE1HYndVV2NWREFISVB0NV91X1o3QVZDdUE2UGVxUkhBd2ozX3p4ZWlkdFhBUm0wTWVibVRzUG9XZmREZ0o0QmZwNVZaYjFhMk5yOTVxRS00dWcxZzNmX1otU3BrMEJFVHlzb0NQRS1jcVhIVWhEOTRMUEIzRXpLOURoNlctVTVaWmNsOHhfbkF2a1hveDgzNW1rakxUYjEtV3RxZE82R18yUV9MNmdCS01KSkhWRk5nR21pMFFwWFdITks5Vlp0eUNJMG9HQQ?oc=5,0.0,neutral
2026-07-20,2026-07-20,JNJ,"Bartlett & CO. Wealth Management LLC Sells 11,088 Shares of Johnson & Johnson $JNJ - MarketBeat",MarketBeat,https://news.google.com/rss/articles/CBMi0gFBVV95cUxNbEg5ZE1tVTM4VWhnY1FWcWh5UnhpRVRTSGhmTXBRdzhXMjNZVXpwRGNYRVQyS1p4VXNvM1hDbHh4MlhVMGowakdIZ2tWTTB0a0tJMk9tRVNJVTlacTdnUFNZWjNQeGtPNXJPOHJaZlBVVjdvM2xZeXMxcXVCZlc3SGZ6dENoRmF0b3RuNW4zdVlsZ2ZtN3dObGhyM1BNT2VIOTBRcnN5R0dDY1NLakdQQmRZR1Nqa3BvejVVWW0yejhCbklfd2pHbDExVnFYNHdVdHc?oc=5,0.6597,positive
2026-07-20,2026-07-20,JNJ,Spartan Wealth Advisory Services LLC Invests $6.46 Million in Johnson & Johnson $JNJ - MarketBeat,MarketBeat,https://news.google.com/rss/articles/CBMi1wFBVV95cUxQNHVTRzlZUlAwNlFHRy14LWhhbVhmMk1fdnVjOHFMS2MxNmhkSEl1akxudTFPR1VTWlpMT3lmUWtKOHhCa0lZTVdJMWZKMTJPMy1BamNlMmktR1ItY04yb0dRRm9Fam9IMDRzTTl1U0VuMGhlR3hhcmIyR1Flb3RWUWV2enEtTEFOZHRXczhScU11dXpnYkh1N2NWMjlaOUhtRkJzNFE3Y0NycTVtRGpvbC1nYVdXSE1NX0JaYWEydlkwZmNfemJ5Q1Bvb1FkUld5MUxyLTdhUQ?oc=5,0.4939,positive
2026-07-20,2026-07-21,JNJ,Reading Between The Lines Of JNJ Stock’s Latest Call - Trefis,Trefis,https://news.google.com/rss/articles/CBMisAFBVV95cUxNbzd0STQ1ZW1PV0lhQkdITnFGME5HQnd6enRwRnlzVTJZX0dHNTRINXdGZ2szMmgza2JxRXVTdk9ZcnN1T2ZuZ2huRlFMYU92T0wxRjhpcWd4cjhYLVBKSnNIWjQwcmxIU2xFdWYxV1pnWWZKMnZwNkItLWhHNkRGU1VMcUhmRGJ6MG40cWdvNHBZNUhlUTZLTGtIb2ZEYmFrRGRSVXVHZjRBc2lPVXQxcA?oc=5,0.0,neutral
2026-07-20,2026-07-21,JNJ,Why Legend Biotech stock fell 10% despite record Carvykti sales - Fierce Pharma,Fierce Pharma,https://news.google.com/rss/articles/CBMinwFBVV95cUxQeVF0aDhHaFRTYmNIa0lERTU0OThfNE9CaFZPRVBvSHNJS2VsdXZZaGNscDVBbG5ZT25YR2t2aEVEYWJZWDltTDhqMHh3N0RKNlpHRjlVWXpzc1NOT25aam85LVpvQmdVQzNGaEZiMkNlWWdnUEp0ZG9vRlJWeDQ3dFhaNXFfX2wtSjV4X2sxV1NuWDJ5RWhYY09QT0k4YmM?oc=5,0.0,neutral
2026-07-20,2026-07-21,JNJ,"Should You Buy, Sell or Hold J&J's Stock Post a Robust Q2 Performance? - Yahoo Finance",Yahoo Finance,https://news.google.com/rss/articles/CBMiiwFBVV95cUxQMnRjcENJX3RIbkZ4ZE52UVBXTlB2Y3VRYUFmT0k5QUJ1ZVVkeHA2TWU0TUYyR2pRclhvaG1faFpBZTJVV3haN1FUUmNRM3FwTkFqMzh5RXhvalZOOE55dXZIeDJnZFAtdWdnZllqTjVtb21TZVRMTzFuT01xbGVCakZSWmNkY0JHYzQw?oc=5,0.34,positive
2026-07-20,2026-07-21,JNJ,"JOHNSON & JOHNSON SEC Filing (Jul 20, 2026) - Stock Titan",Stock Titan,https://news.google.com/rss/articles/CBMilgFBVV95cUxNcS1DQ0tWTjNKSEMxTlJiY3BTbDJRZDROMVpETUNTSE45cXI0MHpib2J2VmlFVTdicXJWY0JqR3JQYlVlTW9JWkVXdGhwTVhKZnVjVnl0LWkzYm9iOGQ0NXdmdEVLX2IxZngzQ1RJWVBNVlNfM09mRDl3eXBZckJQbHJTMDU1d1hFQm5zNmljQU5tbG05b2c?oc=5,0.0,neutral
2026-07-20,2026-07-22,JNJ,Johnson & Johnson (JNJ) Stock Analysis: A Healthcare Giant With A 6.68% Potential Upside - DirectorsTalk Interviews,DirectorsTalk Interviews,https://news.google.com/rss/articles/CBMizgFBVV95cUxON0lFOXpfY1RCMlozM2FwTTRqVkpWdDlaQkM5LTVxLU95cXRHQUpmb1dSU3FFZ25HWGt1c0Qya2ZOMVBxTGs2bWlNUXhRX1N6NmpqY2wyaDYwdzAydUNBclFPWC1pVVE1bmpxOW1QcVZTbXd5YWltYTdnZkxSVWNmaVIxaVJHZHBTZXY3aFI0ejhDWEZwcHNmVkN0b3hLSUI4cTFoVHV2Mk5JWGE2U3dDdHJLS3JTYVBySDBvRXYzTUVuMXl4ZmtfSHVoaVlVQQ?oc=5,0.0,neutral
2026-07-20,2026-08-03,JNJ,Reading Between The Lines Of JNJ Stock’s Latest Call - trefis.com,trefis.com,https://news.google.com/rss/articles/CBMisAFBVV95cUxNbzd0STQ1ZW1PV0lhQkdITnFGME5HQnd6enRwRnlzVTJZX0dHNTRINXdGZ2szMmgza2JxRXVTdk9ZcnN1T2ZuZ2huRlFMYU92T0wxRjhpcWd4cjhYLVBKSnNIWjQwcmxIU2xFdWYxV1pnWWZKMnZwNkItLWhHNkRGU1VMcUhmRGJ6MG40cWdvNHBZNUhlUTZLTGtIb2ZEYmFrRGRSVXVHZjRBc2lPVXQxcA?oc=5,0.0,neutral
2026-07-21,2026-07-21,JNJ,Johnson & Johnson $JNJ Shares Sold by KBC Group NV - MarketBeat,MarketBeat,https://news.google.com/rss/articles/CBMirAFBVV95cUxQVjlTU3FyWl9iamF6TjBRZXVQY1VyNTh5eGdtYnlpTDNrZUFSLW9tb3NiUExWSzZOQ1FyaHpOTURHYjRkY1dGWkVBV2NGNThEYkpFS3o4RWhTLTFHZnJQVDc5dVJuVGI0Mi1VLWlLcldCVUh2VmllSEx3TGhTbnlIQ3lILS1rcVFFOVV2SW03dWw4VVFqdWo2MVJ0UmhhaC15Qlp4RWttZGRIM2dP?oc=5,0.296,positive
2026-07-21,2026-07-21,JNJ,"Lobbying Update: $1,440,000 of JOHNSON & JOHNSON SERVICES INC lobbying was just disclosed - Quiver Quantitative",Quiver Quantitative,https://news.google.com/rss/articles/CBMizAFBVV95cUxOUHhLNTNrUE5zMjFEOVo0NU91UW1zOGVYQkVNTktWZEZybzZRNWNUSm8wUzM4c1dBcFFoeUlEdXhNWVJMLXFvZHo5aGQ4SFhoY2RLcHFZRDNIMTFYcXRtN0c4Y3J1dkVxVHRTZ3hQaEl6bXhrZXNTWWNRT1JrSkpLT25hUmx2Rm5JQ1NPWGNmMEJNam5pQzhkUmd1UUlMU0NIMFpteHp1SDV2WTNRRTNVZjBNbTY0VU05QWxmekZKNWtYVGx6T0JtY1IwX3A?oc=5,-0.1531,negative
2026-07-21,2026-07-21,JNJ,"Meeder Advisory Services Inc. Acquires 4,916 Shares of Johnson & Johnson $JNJ - MarketBeat",MarketBeat,https://news.google.com/rss/articles/CBMizgFBVV95cUxQcnE5ZFNhMnlfMFlJN2RtZW8xNlNiSFU1X0FtYUZkWG1ZQldwdjZPaFpkZFZlTjZBb3J4RUpFTjVZcDAzbXBEV1BYdFRmUndZamMxU211ak1HdVMwV0Q0ZUFSeVNqOHFjNVJHVFpFNjV3ZmJ1WE9DRTJoOC1vU3NQLTFtemplSXJ3QUZHOWwyRGUyenMzaGZBWFFoV1pzS0gwWW9CZGE4Z2JvWk5rNFhJWGdDQk42VUdhY0RzZDFyaXlvR1cyeC1DSVBPci12UQ?oc=5,0.296,positive
2026-07-21,2026-07-21,JNJ,Swiss National Bank Has $1.73 Billion Stock Holdings in Johnson & Johnson $JNJ - MarketBeat,MarketBeat,https://news.google.com/rss/articles/CBMizwFBVV95cUxPYzlOekJYa3VZSHRFRzgyQ2ljT3luZFQtVUkxRXVldE5xcy1pRDgwNnE2WDJmNnFob3pqdGpuc3BhQ0ZDWWZ3UldWNXEzU2xTOGFUNkEyUXFkalFMYWVSWW1OcG9WdkU5bmhPZlJYWF9LdXVXUHgyTGNYbUJhVnB6S0lrdEItcTNnM01wZkR4anRKMmc0U2tfdUptN0xVYkVGLUxsUWNEdURENXc0eWdqN0ZiRTcxRlFsV01FdVJhSzRxTm16d0p5alVXU3FPM2s?oc=5,0.0,neutral
2026-07-21,2026-07-21,JNJ,"Hollencrest Capital Management Purchases 8,921 Shares of Johnson & Johnson $JNJ - MarketBeat",MarketBeat,https://news.google.com/rss/articles/CBMi0gFBVV95cUxPT01yVU5VYVFVb0lEbW1wVTZSZVlNU3VfWkRBRk55VmZVY3RKbS05M3V3MmJVTXFiNzNWcG1iNEx3RVJrdVc1aEpaQ2pEbUt2b3ZUaW42WXFFeTRNcTFyQ3FFNHNWUTJFbkxpU1BLMHhTX0V1VU5lYjloMU1CT0xnY3pkV1pwZDJMUTg5aWxQa0k5U3gyN196UVVKbVA3VF9sQ2pCNGVzSkdZVFo0OXZiakJRcm55M3BtM0VXWk9KNjBid0lpbHc4cEJhWDRTeUVNYkE?oc=5,0.296,positive
2026-07-21,2026-07-21,JNJ,Momentum Wealth Planning LLC Acquires New Shares in Johnson & Johnson $JNJ - MarketBeat,MarketBeat,https://news.google.com/rss/articles/CBMizAFBVV95cUxQSkNaN2o5NE5jSVhxbUZVTTVoRE1oNnduUmtxRklhQlhaRGo4bTF4SlRhMkpzT1N6Y1l2eTZNM0tORklCeGlGQXMzVFBlY1gzc0lSMVFyRDNZdXc2N1k5cDdEZmNLSGhXazNuZGpBemtqT1dIMFNsRkhMX0tQcHN6U1F0dHNWWlFnTWs3MVdsUjl5b09PM2xLRGpZY1d4NGpSUXE1S3JuV0J4UzhraTlNU2pRby1MVmdsNmwzQl9WTTJPcVJzd3NkNE10Nm8?oc=5,0.6597,positive
2026-07-21,2026-07-21,JNJ,"Tandem Investment Advisors Inc. Sells 92,017 Shares of Johnson & Johnson $JNJ - MarketBeat",MarketBeat,https://news.google.com/rss/articles/CBMizgFBVV95cUxOaXp0bXY4SnA4V3JKTnJrVFF0cUxEX3ZlVGhKOHJicWNhcTlTNVh5R19jWGQ5cFVDRERwQzFMZnJZMmRUVEF2elM3WVgxUVQ5cXdLZlUxZWY5bGdjcWlLOUlJQ2NhRmt3SUtqNFBLMG9DYjlfV1hYSFVwYnFycmpaSG8xZTZvMnlRVXlCbW0tTkZrbjR4UkRvajNzLXFyNnlTWWJhMjFvRjJlaXFkUXhaNDZqOFhQU2dVNGZ0NUZSUnFJRUZMSmE2VDc2aFdzZw?oc=5,0.296,positive
2026-07-21,2026-07-21,JNJ,Dimensional Fund Advisors LP Trims Position in Johnson & Johnson $JNJ - MarketBeat,MarketBeat,https://news.google.com/rss/articles/CBMixgFBVV95cUxNUzh1NFFsYkRPb1ZhVGt4SjBhdWhrSDRDeXFRZnB4VHpWMXBtQU5oT1pMRlJsd2J0NEVoRDZFZE1mLXVISzlEYkd2MnZBN2xUMmNCRjZsa3lpRm1yb3BWbThTeExrZ3hhX2h6RnlTX2VabFNSWUZwTEtRdzA3MWZSaFE4NUQxcFUyQVZnWkR2YjE4T0xDVU5YR0JrcENBSDRDRE1HempMaXZyNjBUbW4yRHp6YUhxcHAtc25UMFV4dTVCLTlJa1E?oc=5,0.0,neutral
2026-07-21,2026-07-22,JNJ,Johnson & Johnson (JNJ) Stock Looks Fairly Valued With Cash Flow Upside - simplywall.st,simplywall.st,https://news.google.com/rss/articles/CBMi5AFBVV95cUxNc1J2dk1HdVNvb3Jfa3hlRDNIS2Z3TlZxZklCNWFrbTJ5dUFGblFzYUd4allTeDBISmoxWUNKd2ZRU3VuWk9DRkhWQmQ3dkxlOFJZdEhqbzZ6WU80Z2JxcE5DTVpLV1JpTFppSk1qd0dpaXplanF3NENxaUVpdXU3LXdjQXYtcnhaWFdwNXd3VWNrb1RUWkpKZE5rakFzc3JZRk00ZW85YVJLTzQ4NUJIcWdFU3JhVUJIZU1remFZSm9zLXpUdXRDUDFPVXVrTmV6dklic2tsTkNaSy1UZ3EyWURkZzfSAeQBQVVfeXFMTXNSdnZNR3VTb29yX2t4ZUQzSEtmd05WcWZJQjVha20yeXVBRm5Rc2FHeGpZU3gwSEpqMVlDSndmUVN1blpPQ0ZIVkJkN3ZMZThSWXRIam82ellPNGdicXBOQ01aS1dSaUxaaUpNandHaWl6ZWpxdzRDcWlFaXV1Ny13Y0F2LXJ4WlhXcDV3d1Vja29UVFpKSmROa2pBc3NyWUZNNGVvOWFSS080ODVCSHFnRVNyYVVCSGVNa3phWUpvcy16VHV0Q1AxT1V1a05lenZJYnNrbE5DWkstVGdxMllEZGc3?oc=5,0.4404,positive
2026-07-21,2026-07-22,JNJ,Johnson & Johnson(JNJ.US) Officer Sells US$5.79 Million in Common Stock - Moomoo,Moomoo,https://news.google.com/rss/articles/CBMinAFBVV95cUxQNXZBeUp0bWtYUnNJd1k4ME1fQ2NTaUgxMzBsdWZPWXl6MlFWWTdUQ3E1Wi1WeUs4MTRXVGEyQWhDLVBlQkxZVjd6eFNMd3lvMGYwUzBabi1SOEpCTVV0TU9pdVlsbUJCU01EWHFtYUE5aUUxWTBUaGo5TGYxeHphcWMtRndXcXVLRVJ2emh4QWg2eEVrbV9FNUplc0g?oc=5,0.0,neutral
2026-07-22,2026-07-22,JNJ,J&J’s OTTAVA system occupies 30–50% less operating-room space - Stock Titan,Stock Titan,https://news.google.com/rss/articles/CBMivwFBVV95cUxOb0pUQWMwYWpxUkZhV0p2Z0k4VER0c3NoUGwyaXRmSTNFOUNhRE56MElOS1FiZEZKMHlYNDV2OUlEMXl5WUF0amdWZmlJYXh3Z2NUMW5TUWFjQ3pKN201MGR3MmRMb0xuMnNqWGhSNHpJbGdqeXBrTzk5UUxYNjZLYUc1c25najNVSVUxVnhiclIxY0ZTX3ZpX05WQVZTQXlLRDNzdzNlQlk4V0xZWVkta3UxTzZzWTNJS21QQVRBVQ?oc=5,0.0,neutral
2026-07-22,2026-07-22,JNJ,Johnson & Johnson $JNJ Shares Sold by Puzo Michael J - MarketBeat,MarketBeat,https://news.google.com/rss/articles/CBMirwFBVV95cUxOUFpEVy1VcFhieGVVdDFQdzlKU1JVX3NDTWFjdmd3enY4VzFvelpWSDhtZVp1cEMyc2Z0eWRsWV9mTlFicFJQWmktS0c2eWhvRjAtSkpodVVNMW1LOFNmZlRYV0xhak9lcVVWNXNVQlZTNWVsY2FBZGRDYzdVeGNkVWViRVhLTmZlSHAyTl8td0F0N0M5MjlMNk9zVUt6VTk0QlduWnBFLS1BSzZGVkhN?oc=5,0.296,positive
2026-07-22,2026-07-22,JNJ,Johnson & Johnson $JNJ Shares Sold by Madison Asset Management LLC - MarketBeat,MarketBeat,https://news.google.com/rss/articles/CBMiwgFBVV95cUxQNDdkQk8zMlRWMnJKWGY1dUFkX3NsaGdMVHVCUGItRWhMQjl5MkI3VlRJY0VWWUZraF9yTnZxYWZWT1VwM2xmQ2tTXzJVMVBWYjFFOThndDRkNFJGSDBXeEVzU0NkREZaU0JfQ0pvVmp4NU1rNTZXMV9WQ1pvNmF6ZUN6VklmMFJLM2ZFLTEwZHVnLWU5eF9teUVzTkhmMTQtOWRickl6clhkRWVCRjAwZkhzX3UyU2hSM24xTkM1S3dxZw?oc=5,0.5719,positive
2026-07-22,2026-07-22,JNJ,"Johnson & Johnson (JNJ) Raised Its Dividend, Where Does Fair Value Sit? - Yahoo Finance",Yahoo Finance,https://news.google.com/rss/articles/CBMiogFBVV95cUxOUWNLak4zd2JRRFNsbktLeXhxcUZVNXNBMTZNbm5IVlhnY1o0bklZdVJHWW0yNkV5bWlnRm54eEdpd2pqeGlNZGQ2bEFkdm5mOWlScWlEOEx1dVlRVGJhYi1vQ0FpRUN3WWNMUUpwdF9ITjdHd1N4bXE2WjlOTWlWTE1NTEFPOXFFWlYzckRrZUpWOVJIV0dqalc1X25ma0tSRlE?oc=5,0.5719,positive
2026-07-22,2026-07-22,JNJ,"Florida Financial Advisors LLC Acquires 17,034 Shares of Johnson & Johnson $JNJ - MarketBeat",MarketBeat,https://news.google.com/rss/articles/CBMi0gFBVV95cUxPVjJHOEJGWnJKeE4zS1Q0U1hNQ0hEVGpHMVR3cWxza2k2UDY2UTZYeXduMDRpek1LY056ZjY4YzdEZDdVaDdpNU11c29WZ1NyXzhlZXZrY29xVENvRVFwaUhrY1BpVmxEQklvV1g5QnlPQW43dGs4dWU3WHQ0NUpvT2c1Z3Y2U2NDTWJGbjdHc1h6V04wYl9JQjZkMXBsODBfNGZnRDJXY2VJNkxPeXZkRFRuRmhIRFA0R1lxcm1NRUhHTm4wS1BNLXpSbDRsMXJxc1E?oc=5,0.296,positive
2026-07-22,2026-07-22,JNJ,Convergence Investment Partners LLC Has $3.98 Million Stock Position in Johnson & Johnson $JNJ - MarketBeat,MarketBeat,https://news.google.com/rss/articles/CBMi5AFBVV95cUxPR1o5dnJ0aldCSG1xWUUzU2lnQ2xyS0M0YU92YWVhQmFsS2VNdUI3RnpHNVJSS2ZIZEI4Q1BxLXM0V0gwOWZYZE9GYlNTMXpvT3Q2S0IzVFRsckZhU2NZZFpacVlBWVNWWjFfYjBrNktTcktWU0NzanFMOWJCZDZqUFgwZU5ESU9VVDRRaHlZVjAwVDJ5aUtIV28yYkFsSndGT1R5MkxaUnFIb2Q4YmgydHNkMnhkWGtQWmpudlU3cHlzaURNLVhYRlVRTFVOSjUxRmVqTFZWbF9maWhWTVM2bnhFRGU?oc=5,0.0,neutral
2026-07-22,2026-07-22,JNJ,"Andra AP fonden Buys 55,772 Shares of Johnson & Johnson $JNJ - MarketBeat",MarketBeat,https://news.google.com/rss/articles/CBMiuAFBVV95cUxNRjVUQVRLZlltT0FOTk51dFlkY1lrb3lrbV9yQ1NSVDhXbmJxMzNZRU1MaGNoMzZ5UjlsQkllYmVoZmJvQWpKNFlkX1RzV2U5YklnV0tUckxFMGZOUGVBWl8zR0FtR0lXM2xMUzlJTTlLT2xTbGZsMzh3S3FQT3RVdUdwWUEwNmtqRTZOcy03SC1BaXpGT1d3TVlXYnRrbnNBZy1yVGR4ZFpzb29LZWlkang1Z3JwVDEw?oc=5,0.296,positive
2026-07-22,2026-07-22,JNJ,Johnson & Johnson $JNJ Position Lowered by Commerzbank Aktiengesellschaft FI - MarketBeat,MarketBeat,https://news.google.com/rss/articles/CBMizwFBVV95cUxPNjVJd0I0WXM4clFzQmlOQ0dPZmtEMjd6a09XM1pTbmhUSEdZRE1relNGaXhnRG1WX3RtSG5DaDNjNGJQQzVNRy1FQnRVOUVFNGc2bDRYcHdaUWdXbXhxZ1cxNGUxeU83NnpDbWJya1JuSzh3MHlaUjJ0TktGUzJ5cENTWmRoc19uS1BJbWc3ejVmRzZ4cFBqWV9ONGtfTjlzYURaam5mamRLSDFxRHFXMkpoa1VSTms2Tk41MzBXSVhCaTNsTGdyVDlpRzJsR28?oc=5,-0.128,negative
2026-07-22,2026-07-22,JNJ,DJE Kapital AG Has $182.70 Million Holdings in Johnson & Johnson $JNJ - MarketBeat,MarketBeat,https://news.google.com/rss/articles/CBMiwwFBVV95cUxQa3JpdE1ZYkFMZUtPMEVDc1JzenZZM3Z2SUhMSTBLZ0h3N0ExaU9lbWRsUHNUbmMtQXpIdTJucjdhRXJDUjdVSDcySHZpTk94WDZVWTM1eng3dHd0cU1raVJqdF9yaF93LUNLd3ZlMElIOHU2X2dfbEZRN3dDdWt0dmlYa0UwNkd1eWNXWXY4RElTQ0dTRmcwQl81bG9lT1Vha25US0dPNUtNdUowWlU3OFVkSXp1MEVfUmxzM3FWeFhpMXc?oc=5,0.0,neutral
2026-07-22,2026-07-23,JNJ,Johnson & Johnson Stock: Q2 2026 Financials Deep Dive - TIKR.com,TIKR.com,https://news.google.com/rss/articles/CBMiggFBVV95cUxQMzc5RFJQTzkxc1Z2QjdFLW1tSUJRaE5NMndka0tFMDhjWlZwT0dXQl95dXFBXzF3TTJjYjJvbU1HcGJkdW9PRWtPb1RPVEZ2elRleXA5U2hDYXFsS216OU9mdkZZdFNLaXo3OVo2eE81NUZVdDhGSWRWSElsTWhPSG93?oc=5,0.0,neutral
2026-07-22,2026-07-23,JNJ,Johnson & Johnson (JNJ) is Attracting Investor Attention: Here is What You Should Know - Yahoo Finance,Yahoo Finance,https://news.google.com/rss/articles/CBMipwFBVV95cUxQREF1STJxYUdidUxBM3pXMFJ6azR4REVwUjVqR19ybUEzSUZ1Wk55bUZpLTgwal91QVo1OTRpUS1VMlZmSXRxeGtULXJkekstZFRLb3ZmLXlyY3R1QnFKN2dIdXU2cXFWVjU3MVhHOUFNNk5FZXJlRGtvbGNMWEJmdWN4dHc1T0FHRzFxLTF5NGdGWW9hcWdfaEl2U1BCQXRIbU1RcGlVYw?oc=5,0.4767,positive
2026-07-22,2026-07-23,JNJ,Johnson & Johnson (NYSE:JNJ) Shares Up 2% - Here's Why - MarketBeat,MarketBeat,https://news.google.com/rss/articles/CBMioAFBVV95cUxPMGwzYldzQ0lzX1J2X2tNUE50TlBjZEtldVdPbW5sdmxpRmgyVmFTbHF4WTg0amFxZGNWZlBDWVBVWW9leXRkOTI2aUhuOXJncW9uZDlSNUR5NkJlaXpiU2xGQ3JtTmdxWTNpTU11S0xwN1A3SkNySFVBYTlDWktlMnNBejVEN3ZWLUEyRlExY1RaeWFwcTdIcUhzanN3Y2lD?oc=5,0.296,positive
2026-07-22,2026-07-23,JNJ,Johnson & Johnson (JNJ) Enters U.S. Robotic Surgery With FDA Cleared OTTAVA - simplywall.st,simplywall.st,https://news.google.com/rss/articles/CBMi3wFBVV95cUxQazVYV0M2SEVZMHk1UGtuMFVTUjlrSEk0N1VHamlrWWdGOGF1NDlHNzE5X0VfZ21PcEdfYUw3ejg2NUNVNFQ5cDJmQ1RFQUVTU3ExR0lrT21jcUlpbUZlNklQYzZKX1llRzZadmotcWtYYk5rUFk5bFBleHpKcTQ2dW1YdGFoQnJpYmdmM1BIQlM1SFltd1BCU3NQaU1heTBSTXBSS0cyZVlZZWM3ZjZBWl9oOEVuWEVBZEwwTnRRRkpiZW41VnpiMEVQNGVJOHh2UHZlZnRYaUJkSFBScnI40gHkAUFVX3lxTFBVU2VmSmZCcnNjUlIwekdESzc3NTk2RUo5dWt6RUhLejFobXpBVUZlZjV6S3NhdnZ4b01LYVQzZFk0RDMxNDVaQS1td1p0QWFNWURqcV9GV1lubl9ZSmdZNHh4Qk10SFdxRlptVzBuMDh4d0ZpNUYtOEx0TklGMWhkcDUyRTNIb3lReVVmRnJVRE55MVA3ZG4zQWNFOGd0MEVScHdudmRWZHpjUUpjczRyR3JTaW1ubGJUVW9RLWZrRXlzMEFDYkdkNkNrYTZEZ19qbjVoZ096ZmdLbXhiMlZWUUJySA?oc=5,0.1027,positive
2026-07-22,2026-07-27,JNJ,J&J enters US robotic surgery market after device gets marketing authorization - Reuters,Reuters,https://news.google.com/rss/articles/CBMi4AFBVV95cUxQVVpjMUw4VHZSOHZQSHRIUDZBTmk0REsydlNkZ2p0QWtBMVNBajY0Vl9fRGFvVUZPaEF4elVXNm9kb2pNdlB6UElma0tkZDZpVEdtLUZUUnRYa0Y3enYwVEN4cHMzZ0pzTllrZGtqRHRkRkVscjBENDVtVnNlZFRWMUNFU245U1ZvT2djWXd1VWEwWHhBbUhlLTRNVHhfclh0NExWWXVRWmh6RW04MlNMYWtqR1VGZnBWbExsQjRGZnc5bng2by1uZlQ3OHJXbkNzV01QZzVQa25DVXB2Nzlhcw?oc=5,0.0,neutral
2026-07-22,2026-08-04,JNJ,"J&J gets a big win on its new robotic surgical system — plus, a flood of earnings - CNBC",CNBC,https://news.google.com/rss/articles/CBMitAFBVV95cUxNSlhMRmYzaHRvQlNkMmFCVEJRMkR1ZFdlaF9oTFBDZk92OEdjLUpQd1Nlc29wY200Q0k3ZWlBQU5sMDBhQWJRNnA3c3dTcmEyU3FBWHR5alhLbHJhNEFJWGRWZ213LWsxQVFrNFhhcV90MFBxR1p6QVJyWUN6N1RHV0ZkYlA1RjlaZmsxV2V6ekx1c0NweTJXUGN6RWRnakpPX19OM1hYbXJ0aW5fZ3JtUXhuSjE?oc=5,0.5859,positive
2026-07-23,2026-07-23,JNJ,Johnson & Johnson (NYSE:JNJ) Is a Top Dividend Quality Stock for Reliable Income - ChartMill,ChartMill,https://news.google.com/rss/articles/CBMixAFBVV95cUxNU1BXdFdKYURFX3NMSUtxTk9Vb3A3WDVtVElJalFsakFrQzBwZHBNVy15b0tmQ3JQOFZScll4ZFVGUHptZkRaSTk5MjBsQlJUT1RwN0NWVV9qVHdiRTNtMkZFM2VTZTVidkNBeFBRRlE1cmJHT2JWNDNhQTBqMm9JZHEwUzd5SWNZVDF5WC1kZUhoaGc1bjFkZW03TUlOTzFLRXFRM040UjZ4MnA5aHM3M3N6T012OGNXdnBnLTRKY1kxMnhf?oc=5,0.2023,positive
2026-07-23,2026-07-23,JNJ,"NewEdge Wealth LLC Sells 5,682 Shares of Johnson & Johnson $JNJ - MarketBeat",MarketBeat,https://news.google.com/rss/articles/CBMivAFBVV95cUxPTHZ2RmdqazVldFFhYjEtMS04VFNKaW9LTEphNFBBTE1fNHJXRC1OOUFaR2E2RFoxdHkycUk3a1lBSFRaM1ljRjBPVVkxMEN5OWlaV2loWmpmV0l4TDZNc0Y4NldTLWFvSnhZZ0F4dWFwM0prdWFUWjhCUDJsemFCRndiS05pc19iN1ZaZWtTSEVQeHpWLXE1cUU2MW1Ib0FwOEdOVURWSVFWSmtfNVBpTTFkNXJrMTNOQTFfdg?oc=5,0.6597,positive
2026-07-23,2026-07-23,JNJ,"CI Investments Inc. Buys 144,553 Shares of Johnson & Johnson $JNJ - MarketBeat",MarketBeat,https://news.google.com/rss/articles/CBMivgFBVV95cUxQckZDWk4xVU1icG9SRGtHVkJiTkszQ1JpdTFnN2N3SC1WejEyV0V1MUJZRlkxR2YwVFd5bDFDbUdPTEctOUVMbDZUZDc5VjVfRkFVY3ZIZ1NPMVNMR3hhNWVMS2I1ampFWjJJd0tQaWNLeVVJSGFZVl9PbjZkUzFteXVIMmRIb2xWZTh6UnBWVGNMbW1OUF92UzRIVmZJNlZ0R3lZNWdNdW4xMHBNRlE3cTZZZHVsRTZMcXZURHNR?oc=5,0.296,positive
2026-07-23,2026-07-23,JNJ,Johnson & Johnson $JNJ Stake Lessened by PNC Financial Services Group Inc. - MarketBeat,MarketBeat,https://news.google.com/rss/articles/CBMiywFBVV95cUxQMlE2cWRsLXRLMmc4OXJiZ0JvVmRHRTR0UUEyelBfczd6NUtfTlZSclAtSXpPUDMyd0lLbmF0QnhMSHB3dFMzbXplZG1IZTlmd3M4U0ktZnpYQ2xBal9OS1QwNXZuemJkNTdlODE2RXJuTk16cDBockM4ZzhpbXR3SHQ4RnFvM1ZNNWh3WkFmcVpTczhkT29NVklUVk1kaXR4SWhOaFNkaThyTjhZa0dTNmoxUkJBZ3Y3WVhtMmpvZUR2WTRrSWYtN0U5MA?oc=5,0.0,neutral
2026-07-23,2026-07-23,JNJ,Westpac Banking Corp Grows Position in Johnson & Johnson $JNJ - MarketBeat,MarketBeat,https://news.google.com/rss/articles/CBMiuwFBVV95cUxNdWlpYVVEd0pHZWVfalEyOVQ1VS1IZHdpeU8wS0JjVzdqS19VUndDOUh2SHJ2OHU5Yl9pTGEwZEJnbVpzMlZvUF9xRUZ3NzR4WWtwNE5EWmdIdURIZ3N1Y0UzMGdGZy01TlVOWGc1azlZZ0ZkQ25tRVljTU1va1p4YUNmU1JNMG1sMWZHLUE5RDh2akRsbkxCSk0waVd3QmpCQzVXNFhBVkNsS1I3QjBQYzN0eWdKY0d6ZHVN?oc=5,0.0,neutral
2026-07-23,2026-07-23,JNJ,"Arvest Bank Trust Division Sells 15,867 Shares of Johnson & Johnson $JNJ - MarketBeat",MarketBeat,https://news.google.com/rss/articles/CBMiyAFBVV95cUxQaklLWjZMV3ZldnotN3poQ0tHbThnYnljaG94cDFxS0V2RnVQNHZiclluSVp0Vi1QWkF2QzBmSUFWRFJGbHVHNG1meHR3NEk0SF9seDl4SHd6LTItOXpFMG5WV2VLQ2RpWlJUOG51WDBRdGFnZHJqWHRhYWlMdmZGUHBSY2wyMVpkbFQ4VlFZMDI0am9ENUxLWUdWRWNmdHNBblp5ZDloc2NrRWFwdU5aSkhGNE9iQjZqX09JNzdYOE5IampJVm1tUQ?oc=5,0.6705,positive
2026-07-23,2026-07-23,JNJ,Aureus Asset Management LLC Decreases Stock Holdings in Johnson & Johnson $JNJ - MarketBeat,MarketBeat,https://news.google.com/rss/articles/CBMi0gFBVV95cUxOQmF5QU1QTTQ1REoxOTlMOVU1N09XTWRzZ1MwWnVRVWd2R3pFOTZCWG9KLTk3R0hxYnhUM19nbUNTM1RTczN3Z0VZZUhYVEFFQmZuOFVsdGZMVDEwUGp5M0VFVUZJSl9FbjViUU9heFdGTEJLd3ZTRm5BRWJ0ejd1Y2Z5UThjNUE0VTJ1V09YMUdKb2RNbnNfbWItMEtwdzFsdHhuLXk2dFVVaG9sV3RQM1RUUUdyRnBYZjBCcDhJTE0tN1NDbTQ0RUdGUmJPckU4V2c?oc=5,0.3612,positive
2026-07-23,2026-07-23,JNJ,Danica Pension Livsforsikringsaktieselskab Invests $42.40 Million in Johnson & Johnson $JNJ - MarketBeat,MarketBeat,https://news.google.com/rss/articles/CBMi4AFBVV95cUxPaFM0dFlHVzU4eGo3N1FKX0NRdWJVRXdSTjY3ODRNN2lzTUZ0UmR6U0ZLcHA4RWIxWXVZOVh2YXJ2ekxKaHlXcUdUN0hkVUY5M0JuMmdRYzk0MXRudHkwRk9iVzQydW11WnY0cEZNNGxxemo0YzlwVk0wS3pOcHA5WTdNLVNnYVhHR2Q3WGZLNUk4TDRUS0FKR1JEVnMtcTFmTUxBYjN5Rk82czVXdjRZOXFKNmE1RVRIQW5OY2o4ckU2cEZpZi1MbGwwMG13VGxnSGUtSHI0Nzg4VGxYMnN5Nw?oc=5,0.0,neutral
2026-07-23,2026-07-23,JNJ,Johnson & Johnson $JNJ Position Increased by ABN Amro Investment Solutions - MarketBeat,MarketBeat,https://news.google.com/rss/articles/CBMizAFBVV95cUxNWW5JTTd4Z0hLVGtjT2F4Wlh6Y0tjMWNEVU1wVHNUREp1eVFCNkw0czJoLVdpeTBESnBESVJNNms5aHBWcUpWc2VFVnQteDIxSktWREhqcThPRmQwZXJqOXJtN3c0cEN3TVY3RmtPMUVlSGlUU2VFR0dzc1Nwb0UybWExUDExd2R0b3lVdTNxMjREcjl6endBR09VZ09icjA3eEduY2JPQXkwcFdqeFJ4ZGxtVnJCd25CX1hPc0c1RHVtSmU4Qnc0eXoza2g?oc=5,0.4215,positive
2026-07-23,2026-07-23,JNJ,"Acumen Wealth Advisors LLC Sells 4,621 Shares of Johnson & Johnson $JNJ - MarketBeat",MarketBeat,https://news.google.com/rss/articles/CBMixwFBVV95cUxOYm5LbXVEM294MzFTWklMYTkzMmtfUmQwRXkwRXlLMUVNc043YW5UMUljTmtWUGkzdlFHUkk4OVNkMGNyMVdsQTdrX3ZsUGMwd19rdGNNUmd4WVBTY05hTU82b2JEaENCMXc1aldfaGUtZTVoaG9OT1NRMjNycWZCd2ozT1BRZHM2ZzAtdl9zUmJtNXlOSWcwTXd5MHBic1RMbUc2QUJFRjE3N2s0ZjlvMzhLdGJCVTBHWC1aXzd0ZjFzYmc1Zkkw?oc=5,0.6597,positive
2026-07-23,2026-07-24,JNJ,J&J Finally Has a Rival to da Vinci. 1 Number in Intuitive Surgical’s Last Quarter Says It Won’t Be Enough to Move the Needle for JNJ Stock. - Yahoo Finance,Yahoo Finance,https://news.google.com/rss/articles/CBMiiAFBVV95cUxOcHZtaHYyZTF1dVhZbWNWaElZd2hiY2xNRmVpN1pveUJ4SXFiMHQxdjk5WlZReXQ3bXNzeVVkUjA0Z3p2c2NuSlAyVUVDemNBbFlKRWJLWGdhYklSU1M2VHhBZmhlUkZhOGFoYS02LW9DMHNOcHlRbmRzM3NNS1JaeldVTEU2VDRD?oc=5,0.0772,positive
2026-07-23,2026-07-24,JNJ,Johnson & Johnson (NYSE:JNJ) Stock Price Up 1.5% - Time to Buy? - MarketBeat,MarketBeat,https://news.google.com/rss/articles/CBMiqwFBVV95cUxPbkxsS2MtWjBmdHlSbGtTWWt2V2EtMm5ZSGtTVTYtb1pJd19heXJqSjMzTW9yanprd1JBWjl3cThWaXQzZ1hHdEJuM1ZiMUJ3NHdiQ2pwSE1xMWtDQ0JzYmVCOGhYOU1saE15ZlBSeEtGOVFpVzFVNnRRYTZwbEcyR2FJV1lXdmJ4aW9GUTlEbmN5WUNpV1R2dksyWXZDRG92ckJEVHExWUQ5eTQ?oc=5,0.0,neutral
2026-07-23,2026-08-04,JNJ,J&J Finally Has a Rival to da Vinci. 1 Number in Intuitive Surgical’s Last Quarter Says It Won’t Be Enough to Move the Needle for JNJ Stock. - Barchart.com,Barchart.com,https://news.google.com/rss/articles/CBMijAJBVV95cUxNMWxSWVE2eXd3R1hNWHBRc04tSHVVTGNXcVBOaWU3UWVGX1BjM1R5M2czRWNyTzNPTDBHMmVueTF6NWdoZEJHNHVJSkxKOV82YWs1SDBUdW5BNGZXbzNPdTdKYUtBWnFqeF9YUWlJUkVLUk1ySU5WNFMta0VNdktRWE5jdGZtbEJQbjl0WVRkdTVwRmV2VUNKNFhfblFHYmd2RGptWHdVeWZFZFh4MnlYT29zclZWc1dsaGpvdGFzdzVKZFF1aXNOcHV6LXBNb0tEbGhpNjVZbTYzWmhtX3ZoSjN0RVNsYnN5R2VobjllQUVHems1MXhFamZkVHVoZmIwcDZIN1JUeUdlYmR1?oc=5,0.0772,positive
2026-07-23,2026-08-05,JNJ,J&J Finally Has a Rival to da Vinci. 1 Number in Intuitive Surgical’s Last Quarter Says It Won’t Be Enough to Move the Needle for JNJ Stock. - barchart.com,barchart.com,https://news.google.com/rss/articles/CBMijAJBVV95cUxNMWxSWVE2eXd3R1hNWHBRc04tSHVVTGNXcVBOaWU3UWVGX1BjM1R5M2czRWNyTzNPTDBHMmVueTF6NWdoZEJHNHVJSkxKOV82YWs1SDBUdW5BNGZXbzNPdTdKYUtBWnFqeF9YUWlJUkVLUk1ySU5WNFMta0VNdktRWE5jdGZtbEJQbjl0WVRkdTVwRmV2VUNKNFhfblFHYmd2RGptWHdVeWZFZFh4MnlYT29zclZWc1dsaGpvdGFzdzVKZFF1aXNOcHV6LXBNb0tEbGhpNjVZbTYzWmhtX3ZoSjN0RVNsYnN5R2VobjllQUVHems1MXhFamZkVHVoZmIwcDZIN1JUeUdlYmR1?oc=5,0.0772,positive
2026-07-24,2026-07-24,JNJ,Johnson & Johnson $JNJ Shares Purchased by Sei Investments Co. - MarketBeat,MarketBeat,https://news.google.com/rss/articles/CBMiuwFBVV95cUxPeXlmMjZOM1ZNSWVrdXBhbmowbThQYXdPWnR3UlNTR1lUa3VEbVZWa1Z0cVpGT1FITjlzSU1pUmxuOGpwejVsS25rMTlLdTZRRkt4ODNfcUFkdDJjNFpCM2lEc0xWWGE0TlZMX2ROZ05JU09ZNkYtaXhUVDNWYnJvVzk1Uk1BT095M2c1TWpzVjZCVjA1VFRlck9CLW9aM0dVQmpydWRoVWpxT0dhQVBTV2tWZHE4cmdmQnZ3?oc=5,0.296,positive
2026-07-24,2026-07-24,JNJ,Johnson & Johnson (JNJ) Could Be 33% Below Fair Value Following OTTAVA FDA Clearance - simplywall.st,simplywall.st,https://news.google.com/rss/articles/CBMi3wFBVV95cUxNSndwazRyQUtCblRYUm5hcm1rem92c3gteDJwV1R0Y0tPbWRsUF9aVldqNFlSdWN5R1YzejBob2ZCVS0wZ3pZOHFUeUVCVWFzdGlfYWhrbFV0QnlERDdYTXgxMW1GbHVZMFdoQ21hNGRmend1azQ5TEhBbVl6aW1QZUZkQkNMMXZ6STNIamRrTnRpOTZKY3lycEp4MC1tcWlPR3JTZTNPbTQ0RVhhWW9rck5oRFpKZ0ppSHhnc2p1QVhCUGVhVTFHNnFmb1lEZjZHbGVCTVpuTWZPYnFhcE9Z0gHkAUFVX3lxTFBNQnlCOXRNYURRTGRseS00N2JtVFBJSHF5Z0gxdXVPZDNlUXNnTVlfOW1fUjVuNHhPbDFUdEdnOTJUNUxxUHlwb00xa1RSS3NlcEVyMlVjbnFmZVRhT1VHNXRnYy1xT09pZ2k0R3VVeHlESzdCV0hDYlpkZHZOcUNZQ0h6QnBfU2VRdEFpbDhnZjV2TVFqRUJwcUloTUYwM3NIY3BDeHd4ZmNkNjd6Y2VmMXpxdHgyZmR0RF9hX1Azd1lpMGxmZm1ET1FtV2Fzei1pTl9BMm1SemJRQnQ2dzdxNEw0OQ?oc=5,0.5719,positive
2026-07-24,2026-07-24,JNJ,"Analysts Offer Insights on Healthcare Companies: Johnson & Johnson (JNJ), Helus Pharma (HELP) and Nektar Therapeutics (NKTR) - The Globe and Mail",The Globe and Mail,https://news.google.com/rss/articles/CBMipwJBVV95cUxPWEZhR3BpUTJoZUY1a1NfYVB1bzFycnJ4XzZpcHU5RWEzaTJvUlNhZDhVWU16ZVJnam1VdUVzeDdseU0xZUxoQWJvWjBZM0t3aWw0LUF0TGpWdjB5bk93OW02VnZoWHNYZHJjS3c3Y28tUndsVk5aWEZsVGRENUU4bnRxMnJtbFpKVng4aFp6VGs2aHBDSl9mTDVJVlBPN2JpWkRKY2dtR2taUDhaQW5MN0JNNFBpWmdoQjQ0R25UNnZHbXVhMzlzdU5ScWFQY0NPdENpOWlrLTloOXNDUWduLUhSZHZodHNrbkhwZjd1ZUg1ekFZM2dyM2R2UDV6bVA0dVJiU1BobU5oaE5iRGphaWRPTlJSRkpabUhsZ29ORWFxTU5adzRz?oc=5,0.5319,positive
2026-07-24,2026-07-24,JNJ,Johnson & Johnson $JNJ Shares Purchased by Orleans Capital Management Corp LA - MarketBeat,MarketBeat,https://news.google.com/rss/articles/CBMi0AFBVV95cUxQZnlQUEZxVkwxWlZ3bFNGaFc3WE1QX2RkN2JBMzB6a3ZqMi02TjVqUUNhZEN2Z0F3N2hwUkl0YUVHanBnXzEzTThIVWJvcnpMUXM2bGg1c0F5T3c4bGpJaWsycHJhRHVkN2hDMkx4N1d3ZkVseDhhUzhsTHcwWTQzcDVIR3NMbjcwYWxTVV84X3o3Ykd6cDhkdDZxMEVBeXFFOEhnaXl1LUlnQ2d1MzE5SHpIU2p0TWFaQ2NHbDdkbVFKQWRsN1JPUHFWc3loNWJ4?oc=5,0.296,positive
2026-07-24,2026-07-24,JNJ,Clarkston Capital Partners LLC Decreases Stock Position in Johnson & Johnson $JNJ - MarketBeat,MarketBeat,https://news.google.com/rss/articles/CBMi1gFBVV95cUxOenVuX0p5SDdrcC1id3dpakZrWE1kUnZzNDNENkFJeXZvQlRWM3VoaTRhWHRpRlFaVEZiMmhVLU5CZjFlcmdxS1REUEkwQnZKTU5UdGR6dFNIYk8tWWwxQ2NiN1hUVUlHVlNtb01tQXNxSmZfaDQxbk45M2xRODFJVWl0MzY2SWZFV3VROS1TSGlPQnZvQ1BPLU1hYkRwejN1NjhRVm8wck1WQlI1MjdpTEh4aks4RVpSREFDeEpoaS1IZFVtSl80UEFZRHVkZDZud2dla2N3?oc=5,0.0,neutral
2026-07-24,2026-07-24,JNJ,Public Employees Retirement System of Ohio Lowers Stock Holdings in Johnson & Johnson $JNJ - MarketBeat,MarketBeat,https://news.google.com/rss/articles/CBMi4gFBVV95cUxOUGtrVXUydWc1UGd6amg5LTBRZFhXRE40M09XLWlVZTlmQm55aVFydGxLZ0I2YkVJY1FTZzJoTUd5TGlFX3hSa01naUI0VnFJX1puVmkxX0VOTnM4WV9PZjJwbkRIM3JUQWdrdHBJOGVOd3pQNnh3T09LRmtuU1lDRlM3bXFzbnIyWUFFSENfVXU3dWNGeTlCdkJPc09Zckh2WW43NDFoVGQzektEYU1EcW1UTWpUamlMY3hlTTVCWlBUcERtUU1mb0NDcW9MakR4cFBsdndTME02MTlfeXZweFVB?oc=5,-0.128,negative
2026-07-24,2026-07-24,JNJ,"Ascension Capital Advisors Inc. Acquires Shares of 4,481 Johnson & Johnson $JNJ - MarketBeat",MarketBeat,https://news.google.com/rss/articles/CBMi0AFBVV95cUxOZVZxYWU4aklzRmVSeFVma2NlZ2Jtd0FCenFhYnNqaG9wVkRndExCTmpCbWdONlpKNnJiUC1LalpxcEtKZzBjd0FvV0NZS1RiN21jTTd4WHc4ZVJQaVNPTjNKek9fMWwyVEd6VWxPTGtIWXM1N1QxR01janJ4WXl1dEtQdmlFaVdCald2LWlfNTdvSVpXeHhwZHJiRVNRcDktWVNrS2NWNy1CWjBIbExoOE5JM3dCMEM5UGtMdndaeTBDRUZMSkZ1UG42NWN3NHZI?oc=5,0.296,positive
2026-07-24,2026-07-24,JNJ,Bank of Nova Scotia Trims Holdings in Johnson & Johnson $JNJ - MarketBeat,MarketBeat,https://news.google.com/rss/articles/CBMiugFBVV95cUxNb0FVeUZzMTk0aFNLOUswMmJZN1J0c2tvZUw3THgwWXlkbFBtUzE5V1FrazJyZWRzRGlxMU52eTdLbEVSSFF5R3Z2Sk9KTFljdzNxQlhIY3A5WjktUTZpTWpNMHF1WGZEcUI3NG1KbXJucmRGS0JPYzY2ekRJSVdlYldWNW92MjJLdmdSS0xVRGZxNU5HbXl3ajNST1pVcG1XSGkwWFc1MlFsZFhFQjRCMkF3eGthYUxjY0E?oc=5,0.0,neutral
2026-07-24,2026-07-24,JNJ,Liberty One Investment Management LLC Has $38.16 Million Position in Johnson & Johnson $JNJ - MarketBeat,MarketBeat,https://news.google.com/rss/articles/CBMi4AFBVV95cUxNOXdnZzh1ZDJlU01KWmc2alRCZ21VMlFJSGppSktFeC10NGZxQ19DRUxMU255T0tiZkg1N2owdlNFM0VnVW1sOV9VMjhRcDRzbHlCLXpDQ2tSZlFGa280enhEZURwSlczV1pfNUJQdldZcGpkUDNpSjhUT25uRWIyemxCVW83N2puN24zM3NmdGItNzgtODFObWgxcW5tUGRFcDVCd1VGVGZNOXZXbmNGZng1dGV4Q3dkbWM3N2cwY3dxNWhTX1F0d0c4U2dVX2lSSHpNZGFUMERqc09xbUFyRQ?oc=5,0.5267,positive
2026-07-24,2026-07-24,JNJ,Dickmeyer Boyce Financial Management Inc. Acquires New Position in Johnson & Johnson $JNJ - MarketBeat,MarketBeat,https://news.google.com/rss/articles/CBMi3wFBVV95cUxNdlRUeF83aXN2bVdpV3k5QVJEdFpOTm1EeTd6Tm9OVndvbG0wN2RZQ09oVkJ2QVRhYXhENUtlZW14elVFRlJRZHBwZHhhQVhHWEt0VlBOdElHcTJ5X1QtZDNBaERQdXpJenhMQ1E5QndzRnRza3prS2FId1lLY0ZKdkJ6aWhWQlYyd29laF9rVGtmZlROR2g3WXQ0QW1XcXZUNTVFeUZoZ0MwYnJaTERPTFBBeXRMOTRNTlhBdmRoR0Q4QkJpVDRxRm5WelY1ZkQ2Wmd4azRkRHl2YWtERC13?oc=5,0.0,neutral
2026-07-24,2026-07-24,JNJ,Johnson And Johnson Stock And Other Defensive Dividend Picks For Uncertain Markets - simplywall.st,simplywall.st,https://news.google.com/rss/articles/CBMizgFBVV95cUxQOXZVem45V19PdTJCakVoMC01VlozNlQ2b3NFYWNzZWR1dUJmYXJzNldxOUUtUG5GSWlObDViMjJlT2U4SFhYT2U3QkktendzMkE2Rlpnc2lmemliQVNtZ28tck9Nbl9Nb2ZQRzBBOC05Uk9JLWNxY2ZRLW5SdDFIQ0lVMTZSamhzUkRDRG5xcEdzaXFVckJfSHB5aWx1N0k1R051SUhXY0wyS1NDaW1YaGFtVVB6NVBwSVd3QW1uUEE2TWZzTThfOFhlekptZ9IB0wFBVV95cUxOeVEwZDUzVDlOMktqRHJvaEp5MTNIVVlNRXdEUndNamZnNXFWVVdqcXZON1JwQnUzZlFlSnB6aVhjUy1wQnZSUTdNeW5TeEVpX3N0dEd5UHhLd3FwRjZVNWtQWVhTcDBkNzd6QzB6U0FTUVpQRkFESGZKQ2NNb3RNRGExc1pPTXVaLUpsSEE4eGZLZTJ1b0tNbXFNcHhLUjdwVHg5ZEprUUJ1R1ljSnFiYnB5WjNOT3ZFV040eHFtdjBsZFJMTUEyN05xUWZXOC1MN1M4?oc=5,-0.2732,negative
2026-07-25,2026-07-27,JNJ,Jim Cramer Said To Buy Johnson & Johnson (NYSE:JNJ)’s Shares – Here’s What Happened Next - Yahoo Finance,Yahoo Finance,https://news.google.com/rss/articles/CBMikgFBVV95cUxNTUs5RzhCdndxR3RkTnlhVW1FSXRoU2hSdHpNT0dHdzNwNnRLYXkxR3NYdmw5RWs2Qmg5dDRKQkhNUmdQQnBFNEc5cVQ5T250TmkyV3dZazJjRHZPTVlNa05GekJEQmVUNTNUck9STTFoTEhQaXJDYWFtX1R5VUFYcDdDa0htU3hTWlQzUl96WVZqZw?oc=5,0.296,positive
2026-07-25,2026-07-29,JNJ,Johnson & Johnson Is Becoming A Narrower Company Than You Bought - Trefis,Trefis,https://news.google.com/rss/articles/CBMivwFBVV95cUxQYVVzdVFxd3EtNWRsTGZmSUxHV1lvYm5iWG5tbjZrMHZ3X3RQTng0MTZlZDlkRzFMempWcjFuTlFHdDQ1dml5MkNRdE01dGVtZjJ3WEZKV2xnbmJ2LVZRRFB0R01uM0JOcWpQbzdic25lNTVvYlphV3RvS2pWNTltLTNwaG1DcjBPZlJUSDN1ZDZtSmtFQUpmanhRMWxsZmJBNDhSQkI2SzdZUlZpSjNremZUWW54RmY1UklRdVozZw?oc=5,0.0,neutral
2026-07-26,2026-07-27,JNJ,Should J&J’s Oncology and MedTech Breakthroughs Prompt a Fresh Look From Johnson & Johnson (JNJ) Investors? - simplywall.st,simplywall.st,https://news.google.com/rss/articles/CBMi3wFBVV95cUxQUmozMmRwRWxqTGRsTGJZRTBFRW9wWUhoTzhEcFBHSGx6eU5lUTZkZmFfbktKdURmRE5va0xDM05KWlYtWGpqWElqdDlsbjNienhaRGFTNVVYSk5xeGp2YTNtdl93NXZQRkotajRBaXMtMElmMlctOXBOVUxsZGM4ejA2b0tRYktWWGwtdm5fNmFNcjNsX2hiaWRkdFpSVkMxeU5IMmplcUlsMEZBVkRMTUZjOWNxSlBEaWdVdUZRal9RWWtKejdzOVlkNkNrMVdzTERnM2xjdDNDNF9rNDBn0gHkAUFVX3lxTE1ydUlFM2drQVkzVkM0Z3hfVGN4STlRcWJzZnB5WUc3V1hhUVZrRW5xX3lJY3luVTV2dnBCRTc0NkhsTDNwMm5uSmJoUkNCRHU4VnRXcndjM2JYR3l3OEZoRFRlb1VsUERMWUtGSkd2XzdkM3hUQkZQLWYxTlJRZjVHSXNaOXJSR040bWdIbl9UcENVblN0MV9LNjhIM054ZExjYXpDQmxLMjhKUk5uUG1rRE5QMXJHUDd0WktxNHdILUdKbEVpcWNaVlo5MmstVmVqclJrYTk5Tko2X3ZHb3E3TG5xNw?oc=5,0.3182,positive
2026-07-27,2026-07-29,JNJ,JNJ Stock Advances After Hours On $5.5B Proposal To Resolve Talc Litigation - Stocktwits,Stocktwits,https://news.google.com/rss/articles/CBMi1gFBVV95cUxOM0g2eE5NWm1VMzNoLU5IbmVsbk1IVEhVWWZaOXBBbGEzZ1AtOXllblFGQXhoTDVwMjZkRFBVc1p2RGF2ejdSWDFSRDV6QjNrWUxCY3NYQ2hyYjdwR3dtU1p2TjhuVnhOQ2Z0cnJITm92end6WHozZUZOWURzSDJjSkllRXVqSHU2YXUtTU4zelhVNC1jZF9zNlQyaS1XekFjOEhHbUdrWHZBWUdtd0VLTS1XalFTT2NVbDh1NV9jOUpJTWdVUlhlRmpWU2FFeE0xcFhRekxR?oc=5,0.2023,positive
2026-07-27,2026-07-29,JNJ,Johnson & Johnson Now Leads Its Pitch With An Oncology Bet - Trefis,Trefis,https://news.google.com/rss/articles/CBMitwFBVV95cUxOeXM4bUF4RjlJSmprcUhlc2ZMVGx1VTgwOVZEODdEc2tZeTUzek5nbktPWVU5MXpDdjNTb0JkMERnRU1IYmhpOHhQbTZYRWJxQ0k3NUwzc0hZR2RFVXdRLU5SdENpYTEwcWlGRkVXY3hwckVjNDZjWm15UHlWbDAwUnJFMGlDSmJwMEk2NVNHaWVqVDZXTDRoZDVYeXhZeUxsMVp6QTdZcHVEVzhZSVQzNzZhVERwMVk?oc=5,0.0,neutral
2026-07-27,2026-07-29,JNJ,Johnson & Johnson (JNJ) Raised Its Outlook. Is It the Better Healthcare Stock to Own After Earnings? - Yahoo Finance,Yahoo Finance,https://news.google.com/rss/articles/CBMimwFBVV95cUxQUC1EamE3akRIZ0VnakR1bWl3dGppMU1yLVdTZ1FtSzBiSDZLdFoxUmxuazUzQVlHZ3EzN3dhc1hqNHl1SjdZbTNka29xai1wc0JGdXJRUGh2R1A4TkhMR1lsMVRTS1EzMnVTZ3A2VllDTS05RnZ6Vkt2VllGTmhPRjdVcGFtT3Z0NmRqMnpPMXUzLUlCLVNSWDdhMA?oc=5,0.4404,positive
2026-07-27,2026-07-30,JNJ,Johnson & Johnson Now Leads Its Pitch With An Oncology Bet - trefis.com,trefis.com,https://news.google.com/rss/articles/CBMitwFBVV95cUxOeXM4bUF4RjlJSmprcUhlc2ZMVGx1VTgwOVZEODdEc2tZeTUzek5nbktPWVU5MXpDdjNTb0JkMERnRU1IYmhpOHhQbTZYRWJxQ0k3NUwzc0hZR2RFVXdRLU5SdENpYTEwcWlGRkVXY3hwckVjNDZjWm15UHlWbDAwUnJFMGlDSmJwMEk2NVNHaWVqVDZXTDRoZDVYeXhZeUxsMVp6QTdZcHVEVzhZSVQzNzZhVERwMVk?oc=5,0.0,neutral
2026-07-27,2026-08-13,JNJ,"President Trump Loves Johnson & Johnson (JNJ), But Insiders Are Selling - Yahoo Finance",Yahoo Finance,https://news.google.com/rss/articles/CBMinwFBVV95cUxPWDlIeVBZT09ESWxETlBqa2hvcVo1YXFDc0pZaG9wVVAzbzljaXNLMU5NeWZpNWt1UVZqU2VDbmtGM054RkNhcjZmblpsUEpJUXg0WUhRRjFZbGtwUDlwWFdCbWJEM3Rka1owTHBRdDcxOHNxOE9VZm54QkN2QUlZVVA4Qjg5M0hIbjQ0UXdreDZjazF5b2xIWVplRU5Pbm8?oc=5,0.3291,positive
2026-07-28,2026-07-29,JNJ,Johnson & Johnson (JNJ) Stock May Be 31% Undervalued As Myeloma Trial Results Impress - Yahoo Finance,Yahoo Finance,https://news.google.com/rss/articles/CBMimgFBVV95cUxPWWgyOEl1OFJIR09uUlYtcEFCT1VtZ1ZMNGNBeUxwUGFfdVF3RWo3SElvV0hTNG84X2MyOFowdmduamd1ZkNPOU0tNXJVZXdXNjl6T2tnVVFrT2h5dVZuWktsVTYxUmNQZ09oTFZhRDNrOHd3ODg1WGdBWWZTUFNBek5aSTFwR1N0aUExUndoSmcwcmlkVWs1Mk5R?oc=5,0.4404,positive
2026-07-28,2026-07-29,JNJ,What Johnson & Johnson Stock Told You Before It Surged - Trefis,Trefis,https://news.google.com/rss/articles/CBMisgFBVV95cUxPMm5BbV84SFFzanFtYTliVVZObFlramlXMlpKajVVUkJXX2paREtZemhOUHpkcl81eWhRb0dsVmNLMV83VzhobmJ1SGk2aDVRNVl6YjdiR3FVVnBQNHR5UjlmUDRmVHBhZlJmYXp5MXFqNk9NZXZKXzVURWlNelRmMnk1ZFcxdjlJTVdtUHdGcVU2aVVLU1ZHRlBhWERGdGlKU21KRnl4RTI2QW5BdDhEZmVR?oc=5,0.0,neutral
2026-07-28,2026-07-29,JNJ,These 3 Companies Reported Record Results and Raised Guidance - TradingView,TradingView,https://news.google.com/rss/articles/CBMiuAFBVV95cUxPRnp4eFJTX3hjYnhJMGZnNDBTWnd0TFZ2VXF4aTU4cDhGdlpiN3EwZE83bEY4Z1ZNVGRSWFZDVVhpN0U3Q2FzRG1PaE5selBWWi1oRXdkYjFhSDNCU25yVG5GdUc0R1B1dFdORzdaTEl1aXFBY3A2UVhXbWNXbC0tNU1wLXNLQXZKd04yclJhWEFmNG1JajdfeEhCa0RoNHJHOWg4YXdzMDZlRzc4em5pMDh2OGtwMkIw?oc=5,0.0,neutral
2026-07-28,2026-07-29,JNJ,Johnson & Johnson Stock Hits Record High on $5.5 Billion Settlement - Schaeffer's Investment Research,Schaeffer's Investment Research,https://news.google.com/rss/articles/CBMivwFBVV95cUxPZWJDV0ZGOUpmQnZza0FIRXpEMmJ6WEdHRlBFRjF2NnJuZkkyOFJjOXJxWktmTGExUUdjS3VLTVNQbHlJM25HTEF3M2F5N2dIQ0JKZEwwazJnTUJEaXdsbkRhUmtyQ0dSV1E2cTFnNUhLeTV3TXplTjFGZ3VvSUhsaUd5cnZ0cHB1Y2VKbmlRU25ST3VqTTd1VmJuOWdsWjBVcHpQRmVGWFFXWmFCM3NrLVM3MENhbDl5UWh5N2lIVQ?oc=5,0.0,neutral
2026-07-28,2026-07-30,JNJ,What Johnson & Johnson Stock Told You Before It Surged - trefis.com,trefis.com,https://news.google.com/rss/articles/CBMisgFBVV95cUxPMm5BbV84SFFzanFtYTliVVZObFlramlXMlpKajVVUkJXX2paREtZemhOUHpkcl81eWhRb0dsVmNLMV83VzhobmJ1SGk2aDVRNVl6YjdiR3FVVnBQNHR5UjlmUDRmVHBhZlJmYXp5MXFqNk9NZXZKXzVURWlNelRmMnk1ZFcxdjlJTVdtUHdGcVU2aVVLU1ZHRlBhWERGdGlKU21KRnl4RTI2QW5BdDhEZmVR?oc=5,0.0,neutral
2026-07-28,2026-07-31,JNJ,"Stocks making the biggest moves premarket: Coca-Cola, Sherwin-Williams, Johnson & Johnson & more - CNBC",CNBC,https://news.google.com/rss/articles/CBMikwFBVV95cUxNb3R4WHk4Yk0yeHlHSklzZUxnUG94eVpXUG5CMUN6RFIxYVh4RVRnLVJDdW1NMWdaN0t1Nk1jc2tmbGVvQ2tCRDVYaFpMbUV3Zlp6NTc0RkN0WjBSQmpvWDlkQzl6Q1UxQW5WTnhBenlKY0JiVDNUR2kwTlBWengwVHk5bnJxT05STDZyeFRjZGYzaDg?oc=5,0.0,neutral
2026-07-29,2026-07-29,JNJ,Johnson & Johnson (JNJ) Stock May Be 31% Below Fair Value On Talc Settlement - simplywall.st,simplywall.st,https://news.google.com/rss/articles/CBMi5AFBVV95cUxNWkoxbXFvdDJHYi1FRTMyMk5mUHpEZE5pTDVIRFd1TnZOLUc4bk00UWQwTmVIMG8yMHhMU2dnNEMyamZwT0pyN0FtTXViRWU2ZWxvY2xWOHdFbldGQWtOUS1XVWlzU1cwTzRBdVJ0SktnRVlwNVQzcTM2YmVhMFA5c1h0R3JwNHhHRDJIa293YmVtajk4TmNpRUZJODdHazg5bEd3RU45Z2NXQXljTlZLbUpibFIyNTlKZWFTMEtyaExmckl1a2d2U3Z3bFhzRVdLdTRYZld4dE1waGpxTjZHMEFWZW3SAeQBQVVfeXFMTVpKMW1xb3QyR2ItRUUzMjJOZlB6RGROaUw1SERXdU52Ti1HOG5NNFFkME5lSDBvMjB4TFNnZzRDMmpmcE9KcjdBbU11YkVlNmVsb2NsVjh3RW5XRkFrTlEtV1Vpc1NXME80QXVSdEpLZ0VZcDVUM3EzNmJlYTBQOXNYdEdycDR4R0QySGtvd2JlbWo5OE5jaUVGSTg3R2s4OWxHd0VOOWdjV0F5Y05WS21KYmxSMjU5SmVhUzBLcmhMZnJJdWtndlN2d2xYc0VXS3U0WGZXeHRNcGhqcU42RzBBVmVt?oc=5,0.5719,positive
2026-07-29,2026-07-29,JNJ,Johnson & Johnson (JNJ) Stock Forecasts - Yahoo Finance,Yahoo Finance,https://news.google.com/rss/articles/CBMiiAFBVV95cUxPRzVvb1dRVHZQa1ZKQzk2eDVBb2N1T0hjS0d3M255MkY1UmFEUm1DaEtOalpwa0JrN2Jnc2dOY3h4R3hKbmc1N3Z3YzJtYWh4NVVKekxfLVdLa3V4T0dRdllPVTBHVFNyT3pxdW4wdFVYal83b1Q3TjV6Y2dhUWNVY21LbWlrMmY4?oc=5,0.0,neutral
2026-07-29,2026-07-29,JNJ,Johnson & Johnson vs. Eli Lilly: Reliable Stability vs. Rapid Revenue Growth - The Globe and Mail,The Globe and Mail,https://news.google.com/rss/articles/CBMi6wFBVV95cUxQel9RV3g5S240X3RKTElJeUNlRERtLWhpV0RCYjFjQTY3NmU0Z1ctSkJ5dTc2cktnWXlMdWRKMllXSzBvX0xJZ2xEV2lqNWVfTEVVXzg3X3drdGZmY3R2eUxVc1c5UHpNSmg0Vk1HNlFySzdqVXMxSHo0VGRPdTg1RjgzLVlqSGtSa0JWRjR4YTRvUjlhVDV4ZFJjc1FfbXVMS3NWZGVxRzV4OTlNWUtaQW9ISkt5T1BFNnpBNWlIOTNWVEI5NGlIZUg4T1gyaEV6TnJOWEZNdW5UM1h3cjBnTlhxdnR5YzJzYkJz?oc=5,0.3818,positive
2026-07-29,2026-07-30,JNJ,JNJ Looks 38.5% Overvalued on GF Value™ as Dividend Sustainabili - GuruFocus,GuruFocus,https://news.google.com/rss/articles/CBMitAFBVV95cUxOR2JrYi1lVUt1eURjaFh4TUxtQkNhdF9GeHo4dEtHQ1JudmlJZURaZEV0VEVkYlFWV2dIdWhRNDloY0tWR0ViTmI5MmJPeUVqQjlSY2pTdE9tZm5pWU84TEI1ZTJoWk1iQXNLMmdiZ2pIdDNTNV95WXh6VDFWcDNaR1JDcVpRU0xvQzBhMjV0NFhnWEdZOHVXTXZVeTR6MVptcVlReHJXLXY1eFNSYzl1eFUtS0c?oc=5,0.34,positive
2026-07-29,2026-07-30,JNJ,Johnson and Johnson Offers $5 Billion to Settle Tens of Thousands of Talc Lawsuits - TIKR.com,TIKR.com,https://news.google.com/rss/articles/CBMiugFBVV95cUxQYmNnbkI4dVZveVBQYWVmcXBfTG5xdGg0X0ZIZENuWjhTb01ZWl9qOWtMY0p4X3dZX2pIcmltb2U4NF9rMkhCSnNaT19Ha01wTWRfVDZGcnhuQ05jODF2ZUxrYVVaRzV6V25kdjNuYWVNYlFZbXRZdHVVRWdLRjRUemszWVhTbWdPT0VxZHlHbkM1YzBFd2J1S1MtZXUwNnJ0VnpfUzdtY2RBV3pJb0t1NTdNdlR0SG94R0E?oc=5,-0.1531,negative
2026-07-29,2026-07-30,JNJ,JNJ Looks 38.5% Overvalued on GF Value™ Amid Dividend Sustainabi - GuruFocus,GuruFocus,https://news.google.com/rss/articles/CBMiswFBVV95cUxNQVlla3I2UFcxb2VKMUowRnFnQTV3RDdyQUFudHcyVmt0bXI0VmpUUWZQN1pjTnB4VXZtcXRmYTZLWlN5RnlyWjd3VDA0Yi0tcTZzNzZhZGV2ai1KYWt0cHdmLS1LZjF6Wkh3YURPc2lFeUdGczRGMUFGS2xuaDEwWklfenZHbEdzcXRqZlFOWUl6aVlON0xscVBZdWgyUHJsQUJUakpUeUE5NkFmYTRyNDV6aw?oc=5,0.34,positive
2026-07-29,2026-08-03,JNJ,"J&J lowers 2026 profit forecast on deal costs, sees further hit in 2027 - Reuters",Reuters,https://news.google.com/rss/articles/CBMitgFBVV95cUxORUp5b1lmZmk3VVJFdUl2WGRmNzNrWWpOSUY3SFlDVkVsdHRidW40SVMxb0JMZFNVZ0RJT2pxcG5weEY5VmpibjFVZ184T2p0RGxxYnJEajFYbkRVbjNxVWVNdUFiVTU2S016dVVfQ2dvQnEzQzltWmN0WlE3eHM2dUdWdnZVT19ILUtSRzBiWTZ5Zm5EdWxKRXJ5a0pwXzZab1FuYkRmNWpOS0pqM3ZmMGtEYXctQQ?oc=5,0.34,positive
2026-07-29,2026-08-03,JNJ,Sail's CAR-T platform aims to reset immune systems inside the body - Stock Titan,Stock Titan,https://news.google.com/rss/articles/CBMiuwFBVV95cUxOMEE2QnNIRWthR0tQdGdLUmVuWkZxN3IxM1BIVkhPMHNuYUhYWUU4NDZ6OWcyaWZodVdyaXJkQWV5X1g2enc4eFU0TFplenI2NE91OVZ3c3JmZXk1Y2VYbnRHTXJEdzM1Y2cteUg3N2RMLV9HcklmU2dfOTFJd19HVFNQMnBhNE1XQVc5RU1ZNWRzX2VIb2RDVU5kNjc0SUZPSnBBWlU2WTNPN0J3WHkwdllXdnREUFBKT0Q0?oc=5,0.296,positive
2026-07-30,2026-07-31,JNJ,Johnson & Johnson Falls as Investors Reassess Talc Settlement Costs After Initial Relief Rally - Quiver Quantitative,Quiver Quantitative,https://news.google.com/rss/articles/CBMiyAFBVV95cUxQbFNRZFdFR3FxOVNsTmQzMkdSOVZSWHRuc2tsLWRBV3Y1RDVYcTNXd2ZKTm5keVR0djloeUdBeXBKUmRXbDB1a3JjeW5zMnJ4QnVCd1dtV3lMay1EaWNmWExZQzEzMUh3cDJOMGY5dVY5OWlaZDFhdFY2cmQtSXRxc2prLWlwWFQyMllLZFZvV1QtLTBjWHQ5c1hKbl9QQUlmR3JwMklCVnhoSzlfZnFnUTdDUUhYY25UdHBTY3RtSG91MHNLeFo3Sw?oc=5,0.4767,positive
2026-07-30,2026-07-31,JNJ,Johnson & Johnson Stock (JNJ) Moved Down by 3.49% on Jul 30: Key Drivers Unveiled - TradingKey,TradingKey,https://news.google.com/rss/articles/CBMiigFBVV95cUxPNHA4WFI3MDI5Qng1UExhUUpIblQ0OENGYlN3NGg3WkVibmdtUHB3M2ZmX013X2RTSVNydklLSVZzbHprNGZXQnp3WFdBREVzVDV1QVRoU3pYRGJya1N4aHFTTlFQcmFQZ0k2R1phbW5nMmRwbEVOWF9UMVJFWFVOVkVLR2hpM19uQWc?oc=5,0.0,neutral
2026-07-30,2026-07-31,JNJ,JNJ Looks 38.5% Overvalued on GF Value™ as Dividend Sustainabili - GuruFocus,GuruFocus,https://news.google.com/rss/articles/CBMixwFBVV95cUxNMkpyY0kxc0dKVHVmZHhPYnBLWHh6ZFJxR0pfVmkxbHltOGxab2U0eURrNjFncVBpcDZaaW9sbUFWcFJaQmhiRnV5bUZtaGprTkxXem5DZWJtSEdiZGRjTFZ3bENjaVdvYll4SmZ2UmFiNkV5QmZUclc1VjhJNUdvV2ZQRjR0c21nZTc2c044bGo3Y3pDamdnZ0kwaWIybXV2OWZhQWhUYTVqYWRPTUNhN3B5REFmQW43dmNDaGdoNHRIdjcxZEdv?oc=5,0.34,positive
2026-07-31,2026-08-03,JNJ,Is Wall Street Bullish or Bearish on Johnson & Johnson Stock? - Yahoo Finance,Yahoo Finance,https://news.google.com/rss/articles/CBMiogFBVV95cUxNbi1CeHZTLXpqZ01tdUYydU5QdjR2emlqSk9TWXhpblk4YXNCOTVySjVMWllsbXdqOExVTUxISk1lSnRnMUxKZ1I2QkhuUy1Lel85TlhUN29YUkd0MGJCZzFpTDZaYmVZQzVNaXhwd0NoTnk0YlRCV1hQTmF5YXpyMUVQYUtUb2dWMHU0a2JOQ3VNaEllTkhsWHc3MjZuN2FpREE?oc=5,0.0,neutral
2026-07-31,2026-08-03,JNJ,Johnson & Johnson Shares Edge Higher as $3.5B Biotech Moves Expand Oncology Pipeline - Benzinga,Benzinga,https://news.google.com/rss/articles/CBMi2gFBVV95cUxPNFIzalNaS3doOUlUa3Q5Q0duU1VKNk9lTVQyNDVmSDJGN19MQ0xBeFloNXJKWjdUTXRobVZEeFUxLU1HZDJ1YXFidmNrMlBjbXB3eWQtUkpNdVJTbkFSYVR2S25PaG1SdHViUzkzLXFVQUZjOXVkY2EwUUFIUGRLN05SbUN4d2k4OU1YdjE0SC1tRUZVLXFZUkJsNWk3M2lfaWR3cU9LTVo4elp6NS14aGx6djNYMGE4eGVvbDg3UjBTdWo4RF9VRjdSMlNJU3BCUF9Semhhelg5dw?oc=5,0.5423,positive
2026-08-01,2026-08-03,JNJ,Johnson & Johnson (JNJ) Stock Sees Modest Fair Value Lift After Analyst Target Increases - Yahoo Finance,Yahoo Finance,https://news.google.com/rss/articles/CBMimwFBVV95cUxQYXBoaEJQSWRTc1FEVDFZeU1GYlFsSVBScjdWZE5sTzJkNEZPSGQwUTBDcjltTnllTXpIN04xUTc1a2xzRkRhZWtGZm13YlVudkRNcjFGSEVYXzU1QkRDY0pVZklEalFXeDNCUmRhVGZpUXR4T1ZldkNOMVY3TVBWWE4wV3RVb1MxQWw1a0JMajFWbTBOcjZHTUI2TQ?oc=5,0.5719,positive
2026-08-01,2026-08-03,JNJ,JNJ Stock Advances After Hours On $5.5B Proposal To Resolve Talc Litigation - stocktwits.com,stocktwits.com,https://news.google.com/rss/articles/CBMi1gFBVV95cUxOM0g2eE5NWm1VMzNoLU5IbmVsbk1IVEhVWWZaOXBBbGEzZ1AtOXllblFGQXhoTDVwMjZkRFBVc1p2RGF2ejdSWDFSRDV6QjNrWUxCY3NYQ2hyYjdwR3dtU1p2TjhuVnhOQ2Z0cnJITm92end6WHozZUZOWURzSDJjSkllRXVqSHU2YXUtTU4zelhVNC1jZF9zNlQyaS1XekFjOEhHbUdrWHZBWUdtd0VLTS1XalFTT2NVbDh1NV9jOUpJTWdVUlhlRmpWU2FFeE0xcFhRekxR?oc=5,0.2023,positive
2026-08-01,2026-08-04,JNJ,JNJ Stock Advances After Hours On $5.5B Proposal To Resolve Talc Litigation - Stocktwits,Stocktwits,https://news.google.com/rss/articles/CBMi1gFBVV95cUxOM0g2eE5NWm1VMzNoLU5IbmVsbk1IVEhVWWZaOXBBbGEzZ1AtOXllblFGQXhoTDVwMjZkRFBVc1p2RGF2ejdSWDFSRDV6QjNrWUxCY3NYQ2hyYjdwR3dtU1p2TjhuVnhOQ2Z0cnJITm92end6WHozZUZOWURzSDJjSkllRXVqSHU2YXUtTU4zelhVNC1jZF9zNlQyaS1XekFjOEhHbUdrWHZBWUdtd0VLTS1XalFTT2NVbDh1NV9jOUpJTWdVUlhlRmpWU2FFeE0xcFhRekxR?oc=5,0.2023,positive
2026-08-01,2026-08-04,JNJ,Is Wall Street Bullish or Bearish on Johnson & Johnson Stock? - webull.com,webull.com,https://news.google.com/rss/articles/CBMiWEFVX3lxTE54WF9Yc2pZZURZR0pEMll4SGdzWVgzZnc4NnZKUDFyVk1QVHZuY05DUTAtUktpSXVSWkNEamptT1NVOElFdGhjYUFGTjNqbnpsOUpSMkZJVlk?oc=5,0.0,neutral
2026-08-03,2026-08-04,JNJ,JNJ Maintained by Wells Fargo -- Price Target Raised to $282 - GuruFocus,GuruFocus,https://news.google.com/rss/articles/CBMimwFBVV95cUxNdkZrWlVBTmVEcllieFBadzhBS3VsVlhUMWxaYTI2QVA5OU5ObjdUekZKZFROcExkcHlnMzBhZzN3dGxFd2NjdmlfbFZ2WlRuNXJxRGNaRHh0a2NFWEtfRDd6eGx2ZjRldVFfRjNlT0VSdDJPZGsyclNoWktWbU0zS1A5b29IZHNyWTJOcEFDaFFSX202VjlBWmJDaw?oc=5,0.25,positive
2026-08-03,2026-08-04,JNJ,Jim Cramer Analyzes Johnson & Johnson (JNJ) After Surgical Robotics Milestone - Yahoo Finance UK,Yahoo Finance UK,https://news.google.com/rss/articles/CBMijAFBVV95cUxOTUlQUU1ZOXFTZUl3NkZEUzd1Rk5hdGpyUmtWS3lZV0J5OEhFaktoRmY3b2N4dnVUZzBxRHFDaFRLMUJzdTRpellPOGloeXZwaW1rcTFQSzlTMUpkQ2lOMzVFSHRhaVlpNG5lSU1DT2x4bnEzOHRva29wOC1EUTJZcmJEWnBEZm9JVFVwUw?oc=5,0.0,neutral
2026-08-03,2026-08-05,JNJ,Jim Cramer Analyzes Johnson & Johnson (JNJ) After Surgical Robotics Milestone - uk.finance.yahoo.com,uk.finance.yahoo.com,https://news.google.com/rss/articles/CBMijAFBVV95cUxOTUlQUU1ZOXFTZUl3NkZEUzd1Rk5hdGpyUmtWS3lZV0J5OEhFaktoRmY3b2N4dnVUZzBxRHFDaFRLMUJzdTRpellPOGloeXZwaW1rcTFQSzlTMUpkQ2lOMzVFSHRhaVlpNG5lSU1DT2x4bnEzOHRva29wOC1EUTJZcmJEWnBEZm9JVFVwUw?oc=5,0.0,neutral
2026-08-03,2026-08-06,JNJ,Johnson & Johnson (JNJ) Stock Analysis: Here’s Why Investors Are Eyeing A 5.73% Upside - DirectorsTalk Interviews,DirectorsTalk Interviews,https://news.google.com/rss/articles/CBMiywFBVV95cUxPbWNRY2dRTTY4R1RsbzJSVGdCMXFJb1lBRHRzWTdFMVJoMGNvOWtLdDQ2SjNJNzBSVGlIYjJxT29pWFB3dTI2ZkFCVjhnOVB2cXRyeFduM2x6NHRacEJjSUNSekl5ZHdBRVBSb1pBV3YzZURqSDc1UEVzNmlpUnhEUk5USGJsU2hKQi1QOFRkRzhPdURnZ1NqVmE3amNnMmZEUURQa2Nqc002Y0NqdXdGOHliV3Bua2tjcTUxZE1sTFZlN2E1Tk4xYWZRYw?oc=5,0.0,neutral
2026-08-04,2026-08-05,JNJ,JNJ Stock Advances After Hours On $5.5B Proposal To Resolve Talc Litigation - Stocktwits,Stocktwits,https://news.google.com/rss/articles/CBMi1gFBVV95cUxOM0g2eE5NWm1VMzNoLU5IbmVsbk1IVEhVWWZaOXBBbGEzZ1AtOXllblFGQXhoTDVwMjZkRFBVc1p2RGF2ejdSWDFSRDV6QjNrWUxCY3NYQ2hyYjdwR3dtU1p2TjhuVnhOQ2Z0cnJITm92end6WHozZUZOWURzSDJjSkllRXVqSHU2YXUtTU4zelhVNC1jZF9zNlQyaS1XekFjOEhHbUdrWHZBWUdtd0VLTS1XalFTT2NVbDh1NV9jOUpJTWdVUlhlRmpWU2FFeE0xcFhRekxR?oc=5,0.2023,positive
2026-08-04,2026-08-05,JNJ,The $85 Billion Consolation Prize For JNJ Shareholders - Trefis,Trefis,https://news.google.com/rss/articles/CBMiswFBVV95cUxQc3dtc2xONGZSOUpNczRpbXlCZGszZ3YtSUgxa05MclFHOXhSeHFCR3l4NzMyMFA5eFVXSlhuc2JyN01QeVNNTF80UHhRWm53d3hKMVpwaW9jS0hHbmNTTnJhVS1WekRXNFFJcE9xa2tKekZMOHhFYkNRd1RhckwzbW9rdW93SWtFS3J0cDQ2YTgyeVdoWEhLSERmSWNHb2JwSTNzc09vYnQ4ZE5WVmtHa0p3MA?oc=5,0.5106,positive
2026-08-04,2026-08-05,JNJ,Johnson & Johnson sets Sept. 9 live webcast of fireside chat - Stock Titan,Stock Titan,https://news.google.com/rss/articles/CBMiuwFBVV95cUxQclBJRE8zVGpCQ3RmZXAtQXczUVlnTHFnekxPd0ZVd2lFWnF0eFFSM00tN29OdFpBVDFYdU1OQm81QWtMclFldmtmMGVxZ0lJX0ZsQk9VeTBVZVcwLWtZZUdTTkx3RVc1TzRDVVhHMjFzNEt1cVpqQ0tFYmRjVlZtNUVQb2d3MDByUjFwQXZ0M3BFem5TWFJzb2VBR01qLUEyRy1GNmEyY3Uzc0xWZUNXUjBabC1Ccm9wMTUw?oc=5,0.0,neutral
2026-08-04,2026-08-05,JNJ,JNJ Looks 32.5% Overvalued on GF Value™ Amid Dividend Leadership Transition - GuruFocus,GuruFocus,https://news.google.com/rss/articles/CBMisAFBVV95cUxNd1BDOUkyVlQwLTdqUEJPcDBBZFI4VENxZmJXS1NPNUlGaElnS01uODdZc3ItMDBWS29CckpqM3g5R3Z5R2IyVzhGbW5oQk1keXgwbG5mV2liNkZUcEdfaTA4UGNuUy1vX2s5QzZ4aGVWQ0JTcDB5b3M3N3BRQ0JCWG9QeFNMdGtjS3JncFZZUUd3NkdRWERjaml3dFlaNUF6UzJxYnkyYTNabUhxSnhENw?oc=5,0.34,positive
2026-08-04,2026-08-05,JNJ,Jennifer Taubert to Retire After More Than 21 Years at Johnson & Johnson - Stock Titan,Stock Titan,https://news.google.com/rss/articles/CBMitwFBVV95cUxNYWZNeHpySUV0cmMtbjV4MmczNFFrU1ZYZ0pkaURhbVRRVlZLMENDYWY0SjNzSF82WTMzUFgyVElYdlRhX1ExM3JzeUlMb3JFVUxTRXJTYTliZTlablBWb2psLUhmNWFjUDh2WDdkOUJpN0NQMENkWFRoNG16X2w1X3dJYUJfQzlKR1lqMzExS0ZkNDBlQlBiYlA0TUlNR2R4dHJOaktnSjRQckRwNkl6OGdpdXNObU0?oc=5,0.0,neutral
2026-08-04,2026-08-07,JNJ,Johnson & Johnson sets Sept. 9 live webcast of fireside chat - stocktitan.net,stocktitan.net,https://news.google.com/rss/articles/CBMiuwFBVV95cUxQclBJRE8zVGpCQ3RmZXAtQXczUVlnTHFnekxPd0ZVd2lFWnF0eFFSM00tN29OdFpBVDFYdU1OQm81QWtMclFldmtmMGVxZ0lJX0ZsQk9VeTBVZVcwLWtZZUdTTkx3RVc1TzRDVVhHMjFzNEt1cVpqQ0tFYmRjVlZtNUVQb2d3MDByUjFwQXZ0M3BFem5TWFJzb2VBR01qLUEyRy1GNmEyY3Uzc0xWZUNXUjBabC1Ccm9wMTUw?oc=5,0.0,neutral
2026-08-04,2026-08-07,JNJ,Jennifer Taubert to Retire After More Than 21 Years at Johnson & Johnson - stocktitan.net,stocktitan.net,https://news.google.com/rss/articles/CBMitwFBVV95cUxNYWZNeHpySUV0cmMtbjV4MmczNFFrU1ZYZ0pkaURhbVRRVlZLMENDYWY0SjNzSF82WTMzUFgyVElYdlRhX1ExM3JzeUlMb3JFVUxTRXJTYTliZTlablBWb2psLUhmNWFjUDh2WDdkOUJpN0NQMENkWFRoNG16X2w1X3dJYUJfQzlKR1lqMzExS0ZkNDBlQlBiYlA0TUlNR2R4dHJOaktnSjRQckRwNkl6OGdpdXNObU0?oc=5,0.0,neutral
2026-08-05,2026-08-05,JNJ,Johnson & Johnson (JNJ) Picks Tom Cavanaugh As Jennifer Taubert Plans 2026 Retirement - simplywall.st,simplywall.st,https://news.google.com/rss/articles/CBMi3gFBVV95cUxQbE13UmgzZXZfTE9tcWdTeVFCcDVKVzR6SDZheDl0VlRxLXl6bkxwUVlhOURDd3dzYWlmNmp6YUdJblladUxmR2VZQUpGeVJaalZMeS1leXBCTDcwSW9SYWdZSXJwS05icXFKT3dQdHdOVU1RZlBPUG94NEFBOHp2NXVFVmpDU2ZzYlRXam1WSFo1Mk9NNDZaWE5HYkstdjRlMTRCeG54OVhrYUpwOUU0T3pjZ0JFTVNuRTBXakhiLUItTU9CR2laSUFvVFl6TmpfZGRHbUViUWtjYWNoVXfSAeMBQVVfeXFMT1c5b3lyYVRqeWtpRi1ZVWw3cnJkYzJ4UXF3YWNXYkJfSjRWRVQ5clk1NVh1bUs4VDd6Wmg5VVl1dzZQWXFrY3RXa0JBSjRnbnlkWGxTTkNlNzFiSEhtc3A4NG5xWlVlQmNyZ2k2bDNEN2RpX0JCUU03eWUzOTZrRHFsOW1zWlh0VTZrSEhSeGtTbk1hbHYxVERkWUhkRTRacDJNUzdXbklRZXhKWHpfTWRiNXZRMVh0dlJBbFkxLWxyMm1zNGxKT2dpTG9WbWxGOFBOTXdMSm5NVEY0bmtmcmh1ekk?oc=5,0.0,neutral
2026-08-05,2026-08-06,JNJ,Johnson & Johnson (JNJ) outlines potential NYSE stock sale in Form 144 - Stock Titan,Stock Titan,https://news.google.com/rss/articles/CBMilgFBVV95cUxQTmxqWmdtczg1YXdBeE5QbUljRjBzQTNsbWFBOU14eWxDaWVtbkhPc3F6Vy1aVUJCVFhkdTVYS2c1Q201c21YZTQtek9hYVBaMHR1RXlhOEh3elFhZDN1QUs5UU43MVBobDRlcXo1d1ZjU3lUWVBTS2hPNEN0eU1QSC0xdEVzVVZibjcxLWUyeUR3d0xWX1E?oc=5,0.0,neutral
2026-08-05,2026-08-07,JNJ,JNJ Stock Advances After Hours On $5.5B Proposal To Resolve Talc Litigation - Stocktwits,Stocktwits,https://news.google.com/rss/articles/CBMi1gFBVV95cUxOM0g2eE5NWm1VMzNoLU5IbmVsbk1IVEhVWWZaOXBBbGEzZ1AtOXllblFGQXhoTDVwMjZkRFBVc1p2RGF2ejdSWDFSRDV6QjNrWUxCY3NYQ2hyYjdwR3dtU1p2TjhuVnhOQ2Z0cnJITm92end6WHozZUZOWURzSDJjSkllRXVqSHU2YXUtTU4zelhVNC1jZF9zNlQyaS1XekFjOEhHbUdrWHZBWUdtd0VLTS1XalFTT2NVbDh1NV9jOUpJTWdVUlhlRmpWU2FFeE0xcFhRekxR?oc=5,0.2023,positive
2026-08-05,2026-08-07,JNJ,Johnson & Johnson (JNJ) outlines potential NYSE stock sale in Form 144 - stocktitan.net,stocktitan.net,https://news.google.com/rss/articles/CBMilgFBVV95cUxQTmxqWmdtczg1YXdBeE5QbUljRjBzQTNsbWFBOU14eWxDaWVtbkhPc3F6Vy1aVUJCVFhkdTVYS2c1Q201c21YZTQtek9hYVBaMHR1RXlhOEh3elFhZDN1QUs5UU43MVBobDRlcXo1d1ZjU3lUWVBTS2hPNEN0eU1QSC0xdEVzVVZibjcxLWUyeUR3d0xWX1E?oc=5,0.0,neutral
2026-08-05,2026-08-10,JNJ,Johnson & Johnson (JNJ) Could Be 10% Overvalued Following Leadership Change - Yahoo Finance,Yahoo Finance,https://news.google.com/rss/articles/CBMimAFBVV95cUxNNjQ2YkhhZ0RFdkFidTBfUDVpUWxFMUlJTU84UmNrZXczUThxOUYxckdsM0pYdGJhenAzYjJfVFJiSndMNmVYSVJLVFhYTHpTOVVFUzBndk1RMEZMakpiS05KZlhLZ2ZMSVQzQzR4VW12bEVRMEVOU0ZCRThudGdwYkt4bXdJWXgyMmJyT2s2UEtoMUJnRTZLag?oc=5,0.0,neutral
2026-08-06,2026-08-07,JNJ,"Johnson & Johnson (JNJ) holder files to sell 15,918 shares worth $4.09M - stocktitan.net",stocktitan.net,https://news.google.com/rss/articles/CBMilgFBVV95cUxOOU5Cb1diYWJreWdnQThtbVAyblNPZFM4b3hwSmdMQm1UdWVlbGRkenVyenpFODVMVUdKcTdEbEZHd21UcVJWWng4RDFLbmQyWWdVdUNJVHZRaWFKQjVmR1pCeExfMGtvUEJXWVFjUWNCUHZWUEV1VmRMeTVqOFJFRk9jZHF3OVV5X2pOdEpDcjUtTHg2S2c?oc=5,0.4767,positive
2026-08-06,2026-08-07,JNJ,Should Johnson & Johnson’s (JNJ) Leadership Shift in Innovative Medicine Require Action From Investors? - simplywall.st,simplywall.st,https://news.google.com/rss/articles/CBMi5AFBVV95cUxPMEVfM3NjNHBvTHY4ZXlENHpmdWh0VzZMMmdSWDE0emRJVUpGVlJGUFMtY0ZiaTNyaE00VG9SZ2VQQ3NxalBXekpaN2gtVkhYR2pvdjlybU1FNlhSRDZ4dlpFU1VlV2sybjdYOElETkNCWkJBb3ltWTV2NzU5eU1oZTVSdHZHb3h2eU5WZU5TWlcyWV8tdHRjS0h3Vk5uNVp3TFFKZG1RVXFxMzgtRUlvdGpoVVFKUzVLS3BReHhPQm51b092Z2dnNHMzSTNuU1ZYZ0NYNVhRMTlRazNPLTEwRnl2LXTSAeQBQVVfeXFMTzBFXzNzYzRwb0x2OGV5RDR6ZnVodFc2TDJnUlgxNHpkSVVKRlZSRlBTLWNGYmkzcmhNNFRvUmdlUENzcWpQV3pKWjdoLVZIWEdqb3Y5cm1NRTZYUkQ2eHZaRVNVZVdrMm43WDhJRE5DQlpCQW95bVk1djc1OXlNaGU1UnR2R294dnlOVmVOU1pXMllfLXR0Y0tId1ZObjVad0xRSmRtUVVxcTM4LUVJb3RqaFVRSlM1S0twUXh4T0JudW9PdmdnZzRzM0kzblNWWGdDWDVYUTE5UWszTy0xMEZ5di10?oc=5,0.4404,positive
2026-08-06,2026-08-07,JNJ,Johnson & Johnson (JNJ) details $798.7M across 15 positions in latest 13F - stocktitan.net,stocktitan.net,https://news.google.com/rss/articles/CBMimgFBVV95cUxNSUhNVW5DOXhlSlZpR2hlRk1MdlNVMW1FZWRiNGs4RjJoVU5RRTM1YXd6U3Vhd2hyenZXVGVFdUxJamdzR0FDaWRmLVVwOVlvMV9lTjVaaGxWazNVSndLSk5YaHZsMWhhYUhCYlZpSTdqVzdkZXM4eE43SmNpMnl3MWVQbEJlX1RDVDJLaVUtWHFvSVAwRUowRm1R?oc=5,0.0,neutral
2026-08-06,2026-08-10,JNJ,"Johnson & Johnson (JNJ) holder files to sell 15,918 shares worth $4.09M - Stock Titan",Stock Titan,https://news.google.com/rss/articles/CBMilgFBVV95cUxOOU5Cb1diYWJreWdnQThtbVAyblNPZFM4b3hwSmdMQm1UdWVlbGRkenVyenpFODVMVUdKcTdEbEZHd21UcVJWWng4RDFLbmQyWWdVdUNJVHZRaWFKQjVmR1pCeExfMGtvUEJXWVFjUWNCUHZWUEV1VmRMeTVqOFJFRk9jZHF3OVV5X2pOdEpDcjUtTHg2S2c?oc=5,0.4767,positive
2026-08-06,2026-08-10,JNJ,Johnson & Johnson (JNJ) Stock forecasts - Yahoo Finance Australia,Yahoo Finance Australia,https://news.google.com/rss/articles/CBMijAFBVV95cUxQUVdoU1JQdDh2R1pac2JObkFvOWltU0xnczV6Zmg5NDkxRDBZbjBhcmFPVHJBbXZ0Qlg2QlhrRGZjbmkwUVVWeUw5MjduVEpZSlhSempYS1RqME1PMzNIaVlubGZtZUU5dGkzeWFRS0NZb0Rxd2l6a2RWNzh5LVhUNk9rbDI2S3VVcHlBWQ?oc=5,0.0,neutral
2026-08-07,2026-08-10,JNJ,JNJ Stock Advances After Hours On $5.5B Proposal To Resolve Talc Litigation - Stocktwits,Stocktwits,https://news.google.com/rss/articles/CBMi1gFBVV95cUxOM0g2eE5NWm1VMzNoLU5IbmVsbk1IVEhVWWZaOXBBbGEzZ1AtOXllblFGQXhoTDVwMjZkRFBVc1p2RGF2ejdSWDFSRDV6QjNrWUxCY3NYQ2hyYjdwR3dtU1p2TjhuVnhOQ2Z0cnJITm92end6WHozZUZOWURzSDJjSkllRXVqSHU2YXUtTU4zelhVNC1jZF9zNlQyaS1XekFjOEhHbUdrWHZBWUdtd0VLTS1XalFTT2NVbDh1NV9jOUpJTWdVUlhlRmpWU2FFeE0xcFhRekxR?oc=5,0.2023,positive
2026-08-07,2026-08-10,JNJ,Is Johnson & Johnson (JNJ) Fully Valued On Darzalex Royalty Strength? - simplywall.st,simplywall.st,https://news.google.com/rss/articles/CBMi3wFBVV95cUxQUGFEWkg0aHg0X2NyUmlrYV9tSGVYSU54SXNTcll6N3FEMVhseXlGRlN0Qmk0RG85VlRjSWRZcWpKeE8yWVFDcEk0RkNWM3JKaEdSYVc5WFp2eVBXUzdzMjJHdjdneFd2cEZVX1FGUTFwamV4dVR0d1BRT2EyM3JOT2htWXNVaW5DRG1UTC13S0t3SUVXQ0lySk9CZ3h3RUpEejdEb2xKd2JZUVhkaWtEYTZuUDJOamd0STBGaFMtS2VSWmRMQm51Z2x4Mmd4TVFaYmV6LS11UVNTSjlsSGxJ0gHkAUFVX3lxTE9ZQk1KbUV6QVNGVThZT1d0bERJQzR4Zk9od3VSMnJpT1pxaEttS1gzUFhNLWhqdmJUVzdtdVlIMHU4eWJfVTM2OXlrR2hKOVlPTTZYaXI4aHZWa2Y5cVRpZlRwajY0QmppWDhrbm5qU0w3SzJJYm9WMm1sMld4cTFncVdmRklKM2YzclVhUUhnMElXa1Rhbll2V0tLYmlPZmc2QVlxcFk5cVVRbWhWLU5nSFQ5TVlSR1h5eEV1d0Q0Y0VJUWg1eUx4aUt5NjRXNHc1S0Vfc05MXzFsOGREREo3eElqSQ?oc=5,0.7501,positive
2026-08-07,2026-08-10,JNJ,"JNJ Aug 2026 230.000 call (JNJ260807C00230000) stock price, news, quote and history - Yahoo Finance UK",Yahoo Finance UK,https://news.google.com/rss/articles/CBMiZEFVX3lxTE5iNGFvLWRLQnZZN0ZjZmFYNHVKb19BWm9MYlpJV1k4Y3ExTVkyeDRHa3dKU2FNMUF3RFljaDRaQUtPTUlZS0RxN3BfdlNXVVN6V3hNOF85M3Vsa0xwWnJwVkpXLXM?oc=5,0.0,neutral
2026-08-08,2026-08-10,JNJ,J&J CEO Duato sells $12.5m in company stock - Investing.com,Investing.com,https://news.google.com/rss/articles/CBMiswFBVV95cUxNNF9HUVpwYnlUdmNNbGR1eWs1Vi1HOFZLYUZ5UGtDd1ZWX014S0hnZ1pDNUhPWEtIUTM3Z0dFVHdtbmwtdkFuMWFxRnBQQW9CUW1mUmdXeXZYVjlJaUlPcm1ZSXppeEFJUW5qQUhvamZvT3ZEdEw5dzBXZ092eGZQX1BSNF9iS2ZkXzJvMDZoMXh2WDcweUpRWlh4VTRIWkxmMW45eDdLaFI2SkJrR2NoV1g5TQ?oc=5,0.0,neutral
2026-08-08,2026-08-11,JNJ,"Why PG, JNJ, and KO Could Surprise Investors Next Year - Yahoo Finance",Yahoo Finance,https://news.google.com/rss/articles/CBMijAFBVV95cUxNaTBOMVNnWlVoNWR3NzFEdjJnMm1NTmpvSnhEdUFwRWM0VlV2Nk1vWWtxUE5qdEFUUWhHclFwWkpqaDhPU05DSjhWc2pmcDhOcW90Vlp1T2taLXZYVFFoMUlQM2dHSHhQS0FBQkwxYTRsd3BIa296dFpyNzNyTnU3blJRMklKMndYdVZ4QQ?oc=5,0.2732,positive
2026-08-09,2026-08-10,JNJ,Johnson & Johnson (JNJ) Stock Looks Cheap On Cash Flow Yet Pricey On Earnings - simplywall.st,simplywall.st,https://news.google.com/rss/articles/CBMi5AFBVV95cUxPYXp6NzE4N1FqQ1lRd1JDNVUxM2g3MlZSQTZObmlRNHBTNDB3UldUS1JfX0t2bW5NQ2dIQ091N0stNzlGZXJ5X0w1N2o1Rmo3WlNDcnh0ZmFTTW1uV1BrZTUwRlR6VHloVTdhQjI4NzVNU0ptVnp5SVFNVUhJWVJtQzdvaE56cGYyVXFRd2lOT0dpRmJuVG9TMnVabS1YUDRHT2hKT2xrUHFub2V4cGVrYUhRRnJHQXBaVWxxVzI5bHNrTzhWTWkxMHl6N0oxQkJLdHFFakU2UFgtb1VnM1EyUVRFVFPSAeQBQVVfeXFMT2F6ejcxODdRakNZUXdSQzVVMTNoNzJWUkE2Tm5pUTRwUzQwd1JXVEtSX19Ldm1uTUNnSENPdTdLLTc5RmVyeV9MNTdqNUZqN1pTQ3J4dGZhU01tbldQa2U1MEZUelR5aFU3YUIyODc1TVNKbVZ6eUlRTVVISVlSbUM3b2hOenBmMlVxUXdpTk9HaUZiblRvUzJ1Wm0tWFA0R09oSk9sa1Bxbm9leHBla2FIUUZyR0FwWlVscVcyOWxza084Vk1pMTB5ejdKMUJCS3RxRWpFNlBYLW9VZzNRMlFURVRT?oc=5,0.0,neutral
2026-08-09,2026-08-11,JNJ,Johnson & Johnson $JNJ Shares Acquired by Sax Wealth Advisors LLC - MarketBeat,MarketBeat,https://news.google.com/rss/articles/CBMiwAFBVV95cUxPend6NmxNX0hGOU0wMjF5WmwzY1JPX0lpeHByanJQeXE1dGR4RzdqQktUdURCOFhjSFJjUEpPVUN6dk1WZEhyWmhnNVNrdU5ZakM3Unk3eGRfSkdzVXZPcnFLWU95TTBjRWdMT1k1NUxSNHpLbmh0SzRuVVRfRGVvMzhEcXRnMVB5ZVBDZFJlMjRTdExaWFNlZmpWcXZ1U2tHbmNRaV9FVmk5WVQ5dGRkTERJXy1ESEVHZnQ0NkxSVGE?oc=5,0.6597,positive
2026-08-10,2026-08-10,JNJ,This Insider Has Just Sold Shares In Johnson & Johnson - simplywall.st,simplywall.st,https://news.google.com/rss/articles/CBMi1wFBVV95cUxQajJtbzE0MVVwdEU4TTVYYTBNVnZxUEZ4dkVvWWdoc0MtNThHVUNkdlY0Vzh6MmVmY0gyRG14THRVMDZkX21uY1FlcTUzdVNaX1dxSEN1elM3Ym80ampoem9mQ1Nqc21GYW1YRTVQSDdiQXM1LVhpYWlOajRIQ2ZzVVAyd1hoaU5yMTc4MnRqNEEwaERERG5XYUJjZG5uVlg1RFV0SlhBeTQ5SGxIYUszVUpVRnB4enZqQlFfLThIelBsQUlMTktCbldmSXRSTnpDMkpPaW5FQdIB3AFBVV95cUxQcTctMFhIaWU4czVvbjN1UmcyLWpxZGt4Ty1qMkR6U3pRNEFHZllzNERMXzdPVzMtVWJscTRxVjVWYnNSNjhGdVA3dENObF85bzJQNGc5R2hYLVYwbzBlWmIzVTJpVlVkZ2MzcV9wYkN6WUJiSWdMNGMzTmpZSkxvaXNSSVAzQllwbUF1QjRRcXU2SC1wdDdwcDUzZ2hVNThRXzBYMzhKNmFLLVFSOFYyVHNya05rZU9TdklDUXFRRmRZODhXdGhtajdPR1o0bjRXZklzUHR4eUxTMXRU?oc=5,0.296,positive
2026-08-10,2026-08-11,JNJ,Watch Johnson & Johnson’s Healthcare Conference Chat Sept. 14 - Stock Titan,Stock Titan,https://news.google.com/rss/articles/CBMiugFBVV95cUxPMlBleUJLV3NEWDc1ZUFtSV9kOXZxQ3h3Vl8zLVJ2UVFqOENuaEsxUFVPZGpmcnlDX1pKUmVBX0lxZFJtLTl6Sy1Wem9TbHltdXkydXlBdHlKTmdtbzF0OGxyMngzNHVPc09LRF93MTB1MFkxZURtWEhPUFJKeHVkRzVsOHV3M0ZYdVJ5UENMTTZYYndBYVhFQmZXQlpDMUE0TWtrcE05R3dFNVlHLUtBekdEWkNBd0h5b2c?oc=5,0.0,neutral
2026-08-10,2026-08-11,JNJ,Johnson & Johnson (NYSE:JNJ) Shares Steady at High Levels Even After 5.5% Earnings Revision - ts2.tech,ts2.tech,https://news.google.com/rss/articles/CBMiqgFBVV95cUxOUklzS3VHakVBbFdEVkRSUnowd2VkSlIzMzl0RUxCc1FDZ01CQV9oRGNBMVBkS285YXcyUU5INTM1WXVMMGtydXczVVRwZkV6czRQSm01VnRoSmFURVdmY0pfclY0NnNhRVB3cDhSYmMzeE9VcER1MFBta1ZnQlk5NkZNb1ZCRVU3YjBjWHNFOGlCV2VCR0xES2E1RklWY2M4UzdQc3luWHZmUQ?oc=5,0.296,positive
2026-08-10,2026-08-11,JNJ,140-year-old Dividend King eyes bold update to unlock new growth - thestreet.com,thestreet.com,https://news.google.com/rss/articles/CBMixAFBVV95cUxQZ0oyclFKUm5ON1dsdHR1aGNHZVpDNVBNSG93SldIUkRYWEE2NzdYVm5qMVJPQndjU3VaS2xUeUZnSGtvTGVJY3gtRGpCVkhtNWV3bEd3aHJHamZUa3U2NDByLTg3Wmtza1Y3SF9DNHM1c256TW9sM3B0T3p5NWFQbmdXTWl3QVZ0cjh0bDJBdkhKS3RQRHdOS3c2RE02STJHSmh1bl9OSldsbzBpTHZ3MWtlQjd4QVlsaVBkVjJMeDc5dUFy?oc=5,0.6369,positive
2026-08-10,2026-08-11,JNJ,Jim Cramer Highlights Pharmaceutical Giants as Non-Tech Innovation Plays Like JNJ and LLY - Yahoo Finance,Yahoo Finance,https://news.google.com/rss/articles/CBMipwFBVV95cUxPVnllRlpaemxhdUYwalpmcUNSMnZPeEZaSmJ4UHFWM1l2emQ0Qlk2UG1kbnl6NnlVMDJWd21mNzdaLVZHeFQ2bzNHQzBpdHNwZEhfdFctV2tWNEJ3emxIcS1Yd2ppTnhIblNjSlNtRmdNRjFtLU5STGh4ZTV2TmFQaHdfMmxhMlhIXzdjdGw4ZXJCbUNkREkxTHpKencxR2liOHRZWGxDRQ?oc=5,0.7269,positive
2026-08-10,2026-08-11,JNJ,5 Stocks the Market Rewarded After Strong Earnings Results - MarketBeat,MarketBeat,https://news.google.com/rss/articles/CBMimwFBVV95cUxQMkoxaktzZXUxZlZvN1I5aUk1amNGRUlDZXFRMHdqSlZIYzJFMG45OHBaSkxJdHdqOXJxYnBxUlNHOFNqN0RvcnJsQzJRcGNHaXdtdVByVzV1QmFGbElHTVEtaTJxN0tqNGdobXNUR081Z3Q5S290Qi1JUTNzUGk1aEZxdUdoZ3lIMTM0dmJ4Tm5hamF5MWZYNmxoaw?oc=5,0.7579,positive
2026-08-10,2026-08-12,JNJ,Johnson & Johnson (JNJ) Stock Analysis: Evaluating Its 5.11% Potential Upside - DirectorsTalk Interviews,DirectorsTalk Interviews,https://news.google.com/rss/articles/CBMivwFBVV95cUxOai1WVE9ncE9Zbm5UcXlBaGN1RGNLeVhORWxmU245Mm5TNGhxMjJ0Ui1yY2JaeUhTY0R6cW01XzZvRFZVcVFDQnVqUml0M2owTUoyZnpyX1lLTmFoRzJWcndFSmtSeVNvalNZR0VJSGZrRl9kRTdkaExWdmZiaENHMHRFQldLZEZweVhWX0VSRHplQ2xxTkhhak1aT1hadUpCdWNNUWNsdFN0QmlTajRMYTRvNVpTUzRwOHNWSDUxRQ?oc=5,0.0,neutral
2026-08-10,2026-08-13,JNJ,Johnson & Johnson vs. Medtronic: Which Healthcare Stock Is Better Positioned After Earnings? - Yahoo Finance,Yahoo Finance,https://news.google.com/rss/articles/CBMiogFBVV95cUxNYmI2cGZfb3FoZTc3X1QxamMzMTREYkZoOEc4NmpGdXpqeWw5YVRVLTNSckxqT3BBYlF1VHpSRFluOEFZMXd5NlpaV3VvLWJ2N3FGQkRQNjdMX2R4ZWRTLUsyQ3lrUUVsMVBwWjhGNlpRVzV5eDJOWm5nZlZDZUl2QXhyVFNmVXlhdFQ0aW94R0VMTnVVdDlndV9QV1lrTU1BU3c?oc=5,0.4404,positive
2026-08-11,2026-08-11,JNJ,Handelsbanken Fonder AB Increases Position in Johnson & Johnson $JNJ - MarketBeat,MarketBeat,https://news.google.com/rss/articles/CBMixAFBVV95cUxNNjVLUGgwbzlsLXZReWVSWXk4STdxNGFLakVSMEhkcXJTTGpubzN1ZmMweWcwX25MVFdVOTNEZkEySENocm1ocTg1TFZiREV3akVNN0x3UE1ZTWVjWFItMkJMV0EzWlB6TUdOM0NUc210VG12cUJ1dUZuTXdZM2FhRHEzWjdPVmVqLWZpeHZlcFlhck5HQXpHX21PYWNsSXpYSDFqWjBYWGlHN1lneUt3Nk1uVjBkTjRUWE0yVG4yTFQ5V3Rz?oc=5,0.0,neutral
2026-08-11,2026-08-11,JNJ,Revolve Wealth Partners LLC Has $3.05 Million Stock Position in Johnson & Johnson $JNJ - MarketBeat,MarketBeat,https://news.google.com/rss/articles/CBMi2gFBVV95cUxOajVKMG14RnFlMS1oSENVNlN6ZUFrVElDU2ZCR0VCSXBtM3lLb1BUZmxwSWMtQUNtZy1DRHRhelgwSmY4MXN1QTg4QklwNExGWjh6bDdpeVhKVFNrcnIwTm9zaDYzUGtoMzRiX2RhYlBObmNZUkFRVl9meVJZWFRVUVZVZFI4ZkJRTzF0Ym51U3FsdXRKd3ZiNDN5UnM5V19OQXc5c2tZMUhxal9BeS1GT2o4NGlWa3Fta29DWDJrU2xrdVBPOE05TGp1bHdJQnhabUNBc1hoZm1DZw?oc=5,0.4939,positive
2026-08-11,2026-08-11,JNJ,Constitution Capital LLC Has $8.08 Million Position in Johnson & Johnson $JNJ - MarketBeat,MarketBeat,https://news.google.com/rss/articles/CBMizgFBVV95cUxPZ1BOQnBwYklMZzZIWXd3ZEFod1Nld0llbHFqUXZObWU2T1c0SWYzTDdXNkVoYzgteXQ2eHR2clZWbXFXWndxRmF3UmlIa1FyT1dEWUVPTDJGUGFSYmdreTBiNlFqd0JaUjNOcmlOT0diQnItQmVCYkZCcVQ4UWVQMkVXaXRWWkd5YnJpR25KdjB0SldYdlVSVEx5V21Jb2xJc1NqWVpMbDdTLUpxQ2hFd2JhUmt0MUZqdDd1Vmcwdi1pb2k4TWxVcVlNX2xZUQ?oc=5,0.0,neutral
2026-08-11,2026-08-12,JNJ,JNJ Keeps Climbing. Should You Climb On? - Trefis,Trefis,https://news.google.com/rss/articles/CBMinwFBVV95cUxQRU5iQUdLNTdVbzZObFZXNFZWdExpTW85Qk50QnI0VmxUWEFVM1N6TTItaUxoNXdVdWhCdEg2cm9yZmdGN1I5Zk9GS0tzemRkekk4MWpPbkN2V2MzUjVqRjNhSnd4S2s3LVZMME1yZTQ2a2ZQNmN2TEl3SGFobUJuSlM2OUIyTW85dEJjYlg1Q09WR0owdGE4SVVxZGNQZmM?oc=5,0.0,neutral
2026-08-11,2026-08-12,JNJ,"J&J Trading Above 200- & 50-Day SMAs: Buy, Sell or Hold the Stock? - Yahoo Finance",Yahoo Finance,https://news.google.com/rss/articles/CBMijwFBVV95cUxPWHhjVlVWWXJGREtFdEVmaXJOX05SbUhabUJrNXBlODF4MFNSZ1YzWEx6SkJlaHlVa2lQX2J3R1R0XzVZaS16Xzc5YnFzbkIzSC1EQ29pNUpKQkFfV3MxMnF1bnVidHhneGdRYXhuNWxpeVZtWXhpanFrck9lRGxpUU9hLVY0R0xJaWlfMGJ2WQ?oc=5,0.0,neutral
2026-08-11,2026-08-12,JNJ,"Johnson & Johnson Nearing 52-Week High: Buy, Sell or Hold? - 24/7 Wall St.",24/7 Wall St.,https://news.google.com/rss/articles/CBMingFBVV95cUxPdlE4ZXBuTnVTYTR0el9WYVVMaDFRTm5ldDdkRk9reDF6VlJDRUpyVktDRzF0ZDBManFPYmJvblA0WjFXUTFhRE9HN01tZHJuMmE0T2ZUSUlpZld3RXRpNHVraDZKWnJvUk9SUlV2YmNHbFFqYlRPb1ZsSkI2S3hybUc5SjNqa1NMWU9waFExSG8wXzY5U2FOdENnUXVZQQ?oc=5,0.0,neutral
2026-08-11,2026-08-12,JNJ,Does Johnson & Johnson Stock Have More Upside? - Trefis,Trefis,https://news.google.com/rss/articles/CBMiswFBVV95cUxPeTZQRUR3ME1WaUJ4NTA2emdWX3pFVWpGenRBdDRXVDRNbmtKcGhoMVNWWWNKcDhEVzlvMmpCWHdEVzZocjZWeU9LMm4xUkZEdjAxZGo0ZmlUVU41LVFrZFZwaU05WTBEcEY0bnFqSTBxUXdZN05DN2RhYl9jTUVpTTFIRk1pOXFYZlVzeUhVSGlCbTljbTdLajNLRFJPazhmZ0x1aXVINWNaNkJlNFdfRTIyOA?oc=5,0.0,neutral
2026-08-11,2026-08-12,JNJ,"JNJ Aug 2026 140.000 call (JNJ260814C00140000) stock price, news, quote and history - Yahoo Finance UK",Yahoo Finance UK,https://news.google.com/rss/articles/CBMiZEFVX3lxTE1keDdhRnFHdENhYWJKcjV2cW1ZLUNOVmduYTdvT2c0aG1KQWtmY0dPMFRzQV94aHJ5b19CYzdvajgyUHBZaG05dmYyYmJkcDZTNndFRFQ3djhzTUg1cElTNEZtTkk?oc=5,0.0,neutral
2026-08-11,2026-08-12,JNJ,"JNJ Aug 2026 262.500 put (JNJ260814P00262500) stock price, news, quote and history - Yahoo Finance UK",Yahoo Finance UK,https://news.google.com/rss/articles/CBMiZEFVX3lxTE92UHBEWlZTOVdrOFdyWjBleGlrUFJGNVNVMWJub3JkTVY5R1lSZTExS3laem9FXzUybFYwaXVqUi1CTjY3VU5rY1lGbnZXWHotNXFLZkd4ejRmTEFNOTlYenRTckk?oc=5,0.0,neutral
2026-08-11,2026-08-12,JNJ,"JNJ Sep 2026 200.000 call (JNJ260904C00200000) stock price, news, quote and history - Yahoo Finance UK",Yahoo Finance UK,https://news.google.com/rss/articles/CBMiZEFVX3lxTFBlWUVDM3VKOFNxYnU3N2lNNmU0ZTF0RzhXbVo0cGo5LUlVWGgxc3MweVF1eXVnSkRBYVJJZ0NNUVhJdldlV2xobkp4UTI0MkItYXRVZzdzQ0w3eldWMFhkcWJ1X1Y?oc=5,0.0,neutral
2026-08-11,2026-08-12,JNJ,JNJ Sep 2026 200.000 call (JNJ260904C00200000) interactive stock chart - Yahoo Finance UK,Yahoo Finance UK,https://news.google.com/rss/articles/CBMibEFVX3lxTFBsQWZnT2w4cjFVaVVPR0ptTHFUc3ZFc1FFZmZYa2YxQks2MVhNemhiaWFYcDQ4QXJQNkZCZjJDQ19JUnVCQ0VQRksyOXFMQUllR2xnNWRKT1VEZmZBT3BUcVVCQ2VWbnhkSlhPaw?oc=5,0.0,neutral
2026-08-11,2026-08-13,JNJ,"J&J Trading Above 200- & 50-Day SMAs: Buy, Sell or Hold the Stock? - TradingView",TradingView,https://news.google.com/rss/articles/CBMitwFBVV95cUxObVp4RzVNdUxKMF9PdDZUUHgta1NWc1BYZlFtaV9DTmFXYnFrZ0ZNaDduR3E5dVBqQ1BxNUF5SEp0SDlnbEdUWjRacUxpNWRUZEpRaGdqZ183N0JjVlBpX2k0NThMeGNocW0tSjh1MVJMU21YM3ZzSkc1MzkyRVZ6MmxwQS1Fd0c1VEttODl6TzUyTV9FVHg4N0xNcnlfR0NBVTlKNUxBTzhvN2FUVWkyZ25fWFh6RDA?oc=5,0.0,neutral
2026-08-12,2026-08-12,JNJ,"Annex Advisory Services LLC Sells 5,431 Shares of Johnson & Johnson $JNJ - MarketBeat",MarketBeat,https://news.google.com/rss/articles/CBMiyAFBVV95cUxPUlh1LXNGTnNNYzE2WVU2RjNtS2UxVWdjaFdzdXU3eTY0azdrLVZ0Ul9STmVDOW9zaTJPMVZreVdkQWs4V1NwSk1fMkNWSkVJNXotd3dGY0o2VzV4Um41TF9UNWE4S1ZNb3dBaGZfUTEwMXFOZ2k5ZFJOS19HcElHYXpQbExkVldXNFE3WFNjblJsSzQ5VnM3LVRFRml3Q3c4TFFIS25PQ05FaGtBSVJxTXpGZDQ2MWFyMkdvYWJpdlRGSU5ZUDhHRg?oc=5,0.296,positive
2026-08-12,2026-08-12,JNJ,Diversified Management Inc. Lowers Stock Holdings in Johnson & Johnson $JNJ - MarketBeat,MarketBeat,https://news.google.com/rss/articles/CBMizAFBVV95cUxOc2NRNVVVWDE5SmR2M09HTmJOamhteENPY3YtSWRJbHMwU3NMcno3ZUZ5V0ZxVE54R2M4MzZjZzNERjVRdU1RRGhGZHR0aXk5cGkxNkFFLVZUYzNjeW9wUld2R1ZsSHZGMzVabXlrT0l4SENfdjJmaVkybW1CdjZibjFWU1hxZWl4bXhZSWwzU2ZudV9LTFA3azhYY01NcXpXZzNwWV9YTTJEbmxlN2NrQ2N5TnNQMXdDSE5UOFp6Um4yZ3RiVlRkNVowekI?oc=5,-0.128,negative
2026-08-12,2026-08-13,JNJ,"JNJ Mar 2027 125.000 call (JNJ270319C00125000) stock price, news, quote and history - Yahoo Finance UK",Yahoo Finance UK,https://news.google.com/rss/articles/CBMiZEFVX3lxTE1tbXR5bjNkMmVPQlJJZE1WNkhxWkh4aUxwSnN4YmE4bl9MOEFOcnNPNUdfRzJkcTZSYTR6SXFrakMxVy1hOTNKY3J2ZnNNZ0FTUTBxYXROd3Zwbk9ZZ004czV0dHE?oc=5,0.0,neutral
2026-08-12,2026-08-13,JNJ,"JNJ Aug 2026 330.000 call (JNJ260821C00330000) stock price, news, quote and history - Yahoo Finance Singapore",Yahoo Finance Singapore,https://news.google.com/rss/articles/CBMiZEFVX3lxTE5ndGNiTVV4bENzci1lUnlxVmlUaGgxczZ4bXJyY2dTTWJsVmFkenZ4UnNESXh3SVd6bVA3WkNTc0hJZF94Wm1RVE9EVThnZkpCeXdQTUNtUTNZUm1oMGxyaWdSLXc?oc=5,0.0,neutral
2026-08-12,2026-08-13,JNJ,Johnson & Johnson (JNJ) Advances Seltorexant In Major Depressive Disorder - simplywall.st,simplywall.st,https://news.google.com/rss/articles/CBMi5AFBVV95cUxOM05jMjZyajBGZkNhRlJVUnROemU1R3l0aHZoR3lUR3NMWlVqRWJxek0wUURlQkZwR3lWdkJ1WF9yR2NoYjVpeGpvcUhOX2d2cGJpNEhvdXF2QXJMOVc3dzJwM0RIMVhOSW5jREM3T3ZvRllGeERHSFFnWWZjbE9aWTduZElxazc4Zi1lbkN4TjBxVkRHT2xGUDhCYUpNV0FSczdOQksyYWpNZkhrWlhjM2tzOFdSWUx0X2tYeUItNTZPbnlSM25OZHNOWDBveDJMWld6RVVxTnJsaDJIaXgySkhqVE_SAeQBQVVfeXFMTjNOYzI2cmowRmZDYUZSVVJ0TnplNUd5dGh2aEd5VEdzTFpVakVicXpNMFFEZUJGcEd5VnZCdVhfckdjaGI1aXhqb3FITl9ndnBiaTRIb3VxdkFyTDlXN3cycDNESDFYTkluY0RDN092b0ZZRnhER0hRZ1lmY2xPWlk3bmRJcWs3OGYtZW5DeE4wcVZER09sRlA4QmFKTVdBUnM3TkJLMmFqTWZIa1pYYzNrczhXUllMdF9rWHlCLTU2T255UjNuTmRzTlgwb3gyTFpXekVVcU5ybGgySGl4MkpIalRP?oc=5,-0.707,negative
2026-08-13,2026-08-13,JNJ,"Guardian Investment Management Sells 8,922 Shares of Johnson & Johnson $JNJ - MarketBeat",MarketBeat,https://news.google.com/rss/articles/CBMizAFBVV95cUxQZTkwR1ptd2tGOGtlZzZvMHNZeUxBVkxmTGVVRUZfU3FlYXF5T200N2pGNHJydDlHUU0yV0xoUWppMlJ3OWczZzVtSXM5REpNcGJrN3ljcVdsSVBENVUzd0hZVGJsQ1pKRFRfVFJkM1lwS2JWeVlqSlliOFB5c0hCZmdOX053YjBVNVpYRTRLNjVmNnJfUFJTT3Zud29rQVhRUDJFVC0xajRPY3dsZm5nWXAxZmlpSzFza3hfbU1SdDFudmVWVmJjWFJJR1I?oc=5,0.296,positive
2026-08-13,2026-08-13,JNJ,Prevail Innovative Wealth Advisors LLC Boosts Position in Johnson & Johnson $JNJ - MarketBeat,MarketBeat,https://news.google.com/rss/articles/CBMi1AFBVV95cUxNUERYN3ZfQWY1c1BqeG9JdS1NTTVHWkFSclFhUnFINEZJVWkxb1JsVkZkbzlXVDVNaUk0QXhDWGYxWG0xZTduZ2lxSkNkY0h5YWVkTXZ6dXM4ZEFtbE1na0NCY1NabFFMd1h4dFo0aUtfakcyMk5XS0ptTXRpVXZNNk5zMDhXckp1eWxwQWFRRE12M2hOX3o4VS1yejdlU3Y5VHhhai12ZnNfcVdabG9HZXByMkxSdGg3YmVhWEpNNXBWa1ZoTjBJOGtFVUhVQ2tCcW1QSQ?oc=5,0.8126,positive
2026-08-13,2026-08-13,JNJ,Moody Lynn Lieberson & Walker LLC Boosts Stake in Johnson & Johnson $JNJ - MarketBeat,MarketBeat,https://news.google.com/rss/articles/CBMixwFBVV95cUxQWk5ucGdnaUVNQ25sZmFJR2tZTGtpWElYMDdVUmF0MlF1QXZmRl9BTGtmYVRvUEtXck1hckx2dkhJRkMxa204V2wxZzFNWFFkQ2ZNLVIyaElUS25Hem4tbHVWaXlhRldZWXJTN1lBTE51ZGxoWTNCU1FzN2VVUWV1RW4zU0ZIMTdrQ24zQlZHQjFndlJGbUNXQjAyb1dUZE9FbDF6YnJuWW1FdUlTUUtiZkxpVzVSeGdES3dVQnduc0dvQnNTaWJB?oc=5,-0.0516,negative
2026-08-13,2026-08-14,JNJ,Johnson & Johnson (JNJ)’s $5.5B Talc Settlement: Turning Point or Temporary Relief? - Yahoo Finance,Yahoo Finance,https://news.google.com/rss/articles/CBMijgFBVV95cUxNT04xZkRsN2Fzc0RyZjhuNkkyMldRajJaRDc4bURiT0hWWElCcWpiQl9UcXRpOXNhUDA4eEdTUHFGZnlucHVKQU9SdkQwX3VWaEcwOTFGbXNBUFZleDBZNjNCekdrODVjVEpVODRMWUNWUHYyZkpHVTlnOHFEOGxlanNiNDh0Vkdybzh0Y1Vn?oc=5,0.4767,positive
2026-08-13,2026-08-14,JNJ,JNJ Stock Advances After Hours On $5.5B Proposal To Resolve Talc Litigation - Stocktwits,Stocktwits,https://news.google.com/rss/articles/CBMi1gFBVV95cUxOM0g2eE5NWm1VMzNoLU5IbmVsbk1IVEhVWWZaOXBBbGEzZ1AtOXllblFGQXhoTDVwMjZkRFBVc1p2RGF2ejdSWDFSRDV6QjNrWUxCY3NYQ2hyYjdwR3dtU1p2TjhuVnhOQ2Z0cnJITm92end6WHozZUZOWURzSDJjSkllRXVqSHU2YXUtTU4zelhVNC1jZF9zNlQyaS1XekFjOEhHbUdrWHZBWUdtd0VLTS1XalFTT2NVbDh1NV9jOUpJTWdVUlhlRmpWU2FFeE0xcFhRekxR?oc=5,0.2023,positive
2026-08-13,2026-08-14,JNJ,"Johnson & Johnson (JNJ) insider Duato plans sale of 123,291 shares - Stock Titan",Stock Titan,https://news.google.com/rss/articles/CBMilgFBVV95cUxPOGY1Z0tpay1keXJ6aFA1X1FPUXhlWk9Dc1NDVmkybGhJVnFlM2VEZXlDRTdpeTdPOUFtajI5NVNUVHVJcHM4cUphZXhEOUp0cVV4Q01tNGVLV3BUSmg2YjJFbkF3ZG9wYkE5Y1ZGcV9ya3hvN243UjJBaXdTWGc4TkdtSGkwVDloU0xpT1NHTVZxQ3pPQ0E?oc=5,0.296,positive
2026-08-13,2026-08-14,JNJ,What Johnson & Johnson (JNJ)'s Leadership Shift and Cancer Drug Priority Review Mean For Shareholders - simplywall.st,simplywall.st,https://news.google.com/rss/articles/CBMi5AFBVV95cUxQeHNhc3dVS0NYeThRbmFBemt2MlFINE1xcFpTNnJMYVg1VjBodVdnWUs0SW5RT1pPOXlXWC1WSkVXYk1udmFHS2IxUGhmMm1SRkcyUDJtUk5BSldIVWFvZlFNMUg4bklrMkMwUlVQQU9RX0RIR2h5dHZuUVdtNThNM3pfcHFhWEdMcGdNVW5XUWNXLXRrSlR0VHQ5eDNxbFUzWEZwVU9BV0ZNZW9PZmw1UUtGREJlYnFPUmlBT0dwN0FySHM0TGplMmxPaHowMlRNMXdzVVlWVXRlbDhBdnR0QUdaZHjSAeQBQVVfeXFMUHhzYXN3VUtDWHk4UW5hQXprdjJRSDRNcXBaUzZyTGFYNVYwaHVXZ1lLNEluUU9aTzl5V1gtVkpFV2JNbnZhR0tiMVBoZjJtUkZHMlAybVJOQUpXSFVhb2ZRTTFIOG5JazJDMFJVUEFPUV9ESEdoeXR2blFXbTU4TTN6X3BxYVhHTHBnTVVuV1FjVy10a0pUdFR0OXgzcWxVM1hGcFVPQVdGTWVvT2ZsNVFLRkRCZWJxT1JpQU9HcDdBckhzNExqZTJsT2h6MDJUTTF3c1VZVlV0ZWw4QXZ0dEFHWmR4?oc=5,-0.6597,negative
2026-08-13,2026-08-14,JNJ,"Johnson & Johnson Has Increased Its Dividend for 64 Consecutive Years. Here's How Much $10,000 Invested Pays Annually. - The Globe and Mail",The Globe and Mail,https://news.google.com/rss/articles/CBMioAJBVV95cUxNazVWNGNYc0wtQlNPVTVGQmxxMmJPY095dldVdzhIVjBBenZyZFN1cG9kalZHakpyTjRsZ2xVSlJCSGdDNzFLWlA1ZVYxZ21sU0FQZWZPbnhsY2ZNRnRETTZJWGZ0dHQxUUhTb0dUNUVDbTI4WkJLSElEX1pMUWlDTVpYaWdtTXlWSVVRSmNHMmlKUGc0MXZrMkxSUEpDQ256eXU4TUdTNjczdDhaV3hVenpBWHctaWtCUlBYSjY3YmlGa1FlV2docHJTbTczLXU2OEVZeHVXX29la0FIZ0hFeWIzSjd3T3lTODU5RHBfZ1AxQkJZZ21HcDlTU3RNWGppeFNfeGxhZjljcTU5YlZIWnN3d2JKXzk0b2xjNl9oenE?oc=5,0.2732,positive
2026-08-13,2026-08-14,JNJ,JNJ Jun 2027 340.000 call (JNJ270617C00340000) interactive stock chart - Yahoo Finance UK,Yahoo Finance UK,https://news.google.com/rss/articles/CBMibEFVX3lxTE9fazhrM2hvS1BLaExGZmduNS1ZRTV6VlhqVUlpVlRkN0JOR1U4OTRDeUg5LXRpRUdaV0VMbkMwcElXYlRJQ2lYY2cyajd5RWVxd1ZzcExxT2J1cGFGanZOVFdUbzJtLXVCVG0wUQ?oc=5,0.0,neutral
2026-08-14,2026-08-14,JNJ,Johnson & Johnson $JNJ Stock Holdings Decreased by Gateway Investment Advisers LLC - MarketBeat,MarketBeat,https://news.google.com/rss/articles/CBMi1wFBVV95cUxPbjVjRGU0TTVSQ2ZIcThzRFA1UVdkUHN4ZGRYNzZPVHZ6akJBM1FnUFdTWlo4MXdiYVp0S3d5OEtid1FnR2NIMm9oRE5kRjdSM0FMaFlBd1R5dV9vYi1JUURuVW92YTJjTmZYREY1R0ZDR09nT3A1Qy1wYml2dU1kVEsxVU9JcGc2V3ZkSnA3QkFPbVVTcG1fZV9rRk42SjUwLXZueThmWlFfSGNrTFdlOEkxSklnN1A5VXM1UTRmRjVCd0pvTkY2NzMweVRNSkNYN0lXRGhtSQ?oc=5,0.0,neutral
2026-08-14,2026-08-14,JNJ,Johnson & Johnson $JNJ Shares Bought by Interchange Capital Partners LLC - MarketBeat,MarketBeat,https://news.google.com/rss/articles/CBMiygFBVV95cUxNR1lHUi1HWnpHUFRjZU90ZEhZX2dHNXpPX1ZjQktvZ01qZWdyejh2ZTVBWEhwVDJucy12eEJkYlhkYnEwYWRub2xaOGVVV0U5SXJxa2JxQ0JpZFdxdHN1ZExkNkcza2QzVHFQMmZ0V1pTTVRsb0VicGRDcGxjNDlrd0Vldk1rYVpCQy1GMW84UmtPRU1tN2tCVUlyZnJ6cWZ2SFhXZUxpaVp2NkpFSjVWcFI0TEZQWnJYSlpldW5lZ3dZWWtQb2ppb1ln?oc=5,0.296,positive
2026-08-14,2026-08-14,JNJ,"17,243 Shares in Johnson & Johnson $JNJ Bought by Thomasville National Bank - MarketBeat",MarketBeat,https://news.google.com/rss/articles/CBMizAFBVV95cUxNNDgwdXdkU01vaC1mOGtHSGY4a2txOW9vYXk3bFowSlVWRVhhRk9ZbVNFTWJhZVBLS2dVbXoyYmxONi1iWkZ5Uk5KblY3ZTFLRy16TVpsaXlXS2NGOG9Pb3VYMDBHQlZXU2V4NU54N1gwZjBSd1RHeFFFeUxqZVdLVFhUUmpqa0NiOTNrLTlaRU5Eb0F2ZkdURUJiSFF1bkdxVUNVLUw1V09sNnE2NzVjYVljaDVzVHZQYm9fOUtKOUN3M1B0bVp0ZUh1Q0U?oc=5,0.296,positive
2026-08-14,2026-08-14,JNJ,Merit Financial Group LLC Has $53.25 Million Stock Position in Johnson & Johnson $JNJ - MarketBeat,MarketBeat,https://news.google.com/rss/articles/CBMi2AFBVV95cUxNRUZTSTM4YnBCVHo5dEVPY3lzYVo1M29wbmZsd0NUYTRjMVBmeEpvQ3U3R1BfczdvdkdaSmVVMl9ES1lha1FWSGgzb2hOZDZTRDBfTldMMk5KV0xSNWRybDg1SXJQajZKWUl6LXpXRDBHaXBGWWdLMm9JTDhJcmpoXzlkaGowSExtU0NQNzdiUDh1bl9Sby1ueHdVVkNyUWgwUFBvcUpWTFUzYk1lenR2QzdVbUxGdk9tUEY5RXgyMWxGMlU0UzFHOEltSmg4eXQ3R25MMkRLSEI?oc=5,0.4215,positive
2026-08-14,2026-08-17,JNJ,Johnson & Johnson (JNJ) Stock Looks Cheap On Cash Flow But Rich On Earnings - Yahoo Finance,Yahoo Finance,https://news.google.com/rss/articles/CBMinAFBVV95cUxOdVlmS3V0aWdMRzk2c2EwZXdvU1NNVUZEOW9YVEdsenZqakx5bi1yQUhTbzBjdTFfWHM4cVh3NkZqb3dsbkhhZXYtdGpNZTVBRGQ5OHlmSWNyR0FCMTNNcXdpcDZVdlFoY1d2cjQ1OVNVa2N4NEpvVFYwWFpfaVU0UTQ2dkpuUEstYkRJVWpwWE5KYTAwMEhTeXZWbno?oc=5,0.7096,positive
2026-08-14,2026-08-17,JNJ,Why Is Johnson & Johnson (JNJ) Up 4.8% Since Last Earnings Report? - sg.finance.yahoo.com,sg.finance.yahoo.com,https://news.google.com/rss/articles/CBMif0FVX3lxTE40VGRsRUJUVEtid1YxV204NVJnN0dDU3ZDdERPRGlaOC1PZjYzMGJaSjBtdUZsUzU1RXpuSm15empReldkcS0wYVo4Q1RtLXRzeThPNVRidDZ3OXFQdkNKd1o2dTlha1R0Vi1fU2dhRG9sREFvTk5LOHFPdVc1TWM?oc=5,0.0,neutral
2026-08-15,2026-08-17,JNJ,JNJ Stock Advances After Hours On $5.5B Proposal To Resolve Talc Litigation - Stocktwits,Stocktwits,https://news.google.com/rss/articles/CBMi1gFBVV95cUxOM0g2eE5NWm1VMzNoLU5IbmVsbk1IVEhVWWZaOXBBbGEzZ1AtOXllblFGQXhoTDVwMjZkRFBVc1p2RGF2ejdSWDFSRDV6QjNrWUxCY3NYQ2hyYjdwR3dtU1p2TjhuVnhOQ2Z0cnJITm92end6WHozZUZOWURzSDJjSkllRXVqSHU2YXUtTU4zelhVNC1jZF9zNlQyaS1XekFjOEhHbUdrWHZBWUdtd0VLTS1XalFTT2NVbDh1NV9jOUpJTWdVUlhlRmpWU2FFeE0xcFhRekxR?oc=5,0.2023,positive
2026-08-15,2026-08-17,JNJ,"Johnson & Johnson: Quality, But It Doesn't Deserve A Mid-20s Multiple Right Now - Seeking Alpha",Seeking Alpha,https://news.google.com/rss/articles/CBMisgFBVV95cUxQM0xtbDNYSVBKSlZ3MnBFUm9yNjFFbUVwdXFHRlU4VzdHRXJhbC1lSFRQQl9jM24yTlVkbFV0WXRzLVhTRk1US3BXU1N3ckVQSEQ1b3RhVzVqM0UyeXNnSllfaTFVTTViTl84cENBZWVrelVXbUhDTzIxcG50VnhodlFCR3BPZ3ZnXzV1QWJmOWU0OVhkdjRNR0lBWVlVRTRLdThkZ0FTOFBmZi0wbG9ZTzFR?oc=5,0.0,neutral
2026-08-15,2026-08-17,JNJ,"Envestnet Portfolio Solutions Inc. Sells 6,962 Shares of Johnson & Johnson $JNJ - MarketBeat",MarketBeat,https://news.google.com/rss/articles/CBMi0AFBVV95cUxOcG04R09WUmFPYUtYNVZnOFJ1aV9tYWdsMndXWm9FdE01SGQ4SWxxdm5wLURnX0tYRWwxc21WWDRtQjFMNVhNU3BJT0Q0c0tIVnZ5Zm5jQzNlXzNobGZNMnFwV2xKeERhTDRNMnlMWE1EMXZWUnpUbmo0cHZnZFNKbWFUYzc1UlBBOHdrMnk3UFA1RmctZmE5OE94NU9tU0VRNjN3X0FPQVMzVjhzMERaT0F6enhJbVFYLTNsdlp4dTU2VmVpZUQwLUtwbXJkSF9P?oc=5,0.4404,positive
2026-08-16,2026-08-17,JNJ,"Sterling Investment Management LLC Has $369,000 Stake in Johnson & Johnson $JNJ - MarketBeat",MarketBeat,https://news.google.com/rss/articles/CBMi0AFBVV95cUxQcVByd09jRDlURDA5TUF3Nm9fR1JMdmNSWFpKQ19jVG1qN0c3YUVoUGd1akxwODhQLTFLOG5LQTMtYVE3X1JXUjFGVkhrZXJHR3pMR2g3dDNXdl9mY3N6Y2NvcXNFQWV4ekEtN2xnbTBWQ2IzSXNucGp2WHNfU2VRNUlYWjNCNERFR0gtRDVaLUcxRVVfQ0lZOXZ6a3NtLThlUGFkUHhGRnVkU2VpX2hFSXRZNy16ekZVcnZHT1F4ZDg3X0JDVVpYS1ZjdWdIem1T?oc=5,0.0,neutral
2026-08-17,2026-08-17,JNJ,Johnson & Johnson (JNJ) Stock Could Trade Below Fair Value While Earnings Look Rich - simplywall.st,simplywall.st,https://news.google.com/rss/articles/CBMi3wFBVV95cUxQbURLWFRUZENsUjdGOHJUZHJlMk9KZDJCX21fbVViNGJSQmZrUTR3MExXeHlrd3VrTDhFbE1BVWt5Z1ZvVkJISkVwbUVhNlIxNHNpd2M5eXRLVDBRVFpqaVhkSlcza2FEdFZWVXJIeXJ1OUxwaHl0YVZSMkROTWpPUlVZMWljY19FRFRwRDE5RDdfUzRTX1VtcDRDOHF6YzNZaV8wSEtLZXhZbWhyeklrcFhaekhMQWF6ck1TTnltT1BMdU1ucDlyQlQ1LUJqOHAzXzAyMHdCcU5oTmNZT1Fr0gHkAUFVX3lxTE9uMDFrb252RDRraWpkM3JGNFFuWDVFSGFwNjg5X3VhWVhQVFFfcDJMRXdkdkFvRGtBVmp3bGtIM0lpVGRoSGhHTkNUT2dESnFPT1pfTmJ3dXV4WW9uZ3FxX0pNTXM2eFdTeEh1STI0QTU2RS1nTi1Bc3lEY3plQkxySS16cVBQTmdDVGtrdl9BVURFcVhnVGtxYzN0NkU5djIzNTBxVHQxNTZvUmRtY18wQmh0d2pWSHJFTkc5WVYwMC1TMnNScTZlVVJKRTVUYkFxeW5rQ1dTRWRodl93d1dzNE43ag?oc=5,0.8074,positive
2026-08-17,2026-08-17,JNJ,Johnson & Johnson (NYSE:JNJ): A Dividend Quality Standout - ChartMill,ChartMill,https://news.google.com/rss/articles/CBMipAFBVV95cUxNc1BOcHcxY19nTG9xZlZEY0wxbk0xMmJqbzY3c2l4czQ4bWpra2F3Mk5lb2dmWmFpYzJVeVpwazFWZjg0eHNSYk0xMGMzU1c1U21JNlEzc3hxT2pDaHp0Wk53a21RYThJUXEwcHZXZFpRdFAtb09JT1FPeGVlQTd6XzR3ZnVTdktaTWNOTVF3OTBaRDM1cjRVTWY3ZWxxNnllSk1PUQ?oc=5,0.0,neutral
2026-08-17,2026-08-17,JNJ,Exchange Traded Concepts LLC Raises Stock Holdings in Johnson & Johnson $JNJ - MarketBeat,MarketBeat,https://news.google.com/rss/articles/CBMizwFBVV95cUxONnltMlkxam94LXlNaERkTlZRX2p5WVlyQ3JKeU1hTEtyR0hUNWRjT2tieG56WlRTYVpvVDB0TlFZMHJOWlVsNTJCbmpCbkFoZjBRV2RReHdBRTVRMC1RWkRXV0FPdWplZmpNa2s3eUpSUWZIM0l2MzR2VFB2SWp5TGtqMGM5TjZNZXpUTU1oRHNrUVd0UVY2dlRwaHF6VUl1ZzZUaTVZT29rcVN1clRkallPZGJnWnQ3Wm45R0N1QUJ6V3JMdkVhUEN0LTFDeEk?oc=5,0.0,neutral
2026-08-17,2026-08-17,JNJ,Confluence Wealth Services Inc. Raises Stock Position in Johnson & Johnson $JNJ - MarketBeat,MarketBeat,https://news.google.com/rss/articles/CBMi0gFBVV95cUxNWHYxeVkzbmdnYWZQTC1RYm9MLVdRU3dnMkRZYjV3QnNCdnNlSFV2dl8td3c1b0J3c2gzcXZVLUJ1aktwcWlJMXUyTHNqSFJLeTI3bXBLTEhkRUF4UFdvS01BYy1hbmtEZjZvOFlGNUw3dDdoYWE5RGVjdklsc3EyVW1SSV9YeUxPWDJDb05Ub3dhRzhhbDBNWGVIQTR6cm5UbWhTOHoyTV9jWVExb1YzTkxxUm1XQmk3VEFkeVlCSVVBeGdSOFU5eU1PM01NTGowWHc?oc=5,0.4939,positive
2026-08-17,2026-08-17,JNJ,Johnson & Johnson $JNJ is Premier Fund Managers Ltd's 8th Largest Position - MarketBeat,MarketBeat,https://news.google.com/rss/articles/CBMiywFBVV95cUxNZndSbXFUT1hXaXlvSG03OS13VFdQdzRTcU1OQzFQckc4QmQzTVM3c29HSXJSS0xGY0dCNEFZZUduLTlpQkJFNXlzQ1A3eVpxemZ2ZnhlNE1iTVhsQWwxQXVOZ3ZyZHlENWlUTW9DMHg1VEVrajU3alRBbkJjaG5rSVhfcF96cDRLQ243MjJ5SWI2MFh5MkU3VFlyZm1UZ3pRTkVMbzZ6STlmTWtPeGExT0ZIVXFUM0NMUzJMSy1OSHZ3bkNtdjNBaVdzUQ?oc=5,0.0,neutral
2026-08-17,2026-08-17,JNJ,Mirae Asset Global Investments Co. Ltd. Grows Stake in Johnson & Johnson $JNJ - MarketBeat,MarketBeat,https://news.google.com/rss/articles/CBMizgFBVV95cUxOSWVxR3gxaGJmeHk0RWRmdW9WVnJ5OFdac0NobTJwOGJTU2x2MVY4T25SOHRkcTZWSjhDcGRQZTQ0LWFlZm90SXU1RmVwR2E3US12S1lRR24tdnNtNjVzVkU0VEVpT05mdjFIdmZwMFFEc1lEaC12UmhuUDhPWG92aHNzbFBacVh6UWRzVmdvZDc3c1RJVEhUUnFlNTJLV2FIUDZwbURrd29vWW5Fbm93aTFLX2NGb1Q4V0VybTlYQ2I3SnJFYXBFM2Z3VlBjQQ?oc=5,0.3612,positive
