published,fetched_at,ticker,title,source,link,sentiment,sentiment_label
2026-05-28,2026-07-01,JPM,JPMorgan Chase Stock: Is JPM Outperforming the Financial Sector? - Yahoo Finance,Yahoo Finance,https://news.google.com/rss/articles/CBMipgFBVV95cUxPUTB2QUVaaEVYTm1ocjVSbkQtZzN6Qkd6WGVqcGdJTlg3ZlpvNVRNNkxaQXVlTWJIaWZocDlFN3JYWjhTWjNfZW1YbDlGUU4xUF9yYTY5MUU4TGgxbHZDRmNuczZ0cTVEZjZuc3hYVmRnMllhZjJ1SzVGc3FodHRzMnFGbkxPZEVvVWNHR2QyN0FhQnNGQUQ1aVNVMXBMN28zWFNXSFZn?oc=5,0.0,neutral
2026-06-03,2026-06-29,JPM,Assessing JPMorgan Chase (JPM) Valuation After Recent Share Price Consolidation - Yahoo Finance,Yahoo Finance,https://news.google.com/rss/articles/CBMipgFBVV95cUxPUG5kZ2RNNkgydWR5M29mM1hTSXpxaGU4anZOQzJzcVo3M1pxdXN0QjJPVll6U2pVUjl2YUFyb2hYLTBNaTVsYUpKa1ZvR2FnMEFMR0ZsRFJQQ3NsWGhWYi1Bb3QzN09Qa2JycW5KemhMT0hhZG40VllwTjNRN082THptSjUtckpuNTZYLVdfUzlKc3o0S2RZNUQtZVRwRXFub3RpaW1R?oc=5,0.296,positive
2026-06-05,2026-07-01,JPM,JPMorgan Chase & Co. (JPM) Is a Trending Stock: Facts to Know Before Betting on It - Yahoo Finance,Yahoo Finance,https://news.google.com/rss/articles/CBMimwFBVV95cUxONERVWnp4dEh1WXBMZ29uUlNRSGE4eHAtWFIzNC1JV1NNVC1maXRmWEI3ZVVhQ2JEVmpzc3V4dmtzNXpNNmJqMWI3WUw1YnpJbEFkYUo2bE5EQlFRYXAxN3l5aDRwbHJaMzlXVlR4RVlIRTU5OGo2X3FoSWd5emFfQVhNOXE2ZHB1SlBGVWhqUTBmODB6NC1BM0cxMA?oc=5,0.0,neutral
2026-06-10,2026-06-25,JPM,JPMorgan Chase & Co. (JPM) Stock Moves -1.12%: What You Should Know - Yahoo Finance,Yahoo Finance,https://news.google.com/rss/articles/CBMilwFBVV95cUxPTThDUkVJdk1tSEEyY1JoUHJsQ2ZEOFlaOW96TkxKYjdWLVFya1dfcWdxSV9XV0w1Z0VKMlFCUWZPTDF2TEJRZjk4aG1ydGI0VUIyVWRfMktzVHRXcV9xNUl6dW03ZkZ5UFNiRXB1bVBwOEFWeDloWWFpNkJadHhWajV5YzNYUWs4TG1ETm1SaDN4cllnYjJN?oc=5,0.0,neutral
2026-06-11,2026-07-06,JPM,One of Wall Street’s Highest-Quality Stocks Is Becoming More Interesting - Morningstar,Morningstar,https://news.google.com/rss/articles/CBMisgFBVV95cUxPVUtZUlBhN1NhNUJMdkViZ3VKRVVqeDBjOF9aMVItbW5xM1E3aHBMcUtuS2ZDeXl3VDBpRlhwZ2hDdlB2c1JpNUd4TU9EckphZmhMQnkxLTNxQVpPQXNPZTQ0bUF3VXMyUkoyWlBaam52MXFwSC1veEtzcXpOSkhIRW5kVVY1WFdjQjhQWlZ5eDdKamw0NkY0cTJHZmszVTZjOW5HWkxmTDkyeUVzNXBzQUtB?oc=5,0.4576,positive
2026-06-12,2026-06-26,JPM,The IPO Wave Is Historic. So Is Today’s Market. - J.P. Morgan,J.P. Morgan,https://news.google.com/rss/articles/CBMiwAFBVV95cUxNM19WWEhGWjQ3akRnWXdVY3FvWExYNkZHWFFSQTlfX0lzMUVCOHFBMGFXV3cySWJxM1dLbTNtdU1BVE1DVTZCNFB5QTN1UEs1VUJkWVdSZEUzbWttT2hBRTNGdGhjZElWSWFjS0puVjdSZ0tabXExY0dJbll0X2FhVHdOdTl3WGxqS2U1VmNiWm10U3NSVjR0UWg5MGY2VlBxNnVtd19UNXMxVDFrSk9yVUlwcjVzVWFucDV3OGxPR20?oc=5,0.0,neutral
2026-06-12,2026-07-01,JPM,Should You Buy JPMorgan Chase & Co. (JPM)? - Yahoo Finance,Yahoo Finance,https://news.google.com/rss/articles/CBMilAFBVV95cUxNcDBGdXlYVzVPTDFZX3pCQU83LU5acGs3U053QVJ5Q3ZrYlFyb0o1WkdGUVpZcm9sQmNwYVM3N1lOZ21SdGs5X2RVbWUwUUlweUFrMmJmTDUyRTdCTU1LRzhUNDFWUEM0ZmtNRUhZY3ZVLU94LUd5NDlqUUR5MG52cy01ZjdZUFF4VmFSTzZCVHViMzFs?oc=5,0.0,neutral
2026-06-16,2026-06-29,JPM,JPMorgan Chase (JPM) Stock After 25% Yearly Gain Is The Price Still Reasonable - Yahoo Finance,Yahoo Finance,https://news.google.com/rss/articles/CBMilwFBVV95cUxPVmRrWHIwUFpFbUwtaXB4R01xNno2TU81MUJwT3hzLXdJdEFiaEhxRzlXTTBWTEljZEhYOUZKbmtULXNseEFheUNwUHphTEtMcVoyQlFVWHh0aGJpbnFJcEN2S3JLcHh4em5MOUJkYVFjamVlX2RMb0pqazNyZUtCTnpINDJ2bEI5bWdXQjRqVFlWeVB3MEdR?oc=5,0.5267,positive
2026-06-16,2026-06-30,JPM,Why JPMorgan Chase Topped the Market on Tuesday - Yahoo Finance,Yahoo Finance,https://news.google.com/rss/articles/CBMingFBVV95cUxNdC1SV013UHBmMDJ5bjl3N09QelRJZHpyWmVfN2tEenU1eFZNYXRxeDV4Y2FSMjJ5d3R0LU5tNGoxR09ZLXlnTHhJRDRQczRHRUM1RC1SaUg4VmMzYVRNVHJOUGVIdG5JRF9FaVBZRkVzUWFPZnFmRXlrOC10YzlwT1hHNVkyZ3l2cndYSEdTb25naU90TmJUM0R0YWxZZw?oc=5,0.0,neutral
2026-06-17,2026-06-29,JPM,JPMorgan Chase (JPM) Stock Could Be 23% Below Fair Value After Europe Digital Bank Push - Yahoo Finance,Yahoo Finance,https://news.google.com/rss/articles/CBMimwFBVV95cUxNeGd3NzFULXo3S0NXNFdsTlhuR2FyOTJwaDNfS3FVRk5ETUpURXVYT2l5YmsyQ2Y5emtfM3p6N1ZKR3RCeGxqU1lxM082Y2MxUmh3VDhCNXItZjUzS01wUmwyOHBoZHFDYUxKYjNkeDBoQmFUcG5kcWdWVTZZT1RTSUNDNTFXTkg2eU1tN0d4cnNmUEhBY21ZTnV3Zw?oc=5,0.5719,positive
2026-06-18,2026-06-30,JPM,JPMorgan Chase & Co. (JPM) Stock Sinks As Market Gains: Here's Why - Yahoo! Finance Canada,Yahoo! Finance Canada,https://news.google.com/rss/articles/CBMiggFBVV95cUxOMmNLc1J4UWN4WGd5RjZDemxaSjJ1YzRtOUw5bE5ibXZDTVdBUDdDdnlXcElSQWE5Qk82WTAzbDdLc2lkLUJsSHJBcmZzUnJLMnhpaFJTZF8yeERDWVZ4TDRRWTFRWnNEU2ROWUtZeUVuQnlfMW1iRDE1TmowcnBYekVB?oc=5,0.4003,positive
2026-06-18,2026-07-06,JPM,JPMorgan Chase & Co. (JPM) Stock Sinks As Market Gains: Here's Why - Yahoo Finance,Yahoo Finance,https://news.google.com/rss/articles/CBMilwFBVV95cUxNaExvUkwwWVVZbmdFY2VrTERGc2NwS0xLX3lhNkVWZFA0LTdLQTZESERCeVpDWVBFRUNJYXdOX1BkazhNMzFycVZXZm9rTjRTTUVhMmROZlBQeU9hR2g5TjFYV0taV1hvTnBfMjV4TXRGYjRRR09jWHFhUmVQb0llRl9Jal83X2dRSXZ4ajdYaGp0MWxXcEZj?oc=5,0.34,positive
2026-06-21,2026-06-25,JPM,JPMorgan Chase (JPM) Stock Weighs Excess Returns Against Premium P/E Valuation - simplywall.st,simplywall.st,https://news.google.com/rss/articles/CBMixgFBVV95cUxNcEZtdDVCVHFFamlKNnJ3ZlRXc3R6a0UwTW1XVWFBeG9lYTRZbWNGMTBWbFFkWnhsM2lwR2tiZ21SMGlIcVBrdEpBNS13c3FadG4wQ1BZWWhNSi16YmJTeWF2Yms3SW85ZUQ4VHlfbUM2MGl2VEhnOE5oblFYUVJILURmWjlPLXZFLW14ZXJoSlpjbksyamUxTmpaNmVNb1M3ZE1EcHY4cGhiX1NMeC1FcVFBZjVXdVZ2RkZKT0RZQXRiNFFST1HSAcsBQVVfeXFMT0J3WF92Nzg3MF9WWVlsSjNkSXRjR21HX3VVNWkwdGlfNHp2aVUzN29MQVJDYk1VMjh0SkRJaU5zNjN1Ukl2V2NwSlpvS1lVNFlQcXUxNlR5dEtHZm9mRURNXzN1WFdrZ0ZvTWFIQkJoMUJBdEkzeEVHcy1kMmJZUkNpSlA1Y1dEQmxnbWUzdUJPSU1fMlFRY1JhVmlfQjdYbFc1SENtUG5MZXJZZkJYV3Z3WFpsWXRTV0Fna1NlQUZCOFdHTkhWNVhLZzA?oc=5,0.0,neutral
2026-06-22,2026-06-24,JPM,One of Wall Street’s Highest-Quality Stocks Is Becoming More Interesting - Morningstar,Morningstar,https://news.google.com/rss/articles/CBMisgFBVV95cUxPVUtZUlBhN1NhNUJMdkViZ3VKRVVqeDBjOF9aMVItbW5xM1E3aHBMcUtuS2ZDeXl3VDBpRlhwZ2hDdlB2c1JpNUd4TU9EckphZmhMQnkxLTNxQVpPQXNPZTQ0bUF3VXMyUkoyWlBaam52MXFwSC1veEtzcXpOSkhIRW5kVVY1WFdjQjhQWlZ5eDdKamw0NkY0cTJHZmszVTZjOW5HWkxmTDkyeUVzNXBzQUtB?oc=5,0.4576,positive
2026-06-23,2026-06-24,JPM,Here is why JPMorgan Chase (JPM) Is Among the Cheapest Jim Cramer Stocks to Invest In - Yahoo Finance,Yahoo Finance,https://news.google.com/rss/articles/CBMimAFBVV95cUxNM0hUa0VQSDVqTmtFaHcxdUtwMlY5LVl6djhjZFlFY3laUXJkYXNKR1dBeGdfNG5xMk5sWHEtc00xM21iMUlCOExmYUpKdTdENFpPZWJBUk9PaUNBYW1rRmVCbE1Dc1lXRmxocGVmZ1ltak1Vck1rSTZIN3VhSlhSTEJFZGRTYnlvRFhMa2dvT2NnZjlrRVl3eA?oc=5,0.0,neutral
2026-06-23,2026-06-24,JPM,JPMorgan Chase (JPM) Stock Could Be 1.9% Undervalued After Rising Investor Optimism - simplywall.st,simplywall.st,https://news.google.com/rss/articles/CBMixgFBVV95cUxQaWJLd09hRWRlZElndFlHem80Q2lKUVAwNGVzMS1ZUklSYXhXY2ZQZmthLWVISEc1SzljZ1hrbGVjVzZyM3VVaS15eS1VaFF4WVhMVDNYSHNZaGtGUllacy04RXdwWTR2eUVGYzBiTFJwcEtIRlJldGl1dnp4dmhfZWFpRHd5NkNmZ19uVTFFRzUwT2FvM1Q0bzU5dkZtWDNPVjdrUDFiTWg4aVdXRENHQmhJZldpUndTdHRFT1dSckhZT1kxc1HSAcsBQVVfeXFMTTgwbGtIbEFOVUNySlR0b2dIdEZ5THlwblRkX2o4NGhVTUsxZWZLbjNqTWNpU2E4aXhqS1h5RnpQWVZIWm5sb1A3M0xjR2QzUVgtbFhpNmM0OTZleWU4ZjlFNFhLalc4MnNRYmlDUlFtb3dxNUg3NS1VOWhNU0tQbm5qT1ZFcHpvMEc0Ri1NZW8tYWRoNnVUVkxoejByblUtNG84UExsMDVwR25mMFpieHh6RkNtb0JYdVlsMTNMR0pCVVNuNngxdDJ2akU?oc=5,0.5423,positive
2026-06-23,2026-06-26,JPM,JPMorgan: The Problem Of Earning Too Much (NYSE:JPM) - Seeking Alpha,Seeking Alpha,https://news.google.com/rss/articles/CBMiiAFBVV95cUxOaTRJY1J3UklRcUlqWWhqMzNtbjA3R1lvZDBTUVJCN3ZyQWlsTDRGTFRydjRrblE5aUFzOVNxS3pTY1JGU3pSVDJHdkJEY2s2RzlFSzZKSV9PYzBmcEpPQkNBZUJRM1d6M3dHNThqZWdSTXdtQTBLaWM3WnZCd0NUTG1CR1ZENUx2?oc=5,-0.4019,negative
2026-06-24,2026-06-24,JPM,"JPMorgan, Wells Fargo, other big banks plan dividend increases, stock buybacks (JPM:NYSE) - Seeking Alpha",Seeking Alpha,https://news.google.com/rss/articles/CBMiswFBVV95cUxOWDVmd3U4RG5UZkxHelp1Z0ZEUXduWEVrbEg3R1c2ejNTekRXeEhNRko1dGgyWVRtTUVJOWw2cndCaTVEUFN2a3NLc2FYSmtGVzQ3Z3JFZDY4dHJ4TEJNSlgyMkVWbnJpNW9rcHl1RHEwZF9QWTI2TVZUNDRvZ3N1eDZ3Z0NRUDFFaHZtY2N5dDI0bU1HMk93aWgxT3psMWxfZUVOeE0yamZjMHJXaHdfUEpmOA?oc=5,0.25,positive
2026-06-24,2026-06-24,JPM,Here’s Why JPMorgan (JPM) is Among the 10 All-Time High Stocks with Legs to Rally Further - Yahoo Finance,Yahoo Finance,https://news.google.com/rss/articles/CBMilAFBVV95cUxNYVJDeU5pTnZ6ZlQwbFg5cnF1TWRCZ3ozaEJlem5YSURJYk9NV0taZm9lWDc2R242ZVEwYzZmZkt6SVd2X3ZEdmYyWWpxX0lyeWdqWDlJbVBnUmo2QV9jVE5RSmVkdF9TOW80LW1MbXpWWVY0YkNBcDdZZUE1RkRxRmVsZVhrV3pxZU1fQzFmcmd0MGtK?oc=5,0.0,neutral
2026-06-24,2026-06-24,JPM,"After-Hours Stock Movers: MU, WDC, SNDK, QCOM, JPM - Investing.com",Investing.com,https://news.google.com/rss/articles/CBMiqwFBVV95cUxQOGZ0R0w5T0Q4a0k2dVc5bk1nT3AtNW9JQ1hfVU54WllZUUlzdndMb3lmcC1iMFVtRlZYM1pPU2lybHRkQXRoMkdUM0RqRUNzbXdQQlBLZjlfaEJQSFBSQjNTQ2dZUXFOeWRiYWtqT3pCb3kzOWVQQ2tZWE5ZX3dwdUFfMXNVbHF4SER1X01NZzMzWlBEVjVmOHczSGRSeDVFaG1LTjhhM1hPUXc?oc=5,0.0,neutral
2026-06-24,2026-06-24,JPM,JPMorganChase Plans Dividend Increase and Has Authorized a New Common Share Repurchase Program - JPMorganChase,JPMorganChase,https://news.google.com/rss/articles/CBMikwFBVV95cUxQRTlRcDAwclk1RDUyLWFxOWJYajhWMGZBOUx0TnF4U3poQ21aUjk2MHNaZl95Z2ZpelgxR0RHX19CWDVQQU90WGJlVGFkTzFmNng1YzdoVjc5Q05TR2tqcUdkaGtpLVFRendlcEg2MVlhcnpJaEkwc3ljcDlGeTlwYlZGQTllNXpPZHZCcVg1MUlqNXc?oc=5,0.5423,positive
2026-06-24,2026-06-24,JPM,"JPMorgan Raises Dividend, Announces $50B Buyback, Shares Rise - Benzinga",Benzinga,https://news.google.com/rss/articles/CBMiuwFBVV95cUxOZ3dZMWxHVWRWQXJTejF0aVdDUDQ1cHhldnh1aUd2WWtxNXRpcGg2bEJnYm5CVkxaMU01S3Ayd2lGYUNhalk1Y1pEUVF6b2VNNWVmelRGdjhJY2F4ZUxMc0pLQXdwLWhMaWJNYjR3NDBwSVpxRzBBVDk2RUpuSGpNNllSMFJTM3h4blhtMjJuR1Ztcmk5cEM2Zy1CUkwxSENhZkVwWlV4UnIzT2RmMlVQa05qNnY1WDNyRGlJ?oc=5,0.296,positive
2026-06-24,2026-06-24,JPM,Are Finance Stocks Lagging JPMorgan Chase & Co. (JPM) This Year? - Yahoo Finance,Yahoo Finance,https://news.google.com/rss/articles/CBMipAFBVV95cUxQVUw2bkp5LTJPNk8xd3ZuTnhzSWlISTVkUlFmd2t3R3p0TnQ0MUlxOEE1Z0p5clhaYXFvVVJTRXdjQ3NwdHNMalJJN0pWLXA2MVNTT1RhRG1mbk4zRkQxLVAyVWRILW9CcEpmek5VNWlSYXBMUmM2UzNEZlFpMkJoaUkxbXc0YzNqM24wVVNtQlIzdVplZjlDNWtNRVY2VzQ4WHJ5VQ?oc=5,-0.2732,negative
2026-06-24,2026-06-24,JPM,JPMorganChase revises capital plans as third-quarter payout details emerge - Stock Titan,Stock Titan,https://news.google.com/rss/articles/CBMikgFBVV95cUxQZmRjRzB2OEo5Qkx5dWxuek81OUV4YXZnQU9XdzVrTVM5YnY0cFlxSnYxTGdKQXdRYlVZV2tSNlJQeVcwV3dlTGpVSWhUaDQ2c2xPV0VJM1NaQ2Z5cXdqdVBWOTZ6dTJBS0o3XzdmMThzMWFCcUM4YzY0VUFaWnFYZjVlVUJhUTFveHhfbVc3cklzZw?oc=5,0.0,neutral
2026-06-24,2026-06-24,JPM,JPM Stock Slips Premarket: Morningstar Says JPMorgan Is Becoming Increasingly Attractive At Current Levels - Stocktwits,Stocktwits,https://news.google.com/rss/articles/CBMi5gFBVV95cUxPc2pGR3ZpREd4QXg4clBCai1IQnJWYmE5TnVuYjZTendLcS1oY19naG1xZlRqeUtwa2RNM0txQkNwdGZXbFQxSlhqeFRkbnF1SHRCYW54N25yeEtpc3dLNk5UZy04Rlp1Z1d3SURkazFhS2NDdHhHZldiNldhMElzXzJpTG9RN1R4RUM2YjlxSDgzTFBRVmp0YUVGNHNNaDRYbS1nblJfYllIbjVMdlF3Yk1sMUI1T1FDaWhUWk50N1RiOTc0aHhKWVFsc2J1OGlfNDRTU2R4LUstT213V1otaEhITVZzZw?oc=5,0.4404,positive
2026-06-24,2026-06-24,JPM,JPMorganChase posts 2026 stress test results for bank and firm - Stock Titan,Stock Titan,https://news.google.com/rss/articles/CBMisAFBVV95cUxPOXBFV0xRYUZWUWxaRFZZdjRRV1Jkc3FSSkJmR2o1WnE2TGVTNGFxY2duTk9ybzhIdTlHSnhhdGI2RHhkRUE4QjZzUEZGVUVVZEQwbGNjckk4LWpudDBuOGRGY3kyV01DUk96elBndUFMLW9mOGNwenNxYjF6VGE1Q21zaV9aU1dGZE4tR1I0UmRjV1pRNVlDaWVFOFRLR21jMGREcnk3YV9Wckh3X09YYg?oc=5,-0.4215,negative
2026-06-24,2026-06-24,JPM,JPMorgan Chase (NYSE: JPM) plans higher dividend and $50B share repurchase - Stock Titan,Stock Titan,https://news.google.com/rss/articles/CBMiqAFBVV95cUxOOW50a1h2VkV3TlNGdDV6eFYtazFnckkxeEVZa0J4UDBHaWtzZmw3elBRS3psNElEajVsZEZsbURVZlVlWmx5SGZZUGhXMGV6SERNSkZNZmlqZjllbHFCTFk0YmNUTXhXQUh5aWNWVm5aQVFzMjVOZGtTeHJ1bm9wcW1mbzhqMFVPYUw3Y1c0RXN2ZXg1dkRZOTYwSmZJc040clVXRUEyVGk?oc=5,0.296,positive
2026-06-24,2026-06-24,JPM,JPMorgan (JPM) launches callable notes tied to AXP and GS shares - Stock Titan,Stock Titan,https://news.google.com/rss/articles/CBMiqgFBVV95cUxQbUZFOUJyanFteHRydFNKcFF1bDRldDhJNnoyVENVZnhUSUd1U0NsaGVQQWdISEF0dFRLOGd4a0NVczZraWo2V1ZpWXhsWGQxcVJyUmhMQ2xCbi1qRVA1aUlLMG92OXZoODA3bjBsREIxcjFJWXQ5aXd4ZF9TenhIbUVKQUxtTFRKZDR5WEVZa01pTWJSeERPbWhjWnZVS0Z5Z1MtUVdmcHp6dw?oc=5,0.296,positive
2026-06-24,2026-06-24,JPM,JPMorgan Chase (NYSE: JPM) prices $5.0M 5.00% callable notes due 2031 - Stock Titan,Stock Titan,https://news.google.com/rss/articles/CBMiqgFBVV95cUxPMUZwTmVTbnFkV0EwbHdNLVdCY0FEcFlFWGdvNnloMXpNd2hvd0d0WTBnc1k4ZUFQOHhGN285aTEtQzd0bzg4RXhkQUJFRXo3QWpSbmpQMUNkWUtvMlJMOUN1cklucUl2UllkQzNxV0pWZ0psZkJPNVFkTm9nOUJqcGktWlhIVmhad0lJNnlDZllxVTFjYkhMaFc2V2NYTWljRGdoRzgxVV9yUQ?oc=5,0.0,neutral
2026-06-24,2026-06-24,JPM,JPMorgan (JPM) sells $1.675M auto‑call notes linked to Amazon stock (due 2029) - Stock Titan,Stock Titan,https://news.google.com/rss/articles/CBMiqgFBVV95cUxORE5aNDFqemxsM1ExVGxTbG5vWERDWHRoZGowdGdSa1N6Rm5sbnBQdElraFRISkZCXzFGVXh2X0dWVThsRzU3MDF2Q3l0LVAydUVsajdkUHM5LUZkanhQam83NVJfZDA2X2NwbFVQdGlRLWVJTlFhbFhGblBFS1U5eGlGRWRIYjJDWUUxeGhvS2RLQU1pVXY4Q3ZxU0ZfVWNzSzByYnlkam9oUQ?oc=5,0.1779,positive
2026-06-24,2026-06-24,JPM,JPMorgan (JPM) prices $1.78M capped PLTR-linked notes due Dec 2027 - Stock Titan,Stock Titan,https://news.google.com/rss/articles/CBMiqgFBVV95cUxOa3VOb3k2ODRYd0gwT0pGWTZOTUExd2VrZXpxbWZvaUhfa2Roc0VjM3NhMnF0aDhGRTA2Rk1FNDllVk5qZG0tZlZjSGQ2QlhfTmtJem8zZGlTZTJHY0FNa2dwVUhtUlRWWlZHN1ktYzB2b1M5b2VPdE9UVEdlT0V0M2Vyd2NYZTBfNF9aeXhHVy0wQXhCMGtZcWxTUUNsb0JLMEVKY2s5ZWFJZw?oc=5,0.0,neutral
2026-06-24,2026-06-24,JPM,JPMorgan Chase (NYSE: JPM) outlines 2026 DFAST capital and loss projections - Stock Titan,Stock Titan,https://news.google.com/rss/articles/CBMiqAFBVV95cUxQOFNMdjRVRnVvUFRlZVgyOTRTZVJjQ2htdENGVml0YTQ0VEJ5SXpFeWI1alMzN0F2eXp2TVY2WDM1ZmlvN3RDWXIweGFYaTE1emtYcFQxZGhSa2hOOUthT3QtcjMxM3N6UnJfYXZUb3NPRXFWVXRyTmpuenNRSFc0eGRhcUtyVWtac0N3TVFFSWpxSk51b1R1bGxBV0VmSk04NjNmUXE3OVk?oc=5,-0.3182,negative
2026-06-24,2026-06-24,JPM,[424B2] JPMORGAN CHASE & CO Prospectus Supplement - Stock Titan,Stock Titan,https://news.google.com/rss/articles/CBMiqgFBVV95cUxPZkhkbjFRZ3JWTzRFTGdIczFHcmdpNjZob2NaSVdDOV9xNWg0WEJqSE54bFVqV0dLVVJsZ29xay1SUGlJMkdIU25tMGNudHpRa1d1MG16V2VwelRGV0V6UEpGc3ZZenh5ZkZrWHBLRElzZHBfVkR0R3BybklFMzhMWW9qZDZPSTEwV204Wjd6LThWOGZEY0h3M1VYZmk3TEdXT3d3U2lMcWxQdw?oc=5,0.0,neutral
2026-06-24,2026-06-24,JPM,"JPMorgan (NYSE: JPM) offers notes with 1.531× upside, due 2029 - Stock Titan",Stock Titan,https://news.google.com/rss/articles/CBMiqgFBVV95cUxOUEpaVkgtcWlaaUtDeTNEaFdrajcyVzVXY3BRUXJIVFJGMHZuNnJuQ09jaFVPckhrSjV0RjlqdXIwVWotWjBNNVZnR05MQk42UHdJaWlkWVdDTnVubzl6TEFwNk01bDdUWFRsTmJHTno1U0txN1o4M2ZsTHVzb3hhRE94elJJU0pEcTlGRHRrM29IelI2QTlndUFwVFdDMUV2WEd4SF9nWUM3Zw?oc=5,0.0,neutral
2026-06-24,2026-06-24,JPM,JPMorgan (NYSE: JPM) offers S&P 500 auto‑call notes with 150% upside - Stock Titan,Stock Titan,https://news.google.com/rss/articles/CBMiqgFBVV95cUxNMDloV1NndUx4OVhBY1VPRUNVenhvbUcwTWFvNnJMcE1lN0dZMzlndzZvTE5idVBwbUtCVkNRLXpTM0NrVDJEVEZ1TVhNejVfVTdOVGxnWnlSUHQ4c21Day1OM3J4c2Y2QmFmelZkM0taVHpHWTc1ay0tZnlrZnlIZjdBZ2xqRFZkMVdCbXdWVWg0TVd2YjJkOWxvOHBiSVpCYms4Z3ZZa2kyZw?oc=5,0.0,neutral
2026-06-24,2026-06-24,JPM,Here’s Why JPMorgan (JPM) is Among the 10 All-Time High Stocks with Legs to Rally Further - Insider Monkey,Insider Monkey,https://news.google.com/rss/articles/CBMiygFBVV95cUxOZEhuYlZOWnRSLW1LZnRJOTFxUF9pV0JWX01FQVFQOFN1cmgzUnBiTEhDX3kyLXd2b0daWWV1X2Z6Y29seGtQMVVRZmR4R3NHdlBDU1lmeVJjZlZfTUhaR0lvVjJrR2Eza0MyQkFycmJ4RElyek1kMW9CRXdsQnVvU2g1T3d4YVBPRURpRmgxLUNJUW5fbG1WSUtiODFCbUgxelp6S2dhdDd4aWo5V3BDRU5Za2Vsc2d6b09peUZDMXBvYUVJeXlidVBB0gHSAUFVX3lxTFBxQkJTVUZ1LXJQNGZ0MWwwSzhHME9yZTlkZWNQWmMxcHdURzVsUjBPcVBHMEk0RWJsWTM2MU8ydlBTWGlSRFNkSG1XWUVWa1p6OXdCajNRTzVyOGtPZ1NLSzJEd1VrT1FjSlV1NWViRHd0T05BSzVGMGhMR213Q2JNbWlFdUtUeHpfTlNHUTNncWl5N1ZzYVczbTVHQVJmenM3dHNDaktiQXI2a3RSTzN5dGdBSkpqdHRWT1ptNkhGbFJQMGFRR3lHREtHUmRUd1ZVUQ?oc=5,0.0,neutral
2026-06-24,2026-06-24,JPM,"JPMorgan (JPM) offers $1.6M Dual Directional Buffered Notes, 1.2625x upside - Stock Titan",Stock Titan,https://news.google.com/rss/articles/CBMiqgFBVV95cUxNY0Y0VmVPZVhVSzljMlM0QS1hdzJNLW45dDRwUkppTFJZY0FTbldkNHpEcm1mVGV3WkpqdWhmVjJobWhGX2RLbWJoOWd2U3ZHR09Xc1pleUs0VUJFVklvdklGQzZsOURuZFpDTVM1bnRWLWdDSExlMmR5R2JmRDYzZGstS09qVURaY2NvUUMxZFZwQ2diQm5RMVlZWHF4RE5sMWhWZV9XY0ROdw?oc=5,0.0,neutral
2026-06-24,2026-06-24,JPM,"JPMorgan (JPM) offers $1,675,000 basket‑linked notes due June 26, 2028 - Stock Titan",Stock Titan,https://news.google.com/rss/articles/CBMiqgFBVV95cUxQVkhMU2FvUF94Qk5nSE9sclZwNGxGSndZZ2xpZTdPMnExUDViWVhZeWxhYmR1SGV4VlltRS10ZG5JZ3llSVRfdy1zMU9PdnNaRDZlclc1WUFoOU95MG1Lcnc3YTZjMVFQNHpXWGdEdV9lN3dXNXBILWNEajhKanRhZUVLNXllakhPRkROMjBJeWFVY0E2U1pvbFNoUmtmbXVHODZpdVBtYmcyUQ?oc=5,0.0,neutral
2026-06-24,2026-06-24,JPM,"JPMorgan (JPM) offers capped buffered notes — 24.80% cap, 15% buffer to Sept 2027 - Stock Titan",Stock Titan,https://news.google.com/rss/articles/CBMiqgFBVV95cUxORThObTREbmJpR2tGRVFsMXpaWVVEWWtPdzhOcFJHdjJ4NUphLU1CNHhpa3lpQXdEZHA3eW43U21FbjFkczh4eDF2OGZmVVpwdXNxQ2s5U2tmU3hTSTg4UEE2OFVBRHZCM21UTVpRTnF3b0VnelA1clZNdkJSQUtQdjAyNTZ1RmhGQ19nUDZ1ZGRrQ3JxX0MzSUtvRktsZTBia0FpWXBRNDFuQQ?oc=5,0.0,neutral
2026-06-24,2026-06-25,JPM,"JPMorgan Chase unveils $50 billion buyback, Goldman Sachs raises dividend after Fed stress test - CNBC",CNBC,https://news.google.com/rss/articles/CBMigAFBVV95cUxONHF4c3BHeFpfeS1FSVlyejQ4cUN0dVJXdS1IYmYtbkpveVd6cjFMdE85OFloNFhDOHFETlYwVWZudzdCOEZOdklXaXZveGRKb0tvc3NpV0ZXYjlocTU0MWVqVmlGMS15UnRVSXlZdWFGQTNJNi1nbVBLWmVjLWhnVdIBhgFBVV95cUxOYVR0TlJOcFVYcjFaekc4ZEVZdWdnMktMTzlxdlpFUDZBOWFGQy1SZFpPQ29kdFpjZkc3ZjJkeDB4SDdsMUxMN1BBaEljaElTUk9GZUs1YnQ0YVZTeGFXd2d6ektDOWpQUmp2OEp4S1Y1NVV3Vy04QWNkbC1QY0UzWGVxQ2FPUQ?oc=5,-0.4215,negative
2026-06-24,2026-06-25,JPM,"JPMorgan Raises Dividend, Announces $50B Buyback, Shares Rise - JPMorgan Chase (NYSE:JPM) - Benzinga",Benzinga,https://news.google.com/rss/articles/CBMiuwFBVV95cUxOZ3dZMWxHVWRWQXJTejF0aVdDUDQ1cHhldnh1aUd2WWtxNXRpcGg2bEJnYm5CVkxaMU01S3Ayd2lGYUNhalk1Y1pEUVF6b2VNNWVmelRGdjhJY2F4ZUxMc0pLQXdwLWhMaWJNYjR3NDBwSVpxRzBBVDk2RUpuSGpNNllSMFJTM3h4blhtMjJuR1Ztcmk5cEM2Zy1CUkwxSENhZkVwWlV4UnIzT2RmMlVQa05qNnY1WDNyRGlJ?oc=5,0.296,positive
2026-06-24,2026-06-25,JPM,"JPM, GS, MS Stocks Edge Higher After-Hours — Banks Lift Dividends And Announce Buybacks After Fed Stress Test - Stocktwits",Stocktwits,https://news.google.com/rss/articles/CBMi5AFBVV95cUxQNFBEZVk5UzVPNXJWQVZoMWpvSlBWaEhYa0hOeGpuQ0VpSTFVU01JeHljcXNvM3FoN2xveHFoQ3Y4RnZuVTh0eHJ4ZnhPWGZhUVphNWo1OE5Qa2dlTXh5WjQxMVFUTHJIUlhXS3F2SkFlLWI0dGpnMjdVZTFWdVRYQk4xZjRhUjVVeThYclhrWDFQOWFPZFZjNGViMkwycVpvbXc1aElLQkxSRGx0d2JBWDdWRnBvekJmLUtlOGlpV0o3dDRNWURaSlQ3UTVRNkRabGVOVDB2OFJoM3dBNHJJeERLcjM?oc=5,-0.4215,negative
2026-06-24,2026-06-29,JPM,"JPM, GS, MS Stocks Edge Higher After-Hours — Banks Lift Dividends And Announce Buybacks After Fed Stress Test - TradingView",TradingView,https://news.google.com/rss/articles/CBMi-AFBVV95cUxQSkFyX2dnc0VRU2p0eTVodWF0emMtY2Y0ajVwZklyRmpIdVh3SXV5dFpMUzBrd05IZ2hSMk1nc0xKSU93MW5Mdnl0Rzk2VVQ0WW5hckVpd1pqVDhYUmR5UGRYbGlGaWJCMklfakFqWWh2cDkybUQwdkxRQW53UEREX1RaeTdHWVRGa2x5X1J3azVnWmRLbk9CTmZEcmx5VW1FV3dIYm5XcWVqZ0o5ejNkbk9PcDBReG5pdDU3LXB2ZHlyd2F1d0lzTGZ3akhzczVGZEZhcUstaFh5ZnBVVVlCR1JnSVFCaE5ydUJ0TktReXYxOERJalZPRg?oc=5,-0.4215,negative
2026-06-25,2026-06-25,JPM,"Retail deleveraging signals headwind for tech stocks, JPM warns - Investing.com",Investing.com,https://news.google.com/rss/articles/CBMiuwFBVV95cUxOTXppNzFJN2tlTm1KN2Z3bkdtZklDemc2Z29rVFpEWWhEVEV1cnVicXFTZUxUeVg3WGE1dnRyekdnM2ptejJObmswQk1HaEhCY2hTRFh0T292LW1YZC1Yc0laZW9zelhLdkRrajRtWTJZZlBWVDFHVDZkWVJfWU5VRUdaSUhyOEZ5dFYtb21yM0ZEX3JoQnNMeGhrT3BITjlueXZRUHhETEdCb1FBWmVfVDJOTUpLUUNxUUhB?oc=5,-0.1027,negative
2026-06-25,2026-06-25,JPM,JPMorganChase reshuffles top ranks as Lake retires after 25 years - Stock Titan,Stock Titan,https://news.google.com/rss/articles/CBMivwFBVV95cUxQQ1JFM0NoTFdMSC1fTXpiaHBYQWdTRjhVYnI1UzN2dFdDaDZXQ3JFallZVEJjWjVsdWx4aGhQZkZQX2ZIdksxYTRTcFZNT0NicXFId3pNa293eWctUW0xbUJDajlCQXE4TlYwLThIYmFNVmlsX01leGNPUW45S2wya0I0c0ZnM1BabjVMbWFBOEdGYWVRbzdGWHE0bldPb2xoTms3NDdSeWZFaVF0eHEtYXR4dnFMel9oWVprWlpaUQ?oc=5,0.2023,positive
2026-06-25,2026-06-25,JPM,"Fed Stress Test: JPM & Other Big Banks Pass Again, Show Resilience - Zacks Investment Research",Zacks Investment Research,https://news.google.com/rss/articles/CBMipgFBVV95cUxNOUR3U25iRWlsUFExYkVYTy1qc3hqYTdfcUxTN0J6RkRxQmpOVDRMYWp5cjloVVVRaHVCZGdrdlFJblpoZHBPZ3JWOTh4RmNFOUVkemNGQkFtLXhkaFJpWUljM3ZKSG1DVjNLb1FrZ0YtNDBGazEwWXRCSUotUzhJV1ZydU85cEVkRmpPZmxFT0wweW5GSTBHT0tOOW5jY19iSGE2WDBR?oc=5,-0.4215,negative
2026-06-25,2026-06-25,JPM,"JPMorgan (NYSE: JPM) elevates Petno, Rohrbaugh and grants retention RSUs - Stock Titan",Stock Titan,https://news.google.com/rss/articles/CBMiqAFBVV95cUxOZ25FY3pObEwxRTk1ekIwcVF1eE1kSlhzaU1YcEdzb1FOZE0wOXdQNUxFNGl4alZJVTV0ak56a2NSaHk0d2JmbVNuV0t0b0FtbGM2OU1ZUmNwS2htU1F0djJaMktJV0FoYUtLR2p4UW1ab2k5eHliVU5Nazdabjh3WmxVZXhiVndtd3ozYmtzMnpoLUpBZ1ZwOF9mRE1kMUpqM0hZeTFOeDM?oc=5,0.2263,positive
2026-06-25,2026-06-25,JPM,"JPMorgan (JPM) offers notes: 31.8% capped payout, 20% buffer, up to 80% principal loss - Stock Titan",Stock Titan,https://news.google.com/rss/articles/CBMiqgFBVV95cUxPRmFmQW5xSlBYN2ViekVuNDB0SWt1TjJNVlpyX3BqYlhSMG1CYk04T3JQYnhmRWIwNGNZS3lxMmpyem5GOGdncDM0a1U3eDA0NTNrb0RORGpaRktrbTFhbnl4Z0pGbUdmdy1EakNsdlo3RHJtUXZ5a0FPMXJnZVNIRXpxRlBGbFRYeV9pZy1fd2YwN25fazFjYjd0QktKZ0pnbU9wR3BZektMZw?oc=5,-0.3182,negative
2026-06-25,2026-06-25,JPM,"JPMorgan (NYSE: JPM) offers notes with ≥7.80% capped return, 15% buffer - Stock Titan",Stock Titan,https://news.google.com/rss/articles/CBMiqgFBVV95cUxOVURSb00tSXFHVUFoVkdxMTYzVjhhMWpaSEdXOVMtSmhobjJqUDEwZ2tONl9ocDdYandxUXNLbjhEdFlMZFJLZ1kyajFxbHFsQnBSNWp5aThGQkFHV2YtdTdLV291QVcyTlFXMERSWlJXRTR2VUVYTXlIZ3g4OExSZFJkUXBLWWxpQWpqdU5tUmhvNjJYVmtySTlLWmw3STMxNEVnUk5QNVhDUQ?oc=5,0.0,neutral
2026-06-25,2026-06-25,JPM,"JPMorgan (NYSE: JPM) offers callable Review Notes linked to TOPIX, EEM, IWN - Stock Titan",Stock Titan,https://news.google.com/rss/articles/CBMiqgFBVV95cUxNS0xBSVhnYkRzajE5YkRXZE1VZm45Z1JDU2Z0QjY1dGxyM2w0d0VzWi1UYnhfeXlHTEtNZTBSTlQwbnZ3akpFcUswQ2ZlX2Rtem05Z2ZSdkVxWkhGSUE5RzNraFgxX0wzWkJpRnZLYkQ2aXlzYzl0X0tJamxxZUVVVG05MU9DTGIzalN4M2x1eGduOGFHN0lzX1gxZmthYVQ0U3ZGRzNhdkFLQQ?oc=5,0.0,neutral
2026-06-25,2026-06-26,JPM,"JPMorgan Stock Hits All-Time High After $50 Billion Buyback, Dividend Boost - Benzinga",Benzinga,https://news.google.com/rss/articles/CBMizwFBVV95cUxPOXZaOUsyVEdER3gzZXNVX0o0RkFmZjBXN1VxSERueUljY3lPdnNSZGtiRzRfblFWdjJkMThXeXBnQnp1R1hyRzgweTVvc3M5dFJ5N2RrUTRxdDJ5b3BSbE9SNWFsQWdrMTk3MERvRHJ0aEZCcWN5Tm9ILU4tV0o5QUlEei1CNWZ5ODJwWmVyRzRpQ1I2Vm9vM2NRRHh1OTVsOXYtV0QwVzVwZXZjUjhnajV1dW0yNk1IclE4WTBPZFVjRGpCS0VIeUZPWmNjalE?oc=5,0.4019,positive
2026-06-25,2026-06-26,JPM,JPMorgan (JPM) Names New Co-Presidents as Succession Drama Heats Up - TipRanks,TipRanks,https://news.google.com/rss/articles/CBMiowFBVV95cUxPc2tyUVFCUU1BVUE3LXFneVNTb3NuQzZaVW92blo3ZFA4UldsbHZ6eGR6Sl9XUUc0QzRBV1lnN25vVndoMGxIZ3lHYlhZM0MwdWxaelg0NEFxemRLMjlZVGZkR19HUDdIdXBROHdpcl9DU1ZFV1BGM2NLeG9ySlYwVlZsdjdNZ0RPeWZ0NDh4V0Y1Szd0bFlwOV9MTVZ5UnJqYjlV?oc=5,0.2023,positive
2026-06-25,2026-06-26,JPM,JPM Stock Gains Nearly 3% — Jamie Dimon Succession Dynamics Shift After Marianne Lake Exit - Stocktwits,Stocktwits,https://news.google.com/rss/articles/CBMi6wFBVV95cUxQdjdQbW5Za3hwWGcyMVB2OWxuWjhkUEdrZHBBbnItWmVSYWswRzVYdnRrRS1nSG9MdWd3dlhTdEpGQ0lVTy1Obm5ueVhoVlBWdUxuUGZmWGZzU3UyZXUyZlhkRTFvYWFoekZSOWR1bkMxaXZBclJ5NWsteFY3djZ0LWFua3RqVm9ULTBVeWV3em5HTml3S3Qxc0pFMFpQUFZ6b0Q5S0tmNFQ0MTJMMzhfOEV6NnRNUHRVMFJiSEpsZXFHVVlPWXFQcjI0Wk8tMk5GTkVOWEV1cGFsUTZYUjlPajRSSjhPOG5XWTFn?oc=5,0.6486,positive
2026-06-25,2026-06-26,JPM,A Bull Put Spread Is One Way To Trade This Wall Street Titan - Investor's Business Daily,Investor's Business Daily,https://news.google.com/rss/articles/CBMilwFBVV95cUxOZmpCdm9lQ1pmV1VCZXV6VmFuN3N4cExHXzFnYkxka0RJQTl4aWFJMHdOeWh1MjRmU1JRQnZRNUQwTDlnUlNPdFJlZmZTUmhYLVRxbmxvMjVPQzhRcHJZZzk1RmVDQWdXTmx1WWVOaGpOa3U1a2lPa0gwbGpQTk9Ld1NEc3Z6MzdwTGFZR0NKNlRiNTQwLXpz?oc=5,0.0,neutral
2026-06-25,2026-06-26,JPM,JPM Stock Gains Nearly 3% — Jamie Dimon Succession Dynamics Shift After Marianne Lake Exit - TradingView,TradingView,https://news.google.com/rss/articles/CBMi4gFBVV95cUxPWUxwbERKVzNPQ2hCUFRLazBXY0JybVZzcmZQczJQeVNDY2hPU04wUEJkZHhrMFpmbER0bXh6dm42RjE2X1kwM2VIUEpiUzJaT2RNM0xRYzRMZURiTXptZExsS2tPN0pwY21jZlY1OW1uM0JwOUxtZllGUVBpUzdRN3FxOHVZZU04amk5MjdkYXBXWDFrT0ZFYUp0Y0l4TVZuaGdfYmlnbVRSVW5YenJEbDBlSVZ0dEZuVFJrSXVLcGhlUkNkZ2NHM0FGcUtPQkI3WVdTWVFfN2NhaFBnSG5DeElR?oc=5,0.6486,positive
2026-06-25,2026-06-26,JPM,JPMorgan vs. Goldman Sachs: Which Bank Stock Is the Better Buy After Dividend Hikes? - Zacks Investment Research,Zacks Investment Research,https://news.google.com/rss/articles/CBMivwFBVV95cUxQdGcyMEgyZXpSb2d5UTJCVkdBVjg5V0hrbnJvSXcxY3pJX2dmSzBIR3Jjd1hxTTl4aHh3SHZmRlhKUkZBOUh2ZlFyWk01dThmbXhLemxxMkpET2lsOWxSaVY2WndmcFRQZm1KU3laSzhvSV90RV9qSm0xeVpUWmJad3N1Sjd4WHpKV25zYmZkNlo3c0NrWjhmblU5YW5OcVh4NlNXV0xFNjhDNXhtd1VtLUM1VkFjYXNVdlBXV3ZNSQ?oc=5,0.4404,positive
2026-06-25,2026-06-26,JPM,JPM Stock Slips Premarket: Morningstar Says JPMorgan Is Becoming Increasingly Attractive At Current Levels - Stocktwits,Stocktwits,https://news.google.com/rss/articles/CBMi5gFBVV95cUxPc2pGR3ZpREd4QXg4clBCai1IQnJWYmE5TnVuYjZTendLcS1oY19naG1xZlRqeUtwa2RNM0txQkNwdGZXbFQxSlhqeFRkbnF1SHRCYW54N25yeEtpc3dLNk5UZy04Rlp1Z1d3SURkazFhS2NDdHhHZldiNldhMElzXzJpTG9RN1R4RUM2YjlxSDgzTFBRVmp0YUVGNHNNaDRYbS1nblJfYllIbjVMdlF3Yk1sMUI1T1FDaWhUWk50N1RiOTc0aHhKWVFsc2J1OGlfNDRTU2R4LUstT213V1otaEhITVZzZw?oc=5,0.4404,positive
2026-06-25,2026-06-26,JPM,"JPMorganChase expands community banking, targets 5M people - Stock Titan",Stock Titan,https://news.google.com/rss/articles/CBMiswFBVV95cUxOZTRrLXJ3VWVqako4aDVTcVRyVFp5QmFwYWE5NUhNbG9Lb1FLVHhzenc5ZU50bWozQ0hheGRhRENHTkI2S3RqdjdqbzV6RnBTWVVDbWUtU2tKVXlELWphazJsVzIwZ2xGNk5FM09NMzZKZDduZ0JYSUl3OFk2NWZyNXo5SHBicGdLenVjTjVPMzRtYzNxVnpHbnRFVzU4MzBCbnVPQkJlZ0Y1bUJVdlpnV0gyTQ?oc=5,0.1027,positive
2026-06-25,2026-06-26,JPM,JPMorgan (JPM) Names Co Presidents As AI Rollout Sharpens Succession Focus - simplywall.st,simplywall.st,https://news.google.com/rss/articles/CBMixgFBVV95cUxNdXFhZUJKS1BJMjdCZEs2MzJMcTQtRzdwV2ZTWnRZTWV0SE9LeXFNdzZUU3VJaEd5UC1PTllrOG0zb3hfendEOW1TeGlkcklCZUJXMEpNUjhOVTEyUkhwd3h5b1pWeDh5eVRqUF9XbjlaZjJZbldmTUVab0M5S3doYlQwQkVvR2VOZ2JjYzhKbHJZNFFzUEZoU0VoVUZXbHZsV3BvWkFiTW14bk56ek1PaW4ycDF1T2hGeHZCNkNOVGYtUGw4M1HSAcsBQVVfeXFMTWpKaGxRaXFvdnR2OW4tTVdHSzRlbDJLSDZOOGYySDhRMTJwUkgxMHI0eGhuU1A4OEQtX2ZIaFdtLXN6d29CUlAyRUJnb2hvQUstczlVV2tEbjZRZmxBdy1CSzByNGVfdlAySjVDUGV1WGMzc245S1ZlZGpvQV9XdjBUREZtR0g1UjdMTFBWVHhMem1SSk9NcE0zalk3VUE4V2xXZjJ4NHpUTVBYa0VQeVh0ZlFYUW1mZzF0TDlCVzY0bV85YTE3U3NwRGc?oc=5,0.2023,positive
2026-06-26,2026-06-26,JPM,JPMorgan (JPM) offers Broadcom-linked auto-callable notes with ≥14.55% coupon - Stock Titan,Stock Titan,https://news.google.com/rss/articles/CBMiqgFBVV95cUxQRnlGeGpXSmZiUzQ5SjE4elFIQ2ZpZVgtUE93bDljeVlwT3FBTmVaM3RzZHRqblBQcTQyVXpIaGcyRk51ZFNYU2RZcVViSlNtczREcUNqSHMwdzh2ZlFEU2JYRUFIN3gtX1NfVUFreWZaMFBEejdzZFNxbW1wQ05qQ2tPajdzTHdUN2JLMHFTNTZjS0xnTHJVUWxFUnhnendKcnB1cDB3ZUxqUQ?oc=5,0.0,neutral
2026-06-26,2026-06-26,JPM,JPMorgan Names New Co-Presidents in Leadership Transition - The Globe and Mail,The Globe and Mail,https://news.google.com/rss/articles/CBMi0gFBVV95cUxQamJ0cUxHSWpCcFk3Yng4MFFLNm5jTm50WXNoM0swVFpBWjFIMVFfQjY3MUh3UEU4NFFBTkFzTU5hR0VqZ1NMMTRFbVlNbTJUTVBtMnFTUllqQktLRjBRMkUtQUlVdmhZNlRnWFkxLVBQa3RQSmhBc2o4T29tNER6SGxUTjVyVkZydXBzaUNIeHQ3ZVdlUmFVQ2NFTVFpQXNvRl9GM3p5RE4zTU84cFQ0WlhuWk8za3F3ZjVSNEdzUFJ5dng4Q1NnMHQwdHdxbmNBTHc?oc=5,0.0,neutral
2026-06-26,2026-06-29,JPM,JPMorgan (JPM) Stock Forecast & Analyst Ratings - Moomoo,Moomoo,https://news.google.com/rss/articles/CBMitwJBVV95cUxQLThKQ0xod1o3UmoyNlVGNWxhVmxwWWdjbEpSMDZRRzEtQ1ZGZXcybTNmSWNiSmlMMUVwcVo3aDg2ZjdyYnd3OVFKb3U2ZFNlQmJvVmhYcFoxRjVtZU1Ha2FZcXE3STFSa1pzcmwyNi1zZGZXcGVWTkxtdUtRYkR5c0pQS1NpV3JYV0VsMFhnSWxTbDRTV0Y0Zm9TUHdCVkl1MGtkSlJEX3czbDBaSDFfdGtZM0RZLXJmZEJfSzdWZGpJR2N3SGpIaVVNMWVxVERWY3pQVXRIV0NyekdpMDljeWE4MjItMHpmOWx3dVdSaGUwR1Zua3ZVRnA4NzV6WF9DSjNRaFhYa04taS0yRjkwWXVFYnJFRXcxWEhhYTg2ZlpGRDdHMFFXa0N4b1cyRkJVNWVYbi16cw?oc=5,0.0,neutral
2026-06-26,2026-06-29,JPM,"JPMorgan Chase (JPM) COO awarded 60,214 RSUs in long-term retention grant - Stock Titan",Stock Titan,https://news.google.com/rss/articles/CBMirwFBVV95cUxQUTV1MHBLUDF1MG9NaXczZ3BDNHRjRElZSElvVUpZWHE5VFBMWWR5WXVtRmNwU1V2VnU4U0FydUhTX1pfM1VWeUw2cVM5SDVfNzdfeVMyMm5xYWowWUZBeER2MnhMUkpFdkdvckdWVUw5RnlVckVpS0l0SG95WVFxa2VrMXBxQTVadC1lMGRuQzVBTUxhOW5rZWQ3RnFQR21aa2RpYzlIOE5BclVIWXpB?oc=5,0.6369,positive
2026-06-26,2026-06-29,JPM,"JPMorgan Chase (JPM) awards 90,321 RSUs to Co-President Troy Rohrbaugh - Stock Titan",Stock Titan,https://news.google.com/rss/articles/CBMirwFBVV95cUxNb0poNGFBWXRsVTFpZThJSU1QZmN3dEtid3BzSHloclU5b3FkR0xNLW5SMzkyRXkzMHJUV09ucE1sNlF2aE5nQlpWRmh4VWhwalNtYXJMRUlxSEd0aFlHQ2hhbV9sdUdJaFYtTl82X3FjTGZCZ3EtNUJ4YTJycEtGNVNkNTV6aThPcXllbFVHajl3aE1YZk9CU1BET20tWVdIRjB6WEUwX3FaMm54eTJV?oc=5,0.4588,positive
2026-06-26,2026-06-29,JPM,"Douglas Petno (JPM: JPM) awarded 90,321 RSUs in long-term retention grant - Stock Titan",Stock Titan,https://news.google.com/rss/articles/CBMirwFBVV95cUxQcjJkZnk2eG4zM3RFR1BjNTJmRmhUdmdnYTBGWGs4ZVlNT0E2dHQxOS0zcTgtUGpBS29HWHhSUW5mX2EtTzFpbjJzcDBPMzQxczB3Uk5vU05yTjVJZUFsSkc3V0RJMkM4akxIWHY1ZVBjdlFHeEJKOUZiN3ppNjNhakdUQ2lYQXJJd1IwaUVMZU5mUXBNZ0NIbUVYX29aU0hKRU40a1lsTjRISkQ5VHpZ?oc=5,0.6369,positive
2026-06-26,2026-06-30,JPM,"JPM, GS, MS Stocks Edge Higher After-Hours — Banks Lift Dividends And Announce Buybacks After Fed Stress Test - Stocktwits",Stocktwits,https://news.google.com/rss/articles/CBMi5AFBVV95cUxQNFBEZVk5UzVPNXJWQVZoMWpvSlBWaEhYa0hOeGpuQ0VpSTFVU01JeHljcXNvM3FoN2xveHFoQ3Y4RnZuVTh0eHJ4ZnhPWGZhUVphNWo1OE5Qa2dlTXh5WjQxMVFUTHJIUlhXS3F2SkFlLWI0dGpnMjdVZTFWdVRYQk4xZjRhUjVVeThYclhrWDFQOWFPZFZjNGViMkwycVpvbXc1aElLQkxSRGx0d2JBWDdWRnBvekJmLUtlOGlpV0o3dDRNWURaSlQ3UTVRNkRabGVOVDB2OFJoM3dBNHJJeERLcjM?oc=5,-0.4215,negative
2026-06-26,2026-06-30,JPM,"Mary Erdoes (NYSE: JPM) granted 60,214 JPMorgan RSUs in retention award - Stock Titan",Stock Titan,https://news.google.com/rss/articles/CBMirwFBVV95cUxNZGlLbDZoWmpzYlJJdl9wSlg1SnR4TWQxLXVCUWF0Q3JlalRyVURRRFZUZVRDNEFmYnhlblNiV21XQUJEdUJWM1JyRDJOWk9uX0Z5WmpaX0ZMY1piVkw5QXk2ZV8wcXRZWkdDQi1PYXlXQ1E5aE5Cek9kTXpDNHkwWjhkU0EzR0JFNmkzSS15RUlhSWRsZzlnaDdnbDFvR0hLYWR0bjVFcU02SjdQdjZJ?oc=5,0.6705,positive
2026-06-27,2026-06-29,JPM,JPM Stock Gains Nearly 3% — Jamie Dimon Succession Dynamics Shift After Marianne Lake Exit - Stocktwits,Stocktwits,https://news.google.com/rss/articles/CBMi6wFBVV95cUxQdjdQbW5Za3hwWGcyMVB2OWxuWjhkUEdrZHBBbnItWmVSYWswRzVYdnRrRS1nSG9MdWd3dlhTdEpGQ0lVTy1Obm5ueVhoVlBWdUxuUGZmWGZzU3UyZXUyZlhkRTFvYWFoekZSOWR1bkMxaXZBclJ5NWsteFY3djZ0LWFua3RqVm9ULTBVeWV3em5HTml3S3Qxc0pFMFpQUFZ6b0Q5S0tmNFQ0MTJMMzhfOEV6NnRNUHRVMFJiSEpsZXFHVVlPWXFQcjI0Wk8tMk5GTkVOWEV1cGFsUTZYUjlPajRSSjhPOG5XWTFn?oc=5,0.6486,positive
2026-06-27,2026-06-29,JPM,SA Asks: What's the best bank stock right now for investors? (JPM:NYSE) - Seeking Alpha,Seeking Alpha,https://news.google.com/rss/articles/CBMimwFBVV95cUxPekJ6UF9LYmEzT0l6bm9aUU5wd3JzM012N0E1UkVNY2pVeVhrQl93ZnQ5cy1QV1VRcUY3UUYtZ3FWeDNvVmVQeUg4Tlh4cU5td2I5U3JpdWVNZ3JDZ3BBYXBFVlBQdE9vb3RDenh5eFdMOVBGYkVoWU9ZMkVXZjVzUjhuX2szTGFLMUNDN0R2b2tDTVdYWjBNcWt4bw?oc=5,0.6369,positive
2026-06-27,2026-06-29,JPM,JPM Stock Slips Premarket: Morningstar Says JPMorgan Is Becoming Increasingly Attractive At Current Levels - Stocktwits,Stocktwits,https://news.google.com/rss/articles/CBMi_gFBVV95cUxQdHFNYUQzX2NTSjhKQUhZRE1DVGFxNnZtUnljU0NHM0hyMUVOYzRTUGhmaGtEbWlkOEJMY2s4bXlmTUpPNTJHMUxuT0g2Nkl4UUN0TVBSTG5VOW1Lc0hLQ1k5TnlvSWxiQ3NrVmZsR3dka2RfX2VjbVJ0dXhpMDlITVJBUWtacW04QkNQeUw0TGlzQ3JBMUdROEFFYjdpOXRlNnJUeXR2SkRKYXZzSEsxeVFvYW5tNnBwcXZoWWRCM1FtaW9vQzI3SHVVMHVTRUdBUUFaUUVrRTlxeWpVNjh5bXUzQ01CREIxTHVfdXhpeFBEelFJTk9qNlhkM3pzUQ?oc=5,0.4404,positive
2026-06-27,2026-06-29,JPM,JPMorgan Chase & Co. Actuals & Estimates (NYSE:JPM) - TradingView,TradingView,https://news.google.com/rss/articles/CBMiggFBVV95cUxOc3V5NEI4MnNrbE9EVjNWdzhIcHlrRGd0V3dsNmlUWm5kcjhCNW5iNmpkZEVoOGdxclNRQXd0dENlTlNFZ2NpUXZIMFh2NG5tRTVhRGl0Qm1MMU9rNExVLW94c20zMFZLM0w3N1pDUWtTYUNDeEUyWnNlX0FRQjFjUkdR?oc=5,0.0,neutral
2026-06-27,2026-07-01,JPM,JPMorgan Chase & Co. (JPM): Most Profitable Value Stocks to Invest In Now - Yahoo Finance,Yahoo Finance,https://news.google.com/rss/articles/CBMilgFBVV95cUxQdUFKRXlqWWUxR0NwV2JZQnVnbHhlSi1oNEtsN2NFaXAxU2FfeGNYNkJXbl9iQk40T0hsdEJ0TXA4TVV2SHRMQ2QyZmpSekxKQ2dXcWpQOG03ZXBYUWM4VTQyNHh4dXpwYjFJanoySFVzNFdpX0I3dS1seURxcTM2cFV4SUFoSGVobl9HaDNNYnoyTFh5Tnc?oc=5,0.707,positive
2026-06-27,2026-07-01,JPM,JPMorgan Chase Stock Pauses After Hitting New All-Time High: What Investors Need To Know - Sahm,Sahm,https://news.google.com/rss/articles/CBMi1gFBVV95cUxPR3kxUjFhNmZaRzVZeHRpbFJuVEFWZWtxcG1Vb1ZiN202OXdPN0ZmenhEN1lKZ0R1dVJuWU9OOXlNUWEyVDNxeUtyaEVTWnBMUF9KcktxN2ItaFYxVVMwNk5WZ3EwZWllOFlSX1dKQVdkOC1OdG5kVERmRURwaHlCdzUwZWk4Slg5TFdWLWRZN05ic2dUeFNoWDZicGxFR0kxTmRJWHNuVWxqWjJxa0RfQVMxcS1fN1JzN3VJMEhOV0g5U1cwSzVuaEwzeVVUUUhpTXRLakJR?oc=5,0.0,neutral
2026-06-28,2026-07-01,JPM,JPMorgan Chase & Co. $JPM Stock Position Decreased by Blue Trust Inc. - MarketBeat,MarketBeat,https://news.google.com/rss/articles/CBMiwwFBVV95cUxPcU5RNm9QRTBqWXU3RHYzSVcwYnRudEl0T3d1bWdtWTNHUXEyT2ctQ0hseXE5SmtDMVVwVUgwT3BRQkhQVXlUY1ZXbHNTdG9ua1dpbldXREN5NXRJcmJwczJzYlhIcFh5LURBUTAwNDhCcXpWd21TVWh0YXdTTVdOM3NEc1pMYmRIbFdWZnZUVkVKZFhjMldXX0N2WkIxLU1FUm5Pc2t5LXJUMUs5NUdHQS1iczQ0ZTFWRzNNQUNkV0ZNRVk?oc=5,0.5106,positive
2026-06-29,2026-06-29,JPM,JPM's $50B Buyback Plan & Dividend Boost: What it Means for the Stock - Zacks Investment Research,Zacks Investment Research,https://news.google.com/rss/articles/CBMiqAFBVV95cUxPOHd3UnZ3WVRnOEhZVlhIcEptOE41S2FXaFhtRm9zd1B6aGRkMGlGZGtFb1I2R1pLWFZYeDdHOUgzQklPeWVXbm01UWRNUDVRd01mbk1Hb1NNYTJPV1ljVW5FbU1VU3ZURTBfSFJBOS1aZHJQdGtWTzhMQ0E1b3N4a0JUampVcFRvcVNKTVI3X2NSTzBKNlBhVHdCTVZPTVJoTUo2R3E4cmM?oc=5,0.4019,positive
2026-06-29,2026-06-29,JPM,JPMorgan Leadership Changes Could Shape its Next Growth Chapter - TradingView,TradingView,https://news.google.com/rss/articles/CBMiuwFBVV95cUxOVFluYWJ0cVpHd2lWems5WDcybnVZcmNhbEN5NGcwMHBTTlRjSTNtMk1NSUFxRW5vamRaRUxKSHNQazFvcXRMNnpXUnYxcFVVRVpraWhCcXdoRWZVbFh4VzFnWTJtbDRfUWRoQzUtU0VkdGVxQWdUa1NzWGtOa3ZLcEVCZlltMExaazhWZXBTOTZnLVRCX2NPWmZhR3kxTWZaaXA0MVRfU05lYVRfeUVKQ3piSkFHVklvX2Y4?oc=5,0.3818,positive
2026-06-29,2026-06-29,JPM,1 Unstoppable Banking Juggernaut to Buy Hand Over Fist and Hold for the Next 20 Years - 24/7 Wall St.,24/7 Wall St.,https://news.google.com/rss/articles/CBMiyAFBVV95cUxPQ2Y5Z3luS2tjXzVJRXJQZGZoQWJLSUdaSGdJWmU5QWVSNDMwcW9lZmZoZ1dSRDRmVExWSmxNMzVSaTNxUlRSNnIzQmlvUmZNYWl1aTRKRkdiUFVQNlA1MXNWSG4xckMtUktjSEI2cVZMRWFwLTJYQ0Y3cXBDZ2lFT25NTlZmSDBqeWVOT2F1dHFmV09RREptRERwY1kzWk90OV9YU2xDTlFxcGE1UHJWXzFmcUFIeHU1TVkwcGJYUDl2ZnpfRG9tcg?oc=5,0.34,positive
2026-06-29,2026-06-29,JPM,"JPM raises Rolls-Royce PT to 1,625p, cites 16% upside on SMR & Power Boost - Investing.com",Investing.com,https://news.google.com/rss/articles/CBMixAFBVV95cUxNZkROY1lmVFllZVgwcThVSTFWZXRNSU5NQktxRUU5R21aMU5NdUdJRDVxUldrLVhpaURQb1dsWWxfMHRHMGM4cFZ0eGMzMzV4Rk9RRUtKNjRLUjlHRnlQd1BPVlFwMDlZZ3VTQU51QzVlSFlsYmpXYkY3R1VFMUdpeW5MYk5iRS1EeUxTRU1yVUFMOHNsVHZ6UGxfejlPY3o1NERkSjVOaHBJVjFha2lsSEpYTGFzMFpveGpJNjcxbDhScnpN?oc=5,0.4019,positive
2026-06-29,2026-06-30,JPM,JPM Stock Slips Premarket: Morningstar Says JPMorgan Is Becoming Increasingly Attractive At Current Levels - Stocktwits,Stocktwits,https://news.google.com/rss/articles/CBMi5gFBVV95cUxPc2pGR3ZpREd4QXg4clBCai1IQnJWYmE5TnVuYjZTendLcS1oY19naG1xZlRqeUtwa2RNM0txQkNwdGZXbFQxSlhqeFRkbnF1SHRCYW54N25yeEtpc3dLNk5UZy04Rlp1Z1d3SURkazFhS2NDdHhHZldiNldhMElzXzJpTG9RN1R4RUM2YjlxSDgzTFBRVmp0YUVGNHNNaDRYbS1nblJfYllIbjVMdlF3Yk1sMUI1T1FDaWhUWk50N1RiOTc0aHhKWVFsc2J1OGlfNDRTU2R4LUstT213V1otaEhITVZzZw?oc=5,0.4404,positive
2026-06-30,2026-06-30,JPM,JPMorgan Chase (JPM) Stock After Regulatory Headlines Is The Recent 10% Rise Justified - simplywall.st,simplywall.st,https://news.google.com/rss/articles/CBMixgFBVV95cUxNRTdFRkdaeVZWS0s0cGxjc3R4dk9XaURyQThYeDVlZnZFcnlkVDM0bGVVaU9qb04xOWVBWTlzOEpaTjhZYUNJNGttTnNkU0xOdjJSSkxnMWFQa3NPOVp1YVA4QzlQWTFBQjRaY0xSVEpBZTQ1eUJBY0JDMkhVclA3TFVSS3BVdG1WcEk1Z0VxUXVWcGhBRjBtbXhXc0RhWXBFQXB2QkZ1SWI1OG5HNVJBWXV5Slg4emFraXA0S21PcVhBbEllUFHSAcsBQVVfeXFMT1VybzA1QmlXWEQ5bDY2Ym5mdm1ha18tM0xhbmVIUVcyY1J5VFFKWEp1anhRWDRCOGdDY21FY0NvUlRCUVlUNlc2R1lOQjlsVHliUzRHT2E0b2x1cjUtQWZ2TEthWkNoeVAtRFV2cTk1T2ZjVXR1RVJwaHF2ZDUtVzdWaHQtYzVWNkhxZHFqOUUxd19uNjg4UjZKbWF1WUkzemRQZDNsTUljNDJFWmFqUWNjZkw3RzlBd2xsN3ZRbXhHY2IxR0N5SW53Wms?oc=5,0.4019,positive
2026-06-30,2026-06-30,JPM,What's Going On With JPMorgan Chase Stock Tuesday? - Benzinga,Benzinga,https://news.google.com/rss/articles/CBMirgFBVV95cUxOLTJMMjliajRRT1RReDZQSnRoR29zbWZFVHYwbWk5cWNzRmVNOVBOOXlkVkpBRS1YYjh3V2h3WGY3SXQzcDRLMkhOZjhvbTNsOHp3ZmRXWDQ1UmtSSzduaElaTGFVZ0RxYWdrUURpUjlpTUVabHdHWEZfSHE1cFE1ODNhOEI0YWlIZ1k0aUZFdGRxU0pQSHNIZkdaMWE2TzFCbmJrTHVhUE10Y05odXc?oc=5,0.0,neutral
2026-06-30,2026-06-30,JPM,Auto-call JPMorgan notes tied to Amazon (NYSE: JPM) with 10.5% contingent coupon - Stock Titan,Stock Titan,https://news.google.com/rss/articles/CBMiqgFBVV95cUxQaVRQbW5TbWU2YXRFal9QV3c2cjdJcXZveUdrRVF6aTZ4WTdBWkdRYlp0dkt5WUV6WXZpNzIxZnkwX1NtTjk4dVAta2NpNGMzM1JnQVRRbF9aajRXeDV6ZGhPQncwYVBFRmE3OVJEczFLLVBGVk9hV0F2SE5XTGxBY2hBSnBiZkhaZjZHaTlzNHNnZXdGS3I2X0w3RG9uYTlIZ0s0RElna3lOZw?oc=5,0.1779,positive
2026-06-30,2026-06-30,JPM,REG - JPMorgan Global Core JPM Glbl Core - JARU JPM Glbl Core - JARE - Managed Wind-Down Completion & Proposed Vol Liq'n - TradingView,TradingView,https://news.google.com/rss/articles/CBMilAJBVV95cUxNYVFRYW9wM3l5Y2cyRnUwbnFvem1UNDlMUG1aMmFib0pQbTVTQW1jdFRVMUMtUHlkRHRsQ0hPN0hBUkRyQnMzT0ZwekNQRTJNSThqQzN4Z1pHYTNGX1RqOHRpbUlDbktKUlhrRTFJS0RUZnJ0NnB5RU1HdDZVUGt1a1B5RHE4cnJuQ3VmQ0U4cUlUS0lDWEVIb3NfWm5ibGxjdGd1Vk9LR0lUelJkLUl2QXhXREdzcG1OcDlGa05HV2MyTnJhbjRjcU9xTV9NZkZmQS1NTGk0UFJIaWVRd3daNWJtd3ViM01Qa21DUS0zaGJVT0d0aDJGQXBJWElUa3FERzRsdWhwS25LOXNOcmpDUGc2VTM?oc=5,0.0,neutral
2026-06-30,2026-06-30,JPM,"JPMorgan (JPM) launches capped buffered EM ex-China notes — maturity Dec 8, 2027 - Stock Titan",Stock Titan,https://news.google.com/rss/articles/CBMiqgFBVV95cUxOTDNHcmg2Nm1velVMSlU2bVE4ZEtTNEFlV0t0cjFlSjFrSWJYYWdLR09zdFZGVk45Y25aMlV3cWhJWFpWMTBvRkhGMHZxdU1yYTVZbDI5X0hIRHJUakRsaEZLMklkM3R1NGxBNVVQQkd0QWpWZjlEN1kwRVU2OXZ4eGdmcEtUTHppZlR1NnVvSVM1Z25uVms4YzNkUG1xM1cyX1UzbzZfVV9GZw?oc=5,0.0,neutral
2026-06-30,2026-07-01,JPM,JPMorgan (JPM) Sees Moderate Bearish Sentiment Amid Light Options Trading - GuruFocus,GuruFocus,https://news.google.com/rss/articles/CBMirwFBVV95cUxOT1F5NW9qODFpOHRyZFY3bGNRbVdKVVRtOW16TnZ0Zzg0RW5Ia2RZU0V4VWxsbFpaRG1wNzRJT3hvT1pvU0V3V0RtMWpzNjBlT1pDd0FMOEdjX0hWRDVxM2N0QlZaazBxVXJmdU0zSW9Qdk8tR2FqUFVEeUJWcFQyTlIyREFScXF0Y1ZJQVdYSGZrV1RUTmRsWDZ3Sms0V3JPdDFZdVc4dTBYbTh6eEtj?oc=5,0.0,neutral
2026-06-30,2026-07-01,JPM,JPMorgan Chase & Co. (JPM) Upgraded to Buy: Here's Why - Yahoo Finance,Yahoo Finance,https://news.google.com/rss/articles/CBMimwFBVV95cUxPMmxQMTJQVzB3ajViT1R5NWRfSml3VndvejdNTXFiVmtHMDlvM3Fsa2xjMTBOb2VBRFpyTUxMV2Q1NEZNYngwT3o3SFdFVWFmaVdpUUtqU3owODg5TmtmVTRWNGUxNmVqSFdlMmJ2a3hhXzBSLV9pSncwRF9oOGdBVE1CQXRUMzhhS256UmQycXJCSHV5M0t2ZEdjNA?oc=5,0.0,neutral
2026-06-30,2026-07-01,JPM,"JPM, GS, MS Stocks Edge Higher After-Hours — Banks Lift Dividends And Announce Buybacks After Fed Stress Test - Stocktwits",Stocktwits,https://news.google.com/rss/articles/CBMi5AFBVV95cUxQNFBEZVk5UzVPNXJWQVZoMWpvSlBWaEhYa0hOeGpuQ0VpSTFVU01JeHljcXNvM3FoN2xveHFoQ3Y4RnZuVTh0eHJ4ZnhPWGZhUVphNWo1OE5Qa2dlTXh5WjQxMVFUTHJIUlhXS3F2SkFlLWI0dGpnMjdVZTFWdVRYQk4xZjRhUjVVeThYclhrWDFQOWFPZFZjNGViMkwycVpvbXc1aElLQkxSRGx0d2JBWDdWRnBvekJmLUtlOGlpV0o3dDRNWURaSlQ3UTVRNkRabGVOVDB2OFJoM3dBNHJJeERLcjM?oc=5,-0.4215,negative
2026-06-30,2026-07-01,JPM,Investors Heavily Search JPMorgan Chase & Co. (JPM): Here is What You Need to Know - Yahoo Finance,Yahoo Finance,https://news.google.com/rss/articles/CBMipwFBVV95cUxQNHcxOS1xTWVNcTJnN05nQ19rZHZnVjRyNE5OOVVrRlM5aVE4T1NaVE9yQlV1RHZ4VnZISmJnaU1rV2FVQkFUdExIVzhlRzZGOFBkVzJaS1hJRlBZYXdFMHhnSEF6Rm1keGxPVkYzRkdndnFFbHRWMGx1M1RzM3V2cUUtaWl0cHpnMV94YWxtVU1TY25vbWVUbjNKNHNsZnJTRG1VZERsdw?oc=5,0.0,neutral
2026-06-30,2026-07-02,JPM,JPM Stock Slips Premarket: Morningstar Says JPMorgan Is Becoming Increasingly Attractive At Current Levels - Stocktwits,Stocktwits,https://news.google.com/rss/articles/CBMi5gFBVV95cUxPc2pGR3ZpREd4QXg4clBCai1IQnJWYmE5TnVuYjZTendLcS1oY19naG1xZlRqeUtwa2RNM0txQkNwdGZXbFQxSlhqeFRkbnF1SHRCYW54N25yeEtpc3dLNk5UZy04Rlp1Z1d3SURkazFhS2NDdHhHZldiNldhMElzXzJpTG9RN1R4RUM2YjlxSDgzTFBRVmp0YUVGNHNNaDRYbS1nblJfYllIbjVMdlF3Yk1sMUI1T1FDaWhUWk50N1RiOTc0aHhKWVFsc2J1OGlfNDRTU2R4LUstT213V1otaEhITVZzZw?oc=5,0.4404,positive
2026-07-01,2026-07-01,JPM,JPMorgan (JPM) Stock Still Looks Cheap As Its 141% Run Continues - Yahoo Finance,Yahoo Finance,https://news.google.com/rss/articles/CBMimwFBVV95cUxNalM4RWZoM2FZY2ZwMEJMYjR3dS1fY3A2bTgzbjJiR3phSlhFWGVQMTFLdkJ3ZGs0QnEtNkNDVmx6elJxb2hxOUlIQTc1cWRhZ2E0VUlIbWczREY3UGtmVzFTYVBwYlRDd2FkVDY1S2xOcGpiR2R3bEo2NlNaLU51M2lYVkNucHRwQUJKeDd6MVlzVXhMRldzVWxwNA?oc=5,0.0,neutral
2026-07-01,2026-07-01,JPM,"JPMorgan (NYSE: JPM) offers capped 1.5× Broadcom-linked notes, max 48.5% return - Stock Titan",Stock Titan,https://news.google.com/rss/articles/CBMiqgFBVV95cUxNWkpFd2EtNG5fYTFrU2hQTjVBNTI0TWRCalkxd0VSTW1MTm1hckNaa3pxdUVVSGlkVXFxeDdHTXU2V3BXMU9EaUFQb3MxTkNfU3JqYXN5dm5yMnFkRzl6eUVkTGVkRl9qSWU4OVJNal93b3BLb2NOd2owejBEaGFzSXNKbGVFVmp2NHlsSmtzbkhpbVJibndqVkp5ZG44UGlVTTZtemh0TWJ6dw?oc=5,0.0,neutral
2026-07-01,2026-07-01,JPM,The Fed's Bank Stress Test Results Are In. Here's What They Mean for Dividends and Buybacks. - The Globe and Mail,The Globe and Mail,https://news.google.com/rss/articles/CBMiggJBVV95cUxPcl9rMlVBZUt5Q1YwejhmN0R5UDYxdmprTEJ3UmdRU2g0Z0lra2hmODU4N1RsakdFLVFBSW92dllLaVNVSnQ4eGR4WXRRYjRjSUx6dWhla285eGFnZnRTT0JCZ0Fzc3Jmd0ZxbWdwS2VoV3YyT2Z5eUpBelFNT2NuZzZyTzRpQ2xZTEJVLXlPbzh1X3drU0NsMlRQRDFHSlo1dFk0TFBXbkpvd0Z6S0h6SlRseUM0UUlhaFljaUROSDBJTGVXNHk3ajZDamRMOUdtN0tRdWZIakhkUHYyYnpKTW5DcHF0MF9xaWFlenQ5a2MwT3FvRW5JR2VVdEd5ejgtM0E?oc=5,-0.4215,negative
2026-07-01,2026-07-02,JPM,JPMorgan Chase (NYSE: JPM) director receives 122-share stock grant - Stock Titan,Stock Titan,https://news.google.com/rss/articles/CBMirwFBVV95cUxNZW1KMXVBYWg5Tk5hWnhCaGd3bU9DUHNQV0RMaUYzak80Sk5XQmE0UjB5NWd3UUZfRENPcjV0OGNMNk9aVm01eVdBNEF5NmVkeGJ2cWhxYU1ySVIxMW1mNjh0MzlfVWxMRW1CUG5ialF3S0tQdWVNUzJEM1d0MkZqeE0zakttbXhYVldIM3d3VFk4WkVMR09ZMFg2TWQ4VWEyU2sxVDZHMElpRlZXN3Uw?oc=5,0.3612,positive
2026-07-01,2026-07-02,JPM,JPM Stock Gains Nearly 3% — Jamie Dimon Succession Dynamics Shift After Marianne Lake Exit - Stocktwits,Stocktwits,https://news.google.com/rss/articles/CBMi6wFBVV95cUxQdjdQbW5Za3hwWGcyMVB2OWxuWjhkUEdrZHBBbnItWmVSYWswRzVYdnRrRS1nSG9MdWd3dlhTdEpGQ0lVTy1Obm5ueVhoVlBWdUxuUGZmWGZzU3UyZXUyZlhkRTFvYWFoekZSOWR1bkMxaXZBclJ5NWsteFY3djZ0LWFua3RqVm9ULTBVeWV3em5HTml3S3Qxc0pFMFpQUFZ6b0Q5S0tmNFQ0MTJMMzhfOEV6NnRNUHRVMFJiSEpsZXFHVVlPWXFQcjI0Wk8tMk5GTkVOWEV1cGFsUTZYUjlPajRSSjhPOG5XWTFn?oc=5,0.6486,positive
2026-07-01,2026-07-02,JPM,Director Stephen B. Burke defers JPM (NYSE: JPM) board retainer into stock grant - Stock Titan,Stock Titan,https://news.google.com/rss/articles/CBMirwFBVV95cUxNa1FMbnJMbXZQQndRYWM4b1RFZUxfV3ZLLURRTXVZNlF0RkZWNzhWSVJWazJ1dGdmMGZQRlc1UWNLZVNlbUxnSWs4SjJCQnl6OGM1RHpGbkxDMUFtM0JHRno5eFJZUzFtS203Qk91R0NydjRrSUptQjZOR0ZkU1pQWmpIZExPZ0tVQ0NJYy1yS2Zfb0FmamRaaHM1R1B6ZFFxemg4M1JNczVsVU5ZeXFv?oc=5,0.3612,positive
2026-07-01,2026-07-02,JPM,Will JPMorgan Chase & Co. (JPM) Beat Estimates Again in Its Next Earnings Report? - Yahoo Finance,Yahoo Finance,https://news.google.com/rss/articles/CBMilgFBVV95cUxNWjR6MXpJSE5wTGhJdmdqTXdiZFM5bWtRYUpQSVppVmhHU2FDU0I0MlY1b3BYRVNiSFIySGZpMWswa082WVM5ZU1IUkFMYVlpemUtUlRYZjd2bFBwR1pzeFR5VURzb0pxR2FnUU5FcVJDMVlxSGdtbUpuSUkyaGVYM0o5LWloUXhqdHU5LXd5RmZVVGhYeWc?oc=5,0.0,neutral
2026-07-01,2026-07-02,JPM,Virginia Rometty (JPM: JPM) logs deferred stock grant as board retainer - Stock Titan,Stock Titan,https://news.google.com/rss/articles/CBMirwFBVV95cUxNbEt5d0pVSHpPMnF4UUFpd0xncjlVcUVRcm5YSFFBQmNBUDdIZjB5MGUxSU9lS1ZXQm82RmFRd3Mtb21qVXI4MEpzbDk2WFhsVmxISW8wTUlPb2k2REdmWEFMcmxPTTJKYzItdEpCUmRfdjlJekN0SGdRb0pscU1IeGRJSkpKYXo2aWl2SmtiTWZGcUR3bDQ2UWs3cUw5QVlIWmtTT1c4ZGJVU1h4MDFN?oc=5,0.3612,positive
2026-07-01,2026-07-02,JPM,JPMorgan Chase & Co. (NYSE:JPM) Shares Up 2% - Should You Buy? - MarketBeat,MarketBeat,https://news.google.com/rss/articles/CBMiqgFBVV95cUxQbFJlUXA0ZmRSeDN0OHdveFFVai1NYTBkVlBjNGo0UW12SmNBOG9lWUxzS293Um9KS0VSRFFteWlEWUNOMVdFMGdXRTdoWkY4MHBSUUxvNkpvb24xTHZVUzV0a085clkyajBlUmI3azg1UkVkRVo0SHp3WWo5YzVaNC1KMkRaQjNORGVIN3ZNMVludG1YZDY4MEVJUEU4RE1sbW9wNFdWWi03Zw?oc=5,0.296,positive
2026-07-01,2026-07-02,JPM,Melody L. Hobson (JPM: JPM) receives stock grant and updates JPM holdings - Stock Titan,Stock Titan,https://news.google.com/rss/articles/CBMirwFBVV95cUxONzlodDdDX1FrVFZqSXJGR3RZSC1sRkhCREdGOXVWazJVMUNzajREb0RfQzBNV3ZRVWdlbDhBWU5ZMTVQRDVzeDZmYlo1bWViVUtBbzUxMldrTlZoQWdWSE1qTVlJNDBXb20wTXdWb2ExcWJPWWZiel9DTi1tX2pHZG9HZ3Nsbk0tNnliWG0xdHVzOWdxaHRPZjlqMXhRMkIxZ3BJWDA0SWJzNi1ydG40?oc=5,0.3612,positive
2026-07-01,2026-07-02,JPM,"A former amusement park site near Boston gets a $962,000 sq ft makeover - Stock Titan",Stock Titan,https://news.google.com/rss/articles/CBMiuwFBVV95cUxNczlKUWwteEdKTjI2WlRYdEI0Q1d3aGtDbW1fOUx6MkpUdXBkaXphS0l3bkV5N2tmMldYaU50WHlMcS1Yb1hiQzBSdFJZeE9oVkNjZm5CWW1IdXhpeHZvT3A0bjRLOUtQbkpZSUdDb1VNZjZnRU10aHYyQUVpZkRRNDRGZjdRb1lmY1FsQ25YZEhfTHRNOVIycWhhTjRVUWxGSTRuSVRwRG5QdTlrb2JRVkRvZzlkd3Y3cHln?oc=5,0.3612,positive
2026-07-01,2026-07-02,JPM,Is JPMorgan Chase (JPM) Cheap As Index Removal Puts Its Valuation In Focus? - simplywall.st,simplywall.st,https://news.google.com/rss/articles/CBMixgFBVV95cUxOVGF3RGJFN25FQnNsOE8zVnZIWEpXR1VROHBjVWlPZFk1cTgyeHRMODdMdnkxeXlOTEZ4YVVFRzlTUHdXR01zQVRxdE9XUmpFSlhsU2FZVktNWWZ2YzQtWmd1X0s2WVdCOC1wdGVCZFlsd2ZVNWFNakhZandUU1RrVU4zRThmSUc0bDJoaldjdjB5cEZxV3lIUDF3RS13SXZocDVJMDRpV2RUN3dBWEtHc0kxZWVCZlNnNUIxNXEzcFlxT3JodmfSAcsBQVVfeXFMTW0wZXZEeGk1bGJPN2ZzTmRtWVhhUDMySnN4Tl9wZDBVYnN4U0Q4anVNUGpIN1NxQ3E4bGFteGVtQkRpZjYxQ0tGX0FuUEFIVkFTeHJ5VF9kcjJqc1dyQ2lwLWpyV1Zmdzg2aWV3NzJJLUxjVUh5Qk1ucUxLTEpISUN3MFN4a0pvdzRPUEVBcjlFdWhuVWJjbVRzTjhVbXVZZVkyUkxnT3BubmVRcDlhbFNlU0lxemZ1S3lHZUVMRXpVbWlndWFma2JXSVk?oc=5,0.0,neutral
2026-07-01,2026-07-02,JPM,JPMorgan Chase & Co. $JPM Shares Purchased by Sterling Capital Management LLC - MarketBeat,MarketBeat,https://news.google.com/rss/articles/CBMizwFBVV95cUxORng3RGhtUjlFT3FWRTUtRlBHR3VmM3NlODM5YTV1UmFEbHljSUxuY2FLczNKLWEtUnBZNmxnR1p4SkluWE5FblV6aWVGamRqWGFMWkFXb1FYdDd1c09GdWtYVTI1dlJCSmpSQU1VT0hXZ0pDQ3Z3WE1XOGhRZFllaVJjanpuSFQ2RndtV3pTR3dIMkFYLUp0VVU3NVk5Z3lpRFhqRHJmLWtfZU1VbjZXM0xMcUUyclBfRE9kTmVyMDh1cjZ4b0dBQXRLU1FyUlE?oc=5,0.296,positive
2026-07-01,2026-07-02,JPM,JPMorgan Chase & Co. $JPM Shares Sold by Union Bancaire Privee UBP SA - MarketBeat,MarketBeat,https://news.google.com/rss/articles/CBMixAFBVV95cUxNbFdBTUFsOFdEWUJxaDB0ei0wLUctbzZCZEZrSnpYZVN4d1FzTzRfMHFQZzc2YzJoOXlKNkFVdldkX1RkN1VzUmROR001UEwzUmlsRHpac2FZZ0JEbDhISHVjcVIwYlhEUzQ4bUhwaHJjMExPemMwZm9aNUtEVV9mU1dyMm9GR0ZFSXRPczVUcFJVVG52R2pacDNaeklsWmFpUXcycElON2h0VWk4NVozMDFsa2xpdHlYZzFPb0hNS3QtOERD?oc=5,0.296,positive
2026-07-01,2026-07-03,JPM,JPMorgan Chase & Co. $JPM Shares Acquired by Fort Washington Investment Advisors Inc. OH - MarketBeat,MarketBeat,https://news.google.com/rss/articles/CBMi3AFBVV95cUxPZWtzck1oa2lOY09ZVTJZdm9RU1RmTFh0VHBXTDBJMWRyZ2MyYzdXbUFuYXAzbjFOeGlIYTJmX2NvZl9QMXNNLUJJeHVVeFdnY1NpOTlEak9zNnFUNUlhUEdrenQtZ3ROOFpjdEpHdlJRTjlnVmlQUU1ERHMwbzRaanNodVg4N0xHRVBOLV90V1ZMNHdCZFJUVXBqTTVFUWhwZlVEVHBzUVR3ZTlkejJoVlVwei1pZmVWQVphNTdoNEJzc1lJcnhtLXh6Sk9VYzdWeGdSRXFOVnJaNU9W?oc=5,0.296,positive
2026-07-02,2026-07-02,JPM,FY2026 Earnings Forecast for JPM Issued By Erste Group Bank - MarketBeat,MarketBeat,https://news.google.com/rss/articles/CBMiswFBVV95cUxQSDRieUNUUTU4ZGVlX1B4dVpvUE1jMVN5UE9feVhPbzVwLTlWamFVWXpXU2E0M3FSWEx3RmNHNkxqUFZaVU5ETU0zR1JmbDJjbWswMU5yX0Nid24xcWVvNXFDaGtjVm5WS1hHYzdNUUZBbGdVcDZxY1c5TEFlV0VVdjFxLW9idmxsQ2JQeUJ2Uzh2ZmptSTltNVZGZDFSTmZIdkRGUlhpQjhvRkMydlpjT01WTQ?oc=5,0.0,neutral
2026-07-02,2026-07-02,JPM,Diversified Banks Stocks Q1 Highlights: JPMorgan Chase (NYSE:JPM) - TradingView,TradingView,https://news.google.com/rss/articles/CBMiwAFBVV95cUxPbThNZnlxZFowbVJoTWF6RWd6bE4xbU5EcjJ5azlOR19KOUJDQWJFUHRxZGZjN3NvbzBWNXpVOXpVdkQ3YXpOSVB0VHI3OUx0Y2trMkItRzVfLUdKdzhpc0thX3Z0eG1rRkkxR1VJZFBFUGZCYjU3aGZOSGFmOUk2U250S0dmQ3BObUpoTWtfRWhieVF0TlF4aFZqOEl5NVBFT3U5eF9raTc5WkZlNHhNSGN3a2w5cW1OSVhLTVVlZGc?oc=5,0.0,neutral
2026-07-02,2026-07-02,JPM,JPMorgan Gears Up For Q2 Print; Here Are The Recent Forecast Changes From Wall Street's Most Accurate Analysts - Benzinga,Benzinga,https://news.google.com/rss/articles/CBMikwJBVV95cUxNMEJmVUN2QTVmN1ZNLWpyT1VjSHRTYVR1Mm5iYXZSSEpGbzctNnVVR1p0V25udkNZQU55V0t1OGg1YkxhSUxZTTlQT0JtejVxS2lVZXI5QXNzbXJERzl5UVkwQmZXbUszVjJuazlXazhNTVRURWdrM0tkSEhXcjRNUHNFel9fUk1wenlHZWRpaUpYTnpmUjZGZ2ZuLUdLdFpHeXFzdG12V084Y05qemZ2NXpJUUsyMkhVcVRLRGE2VEJTbzhLZnRmZzdkYlQ3SVU2NlNqbl9oUkZjU3JKRS0xMTU5bUdWVERyYjEtVGJjMHl1RTdNdHdhMU5fSDNsMzNiWGRJai0tcmlMb29GcVN6ZUJNMA?oc=5,0.0,neutral
2026-07-02,2026-07-02,JPM,Janney Montgomery Scott LLC Has $523.08 Million Position in JPMorgan Chase & Co. $JPM - MarketBeat,MarketBeat,https://news.google.com/rss/articles/CBMi1wFBVV95cUxNNEZSLTJfMFlIVzJPTGNoWG1YTXBZRC1tcTZwd3FvX2p5SHQzOFFocm52TzRsV2dxRHliSWIwcW5keGtOcDZnSC10WjY3NGg1Z3FSNnp6UVFVM3NSZVhuZVVMSWFFNmR4aVZTVDE0WG56RDBidUFzZlhQSndUOEltRHlndjJlTkxDbE02cDkwTFUxSTV3alJRUTJZemI5WlM0LTVWN0kzTVBwSzVVQ2U5bHNnemRIZU1SSUttemR2bmZzRl9mT3R5azlyX0RuRGVCYmJPbUJLMA?oc=5,0.0,neutral
2026-07-02,2026-07-02,JPM,"Patriot Financial Group Insurance Agency LLC Buys 37,144 Shares of JPMorgan Chase & Co. $JPM - MarketBeat",MarketBeat,https://news.google.com/rss/articles/CBMi4gFBVV95cUxNM0tWYmxiN3ZHcGtxN0lMX3VCZlFtVENWa1FxS1NycHFXTkFWS2Rxb0JldzljUzNXbmwtUktqVGF1Y3VBVGY2bFNoZEhYeUFudy16aFVSSnA1bDNtVTJVOE9aYjJDRFNSMnhaLU5hMXpKTFVfb3h3WktNRFdDaUhWeTlxSVVuQnB1cHZvVXpacmNmSExDZkFDR0xSY0ZFQ1FaM1dtSC1vQzc1WUoyOVpaa0hRSEZkMmtoWm43R19POTA4dGFCNjdSODJKOVNZdUZVb3ZxZFhod2FjV2VTb3VGN3R3?oc=5,0.296,positive
2026-07-02,2026-07-02,JPM,"Boomfish Wealth Group LLC Acquires 8,048 Shares of JPMorgan Chase & Co. $JPM - MarketBeat",MarketBeat,https://news.google.com/rss/articles/CBMizAFBVV95cUxPY29ubHNUTnhKSWRBRWp4Wng4azROak5OTGx3clZzTWlVS3ZmdmFYN3A1SEdxd1ozak9RRjJVcUgwcmZwZ0hfR0pPU1JXR29CRkxaaWdGck9lZkkxbXhCcEphSjV5QmxNdnFnX0VFWWl5ZGx2Y2h1QjNxUHNXcVgxSHRlWE9qd3l3Y2M3a0R2NHkwRkdjRS1yS2w0QkFEZkszZnBFS0RrTVVhU3F4UEY4cVhGeUNmSWtDLWJHOWlnVElmNTczR3dPYmt6dk0?oc=5,0.6597,positive
2026-07-02,2026-07-03,JPM,JPMorgan Chase (JPM) Stock Gets Fair Value Bump As Analysts Rework Revenue Outlook - Yahoo Finance,Yahoo Finance,https://news.google.com/rss/articles/CBMimgFBVV95cUxQZS1hR2RnSWpLSmd6UTQwSnR5YUFSM250Ri1KWERKbTVqRW4wVUdVREVwZ0Q0SlBiVkNmcjRuazhBNmJJbTE3eEpvNkdXZ2I5V2w1VzZPNjBHUG4yQmpPX1J4YzZacEkwV252d1Z3RmJlSm11N2FoZjF3TnhrQWY4UFRhYnZiTEJOZEZxQWRsZlQzbEZVcjZCSHd3?oc=5,0.5719,positive
2026-07-02,2026-07-03,JPM,Is JPMorgan Chase & Co. (JPM) Stock Still a Banking Sector Leader Ahead of Earnings Season? - Insider Monkey,Insider Monkey,https://news.google.com/rss/articles/CBMiyAFBVV95cUxPbGE5anQ0T2ZEQXZkMURlaEl5cGdSSW82YnJVNVNLM2VLSkdrWWprbERkd09iR3Q1cTV5NnUxMjNUeFhHQ1dNNnhLRXNtdS1PYTk0dEkxazRoRG93Z0NzLUd6c2dXWVZJdU1FNW5IMzV6UW56S005MG9KLXBhTUlsSU9xczh4VUJMV3FETEwzck5HSFZYbGE1Tjh0ek9kYkF2Z3pNNHJzNVpzSk5tNHpqWVlyN1JNaG9GQVNPM19ubjFLQzh3aGpuQtIB0AFBVV95cUxNZmpUdG81VTI3VlJjcXhrR01jNkxIZkdxZnlJbGNpYy1yQnBGZXp3S3FXczJKZ29FdWZ4LUU4LWtvMHk5NFg2QzZ2dEdhUTRMN1EyRWNtN3ltUVBFYjFDSmlYYkFCWmRwNXlLQkhkWWFtZm8tUzA2S1NvVGZ4SkdfblFWeUlxem9ZdmFteHhZU2FtQUk4LVU5Y1NQaE9aZ2xaMDIwTG5Pb0l2TWZYUVY5M2ZZUGhNZXpBa2lrM2p5amJUNUdFdDRGTkNYYkQwX3FD?oc=5,0.0,neutral
2026-07-02,2026-07-03,JPM,Diversified Banks Stocks Q1 Highlights: JPMorgan Chase (NYSE:JPM) - StockStory,StockStory,https://news.google.com/rss/articles/CBMiuAFBVV95cUxNTHFrRmZvTzMxenA5eTFjN3Faazg5Um1vWGR0TTBMTEI3YkRvN29ic1ZETXpjeEI2V2NzUmp6SnBySW5sank2ejhRNXdhVU9yZXBRNkIzMjZNSWVPVzdINWpScjFDcVF2cW14dnE1dHlwNHlObVd0cXlsSGZScWlEdkNTVDhQMm9UVFlMZEw2dlhfTl9TN1J6STdNbTBXY3pSVk45Z1k2VEo2VElWR1gxcVNFdjJHNlFi?oc=5,0.0,neutral
2026-07-02,2026-07-03,JPM,JPMorgan (JPM) Backs US Crypto Rules While Warning On Stablecoin Risks - simplywall.st,simplywall.st,https://news.google.com/rss/articles/CBMixgFBVV95cUxOM0g0LUJMQlE2b3ZKbjlfRHpaX2RCX2FTWlVaa3lkdjI1QVVpTWIwWGt2X20zZE1pdjA2dVpEUzNGQmY3Y3oxZ0NfOWMzbVg5c0lVZ083SWRsLW9BcGVJRHJtTk5BMlNWZS1TdklmLTBrMGh2aUdsQk9HRHg2VXdWTS1mUC14d2VxczNUZDljRm1zWnUwb0tIT1JJOFJNMEhBVXJSYnp1bHhNOFlPdWZySG5BQWdNMFcyOHRTLW50VXVGUE9WaWfSAcsBQVVfeXFMTnBlRHRaeG5nQThGWUlnYTVVLXNKdmIyNllPMGY1OW1zUkFLRTN5R20xLThaUlk1a0k2akhUTHRZdVhyN1lpNmJWSFRDVGd4ZGl3czhsSXBESkdPZ1lfWWZfOHhjdVNvemdKZm1oQVNidkgwaFRyM2lTQkpqSWxHN200NEk4NmgtVTBJQ3BDTHdBMjVlZ3pMblFPaFpiVlBDZnZaYXlCb0V5d2JpbTFROEF0ZXhGY3RMb3YwSnNGRjk4VmxzYkhoZUVPWkk?oc=5,-0.5719,negative
2026-07-02,2026-07-06,JPM,JPMorgan (JPM) prices $750K callable notes linked to Delta (DAL) shares - Stock Titan,Stock Titan,https://news.google.com/rss/articles/CBMiqgFBVV95cUxNU1hkaFI0U2pYZS1JckxQY2FjNE82SVBITVpqU3dNd2tudkVBaW9qYUJ4NWVuSkFMVUJxRy1lanNtcm1YUzB2SFUxYlljNzFxLVRuSWFkSTZGQXpXckVrRjdDV2F3dWdBeUFWcktvVFdhT1hlQm53LUF4bmVremVZU1NZSnh1VEYtNnktMFhZcUxlNlZnQm1rdkZsWHRxX3FDVENSenllaG85Zw?oc=5,0.296,positive
2026-07-02,2026-07-07,JPM,Is JPMorgan Chase & Co. (JPM) Stock Still a Banking Sector Leader Ahead of Earnings Season? - Yahoo Finance,Yahoo Finance,https://news.google.com/rss/articles/CBMilwFBVV95cUxNOUM2WXhQWjVfSG9SU3QwajBuTHhVV3lPbkQwejl4eWNCMG1LWVVwY0NhMzNzNHhIcks4SHhlODBxODhRX3dvel9ORkdRTmgyYnZGUDB3SXlFbC10c0QzMGplR1JhZkdZaEZBRGRiMHR6QU5Gekt2RXV1MUFvYlZnQnpiMzliS2ZWR1U2V0p1Uktaek40Y3BV?oc=5,0.0,neutral
2026-07-03,2026-07-03,JPM,"BXM Wealth LLC Sells 51,233 Shares of JPMorgan Chase & Co. $JPM - MarketBeat",MarketBeat,https://news.google.com/rss/articles/CBMiuwFBVV95cUxQY2cyaHI5YkdUSzFfU2ZTUUtET3NSb21aWWtCaFZMbURiUUxBSXBWdW5QYS1ldkR6ai1hc2hYVmRIOHMzczJmZlk4R3lZVENjbThoYk9wYkVGWF82Y09WZ19rWGdndzNZNUZmbkNhWEYtazBFbjRuakV3R25MRDZaQlo3aEEyXzdLOVFYMjg4WllSbmU1OGlTOHN0NGNadXJmNXJWbFhkdjFMbmZpTzZYNmczbWQwTjBGQUtF?oc=5,0.6597,positive
2026-07-03,2026-07-03,JPM,Apollon Financial LLC Has $4.25 Million Stock Holdings in JPMorgan Chase & Co. $JPM - MarketBeat,MarketBeat,https://news.google.com/rss/articles/CBMi1AFBVV95cUxQckZ1bk8taWM0a1p6Z1hMSXhVQkJuSklMSDdmYnpVWnFDUktWZlF4dV8xTXBha3Y0cjFfdTV4bW5CaUNMZXQzdllWTE5lYmZ1U1FBdzh2eHY4T016R1JmYk05VFdacFFfamRjSHhuOUppSlZJSC12TE9Vazd4R084Qm1kR3Q3LWlBY0ZOLUY2UW1wd1Z3OThMSkxERXVyajFBMEo0OFJZbmFSaW9haC1keFdyNHYxMEtYN0V2RUQ3WGJkdWFzeERseWF4R1hxSFJOWmRMeA?oc=5,0.0,neutral
2026-07-03,2026-07-03,JPM,"SageGuard Financial Group LLC Purchases 2,998 Shares of JPMorgan Chase & Co. $JPM - MarketBeat",MarketBeat,https://news.google.com/rss/articles/CBMi0wFBVV95cUxQTEJwMEsxeHMwNy0tMG1Oa0FwRWotc0FvQ1JTbTY4ZnQ0MDNWTGtOaFJxQ25FaGYtdFpzQUU4bWZfWWF5VHlwMDZVLWREYUpGZVRINnZPSmdhM0RWdjVrWjZFaXNsY2R6SDhPWmlfZGlNdWdNWGQ4TXNjbkNqd25lancwdkJZa19Ud2ZDSXVRREVGcDN5a2M2M0h2eXc3bUtFS3NLTl9VbFdvbnZhRG1Ibk14WGJubmdXTmVKM3BmNTRlTjg2dnBWcl9pc01fM3Z3YVlj?oc=5,0.296,positive
2026-07-03,2026-07-06,JPM,"JPM, GS, MS Stocks Edge Higher After-Hours — Banks Lift Dividends And Announce Buybacks After Fed Stress Test - Stocktwits",Stocktwits,https://news.google.com/rss/articles/CBMi5AFBVV95cUxQNFBEZVk5UzVPNXJWQVZoMWpvSlBWaEhYa0hOeGpuQ0VpSTFVU01JeHljcXNvM3FoN2xveHFoQ3Y4RnZuVTh0eHJ4ZnhPWGZhUVphNWo1OE5Qa2dlTXh5WjQxMVFUTHJIUlhXS3F2SkFlLWI0dGpnMjdVZTFWdVRYQk4xZjRhUjVVeThYclhrWDFQOWFPZFZjNGViMkwycVpvbXc1aElLQkxSRGx0d2JBWDdWRnBvekJmLUtlOGlpV0o3dDRNWURaSlQ3UTVRNkRabGVOVDB2OFJoM3dBNHJJeERLcjM?oc=5,-0.4215,negative
2026-07-05,2026-07-06,JPM,JPM Stock Gains Nearly 3% — Jamie Dimon Succession Dynamics Shift After Marianne Lake Exit - Stocktwits,Stocktwits,https://news.google.com/rss/articles/CBMi6wFBVV95cUxQdjdQbW5Za3hwWGcyMVB2OWxuWjhkUEdrZHBBbnItWmVSYWswRzVYdnRrRS1nSG9MdWd3dlhTdEpGQ0lVTy1Obm5ueVhoVlBWdUxuUGZmWGZzU3UyZXUyZlhkRTFvYWFoekZSOWR1bkMxaXZBclJ5NWsteFY3djZ0LWFua3RqVm9ULTBVeWV3em5HTml3S3Qxc0pFMFpQUFZ6b0Q5S0tmNFQ0MTJMMzhfOEV6NnRNUHRVMFJiSEpsZXFHVVlPWXFQcjI0Wk8tMk5GTkVOWEV1cGFsUTZYUjlPajRSSjhPOG5XWTFn?oc=5,0.6486,positive
2026-07-05,2026-07-06,JPM,JPMorgan Chase & Co. $JPM Shares Purchased by USS Investment Management Ltd - MarketBeat,MarketBeat,https://news.google.com/rss/articles/CBMizAFBVV95cUxOLXZRWC1CaE5aZ29HM0ZBNGNLQnNWLWo3NVhlOTlNNHZwOHRteXpfamRtbFdCU0R0bVdnWFE3dUtTMDNtaHdqWkdVaFQ5cEtDM2pGaUdCOGY1b0VIMDJXeDhsSW9LaU11dnVKQVJ1VjZxRV9QdUs2ZXBocGJsUXJLdXRMOHQwNlJxZ3g4UTFZYmMwZlFwU19Kb25UdkR5Z0ltMEh6QmlnR21WNF8zQ0hwNGU0bjBoSDhvWWVkNDlEdElKbUJoUFlkNnh5ejk?oc=5,0.296,positive
2026-07-05,2026-07-06,JPM,JPMorgan Chase & Co. $JPM Shares Purchased by iA Global Asset Management Inc. - MarketBeat,MarketBeat,https://news.google.com/rss/articles/CBMizgFBVV95cUxQaTRLa2NKd3c4X2lPUllsTVNXSDd5ak1FOVE2b2RwZ0tYa0ZSeWVRbTl1bDVGbmxndzNTOUNSTHlSSFJUS3FsSmhjSE45dzZyUXJtcFY5ckhkUVM4MFZ6cnlfUUQ2MXBQRDkzR0tmOW9yb2FsNUlaaU5qRVRsalYyQ0ZUNXlOdFUybmh5LU1oSmpmcVZ4MlkxeUE0TE9NLUZ5QnVoQTc0anpYWHhsVU5uUVhXSjlvMnVpTllpM3BPQXo5dExxeHN2MEh3dHNWUQ?oc=5,0.5719,positive
2026-07-06,2026-07-06,JPM,Wells Fargo & Company Issues Positive Forecast for JPMorgan Chase & Co. (NYSE:JPM) Stock Price - MarketBeat,MarketBeat,https://news.google.com/rss/articles/CBMi1wFBVV95cUxPbkV0aVBWYmlvN1czYzl1YkdLeVpGZUFrajViS3p4eExXMDJIamxrQzNXeVhJZjJXa1Jkbm52VmZDeGxNWGRqZTNuQThJUVYyNXdKZ3ozbVp2M2RUaTNjOEdrdUN0MHlhVVVfNVFfU0ZRbE94WXJwdVNXeG9QMzBOdUh0SkVRR1dkb1pEdk5sN2xkVzZ6SjZBWG5IVlpQMW1HazhBdWdaNXhaR3V3ODMzNEh5Y2NHeW1fZ2ZVX2lvQ0FsWTZQNG5MM2pUa1JDUTBYMnJKNXJrVQ?oc=5,0.6808,positive
2026-07-06,2026-07-06,JPM,JPMorgan Posted $50.5 Billion in Revenue. The Dividend Barely Dented the Quarter. - TIKR.com,TIKR.com,https://news.google.com/rss/articles/CBMipwFBVV95cUxQRkgwTHR3SnR5LXZkZDlPRjdtRmwwR1FVMmZ2SEYybHNURDdLd1ZMc3B5cUg0ZXA3Y252OHhfc0xXcWktcEt3Q3N1ejdzZE1ncWpQdXVtajNWZGg5M3Vqb3B6eDQ3R09GVmsxU3JzWEFVSVFuWTBEUlYtMXQwWXAySkJJUnl6WmZsQVo0YmhXamQ5ZlRDb0lXN0VkU1hlT09fOXpEdUtnVQ?oc=5,0.0,neutral
2026-07-06,2026-07-06,JPM,"Buy the pullback in chip stocks, JPM’s Matejka says - Investing.com",Investing.com,https://news.google.com/rss/articles/CBMiqgFBVV95cUxNUFR3N3JTWE1kRjBveFFWaTFnb1hrRFV6ZDMzQUs5cHJmQzcxbzlkWEZmZ3VTd0I0UWJoQ05MU25JRzFuVzB3UVJwTUdWNUx1TUhZcG5XN2NzZkx3b0x5VnhOZ3hQZnZqcVRiZGN3SzgycHZXUTN0NWVFQndqdnpKckNwX0xQVjFZNHdRYm0zVUc0a3FiUThDOVBxX245SXljS3VGSVdoWFhZQQ?oc=5,0.0,neutral
2026-07-06,2026-07-06,JPM,Stock Yards Bank & Trust Co. Has $101.92 Million Stock Holdings in JPMorgan Chase & Co. $JPM - MarketBeat,MarketBeat,https://news.google.com/rss/articles/CBMi3AFBVV95cUxObU5LdGpZOGN4eE5pWWdwSmp3c2liWWR4X0hjZmQwUFFlVG9YYlkya1J5MU8yNEFuVmhYdEMxMl9saWh0QVdKVC0wa21ONTlBb2lyOW13ZXV2UnRYWG5oYWRoczhLUm1naU9hUVJ6T3g2UUJXeExWTlBycy1mOUlDXy1fQ2lJWThKajdjV3pRbndBaGIwS0VfZ0o5QnRtVFUwWmNXYURHZEwwRlVIcjdORHlyem9HckpCYzVONHpWRW42bkVxbG9IcHNzd19OVjgyaERqOU5iYml5VWZi?oc=5,0.5106,positive
2026-07-06,2026-07-07,JPM,JPM Maintained by Evercore ISI Group -- Price Target Raised to $360 - GuruFocus,GuruFocus,https://news.google.com/rss/articles/CBMipAFBVV95cUxPdERENG8tMUtlQ25CX3c2WWd4SXlOYkF1RHF2MUxrSDFsdzRUcUg1U2NlekNKWGhJdDA3OE8yWTk4a3pJSGRfUDZhcEpUbVM1UUZYU0dCWW5DU0hSOXpaMXNIN1VxTExGQzVRQmowVXBKUUw0eEJha2MwQ3ZneHRDUFFLU0czZWt5Vng3eGFRNVo2My1peW9ZbnBrOUVxc2JFaHM3cQ?oc=5,0.0,neutral
2026-07-06,2026-07-07,JPM,JPMorgan Chase & Co. (NYSE:JPM) Trading 1% Higher on Analyst Upgrade - MarketBeat,MarketBeat,https://news.google.com/rss/articles/CBMitgFBVV95cUxPZmJvNDFpVVQtMTVyZVg3N2Vma19mb1ZLUThUWEZLdXVDM3h1WHd4S00tNE56MFB5bVY1SHZfZ0hxdVM3Vm0tWUFrYl85Q2FtZEVRZ01ucFVHa1VUaFZrV2dYTkpDZDhUWTZyVHljb1ZCVm52V3hqaElaVVJBd21xcUNKcTJ2QTl6YWhVajFCVVV4ZEJjMEVPTjVDRW5sUkJNdWFGS0x5Z2lybTB1MENTNUdwcEF4QQ?oc=5,0.0,neutral
2026-07-06,2026-07-07,JPM,JPMorgan Says Buy the AI Chip Dip But Morgan Stanley Pushes a Different Bet - Yahoo Finance,Yahoo Finance,https://news.google.com/rss/articles/CBMikwFBVV95cUxNWEVmSHZUeXhiWnZsX2FtSW52MjExN1RUUDBncEs5OHRhUmh5YW5zMTczZXd4ZGRURnNFSUx5UVFIVWxxeUpfeUJ2bjJrR3BXZ19teXQxY1lrVm9WNGxRLVh3TXZ1UEpEbjd1UndMZmk2MUU2cDBqWFJibzNEYXAwNWFXTHFNalVJTUdtQTc2eGdQUms?oc=5,0.0,neutral
2026-07-06,2026-07-08,JPM,Bank Stocks Rally Ahead Of Earnings. Why Bullishness Is Growing. - Investor's Business Daily,Investor's Business Daily,https://news.google.com/rss/articles/CBMipgFBVV95cUxNeEVBZjBpdkh4WWhzYWVOeGkybm1sVE9MUWY5VGE4b0UydmhRdDlfSzJzYkZyWC10NU5nVEx5Tmx1eUh3U2gzSVNLRkhEcGF2RVdzRmV1N1lUbTJQTkRPcnctbzh3dHp4NkVJY3FZU1JXYl85ZDMyY2M1QUdXM1VmQVdxLW43YlJfSllObkYwUTc3dEdidVNDRjRGakZudzVCX2RTY2Vn?oc=5,0.1779,positive
2026-07-07,2026-07-07,JPM,JPMorgan (JPM) offers 18% autocallable notes linked to Amphenol (APH) - Stock Titan,Stock Titan,https://news.google.com/rss/articles/CBMiqgFBVV95cUxPcGVxLUlLZVlSMEdYRGtYX0NqdGtScVJDZGY4ZS1OVVFOTHY3ZC1XMjlqM0o2NnZaTEE2Ykl2WHlEWC04aE1iSXN1bW5pTVJ1eDgyVGVXS1FuLXl6LWRyT1JVUWdqSTd4QVpzSEhLSERhb1JkZ1ZxTGVObFN5cjB3LXpBV2M5SHBKaXpFMjhDMkJXQ05FX2FLRV8wZTBVNjlrc2ZMU0M2YTJudw?oc=5,0.0,neutral
2026-07-07,2026-07-07,JPM,JPMorgan: All-Time High Doesn't Mean Expensive (Earnings Preview) (NYSE:JPM) - Seeking Alpha,Seeking Alpha,https://news.google.com/rss/articles/CBMipAFBVV95cUxQZnZ3dnZ3aXphZnNES1BOQTNGWjJua0F5MkpFV0hJdHVOaDY0YjF2MDRneGpPckdjY0RpRnQxQjU3S0EzVmt1ZkdORXptNm0tWFdEeElaSDRuU1VqRDlNWXNxcVNpZkF4N0lDWFpzV3FxZ1lYVWFZeEd2ZFQwYUk0TUVaNy01eVVZZHp1XzI5bEotSzhWV3ZxRzl3cUdvZXhjb1VKbg?oc=5,0.0,neutral
2026-07-07,2026-07-07,JPM,JPMorgan Chase & Co. (JPM)’s Shares Are Flat Since Cramer Commented On Them - Insider Monkey,Insider Monkey,https://news.google.com/rss/articles/CBMiswFBVV95cUxPRG0zWE9kUDdDWDI4NE1sR3psZFBIMnFmeTRDaEdrSklEa0U3QUt5UEl1R2tNcHJBQU9MelJPX05ibGJmRWFzZlZEZVRubWhaZXVEWUVObDF2UEx1emZyZ0tjNTJZRXBSUnQ5UHFCU0M3dWotWVNuT2VGX09KcHQ0My1ta2RPRjM1NHpxZlhTLWNPUjRBLUhRLTN4NUJ6Uy1KTlpTcU5LN0JyU0o3YWlaVzBNWdIBuwFBVV95cUxNc0dUdTNiWjMwM29yeDBBb1dMdEIxUlN6Z1M3dnowd0x3RFFKRWtfYUlwSnpMcXBRVDB1UEgtRjRtT1k2VVNWR0NCZ09TeHNKdndNU2ZyM2NjMHZHenJzN20tSWtOUDJlSnlIY0JyMUFwNnZpZ2lVU0VyRnRScmFQOWlQWUp2YkMxYlVHcUlyaWhOTm9aYmJZRzFoVy15c1dwa3pHaE9lcXNCdG9hekdYLThXZGFyMlFPVk00?oc=5,0.296,positive
2026-07-07,2026-07-07,JPM,JPMorgan Chase & Co. (JPM) to Announce Quarterly Earnings on Tuesday - MarketBeat,MarketBeat,https://news.google.com/rss/articles/CBMiuAFBVV95cUxPTHpzZVBFU0pSU2Q2bWVVRVAtUDd3UWkwcUkwQTRDSlh1cWNseU9PT0V5YkM4NTJvcU44cGhzNDZhSFBPai1jZmplbXJlOGQ4cXJNdGxuTU1mSmQ0dU1jUFdfMGVvYXBPWElZOHZNOHR1Y2otSlh6XzlZSlFoVVdFQUtRaTltX2o2bnoyV0lBeGJLWWNiRkczTVZjTVFTb3RZSjMxbDVZTVdmWFpmRUt2MUFlcVpvcXFx?oc=5,0.0,neutral
2026-07-07,2026-07-07,JPM,J.P. Morgan’s stock price is flashing valuation warning - thestreet.com,thestreet.com,https://news.google.com/rss/articles/CBMijgFBVV95cUxONHhPY3JWMkJKNWlXdDlfMXdRd09Oa1JMRFhYcTZUNnpscjBqR2xubVBlU05qcFlYbEZDbmV1TGNRYzAzcTdibHRIZGc3SDhqQjdtWXBNNFhSbkpTMGNnVVVMdWM1b1JDX1BFVnZRNHltQ0luaTNDOHVUT3FlM0gyX1dSdjlhal9xam9VeWtn?oc=5,-0.34,negative
2026-07-07,2026-07-07,JPM,JPM Q2'26 Earnings: revenue estimate is 50.39B USD - TradingView,TradingView,https://news.google.com/rss/articles/CBMisAFBVV95cUxNUDZYdXZkS2RHaktULWdDWFROMFRBbFZleUNQVVpnN2o5SWYtNmhPeWRuY1h3Qm5TZC1YSGtkMzI1RDlPQmlKZzNlNFJfR2hLZG9NMzBENFdjU2NETEd0dzJjRDM1TWduanVEcW12TVlodUdoQS1wZG9hMkRheUNCQ3RSU0FhUUFUaGo4SU43MmF4UmMtSk40Z25sUlpGdUR6dnZqcFBuSkNJNEE3QUlXSg?oc=5,0.0,neutral
2026-07-07,2026-07-07,JPM,Seaport Global Securities Adjusts JPMorgan Chase Price Target to $362 From $349 - marketscreener.com,marketscreener.com,https://news.google.com/rss/articles/CBMiygFBVV95cUxObXlwNTh1cVZXY1FMWGNtdmh3S2Rldko4a0pFWmhuSnJVcXdvRXpaVWtQdEx4dHJXcmNLLVFKOFpQYnEydm1lenBlNGd6Q2hiVlM4WXZEaUt1bGtDQjJuTzdoLWZ1OVp4WFpEREZkQ1dVaW5aUU9TR0pHX0tvbXlrQnpRNlVTVVRwTDdPblFaYzAzQ2dxYjdXUWotMEl4Wmhlb1dlMFdtb2VmS1FrRTZuMlBydmhocmZDWlVLaElFcTFjUXZYSGlwWjd3?oc=5,0.296,positive
2026-07-07,2026-07-08,JPM,JPMorgan Chase (JPM) Stock Looks Undervalued As Its 149% Run Raises Questions - simplywall.st,simplywall.st,https://news.google.com/rss/articles/CBMixgFBVV95cUxQbG42UEprU3RTNjl2aFBPMWpRSW1uTDBBdkE3c3NHeGFxdFBTTkdaVHRzUGdxYktnaDFRMWREeTNZczkzR1ByanVhdFRQaDlhMlBLeWhZa2hvNGJRLXFWT1dGdU84OHg0VXhvcVFQYy1BdmJhZFQxbFdLcXBSZ3BRRTBFN1dRUm5rYjAzVjg2NW9ydzNPYjhoWGhKUjN2MkFzZFFkRTNESThLVTRNT0I1TWxYODI2VW1lbUJJaFVRVXMtX3M0a1HSAcsBQVVfeXFMTmNLbDFSVmJCbGdGay1iTmVlTGRTSTJBNXlxbGVfZmNkNk1HcHphX01SWUc1SXd2QTc4ZkxPYkpPYV9kRHhWQUg3LUU2OVlhbUZFTVRPWVFVNmFHMi10OG9CN29FNUhyMERub3RlX0tXckdfV2JEcHU0LWNmdlF3RENjVDJ2cGo5RUx6Q2ZsNUlOWXZPOWFldmE0dExGU1hJVGloUXcwRzZiUFdMMDJVQnRrVGlkWFNlVlhtcWVpZGFoVnpleHBOVWY0LWc?oc=5,0.0,neutral
2026-07-07,2026-07-08,JPM,Pre-Earnings Check-In with JPMorgan Chase - Schaeffer's Investment Research,Schaeffer's Investment Research,https://news.google.com/rss/articles/CBMipwFBVV95cUxPT0pheS1qa1FobHU1NUdGVTBxaDNDU19TWmE0M0FTZW5RX3ZrWWZBZk43WjFFTk5oc09NQWVhQWRFMUlpWmhNUDlRT0I4MHg2cVMzckxmczNDQUFlN0tTRkhaSFVIT05LZVBsekNCWW9seW1UcEtMUVZka1oyMzg0U2FBbXNnOG0zaUtuVHlHZXA3Q05mc1FIMkJGV0dYVHdSSGViQ3o3WQ?oc=5,0.0,neutral
2026-07-07,2026-07-08,JPM,JPMorgan (JPM) Stock Forecast & Analyst Ratings - Moomoo,Moomoo,https://news.google.com/rss/articles/CBMi5gJBVV95cUxOTHFCdlRfYjZjODRyTkcxa0hmeVNkdzJCOUJJN05UTXQtckRLTDByczN3UmEtZUo1ckRJcS1XT1F4Rk9YXzFuT1VMOXF0MWxOMGRfckRBeFpsa1VVVE5KUXJfN0d3a0tQd01QZ0Y2RnRTeW9hWktuclQyenhUSTRUcUliR0xHYnJGbDc4bUg5VVhPOVdLMi1XaDdLR2NZQnBsaC1aNDJiWnNGVk9ULVktVFJpdk9kX3dKZ3E2UGhiRDFid3hxWElLUXRmcjYyUm9oQ0pRWE4tazQ4bWRLbnZzTmhqSzhKOXZyM1RHQzRnNkNzN3V3R1ZlLUtyT2lIMGRqeDJrY1Y1YWVJbENSNVpnem5HazRkM3U3eFhFYVhrVW0yMWZQSUpvc2ZYdV9xaGM3U3h2SzRRZDkteW5kSTRhZ1kyTkZtVVFaSEQ4NGxmZGNZMGRwNEN6Qmk0dTJCV0o5MlpuQVVR?oc=5,0.0,neutral
2026-07-07,2026-07-08,JPM,JPMorgan Chase (JPM) Could Be 24% Undervalued Following Its 10% Dividend Increase - Yahoo Finance,Yahoo Finance,https://news.google.com/rss/articles/CBMilwFBVV95cUxNSUlmazBndUhNZGZpZ1JVUk5wZ1JyMGJSMVdfVWI3MUQxOW5SWVRiQmpLR09MZkp6YzdSQmlxczJuU1lDUnBUM2h3Vjl1Z1MwVl96ME12REx0RVVLWnpaMVdEM01jNWVhOHU2cUp0Y203UjVha2xjRXlWcmVnOElRX2VGX3hLbTJQYmlhUFp4bmtHb3NjZXVB?oc=5,0.3182,positive
2026-07-07,2026-07-08,JPM,JPMorgan Chase & Co. $JPM Stock Position Trimmed by Pzena Investment Management LLC - MarketBeat,MarketBeat,https://news.google.com/rss/articles/CBMi1wFBVV95cUxQWDhrN0d5OTkzd1o1cmlVZjFmMEQ1R0FEMXh3QkFYR182bUNVYWZNNFdEeEhOUVNWdTV0Q0FxVzgtTGtjVWpIRk82dXNzc0dYVEU5NVNuXy1pcjBZNWxlakhPQWtldW9KSzBSWlRSSHFnWG1VTzlpeWMyUmxVU0UtS25YNkl0Y0luMTFSeWZudld6OHI2bHY5cnNlUE5fbVJUUVpKU0g3RlZfR3E1NkxzUWp2T1V5WnJmcldsM2hxZkpySFlkbzk1MnI5LTVIbVotLVJJaHdhUQ?oc=5,0.0,neutral
2026-07-07,2026-07-08,JPM,JPMorgan Chase & Co. $JPM Stock Holdings Lessened by Boston Trust Walden Corp - MarketBeat,MarketBeat,https://news.google.com/rss/articles/CBMizwFBVV95cUxPcDczQ0x5a2gzTUxnNEQ0UkszbVp6NXltUnB3Y3M5ZENGeExTa2ZGNkVsU2tCLXFXLXBJTFlndmV1czUzOUVYZWFEdVFUcTZQS3N0WUs2OUF2Qmw3RjdXYU93QnJZNlBKYW9Sc2psb3BFQzRuTi1Cdm8wZWdQUVZocUYxRW91MllldmhBVzhlcUdieGc2LWhxbTltYXFrRUZheExzZ0ZMZ2hQam1xYUpzSGhRTHJVOWxRQ3NORUZfYzV1TGlUMDBuZThXZFB0Wk0?oc=5,0.5106,positive
2026-07-07,2026-07-08,JPM,JPMorgan (JPM) issues Broadcom-linked buffered notes; 36.97% max return - Stock Titan,Stock Titan,https://news.google.com/rss/articles/CBMiqgFBVV95cUxQY1l6OEZFeW5PSmdYOE40SnQ3NTMxdTU5Y2ptTy1WMHlnTkdGaHBhQWFuYk91ZlRQY1Q4NmR2WHY3cUhFTU9fWjQ1d2xVU0k1azdoZWtvOGlweDdYRV9oWjA4WE5BR1FxVTRzb3dlcDNqQVVnUVE5Rmp3MVZpODFzRTU5MExvWTQwRmhoNEtJLTFTUTZBSVBDY3JhWTNFbGljLWxMMlpndE4xUQ?oc=5,0.0,neutral
2026-07-07,2026-07-08,JPM,JPMorgan Chase & Co. $JPM Shares Acquired by Leonteq Securities AG - MarketBeat,MarketBeat,https://news.google.com/rss/articles/CBMiwAFBVV95cUxQdUVoYnBfZ2YxSjZ4azRzc2V2dUp0bU11RjA2OG9vRnVtYUVjTkJDY2tNWW9MWFJjcGVjN21TZnN1UlFmNzRQZ2pEMGM5enhUQXNWV0tQSDF4RnNKSnp3c1Z1Tm8zS2lEUEFjbzNkRmR0dC1kUXpoWVg3c3kxQlhWTlppMVNtM2hzakhLZlp3Y1RoVlVqQWNlQ3VEU2Jhb3ZxMXc1eUdCaEpUeldPZUM0eldObUxZU0w3YlF1c2o5OFA?oc=5,0.5267,positive
2026-07-07,2026-07-08,JPM,"JP Morgan Chase & Co. Stock 12‑Month Price Target Raised to $355.36, Implies 5% Upside - TradingView",TradingView,https://news.google.com/rss/articles/CBMi2gFBVV95cUxON0c1bXJYR0VieWVDcEhrUnF2VlIxcHhKZGlNZTVvMEFHaXpDTlNrLWJzY1lXTjBFMFZGWm5yT3I5UDBkdG5HdjRweFNfaWhIOVg1VTVybVB2X2gwbkpfekNYR29RSU1FdndKdnVzcVRCRF9obEp5aE9JVFJYSFZaWWRMOGNvZnl0b1VRRXo4ZE84cHhQcHdqQnFRY2hGcy03cXpBQVhkSElsV05qQnJRck5rQURxTTlHVzdrZFNwU3c0Z0lEdURaV1o4TmNTMnI0SGZrbjk3UTh3UQ?oc=5,0.368,positive
2026-07-07,2026-07-08,JPM,JPMorgan Chase Stock Is Rising Ahead of July 14 Earnings Report: What Investors Need to Know - Benzinga,Benzinga,https://news.google.com/rss/articles/CBMi5wFBVV95cUxOeTdTTVF2eVBVRWxoX3VLMGFBb2FfV0I1Y3Q3dXpsMHg5LTNQUUNZZUl6NE0zS3FMUURzaUlYTElQakpBRl9WdGgyRktvQlQ4NElnNktCTjVPaF8wVmFsRGxHN0VJZzhzdTd0SWRQR0xlVG5ndkFoSmpTLU1EdFhzQ3R5YlNmZTU2QVpEUTRYMGp3MzhuNmpoLUUwV3BVZWR6UERmdDBMZ3BEZmJkNFpvTGpjbnB4OUhKRUIxVnlHTFBHaUJrR2pFY0lQWFd0SGhXb1B6em10RDdFVlZjc1liNVdZOW1ZSkU?oc=5,0.0,neutral
2026-07-07,2026-07-08,JPM,Keybank National Association OH Has $525.98 Million Stock Holdings in JPMorgan Chase & Co. $JPM - MarketBeat,MarketBeat,https://news.google.com/rss/articles/CBMi5AFBVV95cUxQZ0FyYVJ4U3BPSkdmaFRGcmFDWFNOd1E5dFRaWlVXanlPWVM0ZTJkdmRvV1N6bjM4WFFadVJTczhuM3F3eXBoc0ZEMWhCZWZYb1E3Y2YtRkVnRXcyZEkxSk1aRTktT0JzZDl1cVVmc3RRYTE4VDJCYTFKWC1mc0lEanlQektQVkE1azlXR2xSNThWRGxWWk5ONnU3OFY1LXZRMWRSZE1ZMTViSWU2emNLeUZHUWtwZmszQnVPelFHbmJxZWtjbTgxd19jTXhzalBidEtJeUt1SngwY2dvUHN0NDAwUW4?oc=5,0.0,neutral
2026-07-07,2026-07-08,JPM,UBS Group Issues Positive Forecast for JPMorgan Chase & Co. (NYSE:JPM) Stock Price - MarketBeat,MarketBeat,https://news.google.com/rss/articles/CBMiygFBVV95cUxOSnp4c2RpNHhqWE80WjM4QVhXZTltUEJCTDRnZ3ZDTXNtWGRQbFhKS3A3TlJCb1oxbi15WkZqTExjbTV4NV9DV3VmcV9XMEdBeGNxRFhDMnJWTjJLUW5KcS1RS1VYQm9jeFlmWEYxaG5HUjR4OUp5amM5UGwyZVVjQkNTNlhRcTBLZHd1dFpfMERjNDR0WjM4U2thYTlOZm1CdnVucUoxM2N6NlEtRDhLVkx5YmtmRzdvQS1PSzdIZFdtc0tRTm9PNmFB?oc=5,0.5574,positive
2026-07-07,2026-07-08,JPM,JPMorgan Chase & Co. $JPM Shares Acquired by Fideuram Intesa Sanpaolo Private Banking S.P.A. - MarketBeat,MarketBeat,https://news.google.com/rss/articles/CBMi3wFBVV95cUxNLWkta3hhblhiQkdoSDByUEZxMEVPTGhoejdBdlF1UTVmQ1c2S0VyZ0JlYkxrTVNHaFhBSUppOE1JbmhoUlFaaWJ2ZnJ1WHdoaVZxTS1KWkR1ZWRHU3pfSTk1b2R0a01jVXIzOUxSU29ZVFZXc3k2bFdCdXdXeGRTMUVGTk9MeU80aTBzVW1LTU1YT3plWTd5ZW9mcDhNTXNFZ3Y4NlJhX1YwaERvQWxObTF3Z1ljNHNpQ3FIRVc0WHhXREdWS1BUUERaUDZWeV9XTEFObzZWYU9zYk0yMGlZ?oc=5,0.296,positive
2026-07-08,2026-07-08,JPM,JPMorgan Chase (JPM) Lands $1.6 Billion Iraq Urea Plant Financing Mandate - Yahoo Finance,Yahoo Finance,https://news.google.com/rss/articles/CBMilgFBVV95cUxQVjlibHpkVUx1cWQzR3laV0tFVnE5RjV3Mndmc1J0Ujc2SG5GNXhGd2ViQ3ZVMTNuOE03dFlvcGNrUXdELVNRMTF5dktVSHFvY19WZVUwdkYzUXdnVmpzZnk1d2RTdU5xTUJEb0swdkh1ZExuZ1hHRnZmZ2FJSWNDa1o4dXloc28zbFBFaUxnaXdWM2diYnc?oc=5,0.0,neutral
2026-07-08,2026-07-08,JPM,Flagstone Financial Management Grows Stock Position in JPMorgan Chase & Co. $JPM - MarketBeat,MarketBeat,https://news.google.com/rss/articles/CBMi0wFBVV95cUxQclQwM252WHB1QklmVnd2UUdaRlV3OWVrdWROLU5pTkZJRjg2VlFaNGplbUlfV0Z2Y200bDdVMmVfU3dScUF1T2NsMUlxajVPTWNxVm9jUFBFTkNsSVVVVjN0ZmdsQnJ3emtjVEFBUkN2Rll1M01ZbmZVZnpHN2dIRm5iUVBwNjVNMUFYd1JjSFZ0RWxtUVZCTXMyY3RHbTZOQVZZYXZXMklwV29oNlZuY28wQnpSckl5MGhIeW9iS2FzN2lkMmtvM3J0NUplVXdRYWZN?oc=5,0.0,neutral
2026-07-08,2026-07-08,JPM,JPMorgan (JPM) launches 5‑yr auto‑call notes linked to MQUSTVA index - Stock Titan,Stock Titan,https://news.google.com/rss/articles/CBMixAFBVV95cUxQRzZzUjJxR1B5c1VKZFpsWlBEQnYycml5dGI3azBtQ0hoQnZaTGlBc1laV283UlAzbWNTRGdESW53WlJ6VW1OV2NiM2RTVTlzaHNSVUkzN2Iyd25XRnR2YnM0UUxZMGliQVR6a2Y3QWNTbzJQekk3TGdSbVd6V003c3ptZmtyUUpCTFZtR19oWG5ibGQxVDFqdUtNUFI2Q3I4UlpjYW80M2VUZE5GSFBNMkxnbEhDWVlGRkNpZU9tMC1zT3JE?oc=5,0.0,neutral
2026-07-08,2026-07-08,JPM,How To Earn $500 A Month From JPMorgan Stock Ahead Of Q2 Earnings - Benzinga,Benzinga,https://news.google.com/rss/articles/CBMiygFBVV95cUxNaXRTbG5POThta0ppY1pQRUdlY0s2MzU2b2hmVTVyczcwb0R3aUItSlBWTzlIM3VGWW5tRlNLOGNMQ19lVk5RejYyVjNXcUdqN3VQRktSaWh1cW5YZlVZM0VqQjFsR1NDUmo3WHNvTWh1cUJQNU54RVRZRXpFR3Z3S1ZjMGpuRUFCRzkxdmNJSDQ4ZzVpOHdJSmFWSVN3bjNwSDhGRXdwZ29qZjNLVVBPVTlGa2FjaWl5ZXp1aC00M0V5eE0tZ0t6cWln?oc=5,0.0,neutral
2026-07-08,2026-07-08,JPM,JPMorgan (NYSE: JPM) offers auto-call notes tied to CrowdStrike (CRWD) - Stock Titan,Stock Titan,https://news.google.com/rss/articles/CBMiqgFBVV95cUxPRW5URGFNdjNzUGlBOThkTUhEcEFZZ1BhRWprR3pNYmo5TU1KSVVfenY3MWUzTmdNMWQ2b2N1Wlc1TXY4YnNXMHpFSG1NeXVKTlZNeFlrcXlhNGNnQ0VZQUhEU3lvd2dwejFEc0tiSjYydURSNWV0SkhKb3FTcVNDcEh1OC1DZFhnTnVKOFdWV1NkZUdlZFBDWldXdGR6Q3ZWMWxOT2lHc1FGdw?oc=5,0.0,neutral
2026-07-08,2026-07-08,JPM,Y Intercept Hong Kong Ltd Increases Stake in JPMorgan Chase & Co. $JPM - MarketBeat,MarketBeat,https://news.google.com/rss/articles/CBMixgFBVV95cUxNZjFZNnVPdjVVTFRtNjlDRFY0YTN5TUJwY2VJX1p0RzhjQU4yYzB1c3ZBTmZrX2JxSTVWbFp6eHN1SERJaDdzc19tVHhDbUIwWGVGWkU5SlJTQ1RVQnUtTHBCNW53OXpVLXRMSDc4N0h1Mm5Sd1VuODlHV2VpZVk2YkVoUFBKdHlNbUtqTk52a0xjck9JRS1zaGJRejJiZ09IZ0JMa0Q0ZHMtSkttVWpPZnh6SmJRRWdnSWJTWHRMU3M3SVdqRmc?oc=5,0.0,neutral
2026-07-08,2026-07-08,JPM,JPMorgan (JPM) sells S&P 500‑linked Digital Equity Notes due July 2028 - Stock Titan,Stock Titan,https://news.google.com/rss/articles/CBMiqgFBVV95cUxQVzV4LXJQaVNLSEJyX095dDhuQ2NIR014SndiNGdyZzViWmEtZEtPRDBFU1pZSnZUZWk0Z2JoSWxjNVNZTmpVN2ZsekQ2c0JwNGw2WldxNlR2S3NtS1B5R0pDSXZTM09JYXNRd0lvRE9tMmxzYjNWY3BwZkhDbmpvd2FQdE82Z3NoaXlVSk1ENVBDOVJMUm1XZU9iMTJhV2UzalZIeF9LblExQQ?oc=5,0.0,neutral
2026-07-08,2026-07-09,JPM,JPMorgan (NYSE: JPM) exec Marianne Lake files Form 4 showing no insider trades - Stock Titan,Stock Titan,https://news.google.com/rss/articles/CBMirwFBVV95cUxOM01GeUNHaHpwRGJBTUtxYzZ1MmlORHlrZmpZZmQySTNkRUw4cGZTSkNLdmN1bjNsSmhsS1ZkUml4RWhxQkFpY2VMQmZTQUhXM3BwMGl1Vjh4bHJoWFJlS0RDTzRtRWxHRWNIQ0JVeXk1M2czVFZqXzg5ZTYzU0ZieGJ2ck8tdllNNUhIV2VuM3lmR3hfY3pnNTY3ZUJta091cFI5WDJWRDRxLXhjRDVJ?oc=5,-0.296,negative
2026-07-08,2026-07-09,JPM,JPMorgan Stock Could Soar to New Highs Thanks to These 2 Powerful Drivers - Barchart.com,Barchart.com,https://news.google.com/rss/articles/CBMiuAFBVV95cUxOeERFWXZLYVY0YVFmSHJMTE11Vm1IU2hPZEI1UWItRlprRERmOWZITWU3ZTM2UG9va0VkeERtNkVGUFdLYUF2VnFjYmtMUlN6WnhxUVZvdi01YkhpQnN6ckV4SEdiT1Qwdl90TThNM2VDTG5LUlhzV1RqMnNaRFpEdVQycXJlQ0ZVRGZrOHpJVWJ4VEpJVGo3Q2ZYdnBzeHpxZnlJWV8wN21IaHcwdXBqUUdoN3BoaUN0?oc=5,0.6908,positive
2026-07-08,2026-07-09,JPM,JPMorgan Chase & Co. (JPM) Registers a Bigger Fall Than the Market: Important Facts to Note - Yahoo Finance Singapore,Yahoo Finance Singapore,https://news.google.com/rss/articles/CBMihwFBVV95cUxONEFObU5WZGhjVTVmYUh2czcyUmxJOG9VOXlHdnNKOHVNWjlWUlJtMktRdzI2ZlhuQkMxTDdEdVRkWlBSXzNUMExhd3ZaZm5kNi1takFuT3ozYWIwZGtEcUF4WTBoell3ejU3OTVGakUzWXlDSnJMaVFKRWRLVXBpeEdURG9XZDA?oc=5,0.2023,positive
2026-07-08,2026-07-09,JPM,JPMorgan Chase: Here's One Trade To Consider As Earnings Approach - Investor's Business Daily,Investor's Business Daily,https://news.google.com/rss/articles/CBMimgFBVV95cUxOQjBuTDE1dTlzV1BveHYxZzM5RmY2S2dzSWVnVS04d0JsR0lLQThKUlpITWE3SmRVQmZmbkhrVEVvdW9ianZBaUF4Sk1OX08wUEw3dUFTOURiYTRNNXVFbzFpT3ZzajM3dzhMWHJranRaNW9Sc0toZ0txTGJfSmFJWU1Fc0NvUG9XYzlJb0tkREhCVjhpSkNPd2lR?oc=5,0.0,neutral
2026-07-08,2026-07-09,JPM,Why JPMorgan’s (JPM) Dividend Hike and $50 Billion Buyback Make It a Strong Capital-Return Tax Case - Yahoo Finance,Yahoo Finance,https://news.google.com/rss/articles/CBMimwFBVV95cUxNbDVadnFpeXZlbmtlcXI1LUlJODAtSjZISDdCWTJyVWVVWmQ1MjZSNE1kdE9XSTJyME50YlU4WngyS3FOTFlOekxHcThoNHdSaGFUNnJOUXVPYzFBNXVLaGFEMkR1anhTLS1fR1U3ZUM4YU5NeFhtc2lZUU9QTVNTUjg1bkg2WWthSE9fRjNWdmNWMlN3T0VwNFpxQQ?oc=5,0.5106,positive
2026-07-08,2026-07-09,JPM,JPMorgan Chase focuses on small company deals to juice M&A - report (JPM:NYSE) - Seeking Alpha,Seeking Alpha,https://news.google.com/rss/articles/CBMiqwFBVV95cUxOQVZDOVJFSzAzeVQ1ZU1qNVpFWTFDay1BX2xWY0p6YkNUeG9Gb3R1QTRfdkZhM1VKem1ybXdDRmRRSXJLNEgxaWw3clRwZnAzQzRtRGtURDRGLTM1X0I5VDRaekZoTXBtWWdTcldGZXE2TlVDUlVZR2VKRXV2RlBTVGpQMk9pSDdHQUp2ZlVpVURhZXdqTGJIbkZ3R3hDMDlxNjZlZWFKNlF5aTQ?oc=5,0.0,neutral
2026-07-08,2026-07-13,JPM,JPMorgan (JPM) Ranks Among the Most Profitable Stocks - Yahoo Finance,Yahoo Finance,https://news.google.com/rss/articles/CBMimgFBVV95cUxQMkM5d0thMVhvbjNuZTV4eG1PeUVaZHg3VEFOb2ZYRFFwbGx3NEROU2VMakVlaEZQMDg3NzExd1lDR1FMakZ3Q3Vqb0xBbzdhREdfbWhNcmtnbklDVk5xR3ozZTl0TkNsdDd4TmprNTRmTmZvOUwzQXZIN3QyNk1ram5ld2dwU0ZqU2ZzdS1jX3RyZXU4M2JlaG1R?oc=5,0.4927,positive
2026-07-08,2026-07-13,JPM,JPMorgan Stock Could Soar to New Highs Thanks to These 2 Powerful Drivers - Yahoo Finance,Yahoo Finance,https://news.google.com/rss/articles/CBMinAFBVV95cUxOUG84MlgzNEFnWTR3TFFmM19aQzNmMmxlMUFsM2dudTFzMVV6QlBPM3MwV2h4eEJ1TDZ3SE1ldVZrZFJHY0w2WnZzSE5lZXhIeDJtYTdGVXdtVHFwVE5Ob3N1aDBnRjZuUzc1aElaNXM2TWxiLVBHc3RCaXNneUFMa0FKUXl0dklubGxuLWJSbTByMjdUY095VjgxUTg?oc=5,0.6908,positive
2026-07-09,2026-07-09,JPM,JPMorgan Chase & Co. $JPM Shares Acquired by QRG Capital Management Inc. - MarketBeat,MarketBeat,https://news.google.com/rss/articles/CBMixwFBVV95cUxQbzlRUVNaWXlvSHAtZ3hYVzUtb0ZvUFBpUVhRU2xEVDN6N3RrMElDeEIyM0hYNGdERUZzNUJubGtWb2NXUEdHV0tFMVJlS0ZTSVVLcHNRNUl1UkNWT0hYRzZyVEdGcjF5NmRvYkZtTzFiWWppWERGS2YyR0YwZ1NIMDN0VWI5ZXJCWDBUUk9lcm9OeUdQanhGRW8xTWZrQkM4TDFrYXRSUTBNR3BTQkxYUnRLcTA3Q2VVRURpeUxlREs1RWFaZkFn?oc=5,0.296,positive
2026-07-09,2026-07-09,JPM,"3 US Stocks to Watch in July 2026: A Bank, an Oil Major and an EV Maker - Yahoo Finance",Yahoo Finance,https://news.google.com/rss/articles/CBMikAFBVV95cUxQYURld2NlYzhQX2pTUk9WY1FicGxEM1pCS09OLVpwUmp0Q0RYMHRlZHlxd2dRT3VCTmxfSFp5WURQanJCQWhHRS04SlY4RTBaQ3JDNXNoNEdpQ3FPQ08zVW1USlp6ZUpkdUszS1lKN1Mxb3lPNF9TUzBCa0Q0RElpNGJBNWFOOU1fZVQ4b1BSSGQ?oc=5,0.0,neutral
2026-07-09,2026-07-09,JPM,REG - iShares II JPM$ EM $ - Dividend Declaration - TradingView,TradingView,https://news.google.com/rss/articles/CBMiugFBVV95cUxPTl90ajgtdE9GeWhpRE1PdXIwc3Eza2dhWWJvUVhneWVSOXlLWExYNEJiY0lUTERqRWV3UHlDSGxHVmZ4MzM1TXp0eF9wODNMb0l5dzFiQ1AwLVc0QlJpM19aU1BITWxfY282REFWX2Z2cEJ1alZ4c09qOTlGUlcxM3V3TVRQOW5tYUFkbC0xR0l5OEJjUWtRYXN3bGZWTFBZRVY1SElrTGNCM0ZrM1ZFTjdMR19Rb1M4Z1E?oc=5,0.0,neutral
2026-07-09,2026-07-09,JPM,"TCI Wealth Advisors Inc. Sells 4,260 Shares of JPMorgan Chase & Co. $JPM - MarketBeat",MarketBeat,https://news.google.com/rss/articles/CBMixgFBVV95cUxNcWNlWC1VQ1d5bFg0TkhHQU8xLTVNUnBzN3B5cFVKcGNRZHdhWjhoLUVaU0szT01WY3RpeGNVWUFaaVVlclg5RGZORDBkTHZvMjVmRGtadE10QkU0Mk1GZHRaX1FGdEtDdXc0Z3JtTlFoQk1iTkxRRVF4SURKc2Nxc3d5QXNfdEtRSXI3N3lEcGkzYm5TWmRLR2R1NFlRRGhBa2VJSjdrRElEY2xlZmFNZFVlWGpKQWdCdGxvOVkyQ2JmZ1h2OFE?oc=5,0.6597,positive
2026-07-09,2026-07-09,JPM,"Value Investment Professionals LLC Has $418,000 Position in JPMorgan Chase & Co. $JPM - MarketBeat",MarketBeat,https://news.google.com/rss/articles/CBMi1wFBVV95cUxNeFdHNWxueTZQbXNFSFJXeV9qQV8xUU5wd3k2dUhOTjRVOVFrTHVwdEpNcmNEZU84cEI4QVRiX1NfTEszbmlDOHVTamxfVUxhaFctbndNVl83RXVSUW5UZTFSNWUyOUcyLV9KaW9MYlk0eU1nYkRjU1p4S19hZTRGV00xR0I0VW5yNlNzbFJIbHdhVGZoSzNhT1g4NEs3Zkg4aUcydWlzZFh1ZUxlQ0puV2pRUE1WVlhjdmFwTEtRZ2cxdWYtMTBhc3lYMVpiSzcteXFZVndYWQ?oc=5,0.34,positive
2026-07-09,2026-07-09,JPM,"Zacks Earnings Trends Highlights: JPM, BAC, C and WFC - The Globe and Mail",The Globe and Mail,https://news.google.com/rss/articles/CBMizwFBVV95cUxONXRRRF9wY2d5aXJ4b1BNVVVCNVRoeFpjVjJUY1NpS0tpMUFEbVQzZExQXzBaR2tGMVlqTDExR1NEWnpoazZsS2kzdmd3NjRSU2lMRmd6bVJ6a3V1WnFnUmJxOW81d0EzSTFZandGdjBtbHJVUW5XN210X096X09FYTJhV3JVelVLaHNlMTJyQ3pxLXNCc29ES2N1ejRmZDRTZHJvcUlpU2J1SkgzYm1iRURBekVNaWRjdEM2dUEwNE1qSHlqY2syY0lBalUtclk?oc=5,0.0,neutral
2026-07-09,2026-07-09,JPM,"Jamie Dimon Said the Clarity Act's Stablecoin Rules Will ""Blow Up"" the System. JPMorgan Chase's June 29 Position Paper Explains Why. - The Globe and Mail",The Globe and Mail,https://news.google.com/rss/articles/CBMitAJBVV95cUxQRlI1dWJDaWlXWjloanAyc3RCeUNhbnlxRk12aWRGbkN3Y1llQTlyQzlZeEN6eEFsOFd5aUhHeHZqUklVTnYwQkV2MTlpd2N3S3hKUjluY2xicE9NNVRFblRQNURScUpHV2UyUzRjWHpxeTE2VWcxc25ENkEwYWJVUDlvOWJNbHNXRDR3WkloYlVaLXVadkxkNTVPRnotZWlKdDdTUUF4TTQ5Sy02QzRUa3NOWGhXTDlEMkdubWdRMUZISEk5TVNwdm5JaDduVFJvYXB1M25tTkIxdEdOVlNSU21ZeGlHblU3RzgwOEVCQXRTd2tnNlgwNlJEdHZaM2pUc3JkZmtaNnhyRGl3ZV95cGJhVzROSm5IaFZ2b2pyUkhYT1BaWnd4b3ZSSzdpbzYzMFF2cg?oc=5,0.4019,positive
2026-07-09,2026-07-13,JPM,Unveiling JPMorgan Chase & Co. (JPM) Q2 Outlook: Wall Street Estimates for Key Metrics - Yahoo Finance,Yahoo Finance,https://news.google.com/rss/articles/CBMinAFBVV95cUxOYXFiaWFyZFBlcW9ZZllPalJrb2ZvZE9XLWFIdE85ZlRPelJQU0FYVXBiSGNlcE5sRFlPLUdDT2NnWHVwdTdxTmRVWUMxajNJOGhDTUZqNTk3am8ydnNLakl0aG0xYms2MFVaMXpRbEg4OFFJNWZtZXBaRkd1NWNIVFhPWEk5ZG42QlYtUWphNzBpOVV2THFyeHNoeXI?oc=5,0.0,neutral
2026-07-09,2026-07-13,JPM,"Autocallable GEARS from Morgan Stanley (MS) Linked to JPM Stock, 3‑Year Term - Stock Titan",Stock Titan,https://news.google.com/rss/articles/CBMipAFBVV95cUxNTHdZVHJrcDJIVDl5VThPeEViU2FnYklCcXJ3aEM1cDA4d0JORFdxbVFuWFoyNHZJVVFETjJoMzBadWIycHd2UmljVDdLQWhjMkswN1FyMDM0QlloZmJGdC1uNnJSYkhoajhpS0xYUjdBOVJrTnF4WGlRV0F5TUVnNjQ1YTZIejNYVk5jdXk4bEMwQUxCanVjeDZwejljWmZES3lxeQ?oc=5,0.0,neutral
2026-07-09,2026-07-14,JPM,JPMorgan Chase: Buy Ahead Of Q2 Report On Credit Market And Profits (NYSE:JPM) - Seeking Alpha,Seeking Alpha,https://news.google.com/rss/articles/CBMiqwFBVV95cUxOTlBRQmpMcG9BRGxfNzY3N0F2eEV4ZkMxaUlKdVl2TjRObk1qMlBUTmpJYlBKeEpmWUxBN19VOFkyUXhYcXhFcTNsZHNEdXlqVjFva2g4dE9zTGZ1NFlYYVhkX0YyYmV3SThSWGVibjRmT3ZpRzd5cTVtNFc5NEdPN3lUeDg5N3NZeDlyUHQ4QnA3UEdPVXZBQW9jSDVIV3NzUTlXRU41RUNZS28?oc=5,0.6705,positive
2026-07-10,2026-07-13,JPM,JPMorgan Chase & Co. $JPM Stock Position Lifted by Ascentis Independent Advisors - MarketBeat,MarketBeat,https://news.google.com/rss/articles/CBMi0wFBVV95cUxQYkhNbDRoVVdqT3Y0QVRBcG5wTk1xU1VkVUNkbHJPRGpoM0N5SnREQkNBMC1DZ2RnS1g3bGpvRUlieWIycEdpWDVCU0h3T01RYTByQzd1RzZxa1RTZGZMcjF3aEN4TV9PT1hFeVhGNUtzOHZDanVGVGxNWnlfSnZYa0Z6ak9maC01c1BFQ1FWQTBybVNBSlBUYkJjeUlpcDRxcDNTMXo2WmpLU3J2dFJZR0RkSG10OEhlQ3pKT2QxalNZbUtsMWZZU2RHUUpIWEZQdDZn?oc=5,0.0,neutral
2026-07-11,2026-07-14,JPM,JPM News | JPMORGAN CHASE & CO (NYSE:JPM) - ChartMill,ChartMill,https://news.google.com/rss/articles/CBMiWkFVX3lxTFBmUGd3SFozS1J5ZWw4MWpya0o3SHcyckFmSGlZQjJIbUVnV3FRa2YzU0JzZlkyd0lPQW5WZjZUZVhhUEM2YTl0WGR0aHNJNEp2MDFmSXFNdnp0dw?oc=5,0.0,neutral
2026-07-12,2026-07-13,JPM,"Earnings week ahead: JPM, C, BAC, WFC, MS, UNH, JNJ, ABT, UAL, GS, TSM, and more - Seeking Alpha",Seeking Alpha,https://news.google.com/rss/articles/CBMiqgFBVV95cUxQZnBxQ1NtbU1MX2l5UVhtUmZ5d3JsUzUwb0thNG1uRDl2Yy1vVHhkRFExc0ZZU1dUbGN6TjdqeUZScmcwZ3RKNC02MmdoelVLenJ4OUxDbUIxdGVwa1BHQXZFVDQwbUtvVlkzOEhZNXhSRGUzSHhTMjdUZ0tWS3AxWEFUZVpnVXhjX0FMTk5NbGpEaGpZNVFyY180OUtqMnNYbVpCdmxXbW52UQ?oc=5,0.0,neutral
2026-07-12,2026-07-13,JPM,"WealthPLAN Partners LLC Sells 3,413 Shares of JPMorgan Chase & Co. $JPM - MarketBeat",MarketBeat,https://news.google.com/rss/articles/CBMixgFBVV95cUxPckI5QURIajB2VnppcXppUmxIVzRsVHYyM0xsSlNRVnp5Yl9TdFdPXy1CY1c0RWYybTNIeC1GRmlZTzhBZWlMb3dwY0ZVR0h4X0x4UERtTmtQVThkc3FIektEOUx5T01SNy1odFUzLTV5RWlPb2syeEtUZGp5dE9IOWZ3dVBSV1RJcGJCMUoyOVVXS2NlNTlaT0ROczhKSlI4U3FWT1gwWjUwY1NCSU0tNklHRTBONGY5UWpwTmlYb2FjN1VLU1E?oc=5,0.296,positive
2026-07-12,2026-07-13,JPM,JPMorgan Chase & Co. $JPM Shares Sold by Fishman Jay A Ltd. MI - MarketBeat,MarketBeat,https://news.google.com/rss/articles/CBMiugFBVV95cUxNZXd1TE5uNGV2ZkhaQlo0TkNyLVpsN0dQMjdha1VqazllVVFqV1RURzdoQ3hhbjlXc2M5N0RCUjFGbzdUSlE2a3FTX0JmRXhPMGFHbzBaUVNKZ3I3aVVNWVBiQzR2S0xpelJfWHB0RkcwS2dmLWNrSG5jeE5LUENqb0staDROeklLbzIyMmI3T2EyTU9VTjZRYzZSNDNnX2JRelk2QTRlUi1oLVR1NC0wamdRbDJfMFBhWmc?oc=5,0.296,positive
2026-07-13,2026-07-13,JPM,Meta AI Splurge Continues and J.P. Morgan Is Worried for the Stock - Barron's,Barron's,https://news.google.com/rss/articles/CBMiekFVX3lxTE1GTkt6cU0tUnNvV0t0LTJUWkNESU1TUFZLTDJzRGs5TVVOeTF4RWhLTE9yVXRqYldlcG1Jb182N3N0ZllvRm9oTDdZVVJ3ek1rcW1FVjZLWWg2MVRsOUdEdllLZm5WTEl0WnFhZUpjZi1Ud3FKNFAtU0dn?oc=5,-0.296,negative
2026-07-13,2026-07-13,JPM,JPMorgan Chase & Co. $JPM Shares Acquired by Cvfg LLC - MarketBeat,MarketBeat,https://news.google.com/rss/articles/CBMirwFBVV95cUxQTWVHdUNrQ184ZlJaVmtONTFvOUh2eU9LMV92NjY5RkhyWXZ3eGMza0FLNUZwb3d2T2hCbklqZjN2YjVCeklta2xJVmdTUXhLcEpJc1A5UzQxV1NOMDhiNEc1MVRsRWkzUEQxd0dnM1oxTkM2RFNoOW5SVm1iNFViWTEwTVFrdkRqbjU3d0FJRUhzQUVkamprUkRZWXdnR2pJOVRLQ2w1QjJUZTFjSEZ3?oc=5,0.296,positive
2026-07-13,2026-07-13,JPM,JPMorgan Chase (JPM) Q2 Earnings Report Preview: What To Look For - StockStory,StockStory,https://news.google.com/rss/articles/CBMiugFBVV95cUxNMHh3b2Vwa2ZDQ1hLa3Y1ZjR4YUJNeVlBNVp1UWFfUTEwVmlaeVdheF9EZXJ3ZmNzZzRtZS1wVEs3U0t2NVJsLTZNX3RESHJJT1VUNkhzLW5vTXU0TEVYeXdZM0pXWmV5ZnNMNGk4SE5XMFRzeWdady00RTY4X2t4QjZlNXcwM19wQnlDbS1vSzRvSnpFX0VkdTJmN0hyNk8tMVo3UnljSHV3OUR0ZEs5WXg1UHN5RW03MFE?oc=5,0.0,neutral
2026-07-13,2026-07-13,JPM,"Trading, M&A top expected talking points for JPMorgan earnings, Kalshi shows (JPM:NYSE) - Seeking Alpha",Seeking Alpha,https://news.google.com/rss/articles/CBMisAFBVV95cUxNN3dRdzRCMDh5Q2xsSngtVnJBc0ZwSlgwbjMwU1VaUnlLdTQxRHpFZ21aamNGY3lJR0xlS21kOVdoZHJnblMwWnZ1RjQ2eHdBTkZ5UjVlczZQa0JOSFpFSTFGZTZJck80N3d6eXYzNEItLUpLZGtERzZqYldkUUxfVHJjdGJ5dTctVU15c0RlRVFlbXU5UHpMemdWMEROT1I4OUg4MXBEdlU5TU1ER1BDZA?oc=5,0.2023,positive
2026-07-13,2026-07-13,JPM,JPM DCF Analysis: Intrinsic Value $426 vs Price $336 - GuruFocus,GuruFocus,https://news.google.com/rss/articles/CBMikgFBVV95cUxNT3BwOWdUY2FGNktXSXIyakI0X2lBLUFRVmJYWnhYbzYwVVI0RFUtX0RGSDRYNEFJSXMyTl9rZDM1RVFDV1pROFFhcE9VbEVMb1FUeHJ0UFVBZ29fb2lMemJRYmZNNHVEVjBINXVrUm9qOW9YbE9GRWZrSExVSjI3LThESWpUUEhpRFBuSVJQWmkyUQ?oc=5,0.34,positive
2026-07-13,2026-07-13,JPM,JPMorgan Chase Stock And 2 Large Cap US Banks In Focus For CPI Season - simplywall.st,simplywall.st,https://news.google.com/rss/articles/CBMixwFBVV95cUxNb2xIaW43QlhLcW1ZakNHd010Rmh0M1BXV1ZpY3E2UGgtTzFMVnVXb0p5cWk5UGdwRGtSZDJ5aVZENnRwTWZXSlJKMFJZOWVoTGhvV1dyTE05WW1Qc0FvS0NlX203ZXQ1NXloNHlaeTI0VkF2RHIwcU1uWS05OEJuVi00OFd4RFY2Y0FWejVTSlUtTG1oNWp1WmExQlBmb0FzS2g0dnZfdlgwVjJfVnF3NjBzWUNCakVoWW1Cbk5tVDdCaFlXcUhF0gHMAUFVX3lxTFBvTW1sSEVuWjk1bzhYV0JYcE0wX2R3TWFhSy1Sc2R3VTY1S1YzZ3pKcjhvcVdKXzFLaHBQakFmZFNjYW41RGo3ZFlhSXlmZnljbDBqSE1iekhVN3F4RDdxVU41SDNJakNZWXZrRVJldElrUjhlRXlmTmNPSjNtWWY2TS1DTURHSnlsX3E3SjB2X3dlZG5TS19qMjk3TUtXY2VvNHNhVkFDTWduZi1kWXcyNTF4eXBWb2lYX2pSV05mUHJPM2RIQm5OMnR3ag?oc=5,0.0,neutral
2026-07-13,2026-07-13,JPM,"JPM Stock Tests Record-High Resistance Near $343: Q2 Earnings, CPI Major Bank Catalysts - FXLeaders",FXLeaders,https://news.google.com/rss/articles/CBMixgFBVV95cUxQdTNkeWktWVlYb3Z2ZDNCdzJNRHJIaGIxNXRjNVRnV19LdWVOdVFPVXhhQVVybS1pMkZiX0p3MTFpdi1rTmpaWl9sTGdBMDZLbU9mc1AxT1dlMEVFeWJHeDVxQnh1blhLR2ZZaF9NeTNXWkFWaWJYLXZhdkh4NnVxLWNiTGtkZHhCbUk4M0pvQVRrRm5MWGhKWW9IeFg1VzcyQ1hpaThJSXpRck1yYk5HcVk2cEI3M090SUlnRVNEaUgxU3F5SkE?oc=5,0.0,neutral
2026-07-13,2026-07-13,JPM,"Lmcg Investments LLC Sells 11,906 Shares of JPMorgan Chase & Co. $JPM - MarketBeat",MarketBeat,https://news.google.com/rss/articles/CBMiwwFBVV95cUxNMjY5SE51b0VicTZIOGpJM0IxdF9GZGN5NXJiNDgzLUVPblFYSUpyZ3pNWkJ4cHg4RGx0YlJlZXU2N1hLZFBiSTAwZUpyRnhZdXNoVmx3eC1zZnRyLWE2OGswRVFZNXd1OUgxX1ZYZGI2bXN1RnpadWFTOWhGblVSdEIxUDZCdG5Nb3lvTl84ZVhiOXlnRTRNUFpHRUVaUllNZjFncDN5SUVFZG5nc3dJR0EyYXlmNmdabmdEV2NSaXl4bEk?oc=5,0.296,positive
2026-07-13,2026-07-13,JPM,Sageworth Trust Co Boosts Position in JPMorgan Chase & Co. $JPM - MarketBeat,MarketBeat,https://news.google.com/rss/articles/CBMivAFBVV95cUxNSVVlRzlPcnl6V2tGVmRxSkppWHN3dGtOaDBqc2lMM1pwanY0X1ZPZHZvZlFQT2tycU5IVjFNX2FCVWQweXQ4Y3UtVmQxVEdDUzF6dHpJM0JwekFyTHVtbVJpMTNJVHM5QTFBODl2NFF2NkVqdEVRNXJ2eG9iM1JOSDFQcEI4cU5NbkNmeHN1REt0YWwtMExLNGVpeGx0NzFMaWtQUkxLVDZZQWFtVEhMc3ZvSWhINU1lV0VnNQ?oc=5,0.6808,positive
2026-07-13,2026-07-13,JPM,Axxcess Wealth Management LLC Has $38.26 Million Stock Holdings in JPMorgan Chase & Co. $JPM - MarketBeat,MarketBeat,https://news.google.com/rss/articles/CBMi4AFBVV95cUxOTW82MHo3UVktdk01YTRBMDhic3ZhU0tOcGRfWVQ0VVNpNTdzOElrOEwyeVJwNjBPWjFwNFl2LUNlZWdEMUZEaC1ZbF91N19jZGJSZlVZTklhVjR6YlJPbjYyaTN2UW9nQWZvc2JxOS1LT182QXdvczdTY0xFNDFsalQwWHp3SFJXaGdxLUp0amQwY2o4OHNFal96QzQ1UnpzTmxiMTk5RGNDbW13TEplUkVtTV9Db1FEQVFLRlJhRjdTZVVzeE91MnhZZDlpX1dZMjZyek9OOFZFSVowWGFicw?oc=5,0.4939,positive
2026-07-13,2026-07-13,JPM,"Greenwood Capital Associates LLC Sells 4,991 Shares of JPMorgan Chase & Co. $JPM - MarketBeat",MarketBeat,https://news.google.com/rss/articles/CBMi0gFBVV95cUxQdUpsWTVOdnFLUHRqRlBycHRGYTJvUE1SbkliYUVOb2hpenFYRFZXb0NKdnVmb05HOXROa0xtdUZrdUxEYkxQcWVzM2xrTUpnSElOa2JkOTZTRlpQUTRWUEFKRFlQc1pBcENNV3JmSDFJYmpMTEYtWFhKVFJLNUhWTmN6WG9LNmR3WlhpcjFsQXM4VHBkaXlzNmVyQk42LTdiRHdjRDVqWkpuUExBYzd6bnJIS2VDaV9VYk5lUmZoWGg5MnVZN2FYZndoLTluYzl2MHc?oc=5,0.296,positive
2026-07-13,2026-07-14,JPM,Most 401(k) savers say they’d hit an ‘easy button’ and lock in income - Stock Titan,Stock Titan,https://news.google.com/rss/articles/CBMivAFBVV95cUxPNFBwZEI5UDlJWXR0bWdTRmcwNXpOT29zd3duTXl1blNRX0dZSklDbEVxN1d4Q3o2LVBES01LNlhlZ1BUVjdJd1FXY3BnXzZKS21oZEVCSjNtTzlvczc2OWlSaWhTNU5aX2xhSW9qSUtmazY2cW5CcjhIY24wWm5aZzVTNjNKaHo1V043ZlBudk0yYlJFVWN0bGVLclFjT2lIZ3ZmYVZxNkw2cWxuaFFwbnhQOUZOSUxjVmdoVw?oc=5,0.0,neutral
2026-07-13,2026-07-14,JPM,JPMorgan Earnings Week Puts $35 Billion at Stake; Citi Hikes Buyback Target - TechStock²,TechStock²,https://news.google.com/rss/articles/CBMimgFBVV95cUxNcXFkYXg5U0lNU290ODd2NDZkRFBfeHdBWlFfRDJIZUlCSXpBbjdqaVgtcHJrZzBfLUFqV2ZUeW5vNG1iU0dJRkVoU2YwMEpDcUVHazdfT0pELWN5eEVQdEVoLVJUS2JaWGtlNkloY3F3OG03MVNCS29xdHdxd1VmMFpDNXE5alQzNW1KTE9acDh1ZFVWaHg4Uktn?oc=5,0.0,neutral
2026-07-13,2026-07-14,JPM,J.P. Morgan’s Campbell Global taps forestry dealmaker to lead timberland buys - Stock Titan,Stock Titan,https://news.google.com/rss/articles/CBMisgFBVV95cUxPUFRvUUVCY2hvVUg0U2R2ZUFSdmFJT1MxZHlEQ0x6YldNNU5VSDJiWFM4dFlQSTkyR0sxS3ZmR25oM0NHUS1YbVhGVGNnbGpDUVUyMHozT05PMDMyS2NGMlJQY0kxdXB0dlBua2QwTzU2NFJHT3dlajJBM0dDVG11RTVNZi00c19NQWFIX1NiOXdTNmxPTlBhQ0ZxeEQ2Tk5EazE5My1hdUM3Q3hsZTFfdHBn?oc=5,0.0,neutral
2026-07-13,2026-07-14,JPM,Big banks expected to outshine regionals as earnings kick off Tuesday (JPM:NYSE) - Seeking Alpha,Seeking Alpha,https://news.google.com/rss/articles/CBMiqwFBVV95cUxONkZudkJDcFQxQml4Mkd1SHRPbVVpVmtaRlNxQ3ZKTW1pSDVLenFjOUpKSnJ5emFQQW80aFhKbWtCOVh0SE1qRlVsOWFTZXhjY1J1WnVNSmo0Mk5MQmpRTWx0dmpyaHV1Q21uWk9malAydXdPWi1CUHNDTzBYZGRzRnh5dS1ydVBicGx5YTlBNGFjLXNlcExPU0lwSVY1Z2RhM0F1aEJrTFJIdzA?oc=5,0.0,neutral
2026-07-14,2026-07-14,JPM,"JPMorgan posts record profit on big gains from dealmaking, stock trading - Reuters",Reuters,https://news.google.com/rss/articles/CBMinwFBVV95cUxPUXZXdWw0Um15aXgwRy1uU3dobEJIREY5cDItRFd0d2ZvQjRDdXdVdHZJNmtWWmNuVG5hVWlNZmlXaVQ0eWJ2WndSM1JMOGtIQmpWM29XeVR0OVVheFZQNGVfNmhlYldNdjlfLU1MazZLMjJGVmc4TzdvSWRKNnVkRjNJemVxNGtrck5EWVA5c1dWdUdBSW92Y0RBWDRrdms?oc=5,0.6486,positive
2026-07-14,2026-07-14,JPM,JPMORGAN ($JPM) Releases Q2 2026 Earnings - Quiver Quantitative,Quiver Quantitative,https://news.google.com/rss/articles/CBMihwFBVV95cUxQdVFRWFBxUWlxV0xWZi1ia2pQOGtHX3F3dlo0TUh0VFYyXzdhYjktZ2JYZ0IyNnh2UTBFTm5hdlJ5OUtCSWc2c2xWMlBHS3dqN0sxSDM5d3djd2N1bUU0M3daX1RBR3dGMFdzdENURWJPVC13Qi1HSU5YZmFpNURScktkcVJ6aGs?oc=5,0.0,neutral
2026-07-14,2026-07-14,JPM,JPMorgan Chase (NYSE:JPM) Delivers Impressive Q2 CY2026 - StockStory,StockStory,https://news.google.com/rss/articles/CBMirAFBVV95cUxQT0hUN0kwV1dBU25rU0NWTTJzVHRiYlNJSldUOWVMdlRFUWdxdDNwazN0U2syM19mek04OVZLR0Z0cmYweEpTdzJDTG5McDdkaHVzZkRJWEJPUUFmbTlXRy1vVnhjWDdhV3hDSTlnb01Jb19SeDJ5V1lISmhWRElwXzVlRVdtcGxfck9jRDJTYkpPbHZmbUs3aV80dE5ySmt2dE1xN2w0Rkg3azJ5?oc=5,0.5106,positive
2026-07-14,2026-07-14,JPM,JPMorgan Chase & Co. $JPM Shares Bought by Kestra Advisory Services LLC - MarketBeat,MarketBeat,https://news.google.com/rss/articles/CBMixwFBVV95cUxNUE9NeURrQmh0ZEt0ZnVMeXJFbUMxeTZnYUNLLWNTQk5vRFc4M1pxNGRlMUpkR0ZQMFZITS1xNmszZkxWUHV6Rjd3a1hBTnNJdUJwaTgxVTRJYTcteGt6SWJxT3BmNUp0aEpXVzJhTWJPQ1YzOExmcUJQU2FseDdteGNiVVlSRWE1ZHhEa2lfTGRBSl9DcWdJOW0xT1JVNWk5YkNCYkRmREM5YndIQ0s1WWxEYl8wbDdFZEtodDVUdXpFNG1OdzVj?oc=5,0.296,positive
2026-07-14,2026-07-14,JPM,JPMorgan Chase (NYSE:JPM) Falls on Earnings Beat as Market Eyes One-Time Gains - ChartMill,ChartMill,https://news.google.com/rss/articles/CBMixAFBVV95cUxPWWw2MkwwZkctOVhaVlVMYnkxVUdXSUtmODlRR2tYWjVQT2RfMVQxajI4TW9SUlFHaDJaQkxBUFBybURVd2QyVE5oNXdkVVpMa2dlS01TVzBoVVJiWWQ2XzdnYlYxbFpLMlRIcWo3RGJoWDY3dWdrSXpOQUtzUVp1eERjMzlSMlR3SmV2c3VwVzRGQWxUTDhFeDRTMU03NF9OVnphaTEzQ1VZd2xFVW82ZVRPZ19mUFNlaENybFlwdndPSFlU?oc=5,0.34,positive
2026-07-14,2026-07-14,JPM,JPMorgan Tops Second-Quarter Forecasts as Investment Banking and Trading Revenue Surge (JPM) - Yahoo Finance,Yahoo Finance,https://news.google.com/rss/articles/CBMipgFBVV95cUxPZmxTeEN1UnVtdFZ5NTVZc29QZ1Z6V3YxT0l2U3g2cHRCZHpTZHo3d2JuY1lpRDRjNEFNWVBYMWVyZ1FkOXBKbTVTQk9Vel9GWGdDY3huWElxcENtUkNCb1BZSUF4SUYyUzdBOUR2VzE5cW5sRVp5M3VKLUN5WDBheHhkLUhROWhWNGE5Mkd1dGRVQTJVTmU0eWVJVUNIdm9KdUFjV2p3?oc=5,0.5106,positive
2026-07-14,2026-07-14,JPM,Does Basra Urea Plant Financing Deepen JPM’s Edge In Complex Emerging-Market Project Finance (JPM)? - simplywall.st,simplywall.st,https://news.google.com/rss/articles/CBMixAFBVV95cUxPTDNSTXJYeG1jNmg5R2Zpb0NHamhsNV9BdnlFVVlkbVhUcC03bU56SmtSS2tOc05RNHVidEV6Z3VoNEVCNUF4YnR4YzBIZzhTRGVuZjVwR2I0QkhidVRfUTVFOVdYRF84eW5YVVhPQ0RPU3E5TVM2X2NfUVdwdV85QWxGVERZTFktWFVjanNQdFlHeW5WYWVvTnZlVWc2Mnp3SmVRMFJfRVVHbDBfTFhycDdUWE5HdW8zSzAtQkwtUmVEbzRM0gHKAUFVX3lxTE5OMGlsVDNSSEZwcEh6SUszSlhuVjZjZGNTWFVBbkItWWd2dC1iV0lZU29FOUhyMEtJZXVWMEczRnpKajVSd3diZFBlcDdnV0YyVFZaNFdaNEloUzZvWWRDaUc3bXhESWxnUU1uaXNqZjNBcjZTeVB4Nl9lMkVQU1ZicDJucEZra2Q1RkYwT1ZGV1RkbHk1VG5kLXdfdEp5bVZuMTlTSW5WQ3BQWkYzSHRYUjBQWFRnbl9RTThBZnhtWlQ3ejViVFczZHc?oc=5,0.0,neutral
2026-07-14,2026-07-14,JPM,"JPMorgan, Goldman Sachs And 3 Stocks To Watch Heading Into Tuesday - Benzinga",Benzinga,https://news.google.com/rss/articles/CBMiygFBVV95cUxNSUdzdnVGOGlzc1B3WHMwaVhwZ0g0SzA1ejFXaUZ0aUg0dWQ0T1o3d1o5eTI3Nll6enRVRTZJQnpDYlBTdHU0TDg1cTZvenpJOGYzRi02cUpKZUVybWNESFd2WnNaRTh2WlhMd2ZWUnB1cDliV1hUX0tiVmtQUkpxN25zdFkxTVpNYXRzOUp1ZldreVZZQzUxVFctdTVZSnNEMnY4YW1fZDh5MHRINHN6a1NmVGlmSE1OTzB0b3I2V1k1b1otNzZEOWhB?oc=5,0.0,neutral
2026-07-14,2026-07-14,JPM,JPMorgan Chase & Co. $JPM Shares Bought by Resona Asset Management Co. Ltd. - MarketBeat,MarketBeat,https://news.google.com/rss/articles/CBMiygFBVV95cUxORU1RN0VQazFHcHFfb3dUMEVVa1BvclpKNllRMTY1cXhVQTdoa0pvcXpXdWh6YkMzV3Q3N1hQdkNpdldGNFVUYm50bUZjc3Y0SUs4cUlNeG9YWVhCUWxrNEVUU1NPUFR1bXNmTVFVY0JLdlpiVTRwR29uN2MwTVBnWDZDQVc3WjlmWmJaR0piYlIxZlVNR0d0UVlGQ2lFUWsyTU52STgtWEpNdFBMWXl1YXlMeWpCZkpXaGNZSG5IcEdRZHFSMlplbGNR?oc=5,0.5719,positive
2026-07-14,2026-07-14,JPM,"Jamie Dimon Warns Economic Risks Are 'Shifting Below The Surface' Like Tectonic Plates As Wars, Sticky Inflation, And Debt Loom - TradingView",TradingView,https://news.google.com/rss/articles/CBMikgJBVV95cUxOY1luSVVoZmZFNFJuVmUyWkdHYUxIM0tSVWE0aVA2UTd1NGdGMzRGRjJQT1B0ZkxmbnRmVi1QZWVsRW9wdTVPUlFfV084ZERFQW9VY1pPTTlrOGhwU3RUQ1dyQ2lrRTlGbzNGTURsb1ZGVzQwVkJjeVpHb21WYzhIUm5zbVR5TEtpUm9BdXpwZ0Y4UzRHYjJ6LU4tcEZvUGcydWlmZFBTd293V3FNSUM4WWJCYnlacUQxcnBKNGNTWGVPeU5uV3I5T2NVMFJfWVlqYUFxeUN2eXdyeml5RTRBa1ZIWTZ1UkR6S1FGb2tmbU10Tjg5VEptb2o4ZjlXTjVQb2Jrc0Yzal8xeU5VcXdJUkpR?oc=5,-0.7906,negative
2026-07-14,2026-07-14,JPM,"First Horizon Corp Purchases 22,178 Shares of JPMorgan Chase & Co. $JPM - MarketBeat",MarketBeat,https://news.google.com/rss/articles/CBMixgFBVV95cUxPNVVNQ3VvU1BfVElMN2pVdURKMFpHbERrQTFpQ3BUbURfRHZ4VUloWUV6RE42RWNaZmU2Q3V3RkpMWEV4VlZDWDNTVUxfQUo0cDluUVRyb3Z4b2tNN2tGOExOSlI0N0FXQmxHbXl6WnJwUzNTR2dHSzZTeW5JSVZZNzZ3d0RKeW9waTlYbkNfSWJNRzNjVFNGUXMyTWV4MWo2Q3RzeC05ME9WUkU4a0dvc21Da25LV040LWpxQ3V1cUdZZnB3NXc?oc=5,0.296,positive
2026-07-14,2026-07-14,JPM,Sumitomo Mitsui Trust Group Inc. Has $1.80 Billion Stock Position in JPMorgan Chase & Co. $JPM - MarketBeat,MarketBeat,https://news.google.com/rss/articles/CBMi4gFBVV95cUxOcHo4dmRIMVZYa2kwZGk2VkthcGZGOG9HU09fMnYwMUFad0dNbjEySDh4SVlRN0NZd2FsVXdUMFEwNFQ3Qlgzc2g2WXloYkZmWmdsR0xWb3cyb0NNMVNqZ2RxQWJHeXNmMHJybnQ1a3V6VWlfRDJVdy03M2FvckdETFV0YW1GenVEdkNRaFNzTU9aamZSak1nUzlrVTF0NFE4SVJoaHRna2JwZ3VtcU1XNUVjMHFLYklKVW1XY0RuanBISHRFN2lxcC1jSklqa2gySkluUl9ZT2wwYVdGWlJXRllB?oc=5,0.5106,positive
2026-07-14,2026-07-14,JPM,Hoertkorn Richard Charles Has $8.48 Million Holdings in JPMorgan Chase & Co. $JPM - MarketBeat,MarketBeat,https://news.google.com/rss/articles/CBMi0gFBVV95cUxPVjJyQjhlWmt6VEIxZ1lHRTFOUlotUUxRTlVuTU1CSzVsWjgxdExrQ05nb19rUWt0c0FMdlh3NzFjQ2h5bzY2YVFNVVZEOFM1amt4ekFxVVdMSm9iaEFUdnRxdEgzczFkN1VOWDV5Q3NpRUxYc3EwaEVwOU0yaktSejR3Q2VFTnJqSkhTWnREMXg1d2JyLXJvalc5SlRuQkVzTUM1MS1tQURJRHJvXzg0aDNwMWdualNSRWtiWXZ4a1R0VGczX2phTEd1NXdfc3NtR0E?oc=5,0.0,neutral
2026-07-14,2026-07-15,JPM,"JPMorgan posts highest quarterly profit ever by a U.S. bank as dealmaking, stock trading surge - Reuters",Reuters,https://news.google.com/rss/articles/CBMinwFBVV95cUxPUXZXdWw0Um15aXgwRy1uU3dobEJIREY5cDItRFd0d2ZvQjRDdXdVdHZJNmtWWmNuVG5hVWlNZmlXaVQ0eWJ2WndSM1JMOGtIQmpWM29XeVR0OVVheFZQNGVfNmhlYldNdjlfLU1MazZLMjJGVmc4TzdvSWRKNnVkRjNJemVxNGtrck5EWVA5c1dWdUdBSW92Y0RBWDRrdms?oc=5,0.4404,positive
2026-07-14,2026-07-15,JPM,"JPMorgan Chase (JPM) Stock Is Up, What You Need To Know - StockStory",StockStory,https://news.google.com/rss/articles/CBMiswFBVV95cUxOQ0lGUkZ0ZmJJWklmRFFiM19CV25FMXBHeE5vdlVIbS1Eck5XSDFWUDJpbWlaX2lkeEhUbTU4ZURBb2tQVXpPWi1aRTFqQTNLdXpyMXZpcGpTeS1IYkJzeFg3NFJHdE9haG5pUFIxMTZQTWNWR2lnZFh4WGs3aWJSZzI1LTc2amhFaEwzTm5Kc09IYk9uNnhFdXhScWpOQUdlWHYzdC0yQk1mMHBvNXc5c0M0WQ?oc=5,0.0,neutral
2026-07-14,2026-07-15,JPM,Dow Jones' Two Biggest Banks Report Earnings. One Surges Past An Entry. - Investor's Business Daily,Investor's Business Daily,https://news.google.com/rss/articles/CBMisAFBVV95cUxQMmU0ZzdwRUx0bjJZcXhYcVJad2JfeGU3dDQ2TTB0ekhVWE8xdEFzV3dDcnVETXJWMm5NNlZ2cXVfc3Z4ZXBhTkh0b1dOMDBFVnhJQ0xRaG9GOEVnRU9fczFKb3JqTUFpRFBwUmQzSEV3Wkw1YTBZQnl0WDJNT2RvTXY2UWktUllPNlpEZkZIRFROUDQ5SlA2VS1La1htdkRCMDVxZFZFU3N4TG9BLUxKSw?oc=5,0.0,neutral
2026-07-14,2026-07-15,JPM,JPMorgan Chase & Co. (NYSE: JPM) offers 5-year MQUSLVA auto-call notes - Stock Titan,Stock Titan,https://news.google.com/rss/articles/CBMixAFBVV95cUxOdThoZzI5azdUQ3hHSFJ4U2lTNVpwTTdsNGN5d01WT1JtNWFoeWtzN1JMYXVEZ2NDS0Nyelc0ZEdLTVU5Zm51eFFtNnJKcWltTFVZemNQa2Y3b2dRRXBtWnRJb0hIek5DVGR4ZWo4R0ZlaDJQOWRFdS1VcnNFaXdDZFhlU28wRTNJUS1Uc0pzZ0JlbmVTNVluRk1INmI1LXl1cThUOVJ5UDZLODg2aUZKSXNMb29Hc1JkUUFZN0tWaENFVU5a?oc=5,0.0,neutral
2026-07-14,2026-07-15,JPM,Watch Earnings: JPMorgan (JPM) Sees Record Profit as Stock-Trading Climbs 86% - Bloomberg.com,Bloomberg.com,https://news.google.com/rss/articles/CBMirgFBVV95cUxOSm5TSk1kNVR3amNBYUQ2YUZpaWx6SmgtWlVJQW1md0gwQ1Qza2ZSVEhkQlZvODhucVgycVlfMGg3T1BKYWtid2VqQ0R2X2lwZ2t0OVZuQkhnWXJnczFfaG1aeEtnUmt5Ykl0ekIyU3Q3QjVvSlVTYmNKSGRNdlRsWFNscWdvaXFxWmxrQ0F0V2ZXcGRUVkdzclZDNkJ1eE5XOHdET1hTOWkwbzY0Umc?oc=5,0.4404,positive
2026-07-14,2026-07-15,JPM,JPM Stock Alert: What to Know About JPMorgan's Historic Q2 Profit - Yahoo Finance,Yahoo Finance,https://news.google.com/rss/articles/CBMimwFBVV95cUxONnE3aURBMW5RYlUyZWs2THZFb3RabzhkN0gyOFB5RTQ1dnIwM2U3SkZKUGJmRFVTMHV6elBUeXNYbW1WY093WTBGNU90c1BMTHJHWGhZaE9TX09GRVBudWM3aHpNOTRRNFRYWk5oc3FrTXk3RmZfQ2ZZZ1JxdWc3UU5KMlFFVXVLazJyYUpVa3dxWDdwUE5NNzV5Yw?oc=5,0.6249,positive
2026-07-14,2026-07-15,JPM,"Stocks making the biggest moves premarket: JPMorgan Chase, Bank of America, IBM, Apple & more - CNBC",CNBC,https://news.google.com/rss/articles/CBMimwFBVV95cUxONTBiQ0tocm1MSllocm1WUTh2RDdNbmVrYVJlbzRTd3Z5YWhRSGhScmpvZ2s2Q1NKWnJhN1FFbVp5U0hGQnBURnBQSF9ha1FOQjdaUWVHcjhBUk91c0puNWVid2hOVlJqZ1NQcUFNMXU0WmNmUVNIZGhRR0steV9oUTJEX0VPZFRRMW5JYThJTmVrb0dhSkZOOHVrSQ?oc=5,0.0,neutral
2026-07-14,2026-07-15,JPM,Auto-callable tech volatility notes from JPMorgan (NYSE: JPM) with contingent interest - Stock Titan,Stock Titan,https://news.google.com/rss/articles/CBMixAFBVV95cUxNcG44Nk1kSVZHcDBzSTNVX1c0WDROaC1NOWROSVFpeG9FNm5JS0R4bklEaGxta0tpS0xwekgyVUI4U2FsallJMXpOWEFJMEE4R1owSkpwTXYwS3FJaHpPU1RCOHZNV1YwRTFyMlZtRldQMlQyQXZZWnVldUtndEZQUm94NzFrcVFNdVV0S1l0by1OcTFBejFLbU5GRUJRWUt0ZEVGNXhtdTIxM2hxclhwVHVBSkktMlE2cUZ6VWNhNVFHWXpY?oc=5,0.4588,positive
2026-07-14,2026-07-15,JPM,JPMorgan Chase (NYSE: JPM) offers 5yr MQUSLVA barrier review structured notes - Stock Titan,Stock Titan,https://news.google.com/rss/articles/CBMixAFBVV95cUxQM2ZVaG1yQnpXbS1uZWJ0QWxkUzMzVmdERE5wOFBJeEN5OXZwMUNMLUtVa0tEdHQ3TW8xSXB2Tm9vbFlwd280bXJJQjdpZTFiM0ZYUGF2U1JDc01zY0JGZEdfd0VMNHJzMjZYTXpJamV3WmRNemJuZGdZa3VYSS1PcFZ6YzlHSWhPT0ZWSWVrRmhXVnhyY1A5R0UtcW9KaS1UQkJVeXlJTDIwZ1ZoYnRLZFVoYk5yUFZTMlVsNjd0RHl5TzJB?oc=5,-0.128,negative
2026-07-14,2026-07-15,JPM,JPMorgan’s Q2 Strength Gives the Stock Rally New Support - MarketBeat,MarketBeat,https://news.google.com/rss/articles/CBMilwFBVV95cUxQbFFoVW9POHRvaGNWOUlnM3RUajNHYlNfQUZPTUhEdHJYS21jV0xWekZJRmVpMDk1MVBBWmtGOUdpam5KTl9pcVJzUG5XaFQ4UHRja2hKaVV2M3ptMng5YlBybEVyZ29ZTlFOUFdjSnMzamdaNkthX0drLXFkNUF0d20zVXlYVHBBZWl0S3dNeVZQNWQ1ZTFz?oc=5,0.7096,positive
2026-07-14,2026-07-15,JPM,JPMorgan (NYSE: JPM) sells 5-year auto-callable notes with at least 11.40% contingent interest - Stock Titan,Stock Titan,https://news.google.com/rss/articles/CBMixAFBVV95cUxOMGkxT3g2Qm5VZ3VqaUJPZXdROEhHbGQ2Nkc4VGF4Zk9kUnFsYkdlSEpxVlB2clJ2US1nNFEwV0x3djVfTUN1cHdKR0tJTHVxcXd5RGVUZHVpU1lkYWxLa3dScWh4UG9IRUZMQnJrSXZXOGNwdDdMRzdXc3hTeXU0T1JjbHBBNHVCNE4xMTA2dVFwTzFYUDFTa255OFFoT2ZFM0dQY0ZNeUZxclpJay1oY3JhYTF6Y2JBZUJoSDBNbDE0RGJn?oc=5,0.4588,positive
2026-07-14,2026-07-15,JPM,Principal-at-risk JPMorgan (NYSE: JPM) notes tied to AAL and AAPL - Stock Titan,Stock Titan,https://news.google.com/rss/articles/CBMiqgFBVV95cUxNbDJTVDM4OWk2SlBOaEg2UmJlcUVqbHlpYW1hclVCT2E1M2pPUXhlMlotYW9yUDlzZVB0R3laSlVudHJ1OEUzLTZadTFrWEJIdDRBMXpqbXNNRjRxcG0yNzZabVUwa0NmZXZJOUd1S0dNMThRQ283UVNkNUk1WWJSTWxUb3BOb280eW44M3hvenh1M1lTaFBBMjlubjFyLWpwaHdpX3pLNUlPQQ?oc=5,0.0,neutral
2026-07-14,2026-07-15,JPM,JPMorgan (JPM) offers 5.75% callable notes maturing in 2056 with monthly interest - Stock Titan,Stock Titan,https://news.google.com/rss/articles/CBMiqgFBVV95cUxQa01HVHJsaWJIZXF0NG9kbUJSRmtBcTM3VC10MlpsSWtPcnBRNUJrdzMwRS01NlZrQWZoX00zcDdmemZyVmRDRENnQkZGZmI1RnQzYVFNV0l0OWpubTJsSE9xajIyWjU5bEFfam4tRWF2eHNXT1hZel9QTjRhWXYzQTNKQjg5Q254cEpZSm14SE9senlqVzVWZWxEZlFaQlh3MElNWjJ0anJhZw?oc=5,0.4588,positive
2026-07-14,2026-07-15,JPM,"4 stocks to watch on Tuesday: NBIS, JPM, C and TSM (SP500:) - Seeking Alpha",Seeking Alpha,https://news.google.com/rss/articles/CBMijgFBVV95cUxPTkdaYXptZEFLZlE3LVNZbWw1UHpENl9UNi1qVjd5enhhdm9wNGJhLThYRkdSOERmMjdSZEJLaGw4cFktWno4UGlHN0QyR0dYaUlScndpcFhqOFhzcklTdTZ5U2hwSUFBOE9SckJNTTRLMmxPVndtUkoxcFNEUVNYS0N4SnZDWldra0NKb1RR?oc=5,0.0,neutral
2026-07-14,2026-07-16,JPM,"JPMorgan Chase (JPM) Stock Is Up, What You Need To Know - Yahoo Finance",Yahoo Finance,https://news.google.com/rss/articles/CBMimgFBVV95cUxNUnAzZ0gwc19BdUV1aVdrS056bi14RktZREF5aWRrbFFSaXN1aFJVTUh4dlBwR3QxbG9rV3g4ejhYQ0hqZkw4TXBoLUlYZ2ZSeWJ2RnIwSDBWTm83d1h0TE1GbE42Rnpva0lXLVIxMHhEaFViVnB6RmpZb2dPUFJER1BEUEtueDI2VWZPODAxZ2lLdDRBekgzdXB3?oc=5,0.0,neutral
2026-07-15,2026-07-15,JPM,JPMorgan Chase (JPM) Stock Trades At A Discount To Fair Value But At A Premium On Earnings - Yahoo Finance,Yahoo Finance,https://news.google.com/rss/articles/CBMinAFBVV95cUxPV2JkdUw3R0h0ZEllbmFGZ0dDRjJrOTJMb3YxMTVsMXpBRnp0WTdUOTJ0UU5vOUFiYVdpY2hXbWhxUXlyYUY3N2VMSnB3TGxDRVpzam93WWtsaTJPLTUyU0g1VUFSNjlWUHF6amtMVHVzMV9FSEpmWDE5bGFvWDRyVFRRRWQxaW5QRlFkc2Rlcm4tN3V5MTZEbm5CREU?oc=5,0.3291,positive
2026-07-15,2026-07-15,JPM,JPMorgan Chase & Co. $JPM Shares Sold by Relyea Zuckerberg Hanson LLC - MarketBeat,MarketBeat,https://news.google.com/rss/articles/CBMixAFBVV95cUxNdkdLeUU2VGo0bmNJTHJpYUVzNldxUXB3OFc5aVJvbHNTMzZTT09wVXZLa25LaENfdklDRXlaNWJjRWM1WHB2c2F1UmNpUVpxajlIRjBVdjNBX25VNlVFaVNzeS04enk5NTExZnZIX2EtQUlKVUJiZm0yWFhpS0taNU84VnUyd04xWHJLMDI4Qmg1TWVuSjl2N0RzWEFtSVpfZWdhRXA5Vzk5UnRoYUdBMDR0SGtHWXJMSmJ6M3ZWTl9EcHVN?oc=5,0.296,positive
2026-07-15,2026-07-15,JPM,"Why Did Banking Stocks GS, JPM, BAC Surge To 52-Week Highs Today? - Stocktwits",Stocktwits,https://news.google.com/rss/articles/CBMixAFBVV95cUxOTTByV1B2WWFRMEp6WEdoZURMeHRRWkM0eGNIQ3FUYVhTWUc0VktMSkkzOUJUNzlHZC1WUEFhdm9pcFNWcWVZVEtzSEtmdkoyLVg5UEdoVWsxdlc5cEFUNkNTcExCOEQwejB3TXlzejJfcmFxMFBLa2ppUFVIeVNWYnYtVWVnLWhVVS1NRXVpOGszWm5CUk5tMUt1cmtaSmItZUZUYU53c1NoaXliS0ZuNkFiejdVZ0tuZ00xT3NsaWNfVng3?oc=5,0.0,neutral
2026-07-15,2026-07-15,JPM,Fulcrum Capital LLC Reduces Stock Holdings in JPMorgan Chase & Co. $JPM - MarketBeat,MarketBeat,https://news.google.com/rss/articles/CBMixwFBVV95cUxQakJfVmVlVnRsbHJuT013dzFkY0lmMnk2OVU4WFIzY0tkSEtrRmhxS3lFZDI0eWVoY1Zyc0FYekxQR2h1ZlpkYzUtQ0dCaURVSUN4NHNSUXlvN19qamRKNFpRQ3FqSHVlZ3h6WlF3dkVWdjFwTDZER3FnOGJLRUQ2RFZuSk5TUzhDajdzQ3plaVRzTnBNU2htUG9pM0UtdkIxckxOb2ZqblVCODlKTVZ6b3VlalFVOHJ2UmxKcnhJa2RSSmVzbmVF?oc=5,0.0,neutral
2026-07-15,2026-07-15,JPM,Manning & Napier Advisors LLC Has $29.81 Million Stock Position in JPMorgan Chase & Co. $JPM - MarketBeat,MarketBeat,https://news.google.com/rss/articles/CBMi3gFBVV95cUxQdl9yNEs0QXlRbmNnMUQ0eXVYR1hwOVZBMGxPbzZ6bm1vVzQ0YUJSWmJ3TnQtTHFLQ2tQeFgtWG1oeGFfYmt6VGY2b2N2RWtxaHlUVVVtckNLQUoyNFM2b1B1WTNQeXU5cFJRR3c1Yko3OGo1bG9iblljSkhlRlYyOGtjNk1BT010QTNuRExtVEJqYjZPWnk4aXpmcV9qRk9nUWJBaVJWLV9SdGhHUTFzY2ZRR1RTUHpUX0lvNUtTNElGLUdXcGdsZUdZOUFnRF8xTWVVMWFPNVk1Vi1qcWc?oc=5,0.0,neutral
2026-07-15,2026-07-15,JPM,Villere ST Denis J & Co. LLC Has $37.69 Million Holdings in JPMorgan Chase & Co. $JPM - MarketBeat,MarketBeat,https://news.google.com/rss/articles/CBMi0wFBVV95cUxQZFlnSFlkVXJTN2FsX0p6TW8zOThubkJhMjdmV0ZOMDhJd1JfYUpPbURSZE5Gb2pxNVNMSEpBbUlKYTVlVzRnbmxCbDJGYlkzZGM1YzlCaHF2RFhvU1pkUko0cHpVUWtxak1yMHVVak1KbV9yeWJaVkVERmMxQnA2SEZiekNySFB0akloWXpzMnZRU1NDN29WUXJJYnZsZ3ZNTGhDZTk5ZHk5emhDdVVmNC1sQ21hRDcySV83LS1udTZCNGhpRVJ5Uzc0aUNlRzdBZnNB?oc=5,0.0,neutral
2026-07-15,2026-07-16,JPM,"Its Dividend Looks Secure, But Don’t Chase JPM Stock After Q2 Earnings. Here’s Why. - Barchart.com",Barchart.com,https://news.google.com/rss/articles/CBMivwFBVV95cUxPNk1rUUtnazVMZm1xZ3Fuc0RfaGpnSmNaSHpvY0Z0Z0N0ckxObUZsZ0E5RkVDa0FtV0VtWXVob084N0hXRkRtY2tJcGN0LUw2aTlUUXc1YlhPWjRKVV9EWGdSaTRpc2pBSEtjSWEzOWhkUmQxOGdWRDkzdzNIZGlINVJfSk5NYXViRkFBTFZXeG00TXRpZHE2b1RIVmJ4SzhCZVU2cE40eDRHV0JITTBNdmppenZvNjM4QTZ4eUU1Zw?oc=5,0.1779,positive
2026-07-15,2026-07-16,JPM,"JPMorgan Chase, Stock Of The Day, Rises In Buy Zone: Next AI Winner? - Investor's Business Daily",Investor's Business Daily,https://news.google.com/rss/articles/CBMiqAFBVV95cUxOS0EyYTJHb0luYWdMNTlSV09fdC1fZGpLbUdQdWsyS1dncWh3UnYzTldPc0dwVGZnUmV5UUh1MTFVMGRVeE1ybE5kSngzTmRoOVZfaE1SSlZwQWpPZzhIWVhyUHBtZlU0RWljWGNMTUJiUTdrd29yTjZQLVFlVmsxOUFhc0dPTXNUMmJrWnE2bUpjTFhxQmtXNDl1X0h4OEVHOExpc0NaeEE?oc=5,0.5859,positive
2026-07-15,2026-07-16,JPM,JPMorgan (JPM) Stock Could Be 26% Undervalued As Record Profit Lands - simplywall.st,simplywall.st,https://news.google.com/rss/articles/CBMiygFBVV95cUxOdFpXWDNsd0hWcS1VbWNrNjRqenJocDJGTDJJQWh0RVhHQUs1cHJUaVBLQnUwWnZvR1JYWmM0cnJHQ19UTHktb29fZGFoeXRWWHJpYjlhM21nME5NUVVVc0oxQV90U1dRRzBTYmdMcE5zNzBKVWFvZ3RtdzY0U3VDM3RtTFhaRGJ6WkZucF9qMG4yWlliSHNRUWxvbzBWN1MwMXNSNXNyRW03aUJCN3JTU3ExY0dkVS1hSTVGU2pRTmNRaTNzV2dJSGJn0gHKAUFVX3lxTE50WldYM2x3SFZxLVVtY2s2NGp6cmhwMkZMMklBaHRFWEdBSzVwclRpUEtCdTBadm9HUlhaYzRyckdDX1RMeS1vb19kYWh5dFZYcmliOWEzbWcwTk1RVVVzSjFBX3RTV1FHMFNiZ0xwTnM3MEpVYW9ndG13NjRTdUMzdG1MWFpEYnpaRm5wX2owbjJaWWJIc1FRbG9vMFY3UzAxc1I1c3JFbTdpQkI3clNTcTFjR2RVLWFJNUZTalFOY1FpM3NXZ0lIYmc?oc=5,0.4404,positive
2026-07-15,2026-07-16,JPM,JPMorgan Chase & Co. (NYSE:JPM) Stock Price Up 1.1% on Analyst Upgrade - MarketBeat,MarketBeat,https://news.google.com/rss/articles/CBMitwFBVV95cUxOUjVsS1Aya0VZQjFNd2sxZldVMm1nM0Q0ZVFEQTBJWURMOWJIVzJUTHFWZEZQWWp0NTRVUDk4dXdfLVVKN1BGNjB1djhCWXZfQjNId2tvSXQ2cGJFNWJ2UmZFakRRbXRYaHA5aUwyOE1wam0tX1N0UDd6eEdmcE4tVU1ULUoxakVMcUdUSTFCWDlOQ2dfc2ZlUWpoOUpCVFR2d0ZFMWswRVEyMnJKRmI4YzNacm1sS2c?oc=5,0.0,neutral
2026-07-15,2026-07-16,JPM,Buy JPMorgan Stock for Higher Highs After Record Q2 Results? - Zacks Investment Research,Zacks Investment Research,https://news.google.com/rss/articles/CBMiogFBVV95cUxQN05RWTRDUUE2UDZldFh2T2VfS3BWWXNhaS1xUzJ1dzJBRzBjY21QdkJzamVyaXk4N01oblZuc2JwUU9LVS1qVzV0VEY3T1dtWjRzSWJnaENESzFMQTBRUlJOUXZXcG1LSVhGUWt2M3BfbTVtYjkyMFdsazVsbUlndC1vRTdfUUIzeV9sc3NpS3Z5bEt4NmpqUGRRb08yeHl1Vmc?oc=5,0.0,neutral
2026-07-15,2026-07-16,JPM,"Chase's DFW Lounge Will Bring Texas Whiskey, Facials and Rest Pods - Stock Titan",Stock Titan,https://news.google.com/rss/articles/CBMitAFBVV95cUxNUzdBQVRiRTdVR0ZwUGFnalZjX1BNMVdlX1ZQYVJrUlY1Nk5IakxyS1JnSFY1c0VCS2F1aVhjZG50aFBqZDVmX05DQWpsYWg5cnpSZjZxbjlnb01pb2NUSGJQUjhqSEVwOXNPTmtWX08tOHVsVlRQSVZLSU5YdjR1X0VXTUJveE1SbU5TZkFwdTFjbjFMSjFHd2V2WVl5RXF6bXhwNTgwZkhBcDlIYlJod1BZeF8?oc=5,0.0,neutral
2026-07-15,2026-07-16,JPM,"Why Did Banking Stocks GS, JPM, BAC Surge To 52-Week Highs Today? - TradingView",TradingView,https://news.google.com/rss/articles/CBMivwFBVV95cUxOMnpJNjBDcG9BaHhGYTRVRUJmZGRhSmhISldBcU9SUlZoR3lNTFZCMGk1WXgtWDlvWGh6TVJ3VWtWbmNJTmI5Sy1yeGxBdUJSVWNfb3JQSVQxMHFZQ3ZsQWVsZkV6UVozU0dXSVN4RlhWWkd6Y3RQVXFrR213RVJrazN3QTVRbVhPV0RRZnhnTFBSeHhqMElCeDlUdEdvQ19QcTZvZy1wTlRWSGtmUkJhd0FvSU1ZN3MxZjM4OUt0cw?oc=5,0.0,neutral
2026-07-15,2026-07-16,JPM,Is JPMorgan Chase & Co. (JPM) Outperforming Other Finance Stocks This Year? - Yahoo Finance Singapore,Yahoo Finance Singapore,https://news.google.com/rss/articles/CBMijAFBVV95cUxQdU5aUjFNVkZQQW1aQmdTVDNHekhxd3VndzZGc1JyUTB5TjVqcjFXb0ZRWVNaS2E2VUtncW1nMGRwRWd6eHdLTEpVeXh5X3JfOWFrTDlJbzlpd3FkRi04amg4aVQ3dzU2ZTU2WmdGbXV3V2ZkU2NwLVQzUks0Nll2dk9xZjRFOGpucnJuVQ?oc=5,0.0,neutral
2026-07-16,2026-07-16,JPM,JPMorgan Chase (NYSE: JPM) offers 5.80% callable 2046 notes to investors - Stock Titan,Stock Titan,https://news.google.com/rss/articles/CBMiqgFBVV95cUxNZHY0VFg0dnozLXByZ2NycU1POFRhZlRoWGhsUjJveGkxZ0VwQ09QTksycTFSRVJUMWxpQW51c0FBdU83WndiVWlCTjIxSEVReHprdkFQRHRwbmpCUFB2WlBtU29WWEtMVDEyMEVkRWdiQ1I1a0Frc2xtMjBYSk9saDZ4NVAtYXBEejdRUExJUURxWTE0TmtGblM1SS1WVm84THZUX2tsRmxwQQ?oc=5,0.0,neutral
2026-07-16,2026-07-16,JPM,"Conning Inc. Buys 16,013 Shares of JPMorgan Chase & Co. $JPM - MarketBeat",MarketBeat,https://news.google.com/rss/articles/CBMitgFBVV95cUxQTTZXWlJxbGxVY1Itb2kyTGU4N2ZpaUFaMGlaTm1TWUs0NUNrZlVhSl9pOFZ3NW9DNG9CbFlNQUlSd0w2WlhpTV9TSWdqQUdkR25KQWl0Ti1PY3ZoMUY1dUdHUXhFMUZDWmE3U0N5WldSLXVHYWNsLUhlNEVkTm12MF9QTWJYWDZVVDh6SXhXUThvQkRORDU0MXFvUjZja21PSXVrOGlEbF9wVElJc0lzNGpHYXFtQQ?oc=5,0.296,positive
2026-07-16,2026-07-16,JPM,JPMorgan Chase & Co. $JPM Shares Bought by Ferguson Wellman Capital Management Inc. - MarketBeat,MarketBeat,https://news.google.com/rss/articles/CBMi1gFBVV95cUxPam5iekNRT3VWOTU0Um1TU3NVNWV3TXJ4am5tT3BieGR1eXZSOHlaZUdGOElHeWNiSlZYTWNIUW0zQlFFaVA1cjhGXzN5MzJOLXZvQ1hrc0hNOTI2S1FraW5JSWtjVG9ZX1ZlSXhfUG5PNlRPRm9tWmllVWN3WWJwelk3dlRZZUNpb3ZsQ19NbVlTaTVoejItdV8zWW9NNnpJZHQ5ZDBMLVJsbUlhelhia3Q1d3BpSlgzUVFxV05OUmVuOHM4WGJZSmdrVlQwY0dxUlc4Tk9R?oc=5,0.296,positive
2026-07-16,2026-07-16,JPM,Midwest Trust Co Grows Stock Position in JPMorgan Chase & Co. $JPM - MarketBeat,MarketBeat,https://news.google.com/rss/articles/CBMiwAFBVV95cUxNeTcwYmdhTVg1S3pIRGFLM3BXdVVVRmhLXzNFUzlELXJ0c04xNXdFMUZLazhIY0wzWmpBWXZrbFBfU3lwT0F3SnRpQ25LeHY4dkdkcEhzRXlLTWRkSWtCZElQWTdaWDBaQVJNOUExVmtDOXF2MzRzTU45LW1ZVTU1VTh5bXdVcFBqZUV2MjBzMjB4cjhrX2drWWZOejBkWXEyMzMzVllqc2dBZnBkei0xN2pTVlN3T1UwNW5hWUZjcFY?oc=5,0.5106,positive
2026-07-16,2026-07-16,JPM,"25,495 Shares in JPMorgan Chase & Co. $JPM Acquired by Beacon Harbor Wealth Advisors Inc. - MarketBeat",MarketBeat,https://news.google.com/rss/articles/CBMi3AFBVV95cUxQTTF6NDJZeDZJQVdDdXFycnM0Mm1NbllsOEI0UHNmaDFZMEVsZEtTblRubXl5al9DTUJVVkJXMEFsbXg5MlFSVFVsZWtYR1hvYXp4cHMyeGx0SUlfZlpISFVvcU15Y3hGN0FiN0NJRXE2aldZS3dJbDJUUHQySV9vV3RBNm91NWhEeHVTdlMzSDIwbVhXdHRHbWFrUGttQ01OTEJUOXlzZ3hRLVVkaDduZWZYY2IySl9acW96eC1lMTc2ZXkzSVJjendhSkJ4VmFZQ0prQ3QzdWlrQkhO?oc=5,0.6597,positive
2026-07-16,2026-07-16,JPM,"Sovran Advisors LLC Purchases 4,943 Shares of JPMorgan Chase & Co. $JPM - MarketBeat",MarketBeat,https://news.google.com/rss/articles/CBMixgFBVV95cUxPSUZWdUVGWDh5TWJLV2lSLTRLYmt4c1ByRUJUTWl3SkJ4bUUtbkRVMC1DTkVrbnFnYlJWRVFzUHMtRjA0YV9GOGhoQUoyNG5PZ3pHMVRXOXF2QmxrU3pIYnVWTmpranBZcHlfd2hEZ3F3ZWEtdFhRcG1zQ09kcnllZ1d2dDVNb2xtUVZOeHE5bFNpbGRsaDYwbUVaY29mX3RCMTd2YnlUczN5R0dlWjZUU1M3a3NsNUd0cEpaN1FIbzhQMjFXT0E?oc=5,0.296,positive
2026-07-16,2026-07-16,JPM,"American Trust Sells 4,372 Shares of JPMorgan Chase & Co. $JPM - MarketBeat",MarketBeat,https://news.google.com/rss/articles/CBMiugFBVV95cUxNNGRvZjNUMy1GOGVhT3JDYjZSdXRrUkdqeVJscXdJMEdwMDBzX25MWHROenFWZXVHTnNwa1Qya0M2WHBPQmRiYzRsNVlDWTFCWFN4Qmw5Si13ajVjZmVLRUxMR2RyQVB3djA0QXZ5d1BiWWV4UXBieDFYYjEwWHdINWNpMGo4VEZBUkRLYlRIWTV2ZWRKbHU4V2REMXc1bDhJYm41Tk8wRXI5Qld3YnR6NnkySVdkU0JhNlE?oc=5,0.6705,positive
2026-07-16,2026-07-16,JPM,"Citizens Financial Group Inc. RI Sells 7,980 Shares of JPMorgan Chase & Co. $JPM - MarketBeat",MarketBeat,https://news.google.com/rss/articles/CBMi0AFBVV95cUxNSldlSmhsN3AyZ1ZDTUJ0WDBWUVhrVW9RRmI4d29SOElQRXJSV2NNT0NhUV9jU2w3V1lzYWFpTTZ5Rk03cnJPX2FxenhGTE1jajRhazBnYUp4X0U5WGg1ZWY2T0x0Um9Pcnc1OEpoYnk0c21tSWNwSmJFd2pObkZKZlVqSURxMTJJRXVDa1Q2WWdaQS0wU3pNejNmNjRkMTZsb0dsdVZCZlJkNGppQnVGTTdZdWZmeExYV3Y2QXpHUXhwYWoxc0MxSEpHZWtlZGdu?oc=5,0.296,positive
2026-07-16,2026-07-16,JPM,Cullinan Associates Inc. Lowers Position in JPMorgan Chase & Co. $JPM - MarketBeat,MarketBeat,https://news.google.com/rss/articles/CBMiwwFBVV95cUxOdHY3S0ljQ19aTVBiOG1QcUV0cUNrZEkxUzNqN2VDMWZ6T19ueV9BMzIwSEhlZXZhN0lDYkZ2NkhFSXlUaV9xdjNwV1RaYl95dnRKWWRJdjRucEk3bnlGTDBFRG13dDNuazZxamx0bXVQWjF1dE5FQUJsY2djbnVoQTlpazZGVUE1bjBIRFVTeGtoazNjcUhfb1FTakVNVlEzMVhGT01FSDZ1aVRySFdlTDJqR3IxTVdqLXQ3ZW5Bb2FoTFk?oc=5,-0.128,negative
2026-07-16,2026-07-16,JPM,Candriam S.C.A. Trims Position in JPMorgan Chase & Co. $JPM - MarketBeat,MarketBeat,https://news.google.com/rss/articles/CBMiswFBVV95cUxPeXpIcjVPUlU4c3lxbjhBOWYzSHJyVm9PVlpPaS11eUxNVnBoNWVUUWIxVlhwZHVSekxwVk1RNk5IX0VnTDB0ekpZVVVnZGxJbXZ6aXpJNlZBVHZXYjVvejVsSG50Y1JVWEstaWFTTE9kZzV3bjJ6eHdZQjJpSkJ2YWtCQzlyd2NTMmtnT29VdkNLR0FMVkZOLTJMbmZubU5TajN4WkdJbG5iS3NFZFJsZU5Pdw?oc=5,0.0,neutral
2026-07-16,2026-07-16,JPM,Fifth Third Bancorp Boosts Position in JPMorgan Chase & Co. $JPM - MarketBeat,MarketBeat,https://news.google.com/rss/articles/CBMivgFBVV95cUxOVk5oSlFhcmd5R2NsOE1NYWhZVGJUSFl4SDJTWnVjZWNvZ21XNXFyLUhaTjVrZkhVQmRQdW9kdWdpSV9vMGNyM0pST3ByZmpnV2ZlMGpFS2J1Vjd6WnNyZTN5VzU2T1lIRFlHTElqeFJSdzdTOFU3NlM0MlpiVGdyRGdWdkozRmQ1UVdoakVHbVNTQXVUUnl2Y0g3cmxaVGRic25hdVNUcUZYcklwaE5aNUJ3bWJmWVJYdzI5UVlB?oc=5,0.3182,positive
2026-07-16,2026-07-16,JPM,Advisors Management Group Inc. ADV Cuts Holdings in JPMorgan Chase & Co. $JPM - MarketBeat,MarketBeat,https://news.google.com/rss/articles/CBMizgFBVV95cUxOcDl6OTVZRFA0ejJiRmpBaTNRU3NyUVBpMVhPOFJQMmNWWWRyZy04OXlycENfZ2dla001VDRlVEF1Zmtaeldod0Mta2c3ZHZGSV81cFNlN1JFaEFiVjdoMGlma3VGQ0drU1RYOEJ4V3VvYXh5S214Vnlab0l4TzROVWZRRzZqY0xVWFg4amdCWkZuRjMyOXFyQTBVeUpWbTdLSzg1QmVLWjRQR1g3VmJyLTdkVU1QZVdSUkc1dF9JV2owY3Fnam83MERRMnRoZw?oc=5,-0.296,negative
2026-07-16,2026-07-16,JPM,Knorr Bremse rises as JPM puts stock on positive catalyst watch into Q2 results - Investing.com Nigeria,Investing.com Nigeria,https://news.google.com/rss/articles/CBMi0AFBVV95cUxOWGIyZXBCUUtld0IzczNBTXJhbXU0Uk94bDdWOEgzSjJ0NUJJTE92N2NTX0dqWDZBVWV5cVRhdmxaWjZXR0swamNONHJMQ1B6NU9TRmduYkNXd051WWxaN0xBV2sya25vOFNoeF9OMzZNVE85THVVSXlkMHBVenhZZUJFVXZTUWxOS0N2aUxDVWhsbkhBbXVIczlDM1ZWZGVjOU9BZnBjS0d3cW0tY09uOWZtVTdEbTJJdEo0VlFXTXpmTTNfRlIwVTJldkw0ZGIw?oc=5,0.5574,positive
2026-07-16,2026-07-17,JPM,"JPMorgan Chase has more upside ahead after its blockbuster earnings report, says Bank of America - CNBC",CNBC,https://news.google.com/rss/articles/CBMivgFBVV95cUxPUWExQl9ZaUlZWndBeWF0UnpZLVNoYS1UVUNIRE1XSFZOWmFOQU5QVkZSc1pmUTNSaDFUbjBQVmVFN29XR3F5LWI5VmdUd21TbVR2RTFHR0dHc1ZQNjlSbDZEWGgtWWhpX1Z2QmRNdGxIZVVibS1fRkY5WGNtaVNvZlhOSk13eGtlVXhDWW1JanlvV2o3ZjZvd1pYZnV6anVGcWZkVC1hcHlIVEN3U0FaNVN0bUZ1ZFR3T1MwbnNn?oc=5,0.5994,positive
2026-07-16,2026-07-17,JPM,JPMorgan Chase (NYSE: JPM) sells stock-linked notes with 21.05% coupon - Stock Titan,Stock Titan,https://news.google.com/rss/articles/CBMiqgFBVV95cUxPQkh5NjhaTHZ2bXJkaTRkTEhBU1FnV0RmX1cwcjJzVW05SGdsTFl0XzJGNTJhYmUwaUVrMnFzeVpBdUtyMkw0MDlVd2g2YnZhQTdwcDJDUV9BSl83Y1k4Xy1ITVlqY0V5anJqZHRnRWpKU3RVUi0xNDE1ZjFQYnNzalpJLXhhYlZFaUFzMGtFXzN4RHVPcjF0emQ3aXA1M1RXZENESm5ndzNmZw?oc=5,0.0,neutral
2026-07-16,2026-07-17,JPM,High-yield JPMorgan Chase (NYSE: JPM) notes tied to Boston Scientific stock - Stock Titan,Stock Titan,https://news.google.com/rss/articles/CBMiqgFBVV95cUxNRlI0UTNQR3FsYkVMaUVNM3U1b1R2YTRuR2c2ZVE0SE05ZXFBeE9RU184SkI0SEIzMEs5MXdwMUFMVUJfNm04bEd4MVI5X3ZxM2ZlV1lTb2pyT2VSdHFtQkFKTXg2NVprbVM4UC1zcEY1Mk41RWRDaF9OdGJ5UXBpVk9aWFRXT0RaVGcza19jbGFvdU45LUpPV3Fjam1oQXFISzFkLVJESW42QQ?oc=5,0.0,neutral
2026-07-16,2026-07-17,JPM,JPMorgan (NYSE: JPM) sells high-yield notes linked to Amazon and Eli Lilly - Stock Titan,Stock Titan,https://news.google.com/rss/articles/CBMiqgFBVV95cUxQbkFGZlhfVTNWNDhleDlvNG4xU2RtWHRmWUVjRU1Fdjk3aWdfVkdRRnA3cWRXNnpKMU1KVXlDUGpLQjBoalRZVlVhZHVIcTZNUnlvY2U4UE5Kb3BPSVZUallTbzEyNVhzWEZNLUlINVh6bXphckpaSmNsMU9KTnNQSlo4RWZKMDMzcUEydG9NdktBUFdFempMd25tdkVCV2RfcGpLV05XSnY1Zw?oc=5,0.1779,positive
2026-07-16,2026-07-17,JPM,JPMorgan (NYSE: JPM) sells $335K notes linked to American Airlines and Apple - Stock Titan,Stock Titan,https://news.google.com/rss/articles/CBMiqgFBVV95cUxPOXlGTkJURWNrX0xNaDhlMnZnWlowMERuREdFaGcwTWdmUER6WkVhbmVieHFUTG9CZm9XX0MyU1VxV3UtUHRZRG1IUW5VNkxNaTJadWJlOUstTnJ2WDh6N3VOQ1lQVXB2dkE4NmVuUlVnQmN2eUpfdjE2RzQzSjZyZVpQWmtWTGhjNld6WnpKblpBbUpzdVVKU2J2U1JMeGFJY01qZXItcFd4Zw?oc=5,0.0,neutral
2026-07-17,2026-07-17,JPM,JPMorgan Chase & Co. $JPM Shares Sold by Welch & Forbes LLC - MarketBeat,MarketBeat,https://news.google.com/rss/articles/CBMitAFBVV95cUxNY1h3WGU1V3dmcldLYkRlUnoxS1hfVDdqZjRSc1VFZENveWxWOWpWZnprc3BYUktRVkRQbjNhckdVMVR2WUwzdE9hWkxLUkdmTVp1bk9KeUQ0TXNnR0l1c1lMblRVemdJejQ1WVFmMGJJVUhPem1kSHZ2V3UxZmplRlVZMnBtVzNrbjFOT1hxYk1pQTczOXVWYVlPS2tTUzNQcExkemYza2VXeUVTQnZXTGVNekE?oc=5,0.296,positive
2026-07-17,2026-07-17,JPM,JPMorgan Chase & Co. $JPM Shares Sold by Teachers Retirement System of The State of Kentucky - MarketBeat,MarketBeat,https://news.google.com/rss/articles/CBMi4wFBVV95cUxQRUNXNnBLM0ZBQXhUUGw2RUt1MXQ4N2lrbjNqV3QtUTV1T3JEbmE4Q05jY2xhcmtNVWtKazc0RzdpanFfejZkdTRjZDBEM2c4U3FEeXVCbmQwc2hrUTBUY3NhclJwYlpDa1lQUGpjcURDSW8wQ25ObTV4M09QMjZCbXFZY3dXN0h3eTNtQ2hVSlcxdVdQS2pVZndmOXFweDR5ak84dlZTN3JGZk83aWc1c18zcVBPYThON1JDM1pZblBGeDZDdzNLQ081NGtaNWI5VXFZZERGZGFlekxpV0lBZkg2VQ?oc=5,0.296,positive
2026-07-17,2026-07-17,JPM,"Valmark Advisers Inc. Sells 4,494 Shares of JPMorgan Chase & Co. $JPM - MarketBeat",MarketBeat,https://news.google.com/rss/articles/CBMiwgFBVV95cUxNMmFFZXhqMVo5UTVEdGVwUFZSS0lYeG5od2otUnVnWHpoMWZkbFdiWS0xWGdqd2JsSXhqOGF5Vmxnam96VTB0OG5kNDFaeUt1WXhaVndhLVlQREsxNE9fdFFndEZSUWJNXzFlZEp2WFhENDY2UEVLeXNJVTVwbHpZSmlvWG1LOER1X3FnZ3I4XzBtNDRaaExPd3BNQ3JUM2R3NGlidmRKYzMtMGRhUTdtN2wzamlESVR4T3dWR0hXWUUzdw?oc=5,0.296,positive
2026-07-17,2026-07-17,JPM,JPMorgan Chase & Co. $JPM is Seneca House Advisors' 9th Largest Position - MarketBeat,MarketBeat,https://news.google.com/rss/articles/CBMixwFBVV95cUxPNlM3bTdWeUViV3FLVTJpc0NCWmYxbVZWd0pjcjRPcVVDa3ptYWYwZEZ1VUY3ZjJNcUpPbkluUk9YYUJMQWVwbTlTSmZHeENqMVZYTmF2LXozLUNZdEtnY1poeU9XQUZON1c0ZV9PRUtCQ2YxMEpKcEFfVzhfWmtMbWJYdnFVcUk0cjhHbXR5bUViVEZhbTAtUEJIRzM4UEotaGVFM29iM1h1N18ycnAzQm82MXAzRFhuSlFaU1VOaEFkMkJzcUNR?oc=5,0.0,neutral
2026-07-17,2026-07-17,JPM,Citizens Business Bank Lowers Stake in JPMorgan Chase & Co. $JPM - MarketBeat,MarketBeat,https://news.google.com/rss/articles/CBMivgFBVV95cUxPRkJBTVYtaXpoX3QwbElpcU1NUE50dkhJQ2x6MnFhNjdkVTdsaGRPZElHbFhaV2dmSVlpRmhlUElFSTlNdVpEU3JjQldqOGRYQ21FRTJvRmZjdGowM0JnNGkwTVdweEhrcjJBUmlrNkRNSy1PUlM0MkxvUi1zX0JrSUJ1QUNjNnozZ2JZU1c5VVh2cnUzcmR5NXI2N2dvREVGOWltci1OZktzTW94TDdtaUdXcXg2M1NWX1c0RDJn?oc=5,-0.128,negative
2026-07-17,2026-07-17,JPM,Commonwealth of Pennsylvania Public School Empls Retrmt SYS Lowers Stock Position in JPMorgan Chase & Co. $JPM - MarketBeat,MarketBeat,https://news.google.com/rss/articles/CBMi-wFBVV95cUxQTG5JaXVLSTJBdmVIYjh0WTFKTjRta0pKZDYxTlNmeWtVUW5xUDAtb05YOWsyZm1JWl9OY1k1RFA5bV9zb2YwSUJpYm5TN21JeDRwMzg0ZmJnc2RtaGxYNVFxMGs3amR5d1pjNkwtRXFwVnVUS2R5MVhEU0NSc1kwZk1JMTV6ZWYzbXhSUzFjTzZsNnNkdGFJbkUtM2JsMzR5ZHBRM1A4aEJWUEJCRWdzRzFwdnJRM0pXNXRxbzg1MUkza19oTjJZU2JXdWZlalh6VW8wR3dibmwtYlpHb2R2VnRHSUk2ZXl0TWZSV3lMUDJzXzRTRE9MMVg1Zw?oc=5,-0.128,negative
2026-07-17,2026-07-17,JPM,Associated Banc Corp Lowers Position in JPMorgan Chase & Co. $JPM - MarketBeat,MarketBeat,https://news.google.com/rss/articles/CBMivwFBVV95cUxPdWFGQ0JVcnkxNVlXXzVOTkRzeTFPcWJGdTk0a0xVVy1JZG5vSHlNdzVhM3Zwakk1SUhxZWFZQjVhZ1I1TWwxRHlGNHdSU3pwOVlaRVFHeDV6RFo2cFVWR0l4cHlCUFFoRldwdEFRcVM1VXlCX3RvUzB6RlpvTFJZZVk2a3E1Tm1sTjFkV0NzcWtfYy1wekduek9XLWw2dnZKekhlSW9uaEE0UGJ0Z1pRQktmZFMwYlI0NVRUVE5YTQ?oc=5,-0.128,negative
2026-07-17,2026-07-17,JPM,"Global Assets Advisory LLC Buys 11,182 Shares of JPMorgan Chase & Co. $JPM - MarketBeat",MarketBeat,https://news.google.com/rss/articles/CBMiygFBVV95cUxNeEVOWk9lcUNURmVES1NIV2t5SnFhYW94OHpjWWU5OGt6VF9xX0dJZDZCUm53aTZycHFzSEF6MkRDSERMOUdXQmtnNEtHblE4aHZDQlRFWFhES3BHY3o0dE5NeWF0dllZSmFzUTEwYlJ2QzhvRlFuLUZPNTgzWUdDajV4ZWhXN2VNMGw4cjZSV1QtWUZpQlFPY192S0hrRUsza01feG1XbEZLeDNscnJzQ0JRMndrWlMxX0NTN2pVMFB5T0tfbkdyNkhR?oc=5,0.4404,positive
2026-07-17,2026-07-17,JPM,Diversify Wealth Management LLC Has $22.14 Million Holdings in JPMorgan Chase & Co. $JPM - MarketBeat,MarketBeat,https://news.google.com/rss/articles/CBMi2wFBVV95cUxOTlNjQ3JKUXNVZ0xQbVVhSHowSHotUDVsOXNjMkJpOFItVElHV211UDJGSUJhWmsxSE5ZRU5JbVJ1WDNpcVpnMzF3MHZmM3FOWXFVSDBCSnRod0xYU2NYZUFoZXEtc1ZUWUtfLXpKTDVGSzdraGNKcU9uTDJrS2FQeENIWlF0MHJaVnBDUC1QZ09pZERpT1FkeEdJaVdhSUFSMU4wX3hOb3dJNnhhS19YRWV0TFpmU1dFTjI1YkRCUW15TjFKOEk4UUpBdlJCdXM1YXNCVi11a2FJaEU?oc=5,0.4939,positive
2026-07-17,2026-07-17,JPM,"Goldman tops H1 M&A deal value rankings; Morgan Stanley, JPM follow - Seeking Alpha",Seeking Alpha,https://news.google.com/rss/articles/CBMipAFBVV95cUxPMTM4Q3ZJdXJTQ05vQ0Nldzg1d01VcmZOVE1wX25JajNOZGQ2UjJTeERxUDZYM2FXT1BpRUpsczRSemJoV2hJT0phXzFwSGEtNGtyVmFrUERwdEJKenlYZzQtcHdJeTZEU0FWdU9FVm1YZFN2TUt4Q2ZETml4OGl4cXJteXBsdWxEM1dTN3hzd0FFUE11cEJ3R25BaDRZQ0tSVTVZcg?oc=5,0.6908,positive
2026-07-17,2026-07-17,JPM,International Assets Investment Management LLC Invests $371.19 Million in JPMorgan Chase & Co. $JPM - MarketBeat,MarketBeat,https://news.google.com/rss/articles/CBMi6gFBVV95cUxPd2dlMVJEaFJtcUk4SzVWRzBhTHJ4ZkpKbURJWWVaeFVMRERlYkxMMTUtTXlOTlI5bkd0X3FncEdwUWlNVGNMYjlBUXo0OE1KRkhsczlSR2ZhdXdwWkFLWXJyeTYwMkxKc1JzSVlva2tLU28wckJaSW54aGtaOElIN2tZTEdpS1k1MFgyeTRERDdHcXdicFQ0anZtSFVWWi1kdlgxMG5PcGJmVkdQRk5VMWNERjZ1MUY2eHd5OUFwbi1xWHhoLW95VTd3TmNqdEhhblRNOE9ONlJZZTZHOEc0UkxCRnpfNVlrWEE?oc=5,0.1779,positive
