published,fetched_at,ticker,title,source,link,sentiment,sentiment_label
2026-02-24,2026-06-24,MA,Mastercard Stock: Is MA Underperforming the Financial Sector? - Yahoo Finance,Yahoo Finance,https://news.google.com/rss/articles/CBMilgFBVV95cUxNdk9DMjR5YXg0YkY5aFRNVFpVdGN1SUVYVGhOTmlNejRGU3ZTcGF3Q1hUVzF3endPV1J6M1hqdU54Q0QzWTcyajJsZTBEZzZaN3BVSjRfRXQ0QUtQNnZFSDZFR3BtQ2Z0LUtGOVlHMERLUmVWRG9nY24xdnU1UEJpNGdVTzRYeHhFNVlPNmlJWWgzX3ZjTVE?oc=5,0.0,neutral
2026-03-16,2026-06-24,MA,MasterCard (MA) Laps the Stock Market: Here's Why - Yahoo Finance,Yahoo Finance,https://news.google.com/rss/articles/CBMigwFBVV95cUxOWjlmaXBYWmFZS2luYUE0NEVZQ1EzODRzdHI5eDhCTnpEWXZXVUxKOURVMDk3WjNqZ2EzQW8zU1p5NU5UTkFnWGEyel9ad1lhc29uSFlVblBEdk1JaVhPZHMxeDRQZC1yVDUzODlkaDMwT1VpUGZOMUVjSnhzcVJQU0t0VQ?oc=5,0.0,neutral
2026-04-20,2026-06-24,MA,Is Mastercard (MA) The Best Stock to Buy According to Motley Fool Asset Management? - Yahoo Finance,Yahoo Finance,https://news.google.com/rss/articles/CBMimAFBVV95cUxPdWFJV1FUbEpmc3gyQ1c4MWhJSUppQkNBTk5hTzJDUkVfNFNvVzAzalpEYWRvTF91aTUyRjlJN1VFTmVwOHBJR3E1ZlRxbVFSUjY2V1JBSTRTSnJRM2ZxUUNHQlhwdkcyUzhsQ0UzeExlMkd0aFlRZG10NjRCNGxyeENDNmZTZ2ZXbGRVVWNDTUJaVHlpR20zSA?oc=5,0.5859,positive
2026-04-24,2026-06-24,MA,Is Mastercard Incorporated (MA) A Good Stock To Buy Now? - Yahoo Finance,Yahoo Finance,https://news.google.com/rss/articles/CBMipAFBVV95cUxPSE5ReGM0VnVRZnVuUFBJQUZ1a1lQNkhTeWlMVGJWUDlnWnpYaGxwQ0VHa1hWLWo2Ni16RDFTcDRXSW51TGZ4MVF1Z0tzZVEtUFdLbGtqMkNOWGtwT0J5WnlaOUdMa21Yb05MWVFqbnVqaTNZZHY1SmZOVGNORHRfWkZ4UWNsSkNkTmQzazVjU2NWMlQxeXp2TE5Vblk5MEFMVWtYQQ?oc=5,0.4404,positive
2026-05-01,2026-06-24,MA,Wall Street Analysts See a 29.41% Upside in MasterCard (MA): Can the Stock Really Move This High? - Yahoo Finance,Yahoo Finance,https://news.google.com/rss/articles/CBMilwFBVV95cUxPX0RxTmNHQTJ6czQxeE1HSWIyV0JfNXhiWlFVT0FlZmczTkI4ellNTkYySkdRakxCYkN0Z2VTYm9PVC1BbDNDZ0JVa040X3Q2VDhfS0Nlb3Uxa3p0VC01bU83MFUyeFNxamF1aEtoelNXMFhXclZxVDFPRVlVV0puYnE1eTJ1UWRmSVhpMEJ1dVFtenZTaktF?oc=5,0.0,neutral
2026-05-07,2026-06-26,MA,Here’s What Analysts Are Saying About Mastercard Incorporated (MA) Post Earnings - Yahoo Finance,Yahoo Finance,https://news.google.com/rss/articles/CBMiqwFBVV95cUxOanA0T0xGMTZiNDJHSDVuODEyTUNmaDRVMDcwbDV6UXFBRlV5emFPSmg3UldkcmhETlZCZWpLdjNUdHNCLU9aVllKQUhCeVpTdFdaNW9hblBQMFpDa0M2dkwyVzRlNE1pOUxoVUx6RkJybG9nVDdscmY2U0Nva0Vlbkt2SEZwYWxiNTFSdlZaaUo1cW1iSHZuMTdjOVBrRUZMRTMzV29TMGo2bmc?oc=5,0.0,neutral
2026-05-08,2026-06-25,MA,Mastercard Incorporated (MA) Is a Trending Stock: Facts to Know Before Betting on It - Yahoo Finance,Yahoo Finance,https://news.google.com/rss/articles/CBMiqgFBVV95cUxPMFlwQ2EtU3ZucVlLNnhNM0RuR09KZHpvY0Rwdk14WjZJelFwM2xxeklJbTFsZld3bllCRTdKNzRFTm1Dd3Q0YWVaaEtLX210NFNWcGFEcWhOUlNGdks0YzJrY1JuLXppYkJ3b3ZnR2tPcm42b0d2aERZSFBYd3p0Mjg4ZVE1TE5keEc1cHAxckhsOWgwbV9GUWlocG81dlVIUzc0MlBLbG5Pdw?oc=5,0.0,neutral
2026-05-09,2026-06-24,MA,MA Stock: The Math Behind The Upside - Trefis,Trefis,https://news.google.com/rss/articles/CBMimgFBVV95cUxOdk9tZUxFdUJjN1NURGRHR2YweUV0Q0NwWkVUTV9YeDJ5b0s3RTIyRFJnTlRRY0UySXNpS19VTWd4M1JRQnNNREdueGc4MWlVeVJIYlJVRXZqdWFKZmZrbndXQm93TXZZdVVZQ09oYzUxRlJ6MS0xMnB3MTk5SldaeHZDR25US0hrWGVTRWJfQmZqdUJjV0ZsdnlB?oc=5,0.0,neutral
2026-05-14,2026-06-24,MA,Assessing Mastercard (MA) Valuation After Recent Share Price Weakness And Premium P/E Multiple - Yahoo Finance,Yahoo Finance,https://news.google.com/rss/articles/CBMiqAFBVV95cUxOcS1SVGp1Q1BiZTl5c1BHSnQwaldhUlA4cF9KYXpBV2dNVUg4QkpsWXhJWkNudWVkbXFpTWR4emhrZ1dobk4wb3p6Sl9qU0NnbGJBMFM2d2lVcmR0N1pValZKZU1yNzhwRkFvdWFlTGVmVzV2WUpJeXhvVVVVY1lza3JmdW9TdExHd2dQbzFGOEhZa1F2MGVJMDctaWJJS1F6QmZXcjhlWDg?oc=5,-0.1531,negative
2026-05-16,2026-06-24,MA,Is Mastercard Incorporated (MA) the Stock with Best Earnings Growth for the Next 10 Years? - Yahoo Finance,Yahoo Finance,https://news.google.com/rss/articles/CBMipAFBVV95cUxQSGlsSzZYR24tcFZDUkc1MnNYbWdzX1NDY0VIaFkzTjhzQ3NKWmppTHBVbXVaYUVKVGZxZ3U3R2MzdDRuRWczTnROYlNGdlQ2ejRoeTMwY3ZrRzJxYUlCWjNDaldBczJ6eFBHMVVDTlE1b3g5QXZFUUNEMG1SMC1STnMyd3k5LTIxbnYteTE3SjVraDNzMmQwVF9YaHY2UlA5UlF5SQ?oc=5,0.7783,positive
2026-05-17,2026-06-24,MA,Truist Lowers PT on Mastercard Incorporated (MA) Stock - Yahoo Finance,Yahoo Finance,https://news.google.com/rss/articles/CBMiqAFBVV95cUxQM1h6OEhRbThncUF0WURiSC1DNTRaeTM4Y3F5ZnZHSGV6dmNmRmdOLTA1LUliNW03VnFHRnB0cVN0WFNIU01sN1lGcTZuUC0wS0ppdGJCOERGVE5qUTh2RlhEcUdQZkJwcXpINHVQRW9RTFlMckI2eFJTQV9Gdmp6QlRVVzFlNXY1c3M0cHU3QVNwSV9NekhpbHdTWHZ1Y0cxUTJsczdodHo?oc=5,-0.128,negative
2026-05-18,2026-07-30,MA,Mastercard Incorporated (MA) Among the Best Stocks To Invest in According to Billionaires - Yahoo Finance,Yahoo Finance,https://news.google.com/rss/articles/CBMipAFBVV95cUxNWV9SdDI1ZkJhWWVKX2pWdU9kRTlsUXZtbi1tUUpoTDV0TTJ6MWI2N1BVMGp0TlRzOERWZXhYcDR6NXFLY05mVmNKZnlobllxSTNxWVVvMmlDMllGc0ZUMG5wYXBTdGxTOFlPVjQycWRTUElxTERIZWNZMUpTeGhLN1o5TzAxSU1FMVJKOW5WUGVMaWNCSHZzZjBxaEd1UzdRNHVTbg?oc=5,0.6369,positive
2026-05-28,2026-06-26,MA,Mastercard (MA) Valuation Check After Recent Pullback And Premium P/E Multiple - Yahoo Finance,Yahoo Finance,https://news.google.com/rss/articles/CBMiowFBVV95cUxPeGVyR1NkYXpvcXBudkFpRnl0S19mRUJmRDJNVHM1YkxTZGFKdmRLUDNFSnBZc0IxTk5jUjlieWRtcHZEY3N0bGVGVVFkNkh6YmQ5dWZqdTNiRFFQNXBRQjJQaU9Bd2VpSFYxb0lBZDVLWkpYOHFVeE9pc054OTAtaEdWbk5GSktlTUlmbDZQNlJjdTl0S1VLYTY0dEVnV2U4WEtr?oc=5,0.0,neutral
2026-05-29,2026-06-25,MA,"If You'd Put $1,000 Into Mastercard Stock 20 Years Ago, Here's What You'd Have Today - Kiplinger",Kiplinger,https://news.google.com/rss/articles/CBMikgFBVV95cUxNUzJ0cVBRVC1fc2hidWlUUDZud25sUGVaMWdJRTk4Q1ZWSkJLMmJ1ZlZ3ZlV1X2JsdHpUQ3JFVmdwbzMybXZ1UE5MdFljMjhnLVVXcmdwNko0UjhJLU5UUzU4X0U0Sm0tZXhYcFhoTnR5NUdJVm92c3pWYnZjNVlqN2xVLTRsUG5fMGxIaUd6UkZBZw?oc=5,0.0,neutral
2026-05-31,2026-06-25,MA,Why Mastercard’s 59% Operating Margin Business Is On Sale While the Rest of the Market Rallies - TIKR.com,TIKR.com,https://news.google.com/rss/articles/CBMiugFBVV95cUxQQW12cHZsZE50Y2xWNE14MURIRktNeWhGR0tTakJGczdFbTlKVEJsUjZDZklNNlJUYS1zV0xKWGlpTWI3b01rQzhadk53SnA5VUw0aVNZSFVyNThrTnVtQ2c0bHpDQkZDeUpaTlY2ZDlOYmZDeVAyWGZSc0dvMlhDNlBaUWxLc0wzQXhrQTJZS1pEZkFJelZmMURVNDFpZGppY2hZUjl2YVdYQy15VTB2eFNtc2tReFlvWlE?oc=5,0.0,neutral
2026-06-01,2026-06-26,MA,"Visa at $326, Mastercard at $493: Buy, Sell or Hold? - Yahoo Finance",Yahoo Finance,https://news.google.com/rss/articles/CBMilwFBVV95cUxOVTFubEZES0xYeEcxLS1NU29mWkp0Yi1ManZUMjdQWmRMZ3Z4MUI2YXdsUkMzeHhBdmNKYk5MRmozaGFrX3ZWYzBJSzE2c3hLdWJ0U3llYjcxMGlwa2pWV19iTnJRR3FPZk1Rd3c5VmR5LThPekFNNW5TejJkQUtKT05KYTE4ZTFHdkFOZ2p3SWc5OHo0VVdV?oc=5,0.0,neutral
2026-06-04,2026-06-24,MA,Mastercard Stock Pulls Back to Support – Smart Entry? - Trefis,Trefis,https://news.google.com/rss/articles/CBMirgFBVV95cUxORTJPSkR4UjR6OU1HUmVsNG1zM2pDU0lDQzRGcUFWVkFham5NRXp6ZXhEY1RYZlVfbHF1WlNwdWpEajd6c2YwdWlJMF9PRDRxdXJEeHkzTmo3TWN4M0N1eXV4dy1hSy15SksxZTdPWmVJRGdZRUpfTFNNSE8tX3h5RW5HVDNmRjBEMjVsUDJ4OTd4cHZZdFpqeHIwcFY5T1Voak9wYnFEMVFaZWQtb2c?oc=5,0.6597,positive
2026-06-04,2026-06-26,MA,Why Mastercard Repurchased $5.7 Billion in Shares While the Stock Sat Near 52-Week Lows - TIKR.com,TIKR.com,https://news.google.com/rss/articles/CBMisgFBVV95cUxNc2tDZ2tlYU40N2ZwdkpVX2lHQS1wb2tKTXRzZlpNRmtEeEx0MFZ6c0RKeHBwR2ZueGozNXdpdEZMQlRzQ3FjOG9JeHlGaUZoTmR4aWdhdnd1dGE4WnlXb2d4VFFsU1NQeXZJZVYwTURrUldKbTEycGFHbDVHYmcxVzA4SlhLMUpNaUtSeXQxb3hteVgzdkNxU1lxM1VKT2swOHdhOWhWYktTMXdxRDJHSU9R?oc=5,0.1027,positive
2026-06-04,2026-06-26,MA,Mastercard Stock Near Crucial Support - Buy Signal? - Trefis,Trefis,https://news.google.com/rss/articles/CBMiuAFBVV95cUxNQ3k3WUplNHdiZEs5cktERFhjZVVBeGJ1YXByaWRKeVRlaGVtdHZ2bmJveXpWRHlzb29GVGVZM0lSSkNRbmFKMjRqVmM5VHV6dDYyQ0JPdUhJWm5tYldqUEhZTDE3NC00SW1Vczg4X1RRamF2TXJDaVZORXVPUnM3RVhRU0tKVXh2SVh3V3VGMWxIclVoMHVzb2RjRHRUT09Qb19CbHZoRmtkTFdfX2I5SGlqaUdJNnc2?oc=5,0.4019,positive
2026-06-10,2026-07-01,MA,Mastercard Faces US$38b Fee Settlement While Shares Flagged As Undervalued - Yahoo Finance,Yahoo Finance,https://news.google.com/rss/articles/CBMilwFBVV95cUxPbjYySzRyTXBEM3VGYlBBZExQSEhjWnR1OXVsMUx0Z1RoMFZzTFN2YjhmcEFqbHBVdTh4TGs4UjBuaFFlQkd2YXZVNjZ5YjVudDJPLUdnOHlEY1dneW1FZ3JHZ1pjZE9wby01TEFtUmR6VVppRG40cFRJTEo3QWZNM3Bwd1k2YXhQaHgwTUV6WWxBWkNMdVJN?oc=5,0.296,positive
2026-06-11,2026-06-24,MA,A Look At Mastercard (MA) Valuation After Recent Share Price Weakness - Yahoo Finance,Yahoo Finance,https://news.google.com/rss/articles/CBMiogFBVV95cUxNb1dWYThNSDM0SkdOQjBZSGxjSVVRd3kySjZVVDlYeS1JVmZBYkptaUppdE9yX1A0UEJ1bG5fVmZ6cWlFWnNpekk2a0hJX2tSLUIxeVZQdUFCd0RCQ05VSzhITzRIRjdkS0dqYXRfcGxWQ1ZrWHc1ZENMcTB3MkV5Y0drcEpnT3FvQW5hT3B5RFZ3VzRBZV9MNFZSVnFTY2RGT0E?oc=5,-0.1531,negative
2026-06-12,2026-06-24,MA,Mastercard (MA): The Best Compounder Stock to Buy Now - Yahoo Finance,Yahoo Finance,https://news.google.com/rss/articles/CBMiogFBVV95cUxPa0E4Y0c5TnNOLUlkWHZfQU5SdTQxV1lBeTdJN0F5YzN5WVRLVEFOc1B2ZTdaZ1ZOSzdJb2RPMHlrLThKci0zS2ZmUElmTFA1ZUV3TVRWY21zb1RUUkszSEM5Qml0YktHdlZWZGFCUVJHLWlrLU1wekdCdUNwVWtCWGVqMm9fZ3kyQWktZXdwVF9pQ0taXzFjbUlQbExlbXJ3S0E?oc=5,0.6369,positive
2026-06-13,2026-06-24,MA,Is Mastercard Incorporated (MA) A Good Stock To Buy Now? - Yahoo Finance,Yahoo Finance,https://news.google.com/rss/articles/CBMipAFBVV95cUxOWWdLVGczMXpMUVB0dVJJalRCZnV2aTNGYmlZeTBaMjZ2WGxSMzhzSm85RmZ0dk11ZTJxN3ZYWmhvM2hHZjFHbnJaMXJ2dFREVTRVcGhZSG1tQ1hfdUpuTm1aSXlRbUljeDBTZU5fdDBQZ0FNSDVTS1lKa0ZHTmV3NWJaTXhpOXQtUERuek95WjBzOWM3a19IUkZaellTejNWNk81ZQ?oc=5,0.4404,positive
2026-06-13,2026-07-01,MA,Mastercard (MA) Unveils AI Agent Payment Network Backed by More Than 30 Industry Partners - Yahoo Finance,Yahoo Finance,https://news.google.com/rss/articles/CBMimwFBVV95cUxNcktpMEFpOEVUUThLdE9kRUJxZjJPM3NYZnYzYl9iTEtJQ1hyejI4bklicUp1Ny1TOWZ1eVRQbExMWEQzaC1JQ0RUYU11bGFCOWRlLUMtQ3lnZXpJY1pzVEdjSzlUZi1FeEZjWUxGODRrWktoSVQ1RVI0UkxZVDhuR3psRHVvanAzeVFIcEE4SGJCMTZoVjRsblpVcw?oc=5,0.0258,neutral
2026-06-15,2026-06-26,MA,Mastercard (MA) Stock Valuation After Swipe Fee Settlement And AI Agent Pay Launch - simplywall.st,simplywall.st,https://news.google.com/rss/articles/CBMi1gFBVV95cUxQQzZobkRDeWJObnpxb1NIVjdXSjF3U2pNQ29FRjY2dF8wS21wVkgxXzlGbTZPeWc3ek92ZV9YTy0xU2g0SHI3aUttTmNZSTB6cFZJOWNEMnRsS1drdW5pd2pHNDNlVXZoeURIMjI1bkN6bU9yUG9taHhRQ2szbE5Zc1BJZzdPaklsUnpXejhhWFU5QVRIM2xCYXM4RDJPQ1l5b3NtcGtkeVVSSlhsRWdMOVN0TWtOMHJmSVN2X2lqbnVKbWNYblZFY19HNmhKRnhrcG5MZzJ30gHbAUFVX3lxTE5Rd3M4ai1KZHlkOWQ1WGdHZm1GelA0Qi1tWjFyOXc5ZGc4SGtKNWQxT1FhZ084c3k1a2wtVFl3cmE0bGNKVktrNXh2eDZYNFU0MmI2QzdEVjU2THpDb2hDajJNX0V5clBFdDBRa00zcnVxUUN5bVVzLVVuZkVZOEtxb1VyRXlfVGx6UDlqenVpV1F3YUZwNVk4bWRadVZLQllqLWJROWh4NUJwZ0ZBTEM3Um9ET2ZGNWxVNG1MS3JfT21PUkZ2WExiSnl0Z01DcXRYRlFWMlhmYUlOOA?oc=5,-0.1027,negative
2026-06-16,2026-06-30,MA,"Mastercard shareholders approve exec pay, vote down both stockholder proposals - Stock Titan",Stock Titan,https://news.google.com/rss/articles/CBMikgFBVV95cUxQZ3lhQlNLS0tIcG5vVDQ1N2VXcVVodzNpdzFYUUNWS0tBZmZQVmcyMW1nY0xicmh0b0VPY1FiRFpabnRYMWZCV28wRkNZeTZtSC1IM2dvOWc5YjJYcTVOMnNpdTZOR1U4MGU2TmtMUG1HOVJaa0ZLVEF6QlNMbmVBTUVNYUJQWnpQYXh6TjI4M3Z2dw?oc=5,-0.1027,negative
2026-06-19,2026-06-24,MA,MASTERCARD INC - A (MA) Stock Chart - ChartMill,ChartMill,https://news.google.com/rss/articles/CBMiYkFVX3lxTE4zWjFzZFMwaFc0QzdPcUxXWENaSThxd1YyLXVsYUFNbFU2TkdtR1pKMmdFaXIxX2FYNXFkazRQVnBOYlM4QWpONURqSDdLWjNYN1hJVGpvZm5hbm9kQ0pzbVFn?oc=5,0.0,neutral
2026-06-20,2026-06-24,MA,Mastercard's Opportunity In Cross-Border Payments Signals Path To Upside - Seeking Alpha,Seeking Alpha,https://news.google.com/rss/articles/CBMisgFBVV95cUxPTndNUjhPYTdncFFMb3hSUFhkc2pVbVhXdGhXdms3QXFNWjZqWUpNWndhZWtqSTVySFVLUTBZV2tabkp6WTZnRDRCT2tKeU5hYTdQdmZkN1BfVkp0TFR5SWp2ay1uN09jUXJvZ3NTN0RYd09VWjRyTkxpcW0zVXJFOWxocWVkTldiTkVRZnd4RmowN2Q4dlIxV1c0bjhvajh3dTVUT3draHA4VHg3SFVzLVlR?oc=5,0.4215,positive
2026-06-22,2026-06-24,MA,Mastercard Incorporated (MA): One of the Best Financial Stocks to Buy According to Warren Buffett - Yahoo Finance,Yahoo Finance,https://news.google.com/rss/articles/CBMiogFBVV95cUxNU2ljN183V3NqWXd1eTFrakdEMlhPOERXYmxwN0ZGTTJIeWNGSjdGV2FvSWg1Q1JuY3BkMjFyQjlOMFZ3TFRaOUN3OVdlWTgzdHBIUDhHRmk1UmxrVUxOVGh4cEliSFZvdW9kSzJ4MjJTSzdqY2dfS1dWWUJmTzZodnNoQWlwcFdVOHZkNHpzOVUwdVQ1c2l3X1c2UUNsYmY2WlE?oc=5,0.6369,positive
2026-06-22,2026-06-24,MA,How Mastercard (MA) Is Pushing Deeper Into Cross-Border Commerce and Agentic Payments - Yahoo Finance,Yahoo Finance,https://news.google.com/rss/articles/CBMioAFBVV95cUxOTlEyVXdXbkVVd00yMXYzY0VjTDE3WW82NVA4N2t5Q1RvRzY5ZlBETmo2eERxWkh0eGlzSnZRQ1QxVm55bC03QjVJRzNTMXZ1eWhvNEVLY0VoOV9TcEttS2xHQ2NESmppM1l4X3Z6a0pLOFJ1Q1pkNmJ4TTdpRUdDOXlWUzJhN0pkUWtRVnI2S25HMHYxV2J6RHJlalByMHVj?oc=5,0.0,neutral
2026-06-22,2026-06-24,MA,MasterCard (MA) Falls More Steeply Than Broader Market: What Investors Need to Know - Yahoo Finance,Yahoo Finance,https://news.google.com/rss/articles/CBMingFBVV95cUxObkFQT2cxbWpaRXRQTGlQSk5OZ1lfQkRTb0xhSy03dnk1Z3o4MnBCLWYzdVZOdV9XOUNBb2RMczBDRTJrTkgwNlhmN2N3T0FDUER3T1I1WmVqd1Q5ZG1venFpYzVSRzAzQ2hEMHpiaGdIN3RuTlJYWnhMR0NscW1CUUthU0FKTHR4TGQ3aWFrNk1iZ0R3MzBRMDktTUg4dw?oc=5,0.0,neutral
2026-06-22,2026-06-24,MA,How Investors May Respond To Mastercard (MA) Pushing Agent Pay and Machine-Driven Digital Payments - Yahoo Finance,Yahoo Finance,https://news.google.com/rss/articles/CBMiogFBVV95cUxNcWdGSndvbGhrME5BcnE4Z3hQVWk2MWZVV0ZaSzd0STk0ZW0yMmRVTU16MUZacVRZc2N4R1dDdi02N2ZDX24zVUNRZUZYMWR0bFJId3NJY09Sc2lOY2xvRkpnZFJKMUVDMjZFeHpOb211VTNnbHFuZlRxVFdJVXNTWlFKMFlDcVNDckMyajlXLXNlVUtDNTRKd2tPU1YtQXNVdUE?oc=5,-0.1027,negative
2026-06-23,2026-06-24,MA,Mastercard Stock And The Number Behind The Worry - Trefis,Trefis,https://news.google.com/rss/articles/CBMiqwFBVV95cUxPbDFVLU95UXZ0N2M4OGZ6aDhXSjRrRk9mVVBWbVg5YU51LTJZOUN1c0lTMTVXdlZhYXVGYW5zWkw5QUdDcjlERWdrU0lQbGcwV3E4WnY1Qlk1ZFpHRGVIYnI0QmlQTEZJYXBBallmbURxRUlOZkxOaEZRbW5DVXJDeDdjNzM0aGE5bHYyR0s1cTd1cU1OTXhnS3p5QzNlNmoxTU5hMDVRQWtOZEE?oc=5,-0.3818,negative
2026-06-23,2026-06-24,MA,Forget the Near-Term Volatility: This High-Margin Payment Processing Stock Has a Decades-Long Runway - 24/7 Wall St.,24/7 Wall St.,https://news.google.com/rss/articles/CBMi2wFBVV95cUxOWXp6MHNCc0NRRUJKSkZURlBKMXJRTEo5Qk1fV0ROQkhZTjV4eTJNOXhITTA0QmNOM2lJZUlfazVfb3JSdHB1cFkyVjZCdENLZWs4RWV1YXVHc0ZSalhDa21RRlhHLUtFaUE4SmNKZEpVNWF4cHF1VG1mcGpxRlFJZUtsU0hNVGJNU0ltX2RKRHBzZ19MN1JSSWhxTFJWN1Q4RzlnVzJHTk5ESmk2eXRfSXZGY0hNcThncW1pWjNudzJOY184cFY2c2phME05eG9wZFNYWGhhbTlZRkk?oc=5,-0.2263,negative
2026-06-23,2026-06-24,MA,Mastercard (NYSE: MA) director settles tax via 98-share withholding - Stock Titan,Stock Titan,https://news.google.com/rss/articles/CBMiqgFBVV95cUxPOEdwaEZYMTlQUi15ZHpwLXZ1SEFOV0tTc3BlWUxMWGIyQncwNmQzTmptVm5fOEFOWWdjc0IxRXJ3dF9GNnFzVjAzVGtjSjZlMGdQZURmNmpmX0JtTjMtZkdKNENpRFFzY0ktWWRXdG1jRHEyWFQxLU5kemd1OEMwMlEyZm55c28zbW5zVXJ6WC1pdEJxUzBCb0sxcE0yYTVURktFX3FPY054dw?oc=5,0.0,neutral
2026-06-23,2026-06-24,MA,CPAY or MA: Which Is the Better Value Stock Right Now? - Yahoo Finance,Yahoo Finance,https://news.google.com/rss/articles/CBMilgFBVV95cUxQTXh0WHF0Y3FnLVRrWUF3VndXVEJFdHZ6UmFYem04NjZKdW1IOVNSTE5zV1ZwMzNsTm1LZWJDYnFBYm0tOFNuOUZHQThNZ2xoVVRlNzlrT2dDQWJ5MDJ0UVdDM084TzZmNVI5V2RyYms1Ym80Z3N5UDdSaVBJM3lDQkxBaVVMM3phMWlhSkFsMWVYSWFaVmc?oc=5,0.6486,positive
2026-06-23,2026-06-24,MA,5 Ways to Play Prime Day That Aren’t Amazon - MarketBeat,MarketBeat,https://news.google.com/rss/articles/CBMihgFBVV95cUxONk5BX1d2LV9sdENuT0ZrQ3d2T0RjbmNfb1NEQlgxSEZ2Vld3WER2WHk3UzZ6d2ZIdEVCNi1KRmZfTkp2aVMydFdqZ2haZmR6QU84b29vXzBYcW1nWTN5Sy1HdDhiWVpKQ294N1A4ck9CQmlaRTdCcEtPZFdrMERTbXN2T00tZw?oc=5,0.4767,positive
2026-06-24,2026-06-24,MA,Mastercard (MA) Faces Slower Card Growth As Fair Value Debate Builds - simplywall.st,simplywall.st,https://news.google.com/rss/articles/CBMi1AFBVV95cUxOWkpSUWxTcEhTU3FFUWYyOGhRT2paVjdkbGtFdXROd2s3YzA3QUx4UDBUYUYxa3pQMWxDN2tqNU0weWo2SEh2Sk1fMjFXaURCc2l3R3F0VmhIRlhPR2lVSHk3ZzBIZzR3X3FQMXpEWldqT2l3cUl0YXd5LWl1a2EzYnZvVTFVU25lb0FIeUlXTW5rOHNnZmZKUzY5aWhWVGJXOHkxbXpqeDJ1dnZORTN4S19GcURRdGM5YXFQZVgyelZkLUJpbnkwbVBrb0JLdW9aVVdHMdIB2gFBVV95cUxPREh6T0Y4UHd2TURtT3lhdjBxaVpVOHlQRm9TTnMtQTFLUmZ5RUQtZTVVMklra3AzdlRZcm42cVVrSVRWQ0RiWW02cEs5Yk5aS2VsS05TZ0twRjFUemV2b0lJWGd5czhBUlJUQWFuOWZQX3dxODVWZlJadDhXdHJsTF93TUczMlRJWjBQWDNacnl0UktCQWF0NUJlMU9kZGk4YnhCelNKeTNZQjdBMXZvZkVuN0xlVnhnb1phUDBkajQ3Q1hSR09LazhmV0lyQmE1dmFTQkdURjhNQQ?oc=5,0.743,positive
2026-06-24,2026-06-25,MA,MA News | MASTERCARD INC - A (NYSE:MA) - ChartMill,ChartMill,https://news.google.com/rss/articles/CBMiWEFVX3lxTFBmcEh6SmJVT0J5R0RyeV80RXUtbWs0SnZPamI0TDdvVWVDZVdLcllBeWV4dWEwdzdXTm1fbEY2bTB1TGNpaUFldmJVcUY0Nk9zYUN6dnZ0Nm0?oc=5,0.0,neutral
2026-06-25,2026-06-26,MA,Who's Buying or Selling Mastercard Inc (MA) Stock Today? - GuruFocus,GuruFocus,https://news.google.com/rss/articles/CBMigANBVV95cUxQWG9LWHpLWVR4UmxTbGRUN1ozeFVsZEVhdk5JNmlVVDE1U24wVFNvTjFFUHhCenhrTFAwdW9lalh6UWRuaEllSC1tWUZHTVg1Q19ZbE1MNjRTVXQzNzF2b0ZFM0lkN3ZuR05VVTBWRG1wY09DcmZCVXFxVVk0aFpYUmpyaEg5M28xYURSdUdqOWgwNEVSekJ4S201M2U2U05QRC1TZVhOLU5VaFBGS3drQWhOc3pqWUladmFNNkVEMVBUN21XSWI4dU9RMWFxTTc0M3hNZW9FZHN5LXNJT240QzVDeXlBQ3hkRWlQMU9xWnFYc0JxN3M0Q19LYXVsTE9EbzgtUFNJWjl1TVFyVXprWjg0TDl2Rl9QY1lJekxHN1ZDRFRGdm1hTURoZmpCLTB4SlhJQlU1dWRVUkY0dGVQNzdYckN5SzZPUDFfdXdXUmJKTzlUSEZTeWU5OGtLSnlIbXMtT244WldwQTdONGFmVDhodGl3NTZzR3k2LUxyc3U?oc=5,0.0,neutral
2026-06-26,2026-06-26,MA,Has Mastercard Stock’s Core Growth Engine Gone Quiet? - Trefis,Trefis,https://news.google.com/rss/articles/CBMirwFBVV95cUxNb09zLXJmZVZlTzJlQTA2aUllMHRpVkY4OVlIWThjbUR5MzNEYUwyamktSE9IeTFzUHhSd2gzUGM5X1NjWXN5TXJ6Z1JsaFhkTzlKcFZVTDN3Um1vR0dVU3dNYnREaldKZVNPMzZyaUlfNS10dmJtNldXNmp4R0FpWmUxY3NzbThjWDdsbTlscVRhQ1MybnBDYXBRYlBqZExMbHNZQ1lVY3NJTDFfc0JN?oc=5,0.3818,positive
2026-06-26,2026-06-29,MA,MA News | MASTERCARD INC - A (NYSE:MA) - ChartMill,ChartMill,https://news.google.com/rss/articles/CBMiWEFVX3lxTFBmcEh6SmJVT0J5R0RyeV80RXUtbWs0SnZPamI0TDdvVWVDZVdLcllBeWV4dWEwdzdXTm1fbEY2bTB1TGNpaUFldmJVcUY0Nk9zYUN6dnZ0Nm0?oc=5,0.0,neutral
2026-06-26,2026-06-29,MA,Here is What to Know Beyond Why Mastercard Incorporated (MA) is a Trending Stock - Yahoo Finance,Yahoo Finance,https://news.google.com/rss/articles/CBMipwFBVV95cUxQMTdhSkZlMEdXMGYzTVFlZ1U3c3YyVlQwN1VmQXVyMHg3NWI0Ql9ZdnlDUHhDMmMtV191dVVWVzUtRlBKMWFZc2FiXzdxRHZYQmxsYlpuYWgweHBUYUQ5QXFUbUJSZFFlM09KbFhlN19QNW84MlBTaUwxUnZ1aDY5R25XS2ZLdkp1RmEtMWRILUE1TWNwV1ZEaWJnMmg4T0dhcTg2RkhBRQ?oc=5,0.0,neutral
2026-06-26,2026-06-29,MA,MasterCard (MA) Increases Despite Market Slip: Here's What You Need to Know - Yahoo Finance,Yahoo Finance,https://news.google.com/rss/articles/CBMipgFBVV95cUxOcnB5a1VXQUFUYmVtdEdrMGNWbjRwVzJHV3U0NHZuSHdOM21LQWIyd05pbjlSSG9QUk1fcnJNT3RWODc0M1lDdkdpUjZrNlZMQVdMLUlVZWxnR0tORGxtRFVwa2ttY2w3Zm1ScTJ4U1FVOVlNTUM3dHAtSmxialZkZVVHd25SNV9fZ1pJQzdJTlEwMEo2VTZ5LU9qcE1PTl93c1Vzd0V3?oc=5,0.0,neutral
2026-06-26,2026-06-30,MA,Did Mastercard’s (MA) Priceless Africa Push Quietly Redefine Its Lifestyle-Led Moat Strategy? - simplywall.st,simplywall.st,https://news.google.com/rss/articles/CBMi1gFBVV95cUxQRjFKOWFlTGZoZF9DMm5uUEh3NUZFb2pjYV9XNkowRGxUanVFNnJyZkVSNFZ0WHEweUFJMnV4ZVNPaGxzWUVONmk1YmJCX20xNFFoTHlYNnRxNkNxbVBZeFVCZkVMNjAzMUdOWUVBM09hUU5Pb2JyZF83NG1tbWNaVXFVT2VWY2lRU1JEdDF1a2RQUVprYzJ4cnBpZGRZNE5OT1l2elZiOWhJdE5HY25HSWlOMDB3Tk1JY3JSTUhqTTRmVzN5S3BHWVFvZUxHUjk4bG02Z2VB0gHbAUFVX3lxTE0yX1FqVExUODVLVy1mcXFMeGxWcDFCNzVhYmlGVHdwaGNLdHJfWW9xWm1IbHh0ak1WeVVIX084YVRCcDdWcHl6Sy1jX2IzUmMyMk5Sd2tGN0JUMTBLaUJtbkh6aTNIZllKN2ZqUjUyWE95S3ZtSDZZbTdsX3lPMHFGUmxuSEp5TGtTb0tSb1QxM0REdExLSWZOWEx1dkpNa0JvWFBFVkZBX1FmX2FXZjcyZmFxRVZKUFBfRC1OeTZZR0w0cHNLMmNJTnZobThHNExWTklxTlpfTnpVQQ?oc=5,0.0,neutral
2026-06-26,2026-07-13,MA,Forget Mastercard: 1 Dominant Payment Tollbooth to Buy Hand Over Fist - Yahoo Finance,Yahoo Finance,https://news.google.com/rss/articles/CBMiowFBVV95cUxNOVJ2YzgxNmktcHhZQXpRTVl1ZXA2Tzg1NkYxX1hicDhobEk2TVFHYVYyc0RNQXJLci1NcTVLM2ZBUENIcUFjcmdNbVRoOU85RTZibTd5VjVweGYyMzZab1p1ZlpRdVZaZU8tbWdNY1RmRlQ2a0tmU2MzcU5lNGRCM2U4NlQwUExFeWRlUVllTlV6dWdHcGk5bHptbndXcy1ZTFdR?oc=5,0.3182,positive
2026-06-28,2026-06-29,MA,Should You Buy Mastercard Incorporated (MA)’s Shares? - Yahoo Finance,Yahoo Finance,https://news.google.com/rss/articles/CBMipAFBVV95cUxNTGdLRGR2MzRlX3VkeUVjTGk0Qkp2bVhTUkRySElSOFdzaHU3d1VfaV9zbFZjSklvdGhrMUFXLVByU05xUGZDUGpibjl6NEhlWmxFVThFbEl1a0V3c2JFREVDT2JWMl9tSUx3cUNFaG5RbmloOVR0alJzeWJDbHMwdlFmMjJ2aUpWSl9kTklXdTFueFFoMGRLXzk5VlBCdkkwY0ZJUA?oc=5,0.296,positive
2026-06-28,2026-06-29,MA,Mastercard Incorporated $MA Shares Purchased by Patriot Financial Group Insurance Agency LLC - MarketBeat,MarketBeat,https://news.google.com/rss/articles/CBMi5wFBVV95cUxNWFpQSnBUR1lhTUxqNjRzOExNWlJkM1hubjlOV0RPOXJNWklKLVVqNzRJUEQ2WlZwbEhxQXFMcTJtWEpfZE43Nkw0WHRWZFJta2lsTU9BdEZNYV9KX2ZjYmJVTzhLREY2NHpqc2VxRzlsU292VXhycWVKMEdfa21scXpHZUNWbEYzUUJGbjVpTkZxdUVmTnZITFVwWDY2WXZNNElPQ25JWlN1TGpVOTJCWDI3UE5sUzlCQThFNVlBaUFhSjJCcHR0NWR3SXRqLXJMUE1ORFFRUjZLRGF3eV9wVXBOSHBEczQ?oc=5,0.296,positive
2026-06-28,2026-06-29,MA,Mastercard Incorporated $MA Shares Purchased by WELLCOME TRUST LTD THE as trustee of the WELLCOME TRUST - MarketBeat,MarketBeat,https://news.google.com/rss/articles/CBMi9gFBVV95cUxNVnVTTEpEcVUwTlFILUVfLWtWZG41U1V2WFNqWTc2cnBTY1R4dXZxVGlnR2M0cmxOT3kwZWRpVU1sSFZUMGVGODV0Y0M4MkVWZTUyTkNsa0V3dTRNVkd1UzVlNk1abXBBVzJCMEJIVVVqYnhOMDFlRGs3SUhYNkRJRXd0clI0MGdFbXN3TG4ySlpnVmoyclNlV3hGWEJ4REU3V216cnhCWVdzcjhOS0JkdVNIUjI3LUN3RkxpTzMySzNCbTN4Y3c0TjFRenhUR0stOUx6d2xZRlJWcDE2Q210cVBlX3VxR0tnWGlmLURBTUpoWjVtZ1E?oc=5,0.9055,positive
2026-06-28,2026-06-29,MA,Mastercard Incorporated $MA Shares Sold by ABN AMRO Bank N.V. - MarketBeat,MarketBeat,https://news.google.com/rss/articles/CBMiuwFBVV95cUxNSU9uNm4wdFhmS0hrQnpWVmZrb2g3UHdqUzZSY0trcmkxTUZmWXRtajlNSFRKQ2ZQZkpTOXdGMDNtUVBUZkI4aXFTQTJ5bTJFMFFkRVNoRy1LeTA3SHlnUDFNUXVIR0JsN1NoRVBMQ1lRVzVkUElwczE2WGZsOW8wMzg0bFNEVkU5YlcxRUg2Vms0eklMV0xMXzlhY2NEekg4WnBabWItNVQzZ2ZIVHp3NDhZM3RrUzk1VGFV?oc=5,0.296,positive
2026-06-28,2026-06-29,MA,Mastercard (MA) Gets Early Court Approval In Merchant Fee Settlement With Visa - Yahoo Finance,Yahoo Finance,https://news.google.com/rss/articles/CBMimwFBVV95cUxQMnJ6NVBpQ2tqTEpsYnp1Y19LZXR1ek1PLXFxSFhvVVF6dE13SjlpaHdubnVUQ1lNN3ZqNzFnV2RsdGJFMU9kOUhRdEFQaVEzeXdCV1NZeDRXSjlWN0JuUjV5VEJ0Qy1YTEVfR1pjUVJEclptRzVQdkN1a2dtLWxwUW95anNtcUN2d05UWXFSUmZSSldlSnJJOXo1SQ?oc=5,0.4767,positive
2026-06-28,2026-06-29,MA,Mastercard Incorporated $MA Shares Sold by Adams Diversified Equity Fund Inc. - MarketBeat,MarketBeat,https://news.google.com/rss/articles/CBMi0gFBVV95cUxNWmZzR0RKUTFNeXk1N0VnMVlQdmdVSDVxRlY3NVBEXzV2MUljWE0yWWkzaXdOTF9ranZha2dqMlBlWWRHekFiZ1B5UXlKZXlBM0Z5RW5vSnBLRllJYmUzVm9Ec0hVUmIwdzRrVWJyZllfc25ZdklKZWZtRVJkS1F1T3lRZjFNVlhnM01qbzlLWmpKeDBpemFXZ2xyMTVsVFpmU1A0V1pjYUhTUGlfZWltSWQ1SnF0ck9JUHp3bVZBUDFWVXcxQ2JpaFprZUlFa0Q4aUE?oc=5,0.296,positive
2026-06-28,2026-06-29,MA,"Metropolis Capital Ltd Purchases 111,475 Shares of Mastercard Incorporated $MA - MarketBeat",MarketBeat,https://news.google.com/rss/articles/CBMi0wFBVV95cUxOWldaYXRRWU16Z1JTM0YzT04zY28yVmtRVUZob21jNllSckZzMWZydVNQZGdNejgwOGRzZ1p2M2dXVENxUXU4eU93SXQtTjBlQzJ3empQS2lPZlMtTklrQi1wNHVOVFJTUHhmcWFWX2Rtcm9Sb2Q2R2FjVk12dHVnUE9jZW5KaFJ4T2dieUd2VzVhZjIyZGRwQWlpdndzdkp3T1JxbkVlbGNaWGV6ZndYcWJXMHM4cE9SV3JyMVR3Zm94bVgwWEFaRkJNbUlTSHVxMHpn?oc=5,0.296,positive
2026-06-29,2026-06-29,MA,Mastercard Incorporated $MA Shares Purchased by Apollon Wealth Management LLC - MarketBeat,MarketBeat,https://news.google.com/rss/articles/CBMi0wFBVV95cUxOM3BlUlZuaU13SW5XTWlpdTZKQk1CNFlKaHNobEFZdkF4M0E5eGwyTnJqbmJlTXAtMmk3VGwtSzJ2Tl9oODdPTC1WTk12WnV5cnR6V0g2UmFXSGZ4ZXNqQ3hnQl85eXZnZnhCNkJvN0NZX203TmluWTJXRTBCNEgzVV83VTR6SlFuSEZiVWNVWEZJa2lVZ2hndEY0TkVLYkJWZC1YcE9VdVBfUFBUeWcycVpMZG4tYWRKMEE5c3RoZGIxR2FfQWwwelZsM09HNlA4Qjdj?oc=5,0.6597,positive
2026-06-29,2026-06-30,MA,Bernstein reiterates UnitedHealth stock rating on MA strength - Investing.com,Investing.com,https://news.google.com/rss/articles/CBMivgFBVV95cUxONHd2Q3Z4T0wzVEpHMkZ3ZHdiZzhhQ2F2RnMtN1FEcUpWdFpnbXpySWIwdl94UmpGTFZIOWVfNlFjU21MOV82OHVHSF9yWUtqOHpkYjJ4ZGxFSTdPNFZsMkg3TXlrWFM4LVJxdjVaVVdtM2Jsc09zMTBINEJrczZhMjlHUEptN2JKMF9MVzMteEdWZzBBQ1hTX3U4OWFkVzFUX3hUT0lrOHdjNXRFam14YU9obzNYRjRWbDNOZTJR?oc=5,0.4939,positive
2026-06-29,2026-07-01,MA,MA News | MASTERCARD INC - A (NYSE:MA) - ChartMill,ChartMill,https://news.google.com/rss/articles/CBMiWEFVX3lxTFBmcEh6SmJVT0J5R0RyeV80RXUtbWs0SnZPamI0TDdvVWVDZVdLcllBeWV4dWEwdzdXTm1fbEY2bTB1TGNpaUFldmJVcUY0Nk9zYUN6dnZ0Nm0?oc=5,0.0,neutral
2026-06-29,2026-07-02,MA,MASTERCARD INC - A (MA) Stock Chart - ChartMill,ChartMill,https://news.google.com/rss/articles/CBMiYkFVX3lxTE4zWjFzZFMwaFc0QzdPcUxXWENaSThxd1YyLXVsYUFNbFU2TkdtR1pKMmdFaXIxX2FYNXFkazRQVnBOYlM4QWpONURqSDdLWjNYN1hJVGpvZm5hbm9kQ0pzbVFn?oc=5,0.0,neutral
2026-06-30,2026-07-01,MA,The S&P buyers are taking the price back above the 200 hour MA - investingLive,investingLive,https://news.google.com/rss/articles/CBMiuAFBVV95cUxNUHVsbmIyci0xMm4zUTM2UU12bTlpYnRwbWo4RmNjN2I5NFBCVmtpTF9wMG5XdC1XZF93ckxMVkRULWtfMF9MaHB6OUkyb19iUUUxbU9tcTlTaTdMd0FRcDlJOXpLejVWWEU1b3J3WmJVZ2s1Sl94MkR4SmZYSXc4S05VbHI3REgtNGt1MWIzVDBIMUlNQ0hOU0FRWkxYaUgtLW1zNDRNRFFmNmsweF9sRFFfdDJZR1pl?oc=5,0.0,neutral
2026-07-01,2026-07-01,MA,Mastercard Incorporated $MA Shares Purchased by XXEC Inc. - MarketBeat,MarketBeat,https://news.google.com/rss/articles/CBMitwFBVV95cUxOVzYyQlNIR05QRnhHSVExNmxqMUVpOTdoWHp2UXRfV0RaczE0TDRkeVZvYklpLUFjckxrbWhQbTlKLVdJSXpzYkhqaUJXdUNSQ09lU3dxV09rcUliMHJkSkNMOTMwR1hiQmJrdnNtMW9OYWJrdTc2eXZRMG1saktya0NQdkVaVTlSTHdWMEE5ekx5MFVidnRQck9SWDZpa1hyTXNYeFEtQS11SFZYMzk0WW5mYmdJRTQ?oc=5,0.296,positive
2026-07-01,2026-07-01,MA,"USS Investment Management Ltd Buys 1,958 Shares of Mastercard Incorporated $MA - MarketBeat",MarketBeat,https://news.google.com/rss/articles/CBMi0wFBVV95cUxPYVZpSE9uQjdOcmVTUXN4WXhHa0VFTG5TZVZQUjFndFdSZnp3WVNyVE4xN1BOc1dMLV9kdkhITEhNcTAwWGI3LVVPLXFuMGs2TlZvY1hYWnlWd01UVi1sQS1nLUVtamRpdjNJVmJIRm1STTRfZmJVdmdrZFRUZ2VzeElQNGcweXN1VnFOZnFQWm1EcW1DVEptaC1aYW5NY1Y1MHVZUjFoSHBFd0JoNElxb0p1am9hZGVMc3JCWUdhTmdkMENCa2ZRYUdHMVJROTc5VHE4?oc=5,0.296,positive
2026-07-01,2026-07-01,MA,Mastercard Incorporated $MA Shares Sold by Forum Financial Management LP - MarketBeat,MarketBeat,https://news.google.com/rss/articles/CBMizAFBVV95cUxOREZCSER6Qjhkc3BRQnpiekp6TklpWWFnN3g5Vm1rQXVrOGRiZ2RkQWh0V0wxbzRNOGdKdzRCRUw0WkpVZnFqTXJZZjJ6Tjh2V0sybFE1cW11VXVEVVRUYWlILS1LZzBZMlZLV0VSMVlNT3BiRmtuR0M4MnVtWFRYZENqS2RydHV4WURydkJlUjlDM3EySkh1bGFzZEJPXzVmSnJpdXBqTm1qOWhWc2xPaVpOQzIzc2psWDdLTTVoLU4wZUlmVk53X09LVHk?oc=5,0.296,positive
2026-07-01,2026-07-01,MA,"Wendell David Associates Inc. Sells 2,835 Shares of Mastercard Incorporated $MA - MarketBeat",MarketBeat,https://news.google.com/rss/articles/CBMi0wFBVV95cUxPbnFMbW9MZTdtS015SnpjUHJhdGVEN0hqdExldW93RFVrZ2pjQ3NsXzQwdVExdGN1YVFQcTdkY0VrUkVtWjNmNWZDZ3lUd0x0eFQtT3JyekMwbDdKa0xyRW16QXJkbUpTV0h4V2lRMXFlV2FKRXZrT1g0OTB6UGp1Ui1SUXN5TUM1X3E2amltSTZKVnBvX3lvZDZOYUNBYTVQM3lFNWdwZHNPZGZHZ08zRzNEckM2U3ZKTDdQMmY1bVc4dXdRcWp5YnF5dWtiT1VHOFJJ?oc=5,0.296,positive
2026-07-01,2026-07-02,MA,Mastercard (MA) Stock Looks Rich On Earnings But Reasonable On Broader Checks - simplywall.st,simplywall.st,https://news.google.com/rss/articles/CBMi1gFBVV95cUxQaC0zUjlCb2lHb0JuZGoyY0JwTzNSUG9haTJNX0steE1sa2JEN1l1YWV5dFdQUGFxWm1kOVpJeHdEQWtEQU5JcE1fTFZMQ185S1ZKSXlZTEs2eU1mSVl4VDQzVnhVZF9nbTN1dzdWdllSU3VpWnF6VkcyNmtLckRmbTF0bmgxeGI4TVVnZUtzQWFnRGtXazNmSTJmSDN4N21PWW1iS0h4WGNfdFUxNDk3bVY3MDFMVmdIWURyWGg0MEtFNk5SbF9PR3Btd3o1OXZtdUZiUTZn0gHbAUFVX3lxTE1pT1JjUVo5LXJoMFRtZXhrLUozbWNHWVZleXV3ZW5nV2ZNdU1ma1Z0MF92Zzl5UVh2Q21LaGdfSDJTR0wyQlU0eGFVazlDYlJVdUtHa2l1NDRCN19JSGJoMGwwcTZ5WXFZYmtLSGwtZUZOM3p6R2ZhSGRlTXIxemlhcEhvQWRtb1pmbFBQdEZrUlFYYkJ3Ql94ZEhuTWptYXBCX0dGdmhRVkotQ2pSOVIwSmhPVG1lRHdTM1NEcThUZ1JQTU1FdUZicDRsVXFtNmFhS2pWYTVXZjBzNA?oc=5,0.3182,positive
2026-07-01,2026-07-02,MA,Is Mastercard (MA) Trading At A Premium Despite Stablecoin Moves? - Yahoo Finance,Yahoo Finance,https://news.google.com/rss/articles/CBMipAFBVV95cUxNbmRPci0wRElmUEYwRjRSSV9YYTFsd01HSnYxTUxrUzgzUl9qeUtZbjQwT2p3X2JrLVVMZjZzYTdJX19FU2FIeUxkalpYbHJhSWdtbUJmMXlwVzk3YXJpWU9BSkVIR3AtMFF2WXc0TTN0cHc0QkplUHVrRTJyT0ZHenVRbDRXem1YeFlEYnhoLUJVYktFOHhhQVhnT2htdXJsNzNYSw?oc=5,0.0,neutral
2026-07-01,2026-07-02,MA,"MA (NYSE: MA) Form 144: Insider plans sale of 5,000 shares - Stock Titan",Stock Titan,https://news.google.com/rss/articles/CBMikwFBVV95cUxNTmx2MmJLanMtdVAtOEppc3RHaUhoZWd0V3JFTGZCZFE1Mm1CWjB0YkRIZkwwM0MyRGxwRlZCTWZMMkFIYUZSMXpaTVdRd1NoMXV4S0ROUEVscTNGZ2FWWXhrTGwxUE1QUXB6OUt4X2xpNTRldmxIMEEzMUp0X21TeEJrTjhfdlNiakdTYVVwdkRUNHc?oc=5,0.296,positive
2026-07-01,2026-07-02,MA,Mastercard Inc Stock (MA) Moved Up by 3.07% on Jul 1: Drivers Behind the Movement - TradingKey,TradingKey,https://news.google.com/rss/articles/CBMiiAFBVV95cUxPN2RiX29kZTVOV0JId2phaEJRUTFIcmpYc3BCRU5HRU8yTFNIbGxDd1ViSC0tTTBhYURPN3VBazBmREpuRl81enhDNTRndXBDNXp1eUppT2Z5Z3doQjBvZ2JMVXhNNTlGbGotTHhuREJ5bFJKV0tpb3NYaGxaU0hJa3l3a01pQlJa?oc=5,0.0,neutral
2026-07-01,2026-07-02,MA,[144] Mastercard Inc SEC Filing - Stock Titan,Stock Titan,https://news.google.com/rss/articles/CBMikwFBVV95cUxPMW1MejFpRnRmVWstcUNpRGd3UktLVkEwSWRheFpreXBlOV9vYWhPNUpkSEo0ZHZudDJ2WTVqZE84a1pEMzBiNjlaMnpraWw3cWltUVJCeEZzVndtM1dVcExwT0JBaG1PanZzV3k3bWotR2hCTHJneUotdGJEcFktNWllMGwtRWJ1ZFU5TlhiZUV1YWs?oc=5,0.0,neutral
2026-07-02,2026-07-02,MA,"Hsbc Holdings PLC Sells 15,602 Shares of Mastercard Incorporated $MA - MarketBeat",MarketBeat,https://news.google.com/rss/articles/CBMixgFBVV95cUxOU1U2S0YySlBLUEczaXdVQUVoU1hTbm1zTjlTNExiNFp4R2NYa1BpOFBTMUJ4WC12LUxVVjFFZUhaTlVYWmU2RjhEQ1BodUc4cXVyWU9hNHhnQ0xzaC1VX1JxZ2MwanhmZnY3aUkzUGJFVUdaOTk1aE1pby1nUDlKY2tMRDd5NGEyWnprYU5WRjFkVXlQUVpCRWZ6Mk1vR3EzQ1laZXczUXAxZng2N3VZTlROcU83d3lod01vR0lLZk5NZ2RiZVE?oc=5,0.296,positive
2026-07-02,2026-07-02,MA,"James Investment Research Inc. Sells 2,318 Shares of Mastercard Incorporated $MA - MarketBeat",MarketBeat,https://news.google.com/rss/articles/CBMi1AFBVV95cUxPNlBpVDJFbUZkMzRZWmVGeUlTSlV4ZFMxV1MydmxibDBDUEtkRW1PclFQWWNSaHpNRjNNNU1PS1FsQ0dta2dVd0pFZ0Z1RWRucTRLZkVRMWh3ajdzbHI4R3A0U3BNbVFMd0ltSjdaWjFkYTZ2WjIxRTdnU3AyRUN6MkdCOUNvM0JGS2hDNEZOLTEtTXgtT0xUWV9UeDhDcmx1bVk0SkdjMEJmekpBZXFSZjFGWloyTjZFOXFEY3JhQm1QeHVoM3RRc0RZbzQ1LVpJbklLVw?oc=5,0.296,positive
2026-07-02,2026-07-02,MA,"Secured Retirement Advisors LLC Sells 1,942 Shares of Mastercard Incorporated $MA - MarketBeat",MarketBeat,https://news.google.com/rss/articles/CBMi1wFBVV95cUxPRkNfalJ5cjJwUWZ1UFBfWnFZbVp5Rm1VLUZIa19GTzFydTVDUXcxcncwdVBlUnl0bE1UUGR3Z1d0bWlid3pZOEFrVm9QNHdXdS1EUVZJcDZmamo5WEJtSi1aajZobnlNT3pWUXhvaUdFaFRnR1k2NUtieW40WWViY2RLQW1XbnI5MHlmbUZUbk55bTU5WFN4bkU2ckhXaGpoMnV4Rk5VemRwT2ozVHppOUdKS29fMXF6TTdITkhZRW9BRXpLZ1JMNTBQXzNmVndyWktsOUNDVQ?oc=5,0.5994,positive
2026-07-02,2026-07-02,MA,"Smithbridge Asset Management Inc. DE Sells 4,401 Shares of Mastercard Incorporated $MA - MarketBeat",MarketBeat,https://news.google.com/rss/articles/CBMi3AFBVV95cUxOU1FVNkRpS3k1Tnc1cE8weHBZUnBMR2FzZ2pRMzF1LXIzOFUxcC02blh6MkdlUnFVRElCREhiNEZtdUxuNlpmRkx6TGExYTdYNzBpQWlJRGhuMjVOQjBXTjREdzZsZ216QUZPdko2WlZPcHdWU0kwWUtpYW0zbGxrZGdIY2QxZmhULUxHdkxpWHZhLXdyR2twYzNlUDBTU2l6WTZzWHBuMUttZVpUNkNfQ1lvVFhsckFTWXlMNTdzVjE0NjhlWUpBN0RHSnFjSXd5RXEzN2w5R3VGQzVU?oc=5,0.5719,positive
2026-07-02,2026-07-03,MA,"Raj Seshadri Sells 1,977 Shares of Mastercard (NYSE:MA) Stock - MarketBeat",MarketBeat,https://news.google.com/rss/articles/CBMisAFBVV95cUxOVS1SYWNsT09qdm0tdkpKbF9hdlNQeXpZZTJ0SEMwelJyeFJlQml2SXNhYXpXbTJFeFVTT1lHY1B6dGZZdC0tM3NCUzBTNnRlQ0w5X0JPZ29ZV1JtbU9kX2VHQzNXRTBQZ19JcGNVZVdabU1ZN0d0UzIwNXNuX285NHBIOGZnRnJXRTJJVnh5U3Z3dG11Y25oLWdWTTZIR2ZHa2dGZXJQQ1VoLTloWHFuVw?oc=5,0.296,positive
2026-07-02,2026-07-03,MA,"Insider Sale: Chief Commercial Pmts Officer of $MA Sells 4,828 Shares - Quiver Quantitative",Quiver Quantitative,https://news.google.com/rss/articles/CBMirAFBVV95cUxNOWhDMDg3Y01Pa3RacWp2bzg2R2lXV2J6Y1JhdWs2cS1QcVd5N0tHYnJHbjM3eDBfWmxTTHdfVV9uc04xVG5PUjdUaVBsMkx5Y1BYYlFXdlV0c1pjNnFvaFpiaWh5ZFhRR2diY0RRcHM3QlZqei1rb3lxNUh0QS1ZRDFYNUZhNGFjaER4aFF4R2FXeVpkVlE2cV9tRE50VjlqemxSd203UkxSQ2Vx?oc=5,0.296,positive
2026-07-02,2026-07-03,MA,Mastercard Inc (MA) Shares Surge 3.2% -- What GF Score of 93 Tells Investors - GuruFocus,GuruFocus,https://news.google.com/rss/articles/CBMivAFBVV95cUxNdDhoVjdKdmg5aHBNTzk5Qm9lSTZMUXhDdlVtZFdQckJtU2xmbXJQSnppQnFuUi1WcFN4LUMxWlRUYWRUZjFmbDdhZmlSdGFNVV9rX1NMc29SODVuMlkyeWZCTTluOUh5dy11Ri1GendxV3UxWm5aLUZkM3hRN25xbTVOTkxLSmZRb3E5SDVheGdUYl93elZ6QjltXzdxbVAxeG1FR2RuMTlaeDFNdEtRTmRldGtHNldiZ0FRaA?oc=5,0.296,positive
2026-07-02,2026-07-03,MA,"Mastercard (NYSE: MA) exec exercises options and sells 6,805 shares - Stock Titan",Stock Titan,https://news.google.com/rss/articles/CBMiqgFBVV95cUxNU2E4Mk54c3dsdWs1cDMxMFAyMWg1YnJkS1E0UUhhQ2VMdi14ZzkyUUMxQURDU1IxRi1uR1BqWTliTE9jb0FMQnFiM3k4X0R5ZjN1MWdjY0VXZkVmb1VRdkc4T3hCWEtQbE5Gb1lxTE9fbkg4YXo0dGpqcEUwWV9Xc3Q0WUJaZENtRjB4TGpRRFg5WjhsLWNMWXUzVWFCS2ZlSFF3aDZVdExFdw?oc=5,0.296,positive
2026-07-02,2026-07-03,MA,Mastercard Inc Stock (MA) Closed Up by 3.16% on Jul 2: What Signal Does It Send? - TradingKey,TradingKey,https://news.google.com/rss/articles/CBMiiAFBVV95cUxQV0JSZnZWcnVYVWEzbl9vV2MxNGgxN2Q2VTVOcDlEb01taDI1WXRtWmZkVGxuVk9lYmhvQ05UcHJiczJRZlpLSmE3SDh4RHpPQm5wUUNtbHRxNEJXaV9WR2NCcFZTOTNMMEJUUmtndnJrRlkwVnN2dzQ3ZEpDUjNhRUxqdWI5dzdG?oc=5,0.0,neutral
2026-07-02,2026-07-03,MA,Mastercard (NYSE: MA) tech president exercises options and sells shares - Stock Titan,Stock Titan,https://news.google.com/rss/articles/CBMiqgFBVV95cUxNeTczZURjbTFId0dtVF9LX1FrQWphTW04UktqSVpad080OWpodEpscHJzUGdaZ1p6OTlsdlhOYm9FMVBxeGhUY09HN210a2xKS3lndWxrSmpYT3BHQlVpV0RxaGFScXplWEhkQjcwV3BzSDdiSnRoQzR5MUM1VDltSDVIMm1IaDdFeFptMlpqWE01TmtxSi1ZNU9aYWZMVVBERUhlc0dXeDJ1Zw?oc=5,0.296,positive
2026-07-02,2026-07-03,MA,"Mastercard (NYSE:MA) Insider Sells $2,534,700.00 in Stock - MarketBeat",MarketBeat,https://news.google.com/rss/articles/CBMipwFBVV95cUxOWUU0WmctTVpjeWNsb2VPeHZXUy1LdjN2anR0TXZpd2JrTnFkWkNrcTdULTJabjN6MnFETkVodjcwNEpOSDdTQmlsU2R6ZWhreHI4c1FvVFlYOEc4OHU1V05MUGNOX1l5YVM0d1MyM2NJb3oteU5zX2h4WUkyUi1QNlo0aWk4Nkc2WXd0UzdCRDlkMDFNS2hVMnVqQUtYQWlDTFJ6VE01OA?oc=5,0.0,neutral
2026-07-02,2026-07-03,MA,"Morgan Stanley Smith Barney (MA) files Rule 144: 1,977-option exercise; 4,828 shares sold - Stock Titan",Stock Titan,https://news.google.com/rss/articles/CBMikwFBVV95cUxPekZOeHZkR0dMbllLRlNDcWRLLVlWS2JueXg4QUM3NVJwcUxwSktjSVhqNzVYd3RBWGtlWTZQMnNWZ2RYN0lGd28wNmptcTdxcUJyNkNHUzFVazRpLTZ4cFRMMDA1SkdfRmxZdUI2Wmhabl90RXpBenFkdkd1WC12RThyRHdka1pvR0VhY2V3M2k4UkE?oc=5,0.296,positive
2026-07-02,2026-07-06,MA,Mastercard Inc (MA) Shares Surge 3.2% -- What GF Score of 93 Tel - GuruFocus,GuruFocus,https://news.google.com/rss/articles/CBMi0gJBVV95cUxQcGdzMnlPSTZpX3drVW1oTXd3czhDandEQ3FPckNQVDVWOFVKT3dEQm9GanRxcV9DQS1vQ2M3OEdlYTl0ZUFKb3hFR25VWjh1NEJSTExJTFo4aWxreFlCNExqUFFLLTRPb3VBTEhzQktITUFld2FENHhQTWhqX21sUVNBYlIyMWNUZlJ2RHRoNjlhTjQxNm1jVW11MzlQRm5falhtZDJJSWdsU29qNUZCcEVCb2tkOEJ6aWUtLW5zRmxtc19MRHVFLTljTlRtOG1pNWloaDVkeWJBeklKQVJQSW11X3UwMlkySUFvWEhmLUJDTmZ4SkY1UjRwYUNNanpsZDc4RzV4bVRQSVFLSnRJejk4Qk5FbmZ5ZldsWFN2Y0YzaVV2ampJMGZoMDZkUmMtalJhWFBzOFVRandSZUo0VVBkaUxyRTRQY2hzTVRINXh1dw?oc=5,0.296,positive
2026-07-03,2026-07-03,MA,"Elevation Point Wealth Partners LLC Buys 7,090 Shares of Mastercard Incorporated $MA - MarketBeat",MarketBeat,https://news.google.com/rss/articles/CBMi2wFBVV95cUxQc0twQktMNDlpYksxUDZBdEF3V1VxcmVtSk1nQ0xlSVVEb0Q3ZXlaWG8zZlUzZlJXcXRQWXZNNzF2Vy1scHUyWGIzLXRYWjFqaENEWHUxbDlDNThBQ0k2Wnh4RUdEMFhoclBrc18xRUFOVGJxSkJKT25GWkVVd0hTZGhzQVNYajRsN3dOaE9FTl9pTWs4eUN4bWNVVjBENlpsSWV3dWtJX3BZQ0t4YmpmRnlLc3FVeFA4OTBsNnNfSWFvdncyMGcxWEc2RXhaRjZKN3pCVmhNVzY2RTA?oc=5,0.6597,positive
2026-07-03,2026-07-06,MA,MASTERCARD INC - A (MA) Stock Chart - ChartMill,ChartMill,https://news.google.com/rss/articles/CBMiYkFVX3lxTE4zWjFzZFMwaFc0QzdPcUxXWENaSThxd1YyLXVsYUFNbFU2TkdtR1pKMmdFaXIxX2FYNXFkazRQVnBOYlM4QWpONURqSDdLWjNYN1hJVGpvZm5hbm9kQ0pzbVFn?oc=5,0.0,neutral
2026-07-03,2026-07-06,MA,MA News | MASTERCARD INC - A (NYSE:MA) - ChartMill,ChartMill,https://news.google.com/rss/articles/CBMiWEFVX3lxTFBmcEh6SmJVT0J5R0RyeV80RXUtbWs0SnZPamI0TDdvVWVDZVdLcllBeWV4dWEwdzdXTm1fbEY2bTB1TGNpaUFldmJVcUY0Nk9zYUN6dnZ0Nm0?oc=5,0.0,neutral
2026-07-04,2026-07-06,MA,UBS Highlights Mastercard (MA)’s Long-Term Growth Following Agent Pay Launch - Yahoo Finance,Yahoo Finance,https://news.google.com/rss/articles/CBMinwFBVV95cUxQOUxlNDBGRm1vUG0yYXFGQVVHNXBGdkVwUzVOeklrZFphaC1Ea3piWUNsTngweGZESGpmbmNsOG9ldW5PVjJhNEVRTUJDMGQwOTJMZjFuY0hqbkduRW5ZVDRHbHowNWY0RXluSUxWdGFzUldYU3NTX2ZUN2dZVTRpWWt0MzBDbE1iM1dvZjBkRVF4TzdDOFpPblpScHpfUDQ?oc=5,0.296,positive
2026-07-04,2026-07-06,MA,"Rep. Gilbert Ray Cisneros, Jr. Sells Mastercard Incorporated (NYSE:MA) Stock - MarketBeat",MarketBeat,https://news.google.com/rss/articles/CBMiwgFBVV95cUxNZTNKdFBxNHE4SFpHSEtOYS02b1N5Y0RSM1p2WWRrVEhkLTVTLWxYU0JENm9KRi1SeFZwelVUeTdqQzdSUzBIWlZkeVpiSDJjaEk5ZloybzdQeGU4UHZiZGdxQnRYcUJiemtCQVFiLWZ1R0J1MDJsYXQ3eThZa25XRTh3aXdHRlFacEZvVWRZZDVKd1hHOHpUS3dGSmlETU9XdXZwa0F2NGZIXzBjZkQ2QkF2RExIaFlybF9YMjIyQVJFdw?oc=5,0.0,neutral
2026-07-04,2026-07-06,MA,Mastercard Incorporated $MA Shares Acquired by Fideuram Intesa Sanpaolo Private Banking S.P.A. - MarketBeat,MarketBeat,https://news.google.com/rss/articles/CBMi5gFBVV95cUxPdnFmQXJqZk1RQV9BcE9vYm5zaW1XcC1ISm5sNkh6b3dGUWNxX0ZSbWhVYTFwWFVPay00SFM3bndlT2hDQVY5MUZVbUhXMllIYTRUelhMU3VqQzdyLUQzMGt5aE1XYWZvUVZ2Q0tDbGhJY0RBVjlpQUU4LVIta0VYMzdmT1JzbTFmQXFnV3VZNkRxZENGSzliVk0yUTVKZ1FCNG9XdUJPcnhGSU1oUFZoRVVjdEFFbFk0MlNrOE9qZnlyYnFCa0pNdU05bmhDSC1ralVKNl9YQm9YbWdWZzlHdUE2WW5VUQ?oc=5,0.296,positive
2026-07-04,2026-07-06,MA,"18,553 Shares in Mastercard Incorporated $MA Acquired by Y Intercept Hong Kong Ltd - MarketBeat",MarketBeat,https://news.google.com/rss/articles/CBMi2AFBVV95cUxPS29JOVp6RHh1RVk5azduTW9TR3NxTmpWdUt1QWdQYldsUExiTkRjU0FrQjhvMXVmR0pWdThNTzhFdVZBLWhUeVdFaHpndkJydGR5WTRrM0ZlSThGeVhiZHF0REZpZS1aUVZ3ZkQ3X2twZDNmaDFCQ1FwYlJDV3pvRjRBNmQ3czExOU1JWGtxSGlsYTNSMi1fMlFxUy0tcy1RZU5nVWhLeGtCWmc1YVRZU2RaMVpMNHV2MUpuN0g3R0tOb0V2SW9hdXpNbU9WcTNFZzNTSHl0dFc?oc=5,0.296,positive
2026-07-05,2026-07-06,MA,Is Mastercard (MA) Quietly Recasting Its Moat Around Digital Identity And Embedded Experiences? - simplywall.st,simplywall.st,https://news.google.com/rss/articles/CBMi1gFBVV95cUxNUHl1WjdQZ1BmYlZhaTdER3FaY0VtelRJMzhXSlBSdjhaUFNrTXpER2FSeXFmTzdpNTNXdnRlM0FjZTIzdURtV1ZCcUtDT2pfaHlHOFd0MldZOGw1X2ZDdDV3d0JLNy1MQUV4eFZON1FtaXVPUnc1SkMtV2o0LXFFb3ltX1FNcFpiMUFLSXMtTHJPdUliQkFobUw5bE1GOWRXUTN5Q3NpcWZmMW5mNjdfYmV5ZDVGRXFmWnB1VkRZVG1XU3U0N3FkX3VzblpKUWxrNEF3eGxR0gHbAUFVX3lxTE1LS1ZET2QwTmI0SEIyUVJDMllNcUtrSWRLdjJvTHE4SXI0TENZTnVacGJQQjQxeDlITGFCVjMtdlk2MzNFb1B5Ym5rb0FNLTN6UlkxRVpkaVExM2NSWnp6WlNCWGIzcG53OFBkdUIwLVI0Y0UwOGZyaTJ1ZlJDSGlfTGRXV0hOSzU2cjZ3Qld1TDF3WWxvam5iUm5WdjNZRFZSZV8yc2doTjRKRWE3NkQ2aElubkJRQUtqZHd5XzhreW02VExnMWZzMGswcnJscUxxWHJNcDVaZWMyNA?oc=5,0.0,neutral
2026-07-05,2026-07-06,MA,Mastercard Incorporated $MA Shares Sold by Kepler Cheuvreux Suisse SA - MarketBeat,MarketBeat,https://news.google.com/rss/articles/CBMiyAFBVV95cUxQeU5iejFZMC1mY1JQLXVUZVliQ2tZckZCSWR0ZWF1MHJiWTlsR3dfZ3NRZWoyLUxzbkdxb3hvZ3BMNUdiSnJfMWd0ZnJhTklXZnd2T3hmbHc1WVgtaTRERjJHRmstNWRJeG16X0dkWFZpOS1MZ2FSV2JIWVVhcVgzTDZQelNOTzV5aFM0VDFCNndHZ0xHLWlZNVA0dEg5U21IRXc5NmNHaE1KVkJpZDV5cV9OZmFWZ2RoUjNXQlBLcFctR3RfNFlPTQ?oc=5,0.296,positive
2026-07-05,2026-07-06,MA,"Walter Public Investments Inc. Sells 21,477 Shares of Mastercard Incorporated $MA - MarketBeat",MarketBeat,https://news.google.com/rss/articles/CBMi1gFBVV95cUxNWVczb3pmd1BEX0JlTnU5SEg5NTFhVmpDdEtfVWVsNnp3WG91b01YTG5fay13Z2hlSGQtNld6ZkFfb1pYcXMwT2c4aFo3Y19iM0VJcTNyRGozdWExd2s1RWVJQTl2bzFOdHFtcEI2UzhYNmRlTFBmOW5GaG1aRGE3UWRDLUVlaDIzcFM4R0xvTngtYlk4ZTBzY2JGQVNOT0UwazdZdHV0MERVZmo2bzhObVJWdWVEeUZtai14bEtEQVVVREhubHJVcURMNC1lSXYxLXJ2cGVB?oc=5,0.296,positive
2026-07-05,2026-07-09,MA,Stock market outlook: S&P 500 to lose much of 2026 gains as 'speculation is hitting extreme levels' - Fortune,Fortune,https://news.google.com/rss/articles/CBMiqAFBVV95cUxNT3ZaR3hsVkZ1UWF0QzUyUlY2SDM3Vk5zNmZFQ0VZdWgwd3lYRmdHaEFNeTgyTnAzVHBJUXE3dF9EMTVzNjBHNWc3UnFHaGtPUlN6R1gyVlgtWDZueFFYMmZrcHVDR05RMGQ2WkJIZ0xaY0MyVk1xXzZZNEF2SGlRNFRyVGFSYjZacEN5eEluODNuUEk0TU5jekJYNndzSTJPNE44ZlIyNl8?oc=5,-0.0772,negative
2026-07-06,2026-07-06,MA,Mastercard: The Moat Justifies The Markup (NYSE:MA) - Seeking Alpha,Seeking Alpha,https://news.google.com/rss/articles/CBMihgFBVV95cUxPNE5jS3F5RGJmQzNtbnZheTVsVHBzTDVQandobnQtM3pTZndBVXl0UDBXZmxwLUNGbGt4MFpfMTk1SU1Nd3JaU042bkJBT1FSX3BacUdnZWhlTTUzS1Z1YmgxWUhmZmJzZE1LeklucVpKMGx5cWRtaGcweUhhZ2FfY1o3VFVEZw?oc=5,0.0,neutral
2026-07-06,2026-07-06,MA,"Abel Hall LLC Sells 2,164 Shares of Mastercard Incorporated $MA - MarketBeat",MarketBeat,https://news.google.com/rss/articles/CBMivwFBVV95cUxNUVNocXVHeFpGMzRSYnFmSmhrY2lxdmV6Z2RUZVFPQmM2cGxLbHR0Mll0ZlVvM0ZyMkdXRzJBQXlDRlhrZ1cyUk1YaWVHMk1xSkNhU1BBREh5ZC1LWXhjTG1EZjdfTkVTbmV6TlRPMzVvZkJiQTRvT1UtLWRVX3BINU1PWmJhOTJER3VoNXZheUozamRRYmpiT2lOY3ZEbGJ3ek1wX2h6cmRkOGRpZFFsYncxS045YWRSeUR3UG90aw?oc=5,0.296,positive
2026-07-06,2026-07-07,MA,MasterCard (MA) Stock Dips While Market Gains: Key Facts - Yahoo Finance,Yahoo Finance,https://news.google.com/rss/articles/CBMimwFBVV95cUxQNU1QNE1YS3hLM0lPSlpqa0M3TFJvY0QzWkI1N0dscmh5a2J5TmkwUzl2OHFicklzQ1JOdUh0NkZ2VlItVFJaSllWUTQ2bnFsTEEtTFY5azVTYWNBRGNELTgzM0NWUkczM0R2V2FBT0tWbmc2ak5fMTF0dVZtblJ2N2wtR05zRm90UDlGeGt0NkxzdTB2NDZVQVpaTQ?oc=5,0.34,positive
2026-07-06,2026-07-07,MA,$MA stock is down 3% today. Here's what we see in our data. - Quiver Quantitative,Quiver Quantitative,https://news.google.com/rss/articles/CBMinwFBVV95cUxPRUJGUnN4bzFYTnFrdHQxOFFHd2EzV3UzcHFjQUViZTVYSm9wbVd6eE9XdVMtVHBvbDJnQV90R291amtUMmhJTHl1NlRta0xWRDhFTjhDMXVkUDh2dUp5YWlOMkFTdklJY2JvZWRWLXBFM29jSDluRzRtdFRaRWtjZ2JjLTJ0b2lGTnlBR0h3TWY0WEotSHVNYXhxcGgwNk0?oc=5,0.0,neutral
2026-07-06,2026-07-08,MA,3 Big Reasons to Love Mastercard (MA) - StockStory,StockStory,https://news.google.com/rss/articles/CBMimwFBVV95cUxObjM1S0RTQmVsV29ONnQ5VDFJbHNqdnhKcWM1Z3cyUDBsRmNXdVpDOVU5TFdrTm5aZVFuNUZlN3o0SEYyMGU2UzdXRTZGLWVHd05SM1lYR1BZVkpPLWdmb0ViMFRRRGxwRVNzbUVDeGdfbmIzSUpMLVdRT1phb2dObG5XZU1rWmhlVWc4Y0o3Q1lCUHdyTzJ3cTRrYw?oc=5,0.6369,positive
2026-07-07,2026-07-07,MA,Mastercard: This Has Already Mastered To Evolve And Navigate A Fast-Paced Landscape (MA) - Seeking Alpha,Seeking Alpha,https://news.google.com/rss/articles/CBMisAFBVV95cUxPMUVQbzEzb1Y1SFEzOXZHbzRYLWZlQTV4ZElTVEtHSXJEa2gxRlVsYkpXT3hPNVFDcEpWZXJqTGlEalZ4SmxlWUZDdW5PMDBDc3FGSnJuZFlwdldXMzk5VDhoc2FLVW5md0VfLS1aQVp5TG5rNjRuTHk4UEp5SEdsaGYwUHZhallGVE5iM2hnUTVOb2F1Yk85eFBaci14WUs5X2JmaXE1WW5TWjJNdHMydw?oc=5,0.0,neutral
2026-07-07,2026-07-07,MA,3 Big Reasons to Love Mastercard (MA) - TradingView,TradingView,https://news.google.com/rss/articles/CBMinAFBVV95cUxQSVNONjFKSldlbTVIVEhhS2VGR3NDTWVDMWJQMG1SSFJBb2RKMTBDT1Q4TUN1MmJwZ3VOQkE0TGNkb1A4dzQ0aW5xYkZXbHRQdlluLXh5dHRQRzdnOWFLUDRfbkJnR3BFdHpmWTI1allSUnNfcFBXaV9IODB4NWszTEVlX010OG01YWZoVkZpQ2NmX09Ib1diUHY4bUk?oc=5,0.6369,positive
2026-07-07,2026-07-08,MA,"Mastercard (MA) Joins Open USD Stablecoin, Is The Stock Still Cheap? - Yahoo Finance",Yahoo Finance,https://news.google.com/rss/articles/CBMimAFBVV95cUxQd2pqOHVGNzFMRHJyQ2tJZDZ5cU4zcXk0UUdWcndubVFlYzFpX3Jxc1liN1lyYng4eU1UbTFuOTB6dGlZYURLNTZVeFc2Rk9TYWRmQlNUcjZPMkFyVnN0SnFmWXpZZVY0Z2xlRkFUYV9QVk1nUUtUOVRyV21jOExvbmhKS3gzRk55Sk1ldUhfM2EyZ2NMLWI4cw?oc=5,0.0,neutral
2026-07-07,2026-07-08,MA,TD Cowen Issues Pessimistic Forecast for Mastercard (NYSE:MA) Stock Price - MarketBeat,MarketBeat,https://news.google.com/rss/articles/CBMiwgFBVV95cUxQYkFpM3lKdUZnbld2WEJ3Nmdkdm80aXRTQzdIR0hZSUoxcjFJWkJsU0ExamY2T0RRNlJqenZkeEJ1ZXd2UWZsTGx0OVdIY0Qyci1sVy05VGZNX2tjTXh5WTNxNGhodmZrU21wNFJjQy03TmtKaVBQU0tYUWY5WGo3cnk0ODVfdnRJcDlEQnRUeGJYaDRoTWVkQTRQMHJyRTlDWFFwc29xV1M3UktSbzdJQ0dKOWlfNE51Um5kTXFvXzNEdw?oc=5,-0.3612,negative
2026-07-07,2026-07-08,MA,"Sather Financial Group Inc Buys 3,200 Shares of Mastercard Incorporated $MA - MarketBeat",MarketBeat,https://news.google.com/rss/articles/CBMizwFBVV95cUxOVDZ5eGt1eEo5c0xKSUI1RjFhd2FKMUpwa3E2My1vaW5iblFTeEJVT0hqV0l0QVpDUnRVXy1YcGZxdjZKVUhCVXhZQzNGTkhXS3NCRkRHdkhjNENSNnZkOS1UUm9ZeW9HNWFoWlhjMEVNLU1nOWNPb28xUGEzejZLQldINm9QOXpiREZHSUx5aGo4cHNvd04zd1JJM2toZ3BMSlhOVTJOakw5ZFJ4THJCa0wzMnQzY3VqeDNUYW9Mb2g2SmhQNTFwS081YnktRFE?oc=5,0.296,positive
2026-07-08,2026-07-08,MA,"Duncker Streett & Co. Inc. Sells 2,959 Shares of Mastercard Incorporated $MA - MarketBeat",MarketBeat,https://news.google.com/rss/articles/CBMiywFBVV95cUxQREJjcXhVTVpjTjF0eml0Y1ZoYnplNDFoNG0tRHNheUJrNTZEbjB5bHl2SnRvY01CSXFfbURPWUFKNTVZcWI4d01aaTlLVFA1THFzRk1GMWJ2Y1BIZ2hGUHQwVXlEVm5DQ0ttV2lET1ZRenR6UmtndHRBMG9BN2RrVjhNTGxvMjhZX05DcXllR3ctM0lwVlRfSEtTeTRYR1lWY2pvbXRUbUVKamFDWUVYVVBBbWNSdk1yTzY1am1Oa3BRQ0hQNkloTU1YTQ?oc=5,0.296,positive
2026-07-08,2026-07-09,MA,Mastercard sets July 30 call for Q2 2026 results - Stock Titan,Stock Titan,https://news.google.com/rss/articles/CBMiugFBVV95cUxOeDlpYkk2LUZSOTc4bTBoTUtqd295a0Y4YzRMT1BHRUEyQU5sQ3ZfR1pHQmczSW94OG90R3FFZlRIWVo1Y3VtRzUtZXlobEdXOEF2Y2Z5MFBFb0RsMldQSk5fMUZOOHpqNHA4TU5VWEtmSXViUEdlZXEtRGtEMFUyZUtZNlZJMHZ5Z0p0Z1Jpc2ZmS0djSVFyekdHVEdsc2xEQTNuU1hTNzJ6SFBFWWpGS1BYMUZXTlFDVHc?oc=5,0.0,neutral
2026-07-08,2026-07-09,MA,Mastercard (MA) Faces A New Threat As Big Banks Eye Fiserv's Debit Network - simplywall.st,simplywall.st,https://news.google.com/rss/articles/CBMi1gFBVV95cUxPckl6cTVFaWxCRUdTcUJBOTZaNlRWdU15NGYtSUdRSDhnek1taFRkQmp5dHFQaXZGY2JaWGJVMngzRG1oTDY3bWxCRnJiR0tUSko1clJ6TUdnUFRrazJHVWxiYnZqTkhGVEhDWVo3a0U1NlJSY3lLSkZBc3EwU1lUaU1JYnZWMFBwcEpUekRDTW8xdGhlSnNaVXhsVXFrbi1GNlIwQm83enp5a1BxRXphN2lLTkJSZmJmcnRLdDNhcDg5VjItdnI2X0Vib3ZublVCUGJlX0tn0gHbAUFVX3lxTE1Tem1WdXpxT3BwZ2daaGFYOTdrOEN5YzJWc0VCVHRVdHlzbW5xTFVHQXRocEVyVmpQT3QyOC1OaDFWZjN3b1pJdWxaS3J1N0lldFZCSm5qLW5YX2wyZG84OFZLZU9QbXpwc2NxY1FZSTJ2Sy1oaWxMRW1Jc2wxOWY1OHhJeWRrd2MwMVJvLXJTdDd0WElyQ3hWSjh0WkdHUC04MlRyZWI4UnZCWTIwa0hrbUg0UnhQUkphYnY3VDRHTUFRNWZBZVhHSkR2RlVuMXN6MC0xeThnYWhjcw?oc=5,-0.5267,negative
2026-07-08,2026-07-09,MA,Sandra Arkell Sells 200 Shares of Mastercard (NYSE:MA) Stock - MarketBeat,MarketBeat,https://news.google.com/rss/articles/CBMisAFBVV95cUxQSUUzc3NyaU5wcndsLUxSQThMRkg0MFVNaEl5R3V6R3AzWGw3MzZUbkNJbG5OTi1tb2M1NFktRmdCS0dnV1pzSzVpb0Jabmt4Rm11SHRxREFVNVBqYXRQbDBlVVRTaVc2YnJERURFcUJ1d2tnZmt0aWVIV21wTThPV1NIRmxGelQ3LXZVWTNyTUJGNXV2Y3ZMcEpYNkFvcmpLZm5MMDdTZlluMXFkSDFzRw?oc=5,0.296,positive
2026-07-08,2026-07-09,MA,Mastercard (MA) controller sells 400 Class A shares in 10b5-1 trades - Stock Titan,Stock Titan,https://news.google.com/rss/articles/CBMiqgFBVV95cUxOX0hGRDdReVAyNFpaazItWWFCNGU2elJMZDJ6Q1RXQ0lfN0FCVVhmdWNLcGRiQXJVcklxbi1IWXJ5Znp6ZDA4RGhWSVk2amJvNTRvMkZGYjZZUHBFWXhGckcya2l0WWJqVk1aWUxKOUpHVEJUSm1MZ2FTVW1UNENoVzAxc1hvZFhEclpCM3dmN2V3dTVrcVd1TnRuZHdLbXZDU21hSjdXZmpYUQ?oc=5,0.296,positive
2026-07-08,2026-07-09,MA,"IREN Stock Heads For Ninth Straight Loss: $50M-A-Year NBA Spends, $788M Co-Founder Pay Packet Leave Retail Unimpressed - Stocktwits",Stocktwits,https://news.google.com/rss/articles/CBMiqAFBVV95cUxQXzRnYmh6dmkwSi1RWkJueE9RdHB0VXZKVXA5eUJveXNfYWZPN0Rnc25Bem1LR0xXdzhxRkU2RXFfcmlpemVKbXlGMURENGdwUm83aXpWQkR1UGNLdTUzTWlpV1NMVlhkM21CVDZQYTlzclNTTW45VzV3TmxQdEx1R2xrZ0J0dUpEN1ZtM0FxVjF2SHI5RE5mRm5fbkJnYkZxZnZ3RkZTOWc?oc=5,-0.5267,negative
2026-07-08,2026-07-13,MA,MASTERCARD INC - A (MA) Stock Chart - ChartMill,ChartMill,https://news.google.com/rss/articles/CBMiYkFVX3lxTE4zWjFzZFMwaFc0QzdPcUxXWENaSThxd1YyLXVsYUFNbFU2TkdtR1pKMmdFaXIxX2FYNXFkazRQVnBOYlM4QWpONURqSDdLWjNYN1hJVGpvZm5hbm9kQ0pzbVFn?oc=5,0.0,neutral
2026-07-08,2026-07-24,MA,Mastercard Vs PayPal: Barclays Sees Big Upside In Only One Payments Stock - Yahoo Finance,Yahoo Finance,https://news.google.com/rss/articles/CBMioAFBVV95cUxNb2Z3bk4xVVBvdGVXenlzQkZhV1JONHlzSTFWQ2UzN0pPby1va3VoeEktNUNaQzRTUnBiazlTM3lRcUxZYmgzLXBZcEVjR0pUTXlsV3ZtWjdrVUFBVlJwREhjX0tYNkxUdUZ6T0wxcWhGVVhFVVp6ZkVncUktQ2kteUlZdjZpdjk5RlFKN2JhWUNLMW9kbDZmWm10M1NqdHdr?oc=5,0.0,neutral
2026-07-09,2026-07-09,MA,"Fund Update: 47,500 MASTERCARD (MA) shares added to WELLCOME TRUST LTD (THE) as trustee of the WELLCOME TRUST portfolio - Quiver Quantitative",Quiver Quantitative,https://news.google.com/rss/articles/CBMi9wFBVV95cUxOSTFTZXhLa1hwb2toODhSR3RqaEFtOU1vak91NVlKVDFRV3NTVmlxdjdqdU5tMmIyc0NMUFZnX19sQkRGYnpSd3J5cU94eGh6UnR6TlFJM0lQbE1leTRVdG91NTVXQ3I0RTJKVHdUQjZmUmxpQTVhZ21zZ25aT0VFdGpaVXMyUkxVU0dQbGJ4WHNfUDhPdTYyam03RUVQS1NSV2tGckJjOE8xV1VFYllRUHkxdjdsZjd6dFJSZlpkRVpqWGZwNkRHaDVzLTVTR183NWZTV1FCaktoUGZFU25uWC1GMURSVXZET2NXNExpTmVta2o3Ynk4?oc=5,0.9055,positive
2026-07-09,2026-07-09,MA,Mastercard Incorporated $MA Shares Purchased by Munich Reinsurance Co Stock Corp in Munich - MarketBeat,MarketBeat,https://news.google.com/rss/articles/CBMi5AFBVV95cUxPZkxYMjNKLVU3M1pxTWFRUmxoQnBWNW5VV3EyLVhDZURPdC1Jdk9JMEJkYWxJQUFYOGpvRkN1aGx6REkwb2pWV1NIOWlGcjg4WDQxZ3JaRzB4bzVGMnhYZV82VnBhNzlZT1pwYkppenRTWGU0YlpfaVZBLVZKb1J3TTM5OVZpSkRGU2x1S19sWENJaWUyX01XMmp6eTNQX1MxS3B2ejRrakxNMGlvOVQzcWxFVTJJQ2tvWEFiOXZaQUVUVmFiYnFCYm81a0xRbVB0XzZkWGl3bGlGZWgtQ3htcE5jS1I?oc=5,0.296,positive
2026-07-09,2026-07-09,MA,Mastercard Vs PayPal: Barclays Sees Big Upside In Only One Payments Stock - Yahoo Finance,Yahoo Finance,https://news.google.com/rss/articles/CBMioAFBVV95cUxNb2Z3bk4xVVBvdGVXenlzQkZhV1JONHlzSTFWQ2UzN0pPby1va3VoeEktNUNaQzRTUnBiazlTM3lRcUxZYmgzLXBZcEVjR0pUTXlsV3ZtWjdrVUFBVlJwREhjX0tYNkxUdUZ6T0wxcWhGVVhFVVp6ZkVncUktQ2kteUlZdjZpdjk5RlFKN2JhWUNLMW9kbDZmWm10M1NqdHdr?oc=5,0.0,neutral
2026-07-09,2026-07-09,MA,1 of Wall Street’s Favorite Stocks with Exciting Potential and 2 We Avoid - The Globe and Mail,The Globe and Mail,https://news.google.com/rss/articles/CBMi6wFBVV95cUxOektPejF5TVhyVmFZQ2FTcnFGZjl4M3BJV3habVVoNjhVZXREYWtrSlJ6d3BXODE2YjZacDIwT0FmSWNvYkZIVklfNFIyR3RBeTJuSHl2a0E1b1JJQnI5dEk1RE5sLXBGUDdvcmJ2eDg4XzlCZmxhRzZVU00zcEMxaThvTkxzR1JCSXkweVB2WVBMVnBsU0pFQ1NBQWpBMnV4UFVZVDNDc3pVWE1ocHlOd1l1YTZLQ1g5cmR6MVhnaFFlSXBCNWM4UmxaVDNyd2pSTnJlVHI0cnUwdl9FQmF2a1RYRENtUnNfOXM0?oc=5,0.6124,positive
2026-07-09,2026-07-09,MA,Sageworth Trust Co Buys New Shares in Mastercard Incorporated $MA - MarketBeat,MarketBeat,https://news.google.com/rss/articles/CBMiwwFBVV95cUxPM1htNDJ3VmdMTnFaWVU2bXc1TTB0TVRqQXZTY3NrWXNad2NBUnpfemtRSWtHQk5mMHh2Tm5faU94bmxVZU5fcGZyTzZEZDRpeGJ6by1UVGRnU3dTY3VoZVBtV2cyZ01jRjA1eFd6bU5yVHpHaXdGM3RLdHdiZFFkcDBlQVRIa2RLbjJkVC1lTGwtZzM2T2tpaXUtZDAwMnA1ZVlvMVZ6RjdTX3BtUlJ4M0czMUJDRkM2QlZSTEVYckJWZjQ?oc=5,0.6705,positive
2026-07-09,2026-07-09,MA,"Burney Co. Sells 2,619 Shares of Mastercard Incorporated $MA - MarketBeat",MarketBeat,https://news.google.com/rss/articles/CBMiugFBVV95cUxQTnBMUl95RG82QS1tTmw2dERJVTZ1SzUxUGswczlsUHRKNVBLaUNHcno5MEpWOHFpUVpCN1ZXWnpwczl5aFY3QmxYWi04Y2FYTVZCVE5TZFN4WTljZjJ5LTBzeEN2TFRza3k1eFBoMFI2NmZRWUFacWZETXoxWi1vWjRIdFlVWHlrQW9idGVHYlNGUGQzQkExMWtuc0VtYVRvMC0zZzVkNUNpQUc5NFJRMnhxcC1NLTZYcWc?oc=5,0.296,positive
2026-07-09,2026-07-13,MA,CPAY vs. MA: Which Stock Is the Better Value Option? - Yahoo Finance,Yahoo Finance,https://news.google.com/rss/articles/CBMikgFBVV95cUxOU19vczZ5MHMxbjVWOTN4VUZfczJMaEFyVnNLZkRVU2VrNFlndk1hVk5QNV9rbkZMclE4eURWOGJyV3k5ZUxleE5DdDVhRUs4dzAwcy1tdlpra2k3RUxkYTdEekFtcWhDNUxVTWtiZjQ1T3BFUUpmckdCLV9KclBDSHdTcXVoa0NJU0JXRjJLWWN3QQ?oc=5,0.6486,positive
2026-07-09,2026-07-13,MA,MA News | MASTERCARD INC - A (NYSE:MA) - ChartMill,ChartMill,https://news.google.com/rss/articles/CBMiWEFVX3lxTFBmcEh6SmJVT0J5R0RyeV80RXUtbWs0SnZPamI0TDdvVWVDZVdLcllBeWV4dWEwdzdXTm1fbEY2bTB1TGNpaUFldmJVcUY0Nk9zYUN6dnZ0Nm0?oc=5,0.0,neutral
2026-07-09,2026-07-13,MA,Investors Heavily Search Mastercard Incorporated (MA): Here is What You Need to Know - Yahoo Finance,Yahoo Finance,https://news.google.com/rss/articles/CBMiswFBVV95cUxOeUxhZHF0V0hxeXZxZHI0OEJLUEJ6MnFNWldLZlNjdkN1cENJVlY2SzNHcGRHanFURWQySXM0WGYtVVJIV2UwV0dDRGx5c3ZiY1V5cnM4dFV1OEpUTlBjMGJCckRlLUM0eFNjWGRZb2l4c3oySUZMS0ZCUFBjUE84XzV2SzRNc3pyWjRzeEpITEZUUXN1YUNvT0FEdnZpYm12NVJETDJCMVRuODZfcFlUUDU4UQ?oc=5,0.0,neutral
2026-07-09,2026-07-27,MA,Earnings Preview: What To Expect From Mastercard’s Report - Yahoo Finance,Yahoo Finance,https://news.google.com/rss/articles/CBMiqgFBVV95cUxORGhSNXpHcG9NT0JYUmQwVlFiTDk1S1RqbEltOWZic2RyM2Q3MkJ6Y210R0RVaWZaRk1oY1dvRWNvOGo4aEFjQUl4UHhnRHg3ODNaeXBISlJRRm9TeFhDTEx5U3FmNkowekVqOUFtMjRId285c0gzTEEwcXpueHBVNGRMMkZyWTdmSHg2NjNfeW9iVzBvY1ZubEpCa1poZUhnZjdEbmFnSGREdw?oc=5,0.0,neutral
2026-07-10,2026-07-13,MA,Mastercard Stock Falls Below 200-Day SMA: Buy the Dip or Wait? - Yahoo Finance,Yahoo Finance,https://news.google.com/rss/articles/CBMingFBVV95cUxNdXp5MW9YZGZpWmJBdzZ5a1JlbmtlbVJxNl82T0YxN1ZvRS1uRHNJZWxHeXdCRjg3MmR2X0ViM3l3M1pKSDZyTHMxUmRPQnd5QkQ4anFYZkJaVVZ1dVg1WFdYRUdqZHlERUtnTnI1aTNyZVhBbVBDSnBaRHRwU0hzNFBkd29pREV1Y1VBSEdueTJMd0xZVF9jNWNPUWNzdw?oc=5,0.0,neutral
2026-07-10,2026-07-14,MA,Mastercard (MA) Institutional Ownership 2026 $MA - MarketBeat,MarketBeat,https://news.google.com/rss/articles/CBMidEFVX3lxTE1oS1J0QURGbUt3VW9VQVJXNnhfbnRzUDgzRS16MExQUE9hM0oyeHpEdERNTXBsc2p0eEp0RmhvdzhjMEw0Rnp0dDBDM2I3TEdvY3gtellDTkZ2TmI5QlZJUEs0SGx6Rzk3emQ1T0lrNjVRV0xi?oc=5,0.0,neutral
2026-07-13,2026-07-13,MA,Mastercard Incorporated $MA Shares Bought by Arbejdsmarkedets Tillaegspension - MarketBeat,MarketBeat,https://news.google.com/rss/articles/CBMi0wFBVV95cUxNSFFBZU9FVDh3anVIbnZ4OEgxakY1bjFwaDNZMk1ZcTJxM2E3UGdxdEhHblJ3d0dJWlA4OVRvSnBINmh1d0lCMjlhX18tTlN0QmdVNEk4d0FZZG5RakxnUW5wNllTMkFMVHRyRkJ3NGxUUE1kUkZyclNoSl9qZzJhRGtFOHo5d0ktb1l4RTlQZzlibnE1UkVuT2NheGxwSE5PeS1xZ1UxS1o2NGJCUU5EbEtFUU5yc2tpRzh5blN2M3VTV3d0UVFlUUNNTjBrVkFWbm8w?oc=5,0.296,positive
2026-07-13,2026-07-13,MA,Mastercard’s New Cybersecurity Center Tests How Far Its Services Strategy Can Stretch the Brand (MA) - simplywall.st,simplywall.st,https://news.google.com/rss/articles/CBMi1gFBVV95cUxNZVM3VWdnNkREYzhFVUppd1M4QjRUMWNpSWV5MFlPRkZRNzRMdTVOakZmZGgtX0ZmM25nUHB2eGt5RjN5M1Y2YWhtSjMwTzZCeEdjbE9idEZEbmthM0ZBc0FHWnlwazdwRzdVdWpickVrRnpIemRXYjZzcWU4LV9YVFJ1SGgtYTN4TENzWm15R2VuUUNqNnRtdE5pZzB4UXNtdEFMUWQwRkF0TmxCNW1fZmhpZDJkMGU1ZlNSRTdKblRRRzdmZHI0WjByLUVoVWY0ZEZua0l30gHbAUFVX3lxTE9nU0ptc0k5QTJOZ0tYQ3NtY1I5TEx6ektaRGk0aTRSWVN3Z2Mwekk4bWZudjU5RkdmYWhxYVBGYURXaGdSUUpZZXNWSkw5dF9fWllHZXlLRXdVNEZ5cXBaRXdUd093ZkFGRVp1VFE2ZDE1bXM4R2NWNWNObW0tRG1VVTdYaE9VUUtPQ0pISXk1V0ZSNVpxOUItWW02Q0Npd1FZWG1URUtNQlpjVnpQQUZoT3JLdmdteDM2dy1nbFY1VjhXZDMzU1JiWUgtTVVBbnJKRHpmbWpVcDNsTQ?oc=5,0.0,neutral
2026-07-13,2026-07-13,MA,"Triglav Investments D.O.O. Sells 10,680 Shares of Mastercard Incorporated $MA - MarketBeat",MarketBeat,https://news.google.com/rss/articles/CBMizgFBVV95cUxOS2FTWUZ2anlpMS1sSktTQU5DbERtd3FxYUZsVzI1MXhzVVdObVgxWjNydDJlVEotX0piOVBlMW5fcERUajduOEc5eEdLRmE5VVBlOHh0ZUFJNkFtR3hjS1ZpSEdOTmxOVDlOU2JmZE9YbGgza3IzMkR5Vmd3RUlwSDN6d2VzZENjTTFoUmprbVViWWxrQ2lYWWVFb05xTEliWVpLSjF5Rk9ET1dWVUpaRUZpUVVZdlVyVktvSWc2Qk5rV0xxNUFYbzllcHJpUQ?oc=5,0.296,positive
2026-07-13,2026-07-13,MA,"J. Safra Sarasin Holding AG Sells 21,586 Shares of Mastercard Incorporated $MA - MarketBeat",MarketBeat,https://news.google.com/rss/articles/CBMi0gFBVV95cUxORUdiWlZucjgydVc5LTZrbEJqU0I2TFdzWFRtaFo4YVRiUzA4QkxkYXlianpySVhCN1diOTk2RFJudUgzOWhFSFRiNjlvV2hDY2hkRDY5aVhUbVpyeksxY3lYSHREOEJ1Q3loN1RSNXUtWlBLRnFYV0RZNm9DaVRuTEkxcHlKS1FoTHJqT2Z3b3JlaU5fWEx1YU44M25BWXl6eldzS3VOcVVITE1IaTNKNHJNMlpwbXRJNy0wbVZlY0M5U2JyeXZvZUtjT0hMUnBManc?oc=5,0.296,positive
2026-07-13,2026-07-13,MA,"Y.D. More Investments Ltd Sells 1,957 Shares of Mastercard Incorporated $MA - MarketBeat",MarketBeat,https://news.google.com/rss/articles/CBMizAFBVV95cUxQc0xGUERtT09FTjNUVml3cHRtdmVLckJXZGtkbW1VOFlWeHBneU4wb1FOOGdGU0ZOUkR6OWE5SURsMWJya0hadjRzVGYzb3QzaDRHZnFha3Z3bFhtTTZHV0lEMDYwODZlZDQ4WHJhUXVwaDNVYkhpQkxVTVRJc2dBeXNxTFpjcG1KODVabTdMZXBIZnduTW96ZE83SnFsSXhKN0lZd1EzMEU4RkhBYnNYZFNSa1FXNHNiVFlucmo5RHNBYkl6T2RMNlB3OTg?oc=5,0.296,positive
2026-07-13,2026-07-13,MA,"Applied Finance Capital Management LLC Purchases 2,648 Shares of Mastercard Incorporated $MA - MarketBeat",MarketBeat,https://news.google.com/rss/articles/CBMi5gFBVV95cUxOdDhWVnR5dXNQMFFMd1JzSGF4T2F2SFhKb0tzdW5LRUsyNjZDQ3h6WlkwakF3bTFYSDhjcThHMnB0NllTUVlqeTgwU2RPeS1CZG4zblZrdndBaU9USHlJNjRyR2Y4Q2tvdTBvaDNKU2oxZnRlUEhQRE9ta183Q0l6aWRiekh2V3l6MS16Z214YVByRHNqcW94QnpvZmVVQUhOWGI3cFBleWRsQjIwRzlBcHVEWkZka0ZpQ0hFWDA3VjYwbDlZOTcwbDhCX1lzb0dmSTJVZU9ia1NmOTh6YnpqMkN3WHJndw?oc=5,0.296,positive
2026-07-13,2026-07-13,MA,Mastercard Considers Majority Sale of Vocalink as UK Banks Eye Payments Infrastructure (MA) - Yahoo Finance,Yahoo Finance,https://news.google.com/rss/articles/CBMirAFBVV95cUxNbHdfeTJaaDBvdE8xZXNjendORVQ4YXprRmJKdElnZ1pyTG5MbEZYSGc2T1ZLRU9PZE00dGhDLVM5cUVLOUs4Rl9vaXZ0TzllZGh2cHEwQ2xubkJPSUdxNVhkbnlVcWtka1QySlRlcG9ib1NlbWJLckZxT1lfemV4VnlkaDZTRW1GdUc3X2VLeDg3OHFZalVXcUNhSTBIQTNWcDY2dkV0R2dKRjZm?oc=5,0.0,neutral
2026-07-13,2026-07-17,MA,MasterCard(MA) Stock Options Chain | Quotes & News - Moomoo,Moomoo,https://news.google.com/rss/articles/CBMiqgJBVV95cUxQcWNOdzZLa1BoZFkxczAyRHRYRnlhdHp0QXpSRzRQMVBiSE5acUtwdm0zYkYtS0UwYjJ5emZNemZaZVBjdk1PeUI4V1o2bWdWYmoxQ1dTc2hBOVI5Qlp5WUpFeDlIU3M3WFRUeU53bFdtVmV5dnpNS0x0QXVYbS1VN0FWOEVIODFKTUVadlkwNk1XVEJWS0lUUHNiVjViYUxuWl9tMkNxeWdUcnZYMzlnYnczV1RUaVFnbG1JVlptMEJFWUVTb2dOTDc0RHpJWV90N2pGX2tueVU0VXczcFcwdG5yZ0VwNWlqejJxNS1EcTUyQllySlBGaXdhRFJwYjJwbUhzVjM1a282MFFBVlZzc0tib0JuRVp5WjhqTWxjN29waWVBUEZwSWZB?oc=5,0.0,neutral
2026-07-14,2026-07-14,MA,Mastercard Incorporated $MA Shares Sold by State of Michigan Retirement System - MarketBeat,MarketBeat,https://news.google.com/rss/articles/CBMi1AFBVV95cUxOUmd6QzkwYmUtNGRZMWdwRmJFcENFUnMyeVR6Mkc4LXVtdjFlTlMwUWRqMHFwUzJOeFRIVi1VaHRncnlNTTJLY044WHM2MER5ZGZsQnlMeFJDWnoteU40UXZLaUhRMmVQa0EwcGM2UnB2dkRCV1hSX3U5Mk5rNUJDV1J3aUNEZ2I0cDctMWpSVkYwRUw4NXZINnpxMHlpanVXRVpMYW4tNWxIY2dqRzFacnlDSU8zeWppWmR1ZWktdFFXU1JKTFk5ci1wWldnSXhZbWhmZA?oc=5,0.296,positive
2026-07-14,2026-07-14,MA,Which Stock Is a Better Buy? Visa or Mastercard? - The Globe and Mail,The Globe and Mail,https://news.google.com/rss/articles/CBMiywFBVV95cUxNMjh0Q042enZ0MEJUdGFCMUpTRHFhc2xDSk1PRkpWY1VBQTJOM0JZT2RXR3BZV1FZQmRKMXhmUHFSaGR6a2ZxZ1I3bHAyUExUS2ZmQ0czcDc4LThlZzdiTlBpRXNIYnlaendReFcteWI5Mkx5RXYtNzZNcVZvdHN0LVplYUdPRV9UdFRoNmxuaWZ6ZUtfVGxwMnhpZloxaWlxVG40NkNoS0kyYUhQRXZ3SVp0cF81T2JTSkEtVEp0cExfbVNURzN2eUZBdw?oc=5,0.504,positive
2026-07-14,2026-07-14,MA,"Bleakley Financial Group LLC Sells 2,771 Shares of Mastercard Incorporated $MA - MarketBeat",MarketBeat,https://news.google.com/rss/articles/CBMi0wFBVV95cUxQcU9oUWJmeHlvQ3JadmxXbEszdk1YM0xFdmFwY3V6dVdka1FjWks1akJiT2ljMXR6YkROMVBtcVRxRjNIaGtqcmpmMWJRRU9rVHpBczlBOFlzQUpWb25CZ0RScHJLYllyUHFudWNfWmlKNFRMX2RVMk1UUnBiZ0Fvd2o4OUN2cllQNndoenVhZ182NDNHWjZHcFlrd0RXN2JrQzRQMEozWWdWM2xqeUhhdU9GU2pCblpUZkRES1c0UUhELXd5TzRFRnQ5b0xwR293c1pn?oc=5,0.296,positive
2026-07-14,2026-07-14,MA,Schwartz Investment Counsel Inc. Has $91.67 Million Stock Position in Mastercard Incorporated $MA - MarketBeat,MarketBeat,https://news.google.com/rss/articles/CBMi6gFBVV95cUxNY1dIaVlLNnBxSXdjanVfUlh0aVI5S0t6Vld5ZWM4d3FvODhyME9pcnN4MjEyUDlyTU5NTjFDQmVVb3RHQzJMOEdIaWYxM3RFUkh4SVNnR0hrS2ZuSzRYTGdjQ05yVi1pcjNQaEhHZ21IRGZfVEE5Rkoxd1NZUlQyQU5NZ1R5UzhCa3Z3UG9pMFNlVHJhVkhyOTBESUFnQTZ5Y0hRUUt6d3JjcS1kUFF4YUdDaUUwZzhlUEg5TWxRTjY4d3BMeXp1WmFwQlBWUmdSUnFBR3hPM0VFYW8xRmFITFdvS2x6Mmd5bGc?oc=5,0.0,neutral
2026-07-14,2026-07-15,MA,Baird Raises PT on Mastercard (MA) Stock - Yahoo Finance,Yahoo Finance,https://news.google.com/rss/articles/CBMimgFBVV95cUxQUXlCS2R1aVhoeWdzWHpXUXRXSXg3VUhGWWR6a3Z3NTFSSmV1TUQzbVZEblVoNjdVWDBDZk52M0lLU0xUTEJsbV9JOUs0anNpOWlwNDJxR21WN0FZMlVZaDNTd3lZa28tVDBDSGM5UFJBOG5XNGE5YTNvaXI3TElQVVpCQWNrUEt1TFJHaUh0UFlUeF9CN1BXbFRB?oc=5,0.0,neutral
2026-07-14,2026-07-15,MA,TD Cowen raises UnitedHealth stock price target to $430 on MA trends - Investing.com,Investing.com,https://news.google.com/rss/articles/CBMixgFBVV95cUxONHVqeHlQVGN2aFlpYWdPanRSS1RBd0tIdVpWdTRCUlV5UGlDOGt3OV9WMU8xQXVJTnVwRDkwX3N2eVcxUHItZGlCdkotUC1fejNXY1pUbjA0aWdYS3JXSURfOXNrWEhpZ1hhOG9VWFdjM1Q3WENMNDdYdjhuclFOb2tVNktSdjgzdHY0VmNnX3dPS2NYdE1NV1RYeTFNWFN3enp0anExLVFaQ1ZGV2l0SFAyZVFiR3JQZlBmeWR5SmthSlp1WkE?oc=5,0.0,neutral
2026-07-14,2026-07-16,MA,Barclays Initiates Mastercard (MA) Coverage at Overweight - Yahoo Finance,Yahoo Finance,https://news.google.com/rss/articles/CBMiqgFBVV95cUxNMklLUERmbUgzdUZ5LWpZUnN3N1JSVWZzT2JVa1dGdWZFWWV4VnV4eWktTjJhR0J1VHhOLWdKYUFBdV8zY1hJaTlVTllHYnhweTNGdVp6WDNNcGVRY0xsQ2xHUkZ5Ym1pLXl1ZmVWUTlvMjR3azR2bm51eFZHblF6RjFKMUJ1aXNRVHBpSnVrdmx0M2tKdzEtamxLM01SMVFvaGxRZEZLTVhFZw?oc=5,-0.3612,negative
2026-07-15,2026-07-15,MA,Mastercard Incorporated $MA Shares Sold by Sanctuary Advisors LLC - MarketBeat,MarketBeat,https://news.google.com/rss/articles/CBMiwwFBVV95cUxPc3VOMEQtU29nRVo4ZlJKaU42RXlnc1dRUkF0Z1AwVlZCZVZ1anQ3LWd6R3NMZHMtbUZVSlNBMEVmNTF5RW05d0ZUcEtuQm1Rc3RIUmN4QXZNNmY0WG9QcjRGMUR2LTg1OHFyQ1Frb1lDNVpoSDF5cnY2RmZOLTNSR2NuU2l2SWlGMGJIajYteVFjaGtva0VteE1WU1BrbTJseno5WFdfSHBwcURCZEV5SjZhZ3BUVTQxQXFsaG0zN3ljTnc?oc=5,0.296,positive
2026-07-15,2026-07-15,MA,Livforsakringsbolaget Skandia Omsesidigt Boosts Stock Position in Mastercard Incorporated $MA - MarketBeat,MarketBeat,https://news.google.com/rss/articles/CBMi6AFBVV95cUxPSm94MElnWDVCRUF1OWxSa3lOcEE1c2RiMjhvTFExS3lrZElaSzREcUlTVjkyRDkweFhFTGhQcTlLTUxPYU1BM1NLRHJsRVJ1N2JnMkRVWkJRUkpMLUhMV3V6bXNNT2lMRVpxN2hRVlR1VV9rdjNOSTl1M3NRNlN3Q0xvdW1KTVhaa0dkUkFxdHBiSzFsNlNSVWI3TGx5cXQ0UF9DaWdfdm9GeEZFUVlYX1F6OGxfeVJNci1lbXh5bWNyR1RfcG9zZkU4RjJsTXhmWkI5azJGdjVnbXJIT0VXdVBkSEp6UWZ6?oc=5,0.3182,positive
2026-07-15,2026-07-16,MA,Mastercard (MA) Stock Looks Overvalued On Regulatory Pressure And New Competition - Yahoo Finance,Yahoo Finance,https://news.google.com/rss/articles/CBMiowFBVV95cUxPekJnY0ZNdThuTGdaUk12ZzV6Z3VZSXZObm5xNk1wTXFBcmdSQXBNY1N6ejNkdjF3blV5enNJMDAxZmdxZXFDV2RtTHA4UTZpTUNWMURPT2RlSl9seTdqZmNWdjRJYzFMd2NBV3VIcjcwc1MwR2F2Skt6LTBOUlYyeHpnYnpsZ3Z2MnB5c0xCdmxVNngyaEt1UWlnWE5jUlFFYjVF?oc=5,-0.296,negative
2026-07-15,2026-07-16,MA,"Insider Sale: President & CTO of $MA Sells 3,440 Shares - Quiver Quantitative",Quiver Quantitative,https://news.google.com/rss/articles/CBMinAFBVV95cUxNQmtkbnlRVjNWaWNCQ1NzYkRNbXZuekdaVTRhb3huY1RobXk4NDFwSFJ1SDExWjg5R3dWbTFRb2htLThpMk5UblZxTGZpNTNrTXdaWExDZ0NkelU3M3QwSnU0UDhJX0VtZU05b0tnZGs3Vl9HS3dVRjBCdEJodXlZSl8wT0plWHdLOXFiZ2tDem1KbDlNSFBjUnFzUm8?oc=5,0.296,positive
2026-07-15,2026-07-16,MA,MasterCard(MA.US) Officer Sells US$10.59 Million in Common Stock - Moomoo,Moomoo,https://news.google.com/rss/articles/CBMinwFBVV95cUxPQzktZ0dTQVg3YmVWSlROa21yT1d1b3B3VGRuVWxzNlI2S0pQbzB4LVp5UWg1QnMwM1FqNUpia3ZrZHBWQ01MUnIzU3BfNUtMWWtXaVcwSnd1RmpLZmpYQXZpSmdQOWtuMGN6a2x6ZHZqR3g2R1R2dFU2OHNJSFlDWHF1MjctYWNydlNCTjJocXpXdkMxaGVGTUh4QXl2Q1U?oc=5,0.0,neutral
2026-07-15,2026-07-16,MA,Mastercard controller (NYSE: MA) sells 344 shares under Rule 10b5-1 plan - Stock Titan,Stock Titan,https://news.google.com/rss/articles/CBMiqgFBVV95cUxQX09yMjlCY25iWW1tSGtEWFNZN1BvSHJNZ3ZwZ3V6X1pjeWlEMHJINEE2TWZyWVI3Q2xEc0xoWTBoS2xyb1ZZQVdSYkhxdmUtS3pvNERWRTBOcEwxNEJESVBVVThwV3hXYzdmSERfMGx2LXlhR2JtZXdEZ2JIRG4tY2lMSWRkMzJreUZqSUFENFlTUlc1V2RoQlQwWXF3d0VnZVVCY1ZhV254QQ?oc=5,0.296,positive
2026-07-15,2026-07-16,MA,Avoiding Lag: Real-Time Signals in (MA) Movement - Stock Traders Daily,Stock Traders Daily,https://news.google.com/rss/articles/CBMixAFBVV95cUxOM29ZNWdIQzl2aXY0NzdQdUpQaDA4NHg0NldibG9qMkx4UmdDcWN5bVVibjdSdGwwZU9UUDV3OXFGTV9lRFNzNDB6bWdrdUU1UzNlbTFXMV9EcVdOZ1hUSDJoNTRpQTZ4RFg1RjlhX3llUk1FRUVoSlNQaTRCTm1vSkgwUUlYMlNfRjdUMktyODFRVDFlV3FnNkg3QkQyZVVOUk43WkJKNkZINlFBS1dNdmRWVzhmeEc3dnNyazhWY1NjTDUz?oc=5,-0.5859,negative
2026-07-15,2026-07-16,MA,Mastercard (MA) Weighs Vocalink Sale That Could Hand UK Payment Rails Back - simplywall.st,simplywall.st,https://news.google.com/rss/articles/CBMi1gFBVV95cUxPSTJYWnRMVU5VTVFjZmVfajQ4aVVkWVJpVmQyMmJTSG82RmVuMktmemVFLUJNSmtETWJ0V2JZMDJHWUFkRks1NUVuUmJmNmFlMHhuWGN4MDFiaEN0Vk9IdWJVWmRGOFdaZ1VoLTZLR0tZd3ExbzBBZ1F0QW1ZbktKWE45R25OREM0UTJwaDVkVVp3THpaLUpCWGVfc2oyNHBMZkhyZ1NsSmo0em80Vk0xd0YtbEg5X2ZoWVp4Z2hBMTF1Tlo2ZmQ4Wk8tUGlSVEhfY215N3Vn0gHbAUFVX3lxTE8tRE1Tb3VQa3VNRGQ1SDZDNGxIVkJmd2ZyT2FvamRFMXRHRUtpb1pWNXhMVDZwcms3Sjd4R0M3eXRIVkJHNFFRUE9rWEx2eGFiNkFOUW9sRk1fb0FvUURKRkRmQWZxak9sX0RCV1Z0RVJtRGNLSnNTc3E2ODd6VXVPUTdtMFZyOE56RnhEY3dnV0paZmVIcnpwNFpXeWlUVVRkZ3p0VV9hd28wXzNTejNhb05TR21Ib0o0SlZjYXo0QnJsT01NTmNPTjZ3VnR1YVByN1JQRUFzempscw?oc=5,0.4939,positive
2026-07-15,2026-07-16,MA,"Mastercard (NYSE: MA) CTO sells 19,800 shares after option exercise - Stock Titan",Stock Titan,https://news.google.com/rss/articles/CBMiqgFBVV95cUxQQ2N6MGlIeVRuQVZ5VjByRjBnLXFkOE9FbU9uYWxJWl9sVTE2N2pEdjU1dlhKT29GR1ZsRFJJREZNQ21kNVM4TUNiUWZFS3UxNWtvcWljLVlHSXR1Y2hEQ2pBeDhrZEVpVkdWbXdXQ3RrY2lHQ3dWall5dVJnRFdac0xYWnZ6WF9FM3g0WWZNRUpTelgzRmZwRDEzX1g3bWY2cW9qamFpaHNnUQ?oc=5,0.296,positive
2026-07-15,2026-07-16,MA,"Planned 19,800-share sale by insider at issuer (NYSE: MA) - Stock Titan",Stock Titan,https://news.google.com/rss/articles/CBMikwFBVV95cUxOQU5uTEpmaTRHaTRfZTlGLUlqRk1QdmdXSVFRV1BtMUg2YkU5MFBWTnVIeG1IVXBpUU5kSHc1RG1ISFNFald2RHJzQ1JwY2ZXR3BUdmFaeUprazZyQkszTUhrWjBPeGJMMzJLaHpLMGFWODdkNk9aRnRTY3Nyc0dxeE1GTjg0VVF6M3M3UGN3Y01NTUk?oc=5,0.0,neutral
2026-07-15,2026-07-16,MA,Oppenheimer Downgrades IBM Stock After Earnings Miss Triggers Ma - GuruFocus,GuruFocus,https://news.google.com/rss/articles/CBMitwFBVV95cUxPNmgtdlF6N2JBRTVIZVFRRzNIdmk0akpwY2RRejl2S1hxS2NQT3VaTXc4U014QTU1djBRaFJpM1NBZkxBVXhxZVV6ZnBGeE9zMTNVSVVfQmpYSThIS1o2eE5UWnBzcGFlQ2FkUy1UZFJrTmF6bnpuenI0eVB2VnVxaGNVMHl4NzBmb0xSdDd0T3N5MWNHUkRKNVhQbE4tZG1pbWlWSU8tQTZvSkNBY1ROSkdxLVJnNWc?oc=5,-0.1531,negative
2026-07-15,2026-07-20,MA,"PayPal Soars 19% on a Reported $53B Stripe-Advent Takeover Offer: What It Means for Visa, Mastercard, and American Express - 24/7 Wall St.",24/7 Wall St.,https://news.google.com/rss/articles/CBMi8wFBVV95cUxPOU9DNGZXS05vOXdNamFTS1pmU2JQSjRBMUU0c2EtNFlhVjNEQUphMkdMOEhGYTRxRmZLUVQtZXMybTJuRkZaWGlqYnBtY0lYaElGOXRjQWZfc2VJY0ROWl9sODBoU3B6YVNEMkwzRDZkMVZCU3pQN0NzOXdaQzUwcGRrNEh5NmVEOEtfWXIwNktCSDVhMFFDZjBUazJfUzdNaHNlNDkxak01d2d5VWtWaTcxSUQya25heG1tSjlkNW8tVkZpc3BlTl9PNGxoN3NWcUE3ZG8zazJIX3h4aXdVQTQxQnV1QjM2TXNEbGMzR1QxYWc?oc=5,0.0,neutral
2026-07-16,2026-07-16,MA,Mastercard Incorporated $MA Shares Bought by Nwam LLC - MarketBeat,MarketBeat,https://news.google.com/rss/articles/CBMiswFBVV95cUxQUDY2aTBUWkI0ODlULWNjc2lvTEx4eDB0dTJKTGdsQ3Bzc0xZRUI0WHRremhsRWtXRG9HenlTdk9RZlJqRUo0SWlEbmppWUFXNkVMOF82dUppdF9KYm9FWE5GZHRZc2pvdEtxU2FmV295Y01mZnFncWdnX1FsVmZXY1lHMlMtVGVtNThSaWdJanZ3ZEVIdk9zeHFsM201cTltLVdkaVNaV3VMMktBRTNMSm5vcw?oc=5,0.296,positive
2026-07-16,2026-07-16,MA,Guggenheim raises Elevance stock price target on strong MA results - Investing.com,Investing.com,https://news.google.com/rss/articles/CBMixAFBVV95cUxQM2k3QVJ2T0JQQU40akRWQW4xbWtRNFJNazZubXFOSldud0JjNFFlVDFEaTU2eDFlN2V0UXZxaTEyY09Hb1BvTFFGN2ZKaGpaOE9Qb1lvcFBwVkV2X3dzYXNPb0JBM2c5cTZ6WGYwSXNaRmhwQ3JpU1pqOW41M01LOWUyMHRBZXBEaEpZdVFISkRoMUppai1SeUNtQ1VCWW5faXRVSHZPdjE1NzFyQlR0ajMzTG5Rb0ZOS0N5RFVLdGtlRjJm?oc=5,0.5106,positive
2026-07-16,2026-07-16,MA,Mastercard Incorporated $MA Shares Bought by Illinois Municipal Retirement Fund - MarketBeat,MarketBeat,https://news.google.com/rss/articles/CBMi1gFBVV95cUxQbEsyT3cwYURteWgwX1ExOHdMMGNTQWdQalQzVE1CUmhkODI3bWFQRTJkU29RUng2eFJXYzVmd25xZG51RGtXcjhiekF5ZmVsMWRpREFUM0FBMmdkM2duTVlaSG0yRXU1Y2EzSWNGZUc0MTMtenVjWnVLQjhXQUpIODNUazQxZ0tvTXlOUGYtYnVERk1yUGZWek9rLVdUcXlYOTRUZnVyYlZYRzd6bV9HSTlMMU96MzVsZmZlQ21CUkNWU2RtWUNQNmZnRm1ZVmRfeXJ5TV9R?oc=5,0.296,positive
2026-07-16,2026-07-16,MA,Bank of New York Mellon Corp Reduces Stock Position in Mastercard Incorporated $MA - MarketBeat,MarketBeat,https://news.google.com/rss/articles/CBMi2gFBVV95cUxNZ1BJcTBwS1ZmQmxaOWprLWFkR1oxMzJtalFDYjMwckFmb013N1QxWWFXMFJIalg4a2xfM2NuaWNCQTlOWjZ6RzJFRXBTa2t0akphLU00d215d1JFUGxwNGlPT0UzSm1EbWtHS1BCaHE4ZmdOZkZFaklNenhZZnFKMHF4Qjk2Q2RXZENDUXVsQlpfUFVNT3k0TVdkT3FFNkVfc1dWRWxOX1hFV2ZuaFN2YVdqY2N6OFhFVkFrZTdIcjJaQlJDaU9CTTkwN0hGTlBzT3BJU0Y4UzNaZw?oc=5,0.0,neutral
2026-07-16,2026-07-16,MA,Insider Sell: Sandra Arkell Sells Shares of Mastercard Inc (MA) - GuruFocus,GuruFocus,https://news.google.com/rss/articles/CBMioAFBVV95cUxQNjJQOVpsVGJHSjdOV0I5ZlZXcVlvZ1R2c0xNbFZCYVZ3TldUSzdHRlFuMVVlRmtmel9QRW1iajdqRGg0aGIxZkRVdHNVTnZ3U1JCdFBOUVNBTE5udmowQVFQMnA0dVY2dzRXUXhtMndqWG9VZ0RxV09VTUM2aWVGbXEyelNEdGllWVZIZ3dnMHBNMzBPZlRJblg0bTlpMVBB?oc=5,0.296,positive
2026-07-16,2026-07-17,MA,MA Stock Quote Price and Forecast - CNN,CNN,https://news.google.com/rss/articles/CBMiTkFVX3lxTE12aFA2VU9QNG5XUUl5ZUI1U0JTeDg3d0FITnFPRmhia2xlMjFYLUthQXlvdTFUMVB2c19yM3BoYTIyWVNna29Hb25zWUd6QQ?oc=5,0.0,neutral
2026-07-17,2026-07-17,MA,Mastercard (MA) Stock Looks Fully Valued With Earnings Priced In - simplywall.st,simplywall.st,https://news.google.com/rss/articles/CBMi1AFBVV95cUxPRWxPTUJlZEpPWWwwRndoZFlEcmhxdGxVakRLNVREUzRfT1k5VW4zekFleXpXcVZ1c01aaU1QRDg5X2VaTzNBaG5nQjdoSXBHYXBWTEUxV3gzUDNRd1BlRC1qSnlsR2NTRTNuVC14R1J5RWJYM1BmSS1qeFR6ekVyVWdjTnNmVGRjZ25PSVB1aWtxLTB2TG1lUjNCYl9TUG1hbnlJbVhTaF9ObklPTXU5WGRWM2pJbXhFTzBuVENKN0hxMWtnLU9nVUFNZEN1dml6blBiSNIB2gFBVV95cUxPX2lDVW1lZWlQZmZVVG5TUnhwYjd3a2xGU3V1QlN3VGM2TFVEcldTa3ZwaUV5cl9hR3ZmSkZWd3E2MUl5Z0hpN2IyVHZhS21kZ2pKSTdtTXlfLTM4Smk4SkxqVTRkTTlyNWhaSUN4LUNJa1U3OWlFU2VSM0VFQ0R1R2pRSjJrV1p4UXNmVzZYMnhscmxSYXIzcDdfY2JNb1oyLXJJZWdUc1RGNnpTWVE2MndqY3UxckMyRFJTYllpSnc3UFJub3djRzVQc2s2SC1nMjF3UXhwTUFUdw?oc=5,0.4927,positive
2026-07-17,2026-07-17,MA,Mastercard Incorporated $MA Shares Acquired by SteelPeak Wealth LLC - MarketBeat,MarketBeat,https://news.google.com/rss/articles/CBMixgFBVV95cUxOVXBpV2RET0dXTDVOMkktUXNrdEk3MFZwZklXdHU4YkRJQ0dfczEyVDE0X1Fvd3VLMGRxbm05Z05GdjN4VFI1bGZPWUtIMEh5LVdYTXVqb245cXBvcEZPSGpzcTA0YzlaSWcxRzJYMzNNYjd5dkNqWmZ0aDItZWpENjdOUjdnZFRsblB1dURsemRZSG5vbXlYbFppNWVvMDh4X2ZTS1BubkNiaTluUWJ4emJSdWVndjFLNENranRxV3NXNC1YNHc?oc=5,0.6597,positive
2026-07-17,2026-07-17,MA,Mastercard Incorporated $MA Shares Sold by NFSG Corp - MarketBeat,MarketBeat,https://news.google.com/rss/articles/CBMisgFBVV95cUxPb0tEVHkxWGVwMnYtUTB5UjBVSUZnMXc5cE12N1gtRGNJUDk4X3pzSWNWaGZzTTA5d1JPa2tGUm5UeDAtWk5OVDJlMHU1OTFGQXFFSXB0OXNLODZFejR0RUF0elV4dE9VWmNmNk1vUmV1YmJsS18xYURMWDRzZk90WFBEWFdmbXRkRFNlbUl5QU5JSW9EdUNvLTFtTXgxaHBGM1BnV0I4azJHRmNmZG1DaFVn?oc=5,0.296,positive
2026-07-17,2026-07-17,MA,"Assetmark Inc. Buys 15,025 Shares of Mastercard Incorporated $MA - MarketBeat",MarketBeat,https://news.google.com/rss/articles/CBMivwFBVV95cUxON2dfMm1mcXl4N3JxR3VtcDhUZC16WkYwX0JyZmdtTFVMR0JKYnM1czFUX2g4aFpkRHFtZWx2SHUycTFfZ1d0M3NDUnhSSlpHTGlCWmxRV0RLZVhSTDVnVHVKLVoxcHlMS2E5Q0pTdzJzX2JzZk4tRnpkU3dRU29QcG5yUVc2ZUZrQkEwNHBMQXVQYmFUYndNOTVNakpzTllTalNZeXNqY0FpUUR5VEVYZXNCSDM3MzJsN3laMWZMcw?oc=5,0.296,positive
2026-07-17,2026-07-17,MA,"Allspring Global Investments Holdings LLC Sells 69,628 Shares of Mastercard Incorporated $MA - MarketBeat",MarketBeat,https://news.google.com/rss/articles/CBMi5gFBVV95cUxOdDRydEJTQzh6WGlvWUNXZlF1RExQcW9qdHZvTGc2blk3eldjMW9MWFRnbk15X2UwdWUyOTVza0pCR2VrWUpaQmxCckNSeXpHVlNEWERtWDlkWkpxQXNMMmFqZm10NjJOX3FFSUZ3VnlxNXY5c3JLdnlFdndfNk1YaTZaVjFQSjVYNzJ2ZjU5YzlIbDFDUEJSQ1FGMUd5bUtvM0pucHNfMUtzVzRKRFV1Nl9XUVpCMS1pd1ByamY1ZF9TZHFjWnJ6WDEtY2ZoZ3lCLW9KUUlHcTd5OXlUbzVmeWxCSGRlQQ?oc=5,0.296,positive
2026-07-17,2026-07-17,MA,Sen. Tommy Tuberville Sells Off Shares of Mastercard Incorporated (NYSE:MA) - MarketBeat,MarketBeat,https://news.google.com/rss/articles/CBMiwwFBVV95cUxPOU5ORGN2ZHNkX0E3c1gzMWt6MXFkT2lYcHNmS2lmMTBaSEJnMXdnY2twUXp3ZkdSaXM4V0EtT21Bek94TVlxQm1yUWFsdkpvMXhZYUFCeGI4c0FfdG9fQlRsODhvbXFiRWtGTllZc3FmcURlN2ZRNWs1YnZXOW5qS0QtX1BGU2x5TUZ4TnpRb211R1FYelB0Zjc0QVlxdVB3d3pxU0ZRaHVpN01kemdNUlJzYnhhcUYxcGdDNEYtQm1PczQ?oc=5,0.296,positive
2026-07-17,2026-07-20,MA,MasterCard (MA) Stock Forecast & Analyst Ratings - Moomoo,Moomoo,https://news.google.com/rss/articles/CBMiggNBVV95cUxOdVVkb0NFQnJhZHNFQUt4emlEMlI3RktDTFNlM2xWWjVLVldZLXhsXzB5b0VnNzI1RS1aX0o2d2tTMktBQUZrQlZqRFhxdUNoclVkeHVMTmItbW9LUDNPRnJSY3c5SmFobXVMSjJTMGhqTUVVbWhsVWJxbUM1YnQ3WFc2anFtelM1dFQtdE9pZk5JQ2x1OXBJYUhlSFFwdzdkbWFlOEdPMFZqX1FSbHo5UkYzc19idWRwOWhOZE80QUxIMlE5LUNFdDlYNW9VZ0xMS0pSS21EN2wtRWJONVhGRDhWc0dmY29ZZEN3aVo2YWtic294YjNXc0plaG13QWpvWUhtSkw2RUlBblk5ZjJySWVrLWFyOV9BMDNORFc1bTFPbnUwY1JVUmxMRVFxR0hsY2tqNlBFTlVzcnA3OElvQ214NWh5X1RjajE0UU5fM3VKQ3p0em5jQmZnVnhfaDVCVDRjRGEzVGFPa1Q2NlpuUHFvWFhaamtpYjV4LTJadjA4Zw?oc=5,0.0,neutral
2026-07-18,2026-07-20,MA,Mastercard (NYSE:MA): A Strong Growth Stock With a Promising Technical Breakout Setup - ChartMill,ChartMill,https://news.google.com/rss/articles/CBMiywFBVV95cUxPMDUwUGZUMkZtQWJpUDlvXzVHVmlpNm5tcmUxRXhUdmZoRlpvR25fVlBNMnVIdm01Z041eHJ0TjBHR1Q4SGNCSWNocWt1TndYeEtNblZzWXVwdjdaSmxCdHhKLVp5WVhCQTY4OEFSVmh4c1NrWU5IMDJIVmduMmdLLVF0WGxpVFpoMHk0TzJZU0hOdHF2NldzVmJhVkFmM09pckJsRHQ0S0pIV3QwTnNUck5sSTVPaDEzQnM2V2xwMEhUS0Rxa0VCVWsxRQ?oc=5,0.8225,positive
2026-07-19,2026-07-20,MA,"Swiss National Bank Buys 149,000 Shares of Mastercard Incorporated $MA - MarketBeat",MarketBeat,https://news.google.com/rss/articles/CBMiyAFBVV95cUxNODk4UG44TTFpMDBwNXBJTWJ1ZjZwel9mWmprX2xHQXR0M2lISDhSUnFhdi1MOEZjbGdlMFRvdlhJU2RpeEUxZkFITkk3UzNfWFotZURuTmt2RHhDTkRQa2hNbFYxcm93cHRPREg1YjEydURtQUZsYWYyZEJsSjdEaUxFdkpnWmxxY1ItYVBSMVZfSmxiS2NHMjBqSjVBSjlHY19HUkJHcXhyU1VHTW1hd2IyYUNua21sc3VwOVQ0WjUtd0dLMEZYbg?oc=5,0.296,positive
2026-07-19,2026-07-20,MA,Mastercard Incorporated $MA Shares Sold by Modera Wealth Management LLC - MarketBeat,MarketBeat,https://news.google.com/rss/articles/CBMiywFBVV95cUxPd2RneS11Z0N5UTZtcVZsc1VzVkVfeV9xX3pON1k2dFVnVmU1cmtveU42ZUNzaG5Ud1dVQlZnbFJRd29fUTc2a0szelJpbWRYM1pvbmNzVFJJLU1TZ3pqWldsWjlpNlppdUUxSmdqQXZ4akMycW1ObWo3MGl5ZDliUk1pcU01by1LWEkzZGNXLXVFSmpzcUZQQWt4MVVyY0owemlmM0ZTYmx4V2d0Z0FsdnAwaDJzQzlJUW1vY2lFdG15Y1hYWDU1YzRaUQ?oc=5,0.6597,positive
2026-07-19,2026-07-20,MA,Mastercard Incorporated $MA Shares Acquired by Mediolanum International Funds Ltd - MarketBeat,MarketBeat,https://news.google.com/rss/articles/CBMi2AFBVV95cUxPY0tMYjFMSnphVk94ZXQ5YjhISHBZYjlXMTczXzNuTlNhUS00OVktM0V5S3IxYVptMFJhZFZleXFicm15U21aX2t1UUw4c0g0X2paWUhHMS1TX3o1am9faEh4ck1VZGdpSkV3OFJMdUhMck04c2d6S3NnaVN2VEtDeDd0MXIzeEl3N3dfVlpQWWEwNnZoalVZVDBkanVBbEl4VUZ6UXJEUnh1WmVhcXNHMC1oMGF6c2ZrcFd2MV9sN2cxemxITEZmMXhlS0dNc1lUaTdaVXBaVjc?oc=5,0.296,positive
2026-07-19,2026-07-20,MA,Jennison Associates LLC Has $2.56 Billion Stock Holdings in Mastercard Incorporated $MA - MarketBeat,MarketBeat,https://news.google.com/rss/articles/CBMi3gFBVV95cUxOT0JqeXlxYlZDZ05qQWt4MjdyV2RGcWhtSmxNdXVvQUYxZDF3UzI1M2RSZmdSWGx3dWtXcUR2VTY1UzN1b0FHNTBqN2RXVnZFS0dGSG5ZeUx2emswNEtlT3NFZHJMdUdtVFVfUWY0cWdtaFBwdUpTNURwSmhfUXlnc2Q2eFpyODdrYlROSnNJTHpKZEJlU1BwcWJNMDVwSVdKWlliWWRYRWlPNllPcm1lSjFWTWlKWkZGMEt2a1M3U19ZWWV6eTJaVlhtdk5qRUNYMEtBWTBWa2t6TmRGZHc?oc=5,0.0,neutral
2026-07-19,2026-07-20,MA,AIA Group Ltd Boosts Stock Position in Mastercard Incorporated $MA - MarketBeat,MarketBeat,https://news.google.com/rss/articles/CBMixAFBVV95cUxPZG5abklYdVJacjFZYU5vNGRIUy1IRzRtX05YNkNtWTB5dElZbTlrVGNmYUpqVFFaeGUtdVJ4XzhVSWZIb0hRWFdJZW5TSUR5RVNzMVhhSF9ZSE5TVmdyT3VUQnBwZ3RIYUxRM2tEbUZRYkdGSHlQMXRyUDdtU1VsQTFmU3BUc0N2d0dCRHRNU2dRbDU2cS05TVotQS1naTVOOVlxaE5nT3d2UlZocHJYamJZS0hvbVFRckc2S1hSVm5NdjNF?oc=5,0.3182,positive
2026-07-19,2026-07-20,MA,"Hsbc Holdings PLC Sells 24,013 Shares of Mastercard Incorporated $MA - MarketBeat",MarketBeat,https://news.google.com/rss/articles/CBMixgFBVV95cUxOMTFOOUd6aUJ3TTRwUS15Mkc4REhibzc1dWFlZzhZcUhOVmFkVnRKX096T2hwb0pQaFdPaUxzczdqVHZwc2JTSG9PZEhBSmZKbU5pczhHb3puQ3hQaWJ3bVlINmdkQldkM093REdWTmhKWmtHSUdqN09BZkgzM0syNnd4TVFFQ3kwbWo1NEs5Q18zWVA4N2pVQVhBLU11V3Uya21GVDJVR0JleTJfNWZBVVcxVkxaZzF0WlNJWUNIUUFhWmUzblE?oc=5,0.296,positive
2026-07-19,2026-07-21,MA,2 Mega-Cap Stocks with Impressive Fundamentals and 1 We Turn Down - StockStory,StockStory,https://news.google.com/rss/articles/CBMiwAFBVV95cUxORE5KZlhua0RDdDhDdGdQUkltQ29wQV9VcmJ6QWZtaDhDOEhnbGYtYmF5V3paM3AzWGJiNVdkLXFJNnlmMmR4Y1oyNmtsNTlZY0UxZFV2aXJuVW1Oc2pVX0VVbDg5eGNZSXZwMnBKS1Q3My1RbTg0Y2NfN0FqV0l0emlDUTcxdXV5T2ZqelJ2YUZBOV9TdHZfTXNVTC1GNkhTU0o1Z0NlSGhDT1F4WDdpa1pZM05RUWhMb2Y5Vl9lWmo?oc=5,0.5106,positive
2026-07-20,2026-07-20,MA,Mastercard Incorporated $MA Shares Sold by AlTi Global Inc. - MarketBeat,MarketBeat,https://news.google.com/rss/articles/CBMiugFBVV95cUxNOERyMzBScC1jbUZaMEhFbHBRcl9hVTdqR0h6TTVwczByUG1iMmJJQUZwWmdCTlUwOWREWHBQeDZEd1AyVlMzOU9JMDh0YU1GRlhGRC1mMTFuSTJ4MTJkMjFmMktRTVZ1bnIxUnRjbUdhM1h4QmI1eHlOTEFENkJ1TU9SaVVqTXNHS2FRN1EzazBMcUk1Z1ZSSnNrVmdEWUNHUHNiY1RBc1Aza0I3Sy1PZldRQTlfUGtHVlE?oc=5,0.296,positive
2026-07-20,2026-07-20,MA,2 Mega-Cap Stocks with Impressive Fundamentals and 1 We Turn Down - The Globe and Mail,The Globe and Mail,https://news.google.com/rss/articles/CBMi4gFBVV95cUxOdF9SUzBmcFVLUmdfTlNxZTRwekg1ZXpUbFgxOGtHNDNmdEprMkxja0hXOGZjcWRUczlERlN1MzZYZWJHOGlOeGhoU0dDUWYwS1Itbnpwamx4b2xLa3MtdmlFczJIbEpLbU5KSDVqckhBVU1ZVmY1ZkJETHB5Vl9NU1hHM3Z1V2w0N2lGU0g2UGdfaVRiYUp6NjYtWFpIY3R2NlUtSnA5NmUyZjRLRkpYZ2R2UUgteXJXQTl3RktUUW1EYUNuVk5YWDdfZXg0Z0ptZVVLV1Q3S3dfbElWMTU0c2J3?oc=5,0.5106,positive
2026-07-20,2026-07-20,MA,"Dimensional Fund Advisors LP Purchases 42,871 Shares of Mastercard Incorporated $MA - MarketBeat",MarketBeat,https://news.google.com/rss/articles/CBMi2gFBVV95cUxQNS13RE9NMzZld2I3MGdkUEFldTlYc0Vld2pBc19aYUN3T0lITE54Y1p5UnpaY3VrMG1TT0NnZmJneWVjM2NIN0otQUFjNkxHMHRlamlEcVdEd2pPTGZNbTdLdGlBTllpWlgwMnE4Tk5pY2U2TjNSSjJBYkoxMzRNajNBXzVEakwwcjdMenN5aWlFWEU1SVpQLWpNakFqUmVJUG5kek05Q0haTWRPc0Nid1ZtaUF1cmhZRWt4VmJDd1BnbzROZm1zVnFhaVFlZVd5NUF6TGVrU0VqQQ?oc=5,0.296,positive
2026-07-20,2026-07-20,MA,Berkshire Hathaway Sold Mastercard Stock. Should You Follow? - The Globe and Mail,The Globe and Mail,https://news.google.com/rss/articles/CBMi2wFBVV95cUxPdU43Z3BCM0RHSmJiNVFERTQ0LXBxTUROdUM4UkE0MmJVanhWc285cEZ6WjVmSUptSTdLLWtKX2x5Tk5KdXJUdkthSlVNbHBCbjFBVmMyaVRtWVlWdUhTTGxHamdzVEhaTV9fLWROWXBER3RxM0wzQ0FyNk85T0FNQ0ZfeEdTSVFFMmtrR3pOZWE4VnVxclJ5eWY3NGlKYWpQZG5iZ3RsYVVPQWt4Zm9lRzdRSUw5a092R2p4Y0pWaDhZdEU4TDFianpOcTAzYXNWQnRkV0g2cWs3TU0?oc=5,0.0,neutral
2026-07-20,2026-07-20,MA,"Nichols & Pratt Advisers LLP MA Raises Stock Holdings in Amazon.com, Inc. $AMZN - MarketBeat",MarketBeat,https://news.google.com/rss/articles/CBMizwFBVV95cUxPOE1GRG1qd0p3THJTMjFhQ1lud2JGYi1DY3pQQnRLUS1KMmFXcGs4bFBNQlhobG8tbDRjT1ZYa2U4amRkQUNkcjRCbFhXQ1k3aXdjNTBlbm10YkhLUWQ3RnhldjdCaTFGYkQ3bS1VRTVTVU1ZMGx4RWRiYnRCdkRCby1FMjhmejMtRy1DaGpMeWxVZXpIeE9oRkNOMFg4RUVoczZtZTI5dTN4bHV3RmhjVlZJdFFRUVF4UEJBOHVFNmtZdmE4TmxJUHNVUHJ2RGc?oc=5,0.0,neutral
2026-07-20,2026-07-21,MA,V vs MA Stock Comparison - GuruFocus,GuruFocus,https://news.google.com/rss/articles/CBMiXEFVX3lxTFBrUk1VazVSRGlvVUdDdXkxVGRkTksycUk3OEVTbXQ2ZVZCazh0anhoekE5bjVXdnZteFZVd0tPekV0b1daLWVubW9QVWQ3cVJKdkZRTzVZenFSTVBy?oc=5,0.0,neutral
2026-07-20,2026-07-21,MA,Berkshire Hathaway Sold Mastercard Stock. Should You Follow? - Yahoo Finance,Yahoo Finance,https://news.google.com/rss/articles/CBMiqAFBVV95cUxQWjM3dWxRRXo2SURSdUEzRFpfQ2pwOVpJNGh4eUZFTFlWSlV0NVJNZU4zX3VFT2lMTFVIMHV1R09MS2ZzMEt0QUxPcG1TeHl2cUZYcUtaZHJlZENwazN1QUpUcEJsQ1hNel9xeEtoRGhEWlVQVjZKNFJCT3V4WHlmUGZfUU96ZkdXOFJXQU1rY0oxZUxWSmdqYUFua0REMElPQXo5aE41Yms?oc=5,0.0,neutral
2026-07-21,2026-07-21,MA,Kapitalo Investimentos Ltda Reduces Stock Holdings in Mastercard Incorporated $MA - MarketBeat,MarketBeat,https://news.google.com/rss/articles/CBMi2AFBVV95cUxPZElrYWQtTGVjM0ZPN3k2Z1M3V3Z2WU04SUtINEJLQ1l4ZGozaThpYlltMTBPcmtGS3BrQVoyVm45Mmt3YnpEMEZYN1U2a1RJZ3ZPN010cHFwSXF3Njh6YXNRaklhUkRVMThrZkVldmF6aE9QNTZOYjJaT0pjcVQwZ0VqcVBaa1F6MFZZMC1QZ3Rma2I2UWJzVzFpODZEa3FMX2hHNTFNX3VVeUV6MzdGR0J0S2k1Mm5NVm54eWk2ekVxRHJYTzc1SXNyNGdXM0Y3VTNIMFcwOVY?oc=5,0.0,neutral
2026-07-21,2026-07-21,MA,Mastercard Incorporated $MA Shares Purchased by Glenview Trust Co - MarketBeat,MarketBeat,https://news.google.com/rss/articles/CBMiwwFBVV95cUxNX2xITjh3SV9ZVHBZdFJnNUhlMnA3T3F4amp5aDJTb3k2M0o3NHZSSWFXUjVjUG9nTWpzQXJIb0xwcmNOQklDYUF0OE9tbkZqNzlyRkE0MDNTVGItZWVvUnE1aUJ5Ql9KWDJVcFljbk00bUNLUWtYd1hmbnZtSWdrcklwc09HTnNuWW44eFFLbFpFdll6ckxuXzlsbmlmaWZyWXc3ZFNIVWxJeThYRGFFNnVoaGUwcG84R0diLVFoc0cxN28?oc=5,0.6705,positive
2026-07-21,2026-07-21,MA,Does Mastercard’s New Interchange-Fee Surcharge Flexibility Reshape the Bull Case for MA? - simplywall.st,simplywall.st,https://news.google.com/rss/articles/CBMi1gFBVV95cUxPTkNDYzZnR3U3cmJBd1hORmwyRnhhSjlWQVFIZmNiSVp0ZkhmWTNRN0c0eVZnaW92WmF2Q2s5cDlmdjdiSElnZ1N5SmlLemhxTDVXeWloZUM4Ql9zeUZCSEwxT2JVYlI2YlNRd21TM21RNFIxNEZHVkt5elJpYkJHanpDZ2VJTy1MZjFUNEJWdlg5OXdiWXRLMHpkZG1lTnFJcXpvLXloR085aW5JZmJ4ckxzN0l2SURfTlZEbnR6VGFsand5N1dvZDh5SzA4ZDRtNGFzT2RR0gHbAUFVX3lxTE85dmFGMTNYQnpSN3REVXotNFExYzJnZ1NmamtWU2pfcFl0LUNPS29fN0pBaEZ4MUpSVWVFNEVkb0JBa0ZHa0p0bUJ6YzZTczc3N2FUUV9vTWZpenpwdlZGb3JiWmduY0g1YXVUSUcwWDByTUR6ZVVpenRGR1hCZ0xpbEhRVHotV2hkbzVHNno4YlJnT2c5dWxlWjl0aklvZXpJYkFEa0JtcHpadk5LUUxlYXF3amtKWWYwZ2ZELVh3djBtWmlQWmx3QjUtajdNb29MWmhHUmplNUdXcw?oc=5,0.34,positive
2026-07-21,2026-07-21,MA,"Commerzbank Aktiengesellschaft FI Sells 15,095 Shares of Mastercard Incorporated $MA - MarketBeat",MarketBeat,https://news.google.com/rss/articles/CBMi2wFBVV95cUxPdUEyb0JoZXJmTGZPdGJJZTQtUGFxUkpMQjJiVXhLMmNkcl9rWWtKbU1YaVAtWXo1OW5WOThvMl8yNENJOWk2ZjQ2MXpNN1N5YjlmTU5hTjR0WEhMU2pnUVBIdlFjRENKdlhMbmZmSXI1UDZtX3p6aXIxbERVZkQteDhNZ09NMFhaRDN3WGtXSlhnQU8wV20wcDN5YUNqNnlZZGhKVkgtR0ZjOWhJanRtdm94MW5GLWJvQ0J0UFdBN2kxczUwYjBkcENvbnA4Z0VZX3BMbGZPd1MyR00?oc=5,0.296,positive
2026-07-21,2026-07-21,MA,"DJE Kapital AG Sells 88,290 Shares of Mastercard Incorporated $MA - MarketBeat",MarketBeat,https://news.google.com/rss/articles/CBMiwgFBVV95cUxNSGhyRlpUdWJycUJqOEpXakotMHNNQU5uTEdjaGVIZU5oMkdqRzdoZjhTaDF4UVM0MkhSLVNDTHdLQXpwTFFUMGNiVHlkYndPbHhlalNyVlQ2NjlMZVdDbDRqMHc5YllwTjJ6TDhhV2dCMnlPcWNMVGEtZ0M5VDdyUk5jb180MDFULXZkRjIxUy1jZE50UVVNOU8tckVfc2JpY2FWakVZUlFXaWdmbXNweDZJbHpFMTU4b1pXT052UnBPdw?oc=5,0.296,positive
2026-07-21,2026-07-22,MA,MasterCard (MA) Stock Dips While Market Gains: Key Facts - Yahoo Finance UK,Yahoo Finance UK,https://news.google.com/rss/articles/CBMihgFBVV95cUxQUW1MeWRDcjhUeERTUkZJUzhnUTZoRkxPd2RFdmhfR3dmRGpzQUMtM3JQem9xQ3JvdU1RdjkwMlRlT2ZQaVBXWllldlJCU19laUI2Q0NIUWhwVWpQbk1zRVZaYmRpa0lpejNwX21nRGRveTQyV0ZBRjBLVkhaNFAwMTJPbnBGdw?oc=5,0.34,positive
2026-07-21,2026-07-22,MA,Bernstein raises UnitedHealth stock price target on MA recovery - Investing.com,Investing.com,https://news.google.com/rss/articles/CBMiwAFBVV95cUxQOEt3Tm96SDlCeWFBcEE0NXpNU0piYUJuQnpPaEdOckVuZ2VrOXBRSDVtREVUUmhIMHZnNjBuaW9JaFRURllNSTNBM2pxQldZN2h3T3BwUDdkN1Z0cWNZOGJBQmNMRVlMdUpBOGk5WmJvWXFxdUViWFRYdk00WUZrMXB2Z0Y5RGY3X05OamJ6SFJzRzl3T0VMajZuVHVZZlN4XzdCd3FWd3p2dE9nTzVjaW0zMU9zaTJDOXFuME5CMmY?oc=5,0.0,neutral
2026-07-21,2026-07-23,MA,MasterCard (MA) Stock Dips While Market Gains: Key Facts - Yahoo Finance Singapore,Yahoo Finance Singapore,https://news.google.com/rss/articles/CBMihgFBVV95cUxNSXF4cEtqQ2RUX0tDcVFESUhiR2JzUGJkMU9tV2hBaG9oUkxQOHpablE0VWJDWkYydjFCbXhWejd5U1JuaDZ2SVkxRGN4cTJJS192aTZnWExqa1c0TFcySzZxQ2UzUTcyVTlHTmdBREE4dWxsMlcwRmxScl9rNzZyczJfdWFtdw?oc=5,0.34,positive
2026-07-21,2026-07-23,MA,Mastercard (MA) Trails Market Despite Earnings Growth - Yahoo Finance,Yahoo Finance,https://news.google.com/rss/articles/CBMiogFBVV95cUxPSGFoWGE2bEk4aW4ybEY2SEszUWxTb3dsVWxFSFZBTlV6cDNQcy0zdVMtdkllTXktTTJkdi11MExPeTNQeXl6aUpFR0VkSTJJR2pBZmdwUmxGZ0ktQjVlY0IyejFCZGNmYzBkajRtcHlWYlQ5Y1ZkY3YteTZDUHRMSk5YNVpCZUtJd291anhhVFBQNFM3ZmdGcmdkODVWTE1GN2c?oc=5,-0.2924,negative
2026-07-21,2026-07-27,MA,MasterCard (MA) Stock Dips While Market Gains: Key Facts - Yahoo Finance,Yahoo Finance,https://news.google.com/rss/articles/CBMimwFBVV95cUxOSjRsanNnVWp0MVlFRjVlblZqS0JqQ3dQMTNSNVdtUi05cDUweTgwdVBUVFpicnloMnpFMXpLRDktRHd2NjN4RE11aVdPbEVxRUs4QWxlX0MtZjZXR3NfaVZOQnZhdEdUa1JVMEJRWTNjYkRlakh3N2R3aXR0N0kxdjhRZy14d2g4cVg5QmtuWE16NTVPX29VeFFBdw?oc=5,0.34,positive
2026-07-22,2026-07-22,MA,Mastercard Incorporated $MA Shares Bought by Blacksheep Fund Management Ltd - MarketBeat,MarketBeat,https://news.google.com/rss/articles/CBMi0AFBVV95cUxNTFN5dnVNRkJFY014anZrLTZnUUdxbklLdFowMGhwZDN2ODA5X1kwRnZRQjJzdW5IbnNCMVozMDV1MXhWMkxDWjlGd2pOVXQwUno2UkUzc2IzRGVLai1RM1FLczNUNndncktYM1pubzk3N3BRSWllX2JhVDV3WkxIS25VMGExcWRsUWVONGlMWWNNdVlmeEZQYVA1dWNIX0tzQ1NYWUlicDJidXFSU0NyLUVvSFpWUnhQYlJpMnZBaUlCbWduOTRQZ0lIdkZSbnpR?oc=5,0.296,positive
2026-07-22,2026-07-22,MA,"ABN Amro Investment Solutions Sells 6,377 Shares of Mastercard Incorporated $MA - MarketBeat",MarketBeat,https://news.google.com/rss/articles/CBMi1AFBVV95cUxNbFdMVUpDejNkT29rcHhORjF4aE8xNFlkak83S3puVWc1MGQwcEU3dUZUQVR5eFFfYTdCUTBMSVNhTGl1QjRhcGs0bGZaWTVQdGhSZmEwUVNvYWtrSkctSEFtWEJfM3E5ZktEYXlmbmhWZERoSmJKQ1Z3OXNGcGNwTkc2MmV2YWpsYkZWYmtjZEU3eEJCY2ZSN1BnaDVxU3NPclJSbHRpd1dUNXdvRjdlS0VkZ0dyWk5sWXhwal80eVRXNFRLd29uOVlKdjFRVGNTQXRfWQ?oc=5,0.4404,positive
2026-07-22,2026-07-22,MA,"Acumen Wealth Advisors LLC Acquires 2,891 Shares of Mastercard Incorporated $MA - MarketBeat",MarketBeat,https://news.google.com/rss/articles/CBMi1AFBVV95cUxOUEYwQlRYd3VmSDBKYkhCREZkVmVqN2REOXdjTzdJdlJvUUFZSklubVA4cHc3eUN5NHRLdkgtZ0dtVmZZdC05dmdfMTNUSXJiX1VITmsyWVFfQXYyMlU1Q01oVGpPdkpSeFJYZFltVF9QZXRoNHNjZF8wMVJDM0tzdWt4QjBidEJWSHNMNEZ4X3ROT2tfS0hqMHhtamJ4LUp5cUVMaGd6LXRLV3ZfNFNyQnJoLXV2N0ZVZDgyWGUxZUg3N0lrMk8zSk0xaUFSRzJ3aXBvRw?oc=5,0.6597,positive
2026-07-22,2026-07-22,MA,"4,033 Shares in Mastercard Incorporated $MA Purchased by Alesco Advisors LLC An ESL Co - MarketBeat",MarketBeat,https://news.google.com/rss/articles/CBMi3gFBVV95cUxPa3RKS1VKbjVKRjlYSjN1N1lZQ3ItNU5jQ0s5MHdjQllkNWVjbWhoTnVhRWNWanpwSDlpenZuWkphMU1DR1hUZ05yU2lZQkFTZmRxQ25Jb0txSnN5d2RlMGZ1elZJYmR4ZnR0eDBuZm85WUdxX1NyZ2ZEbGRfVzVYMC03RkhBdHJKZEduZFUwb29ER19BY0hZcTVobmxaUzI5eFdvM2xyM19xejhNMGNVY195ZTY1Rm5NM1RkTWhQQ0VRSFp4VVpuaTZMQklYXzRjTnBhTUtnYjBRMDFFdkE?oc=5,0.296,positive
2026-07-22,2026-07-23,MA,Mastercard vs. Affirm: Which Fintech Stock Has More Room to Run? - Yahoo Finance,Yahoo Finance,https://news.google.com/rss/articles/CBMioAFBVV95cUxOWkZSTnRGc0UxYmJVVmFCVlJqVGhVc0M5OVF6WTVlcU80dWdmYUJ6djlidFc0MVdmX2lWR0ZfeXBWN2s0Zm9wa0FuaUZURkNGTXRZUl9sTU1JZDlWZnhNNThxNzN3dnNIYmZVOWVVU0VIa3NKQU9SX0YxQXpUSkRQTy1PLWw2U19OQWExeWlSTjdUQUlBeFY0LVA4NjNZdTdG?oc=5,0.0,neutral
2026-07-22,2026-07-23,MA,Mastercard Incorporated $MA Shares Bought by PNC Financial Services Group Inc. - MarketBeat,MarketBeat,https://news.google.com/rss/articles/CBMi0wFBVV95cUxQUWdSVjFucGtjU2EzcmdRb0M5ckpXdklsajg0UG9zVHVuOU96ZzVGZ0Rjd1o4LVF2VlF0bkl5MVpUOXJ2TVJJcDZFUHZQcjh6RzRlMWtXUGVlZ1p3U3pVN3NVZjFmR3lLUzVMX0FXM3VpVmRpRHhxMGJXNlIyek9zTEJGQ2N6WWR6bGZHTG4xS24zWnlnQ2k0WEE1Q0JvQlZoWWl3bEZfT0JBZEhXTmlSOXplNFZFZ19WanRZV2NBd1VYQmFEQmxzRkV2NkprQjBOWUFn?oc=5,0.296,positive
2026-07-22,2026-07-23,MA,Mastercard Incorporated $MA Shares Sold by Magellan Asset Management Ltd - MarketBeat,MarketBeat,https://news.google.com/rss/articles/CBMizAFBVV95cUxQd2o0bVQ0SDhhSE5EOUJtamFvREtMd051a1ZiX3dpajJHekoyS2Q2Q0t3VmYwS0RUNmFtV3dlQ1V0SXRua256OW1kc0F1N2JoQUZ4Q01oaDNjUXYwcXdCNVk0cDRIWWtYYUNhaVZnTmJQdmVrbk1oY1BycUctVFFCR09oSHQ2YXo0NEltc2Vobl9CYzZWWVpLaHJNcjVjSFlsRmJrM04yNWxzMF91S3FUdkpfZUxwTTI4U2N3ZHZRMUVRNHZHZEFyNUh5bXk?oc=5,0.5719,positive
2026-07-23,2026-07-23,MA,Sei Investments Co. Has $621.37 Million Stock Holdings in Mastercard Incorporated $MA - MarketBeat,MarketBeat,https://news.google.com/rss/articles/CBMi2gFBVV95cUxOS21YTlBrc1BFWHNUQWwxZE5EcWFPR2NCNXBNUFYxRTJFYmtBV0JMamV1RkRiUG5tNTRQMW9IWEZFdjJERWloQ29QTmFmLXpXVXZSYzFTOTAtbmtVVnE2S3Q4WkJvalNGUk1hZE1qOXhOeTYwWko0WlRSakE2UUVod0k0WFVSWG5LR1FtMDQ0aVgzRUtpaVBYaWkyMC1TTXJzeEN0MlBhRFNNRnRpVmZvQkd5Z1pMVzNVUE9ZRTVRUGFDZVB3cW1HT3lvN3YwbEpuc3NmZEV1OGo0dw?oc=5,0.0,neutral
2026-07-23,2026-07-23,MA,"NewEdge Wealth LLC Sells 3,029 Shares of Mastercard Incorporated $MA - MarketBeat",MarketBeat,https://news.google.com/rss/articles/CBMixgFBVV95cUxNLWNEODB1VjI4WTlNenF3VGdFM2RpaGJpWkNZQkVfNnpRZjZEeTJITVlTLVdiZnVZeXJvTXlacWxOWU9Obk1IVGNtVnpFTGtVaWNKdHdmUTRwWXF5UWJYOTRkX0pDWDRaRzRHQWZMbHRtZ2lLMDFsWm9UemVVOTdmR0xWN1NiYWs2ajRZUVZqOHVNWHhJWFZYelpoZm9rNk1aWWhuY0hpbTR2YVltNE1pY0MxZ3pUQWRCejN6MTdiaGV3UHFJMlE?oc=5,0.6597,positive
2026-07-23,2026-07-23,MA,"Coronation Fund Managers Ltd. Buys Shares of 13,497 Mastercard Incorporated $MA - MarketBeat",MarketBeat,https://news.google.com/rss/articles/CBMi0wFBVV95cUxPRlZTRXpoczV3S2FETlY1X3VhcjhDVnBnV1FSendpdU9ucXgxcE9jQ1prWnQ0T0FlTFFoNFhfMkk5Q3NFbWdyWjlWRDIySGhZZ3RhSS1jT1V0MlpucEdkV2tleXA2N3V2UWFrcHFmNGZCTWdKNEIwR0lQekFUMmRYQ0t0VE53TXBMMEkxdG5EeVBISW9PdVY1QzB2UER4RkNVMzhzS19INHRHV0VBRzB4d3hUNFNENVRXOExrZ2ZqMnp4LTNjbnpxdHhfc2FFbS1qQ0E0?oc=5,0.296,positive
2026-07-23,2026-07-23,MA,Bowie Capital Management LLC Has $106.78 Million Stock Holdings in Mastercard Incorporated $MA - MarketBeat,MarketBeat,https://news.google.com/rss/articles/CBMi5wFBVV95cUxQWVN6SE4tcFdVN2FEV3Uwa0N2YlYtUXQyVTk5X0F0QWlnTlhFYlkyREVnQU9tVmVwbnlvMWJKWHpidV8zc0cyajdKMGc0THRiVzkwM0pTbmtvcGtpczR1eGJkSkFaMGdacm1NVEt3TUZZUFhGTWpZM0dkS3pOa3JpRjJPV09rcHg0eW9Pb0RPanVGUjlXTWF4LUhRT2VhNFR5a1dMZzh4WnZNc3dBWnNtS3pBZi1rcElkbkdvOEhzWGRvS0NWeXIzWDBheGFqUUZnTzNkR2lsR2JJbWxDbUo3a25tbW9XZG8?oc=5,0.0,neutral
2026-07-23,2026-07-23,MA,"First Citizens Bank & Trust Co. Sells 25,626 Shares of Mastercard Incorporated $MA - MarketBeat",MarketBeat,https://news.google.com/rss/articles/CBMi1AFBVV95cUxNTUQtNG52dEFHOG5BSENJcHhJXzhvTzZvWi1oMUQ0SHpxc3EtMEd1SmRiSl9yUUthdGRJUmdtMVhVR0phNEdrQVZqeHdHa2JWWkkwQ08xNmpaVDM4dXE3TFpvdzFfNVFZemdjM2c0Z1YzWE01MDN1eVZ3WWZ4cm1ELVJSdE5rWXNzOWNzZzdrSFg4UExMTmJPRXp3dDBfT2FfZjVIUDdieFZ1T3g4Ui1aWVhyeUxjMDRnRGd0WTZaanp4UHAwTUNoeHhTVm1NZzA4MWNwSA?oc=5,0.6705,positive
2026-07-23,2026-07-24,MA,Mastercard Virtual Card Ecosystem Transacts Across 43 Countries - Stock Titan,Stock Titan,https://news.google.com/rss/articles/CBMivAFBVV95cUxPNTN6Uk43NUNDUXViNzRHMTVOcnhlSUI1czNOaDE3RmhQdElyZ2lEdDE0M25ZYnRBQ3pXTnpHTnhFc0dVcXFmR0hfbFgtbmFmaV80NXRhS2xJTVhMcDdzMFl6cDBhWjR5NGVHb2s1N2hLVjVNdUtlb2V5NzU1Rjdaa3ZiLWVJSnBfQkVMYndKSFVxUlNHOW9wZ2RCODk1TTBMU251VGN4WXVIS3FCMG1jSi13MWRLNVFwS2tEeg?oc=5,0.0,neutral
2026-07-23,2026-07-24,MA,Mastercard (MA) Helps Power DoorDash Crimson Instant Deposits With Mastercard Send - simplywall.st,simplywall.st,https://news.google.com/rss/articles/CBMi1AFBVV95cUxOSmNhS0ZOYmRGRHNlUGcxT2J5N0JaSFQtTU14bGZISlJVY1ptQWhnZnJrVjdFOEc4blhXMXdFR3FPVjBYaXZ0ck1JdEpLNVJJcjdjcHBQeXlTeW5NY1FESGZ1V2dvVUJ1dTRKZG1tN2NEWG1ELTEwdy03cXB6cDQ2OGNaRzRxa3E1RlhZSmxTbGVRZ2hTQUNlUGdpVXpNb29icXRoRTI2cUdwejZGckgtRmJOVUtlemJuLXJITm53cGctU3djbXRoYVVEQTF6aGxNcWhYdA?oc=5,0.3818,positive
2026-07-23,2026-07-24,MA,Mastercard (NYSE:MA): Jim Cramer’s “Tech Company in Bank Clothing” - Yahoo Finance,Yahoo Finance,https://news.google.com/rss/articles/CBMimgFBVV95cUxNQk4ySUZFV2tlcTVnbVFha19aY3hRU3J1OWl3M3daTEVEUjhmYUdrRzhwMVBmLWVhTWQ1SF9WSlJrQmphVzBvakFPb0NkSXVVRl8wSWRBekFfVnNhWUEwTU5QY2FvSG45SjFFYV9VamtJNWJacUxLTm9DdTZFOExlNGR2cHo1dTlTRHBvNnowb2JWT3B3RkY2RGVB?oc=5,0.0,neutral
2026-07-23,2026-07-24,MA,Does Mispricing Offer Opportunity in Mastercard (MA)? - Yahoo Finance,Yahoo Finance,https://news.google.com/rss/articles/CBMirgFBVV95cUxObEUyX0xfb1JTYWlSdl93emktMU1ENVdYeHJwU2pTUWtULVZxSW1fR1V4Nk9vLTZrS0lhOUx1c1VxOTVmY3dzODJ5NjJvUi1pTkxsVHRweHZrNHZXTk5vNWtzalR4THo1cFYxQWQ3c1NldDNkcjZ4WkNZOVAwQkF1bFZoUXF6a21xZGpxc1dNb0ctU3libW1EcThNMHVMRUs1S0FYY0pNUDhvLUtwclE?oc=5,0.4215,positive
2026-07-23,2026-07-24,MA,MasterCard (MA) Reports Next Week: Wall Street Expects Earnings Growth - Yahoo Finance,Yahoo Finance,https://news.google.com/rss/articles/CBMinAFBVV95cUxPRkh3Zk04dXh3UkRvcEE2R2hRcjFHRUQ4cFdfUFZrazRJQk1GcGtFM3dURTk1aW1ZRlQxV2xxclNDdHhOS08xdGkzQ1ExMkdtV2lka1ZaemdySFlCWTF1Y1dQbWY3QmZaYUVIX2gxcTZ2UUlZY1F5a3o5R2YzbGVYNi01V2hlYmdaVDRIQXcyUE5SYTB2SzVhTEZadWk?oc=5,0.3818,positive
2026-07-24,2026-07-24,MA,Infusive Asset Management Inc. Increases Stock Holdings in Mastercard Incorporated $MA - MarketBeat,MarketBeat,https://news.google.com/rss/articles/CBMi3gFBVV95cUxQYWp0TXVNcXZfUFdzSnpSUUczWVpDQm4yQ3htUnQtWlpkX3ZxeFFjVGZtblMxSUhBcHY5ZjVkUEdfejZsaEw3c191bDRFd0lWTzJjeThtb180ajRjOVBzSzg5djR4d3pFNWxjQUtKSEsxN3VGVVg2eENVdlU3cGRTbk5uLXhXWlRVQ1RxRDhwYS1Vb2dDSG1JbHJfbXpnd21oYTZTUmZQbzRSZVJUS2ZqX0RyZTlYaXRxWmY2bzBzTk5mRnJWdFRqTWVncGxUcFBYQndzU1hfbEpWemV4QUE?oc=5,0.3612,positive
2026-07-24,2026-07-24,MA,Mastercard Incorporated $MA Shares Sold by Compound Planning Inc. - MarketBeat,MarketBeat,https://news.google.com/rss/articles/CBMiwgFBVV95cUxNclVMdjRLYmR1OXIwbTVDWFR5Umh4ZUlnTFNhdi1KMzl3NEJYY2hWeVc5UjBOcjAxZklLeWhnWGpZRkxOdlJRVGtSM3d3cmxweGRPZDU5c1ZFNXpoUExzdk45MVZtLXVwT1B4enJ0eW5JT25rZjZOMnQxUnlNWEVwN0ZJWDFCbHFPMzNMY3lkTWtueTIzZUhoR0tFMUc1ZC04RHU4MTI5bkpSbVdXSU5MbkNYXy1UdzV1WTloSGhRNzhQdw?oc=5,0.296,positive
2026-07-24,2026-07-24,MA,"Clarkston Capital Partners LLC Sells 36,842 Shares of Mastercard Incorporated $MA - MarketBeat",MarketBeat,https://news.google.com/rss/articles/CBMi1wFBVV95cUxPWHpQcDdpRC15Um5TNHhCTkQyb3VYT3ZQdDJUVWxkbmN3Q0t4eU13YzA1NE9pUFJ2SkV0bkJyZHFwZmwtWnRhM21yZzlibVlLLUxHbk44aU44N215bjJqcUdzZEtSYTVoaVFmUXVSMExiTHpNbHBfd2xMVnlkRGhfME1RVnE2M2w0cldLSk9KMU1DLUZTWTNPaXUwRUlmazUwQ2NjMmZPSllYQlZzcUtOd0VDWDQ3a0N0SThNc0NNYTYyXzVRRFZqekZHVHRQTDVFa0VCSGZDdw?oc=5,0.296,positive
2026-07-24,2026-07-24,MA,Arrowstreet Capital Limited Partnership Boosts Stock Position in Mastercard Incorporated $MA - MarketBeat,MarketBeat,https://news.google.com/rss/articles/CBMi5wFBVV95cUxPcVM4bVplb25Pd2VtZXVQanlvLXJkWnRsSm9pX1VMdGx0TTZEVzhUZ01HakJJdUp2ekF6aFh0Qnl2amt1aHZaVVhiRVQzdVVXR3piWEFFMk1hRkxaZTQ1bEhPLXY2Q3JjRWdlWjNkYzluYXpwNTliVG9RLUtRSjN0d05qY082SmtFRWtxTUowVFVaSHA0ZFk0UmQ2dTgycHhkNFlMeXBDYTctQndDZmVvVGYwSHpuYms0NXVvN2xBM0tEbWU3SWJRNk5ReTVpdU1DVlFIaWpDUHFyOWFIRURYNmNrWWJFdG8?oc=5,0.1027,positive
2026-07-24,2026-07-24,MA,"Gavilan Investment Partners LLC Purchases 3,000 Shares of Mastercard Incorporated $MA - MarketBeat",MarketBeat,https://news.google.com/rss/articles/CBMi3AFBVV95cUxPMG4yVEViV3RxRWRSNElScm5mVHpRWXQtajliYlpRN3NHaVROaXVSQlMwWHlWTGFsczZ0Y01RNUd1ZHdGNG5pdE1aR1E3NzhpcVFwbW1XUTZqRDlfSnNEaXM1X3JpY2h0Qld4eDhkZlJ1bkRHLVluaTBNempWbGdRV3E0bloyQ2ROZVJLVXNteGtlVDM0ai1BWWdLYktSUVBfZmRTSEdxdE9lMnhWQ1RJTm1FZUNFeVV0UndxcHQyc3ZYQ3QyaFQ4ZFM5UkZsejJfRXYzdjFucHJ1cGVC?oc=5,0.296,positive
2026-07-25,2026-07-27,MA,"Unisphere Establishment Acquires 30,300 Shares of Mastercard Incorporated $MA - MarketBeat",MarketBeat,https://news.google.com/rss/articles/CBMi0gFBVV95cUxQYkdhaU11UUdxQUwzTURYOWxhcGFNZlVuSWhtbWo1U01ORGlaNWNWOHpQU3BTMXktbU1FVDllT19FemFRV1d4eHM4QkpvR3o4ZnZBQWlrd251SkxkaHg5cEtZSlhsVmw2bXh1OVpjdTQzS0JtdDhWbWtJZm9PcjJrQXMzendOMVhjcW1wOEJtNm5TaU5NT3gzajNELXN0R0tzQ3NxYnk0N3dZNmY3a29RLWduWUUtV3U3WmRrX0RFME9QdzAzQVpsNWluZWNEWE9aNXc?oc=5,0.296,positive
2026-07-25,2026-07-27,MA,(MAP.MA) Stock Forum & Discussion - Yahoo! Finance Canada,Yahoo! Finance Canada,https://news.google.com/rss/articles/CBMiYkFVX3lxTE9MZ3hxTkZVUEJxV05QZk0ybzhyR3UtSnBvSGsyYXJhRkN4U1NDUTZnSlVmN1Z2Qnlaa0JrdDczRURURjlVOWp5NFJpaUhNSUxxbWxTSVNZLUNyRGpKMDdjMThn?oc=5,0.0,neutral
2026-07-25,2026-07-27,MA,Morningstar Investment Management LLC Has $9.91 Million Stock Position in Mastercard Incorporated $MA - MarketBeat,MarketBeat,https://news.google.com/rss/articles/CBMi8AFBVV95cUxOUmV2VWN6YzBqNFBncVlVZUFXbkprS2xJVXFlTE52LUpmaFk5ZW9ZVkF3VjVZd09iMi1uQkUwMXlqVEV0NGN5TFhxbGt5YWVOYXNrWFQybkVNTWFWUlp1RzFaSEpQUnlyTG80aVlCTTFSanl2WWN3b3JBNDVZUVpTY2pjQXdXaUFfTFB2R0NFQmFQUVB3LWktMzFkRnA3UENrckd0cDQ0em1BRlpSTUdpR0tlVE1jRGh1aXFzdXFuOTlLSzNSZXdSWDdKWl91aUxZdHRveFF4S0w5b05wOW9JYm9zM0l1ZlM1cEdVenpKRnE?oc=5,0.0,neutral
2026-07-26,2026-07-27,MA,"OMERS ADMINISTRATION Corp Sells 31,347 Shares of Mastercard Incorporated $MA - MarketBeat",MarketBeat,https://news.google.com/rss/articles/CBMi0AFBVV95cUxOV3BsbmphamVIanIwakF5dTkzczJiYmZNc0U5VHIzNTdpOTB0MzU3blZzRHFIbGNfOHJWeXAzeGlmWDIxVzNNVmcxWUFuejlPQ1F1bWxUdjU1THZnWEZKOU96cVBTZjBFd01uVXdsZDVoNDJ1MnhWSUpNS3VIMVI3RnNIQ2dqcnBqb21WRXdFdVdpS2NUM1pVTkFWczFKd0RfT3pINTV5T3NTRXFZcUhsVldIcGJFX3RSVDN2cGtFRlIzUjVQQjNXdjBCQnI1OVVv?oc=5,0.296,positive
2026-07-26,2026-07-29,MA,3 Cash-Producing Stocks on Our Watchlist - StockStory,StockStory,https://news.google.com/rss/articles/CBMinwFBVV95cUxNak9CdEU3d2RTMEwwTmpoZFN3QVppczlDdlN6UFFzai1BRlV6QUdZNjdYYmV1MDU4UFdQNktHZHZ2NGJaT1lNTTBwbVpHWlJueG0wdVVRMW9mMjRzX0RyX2djdy1HeE5JR2l4SXI4bDZjQi1LYUtFWWxCVVhWWm1mQU1xUkdyamIwdnQyTlBKaVhJM283X3kzOXhmV0c5WGs?oc=5,0.0,neutral
2026-07-27,2026-07-27,MA,Mastercard Incorporated $MA Shares Purchased by Family Manage LLC - MarketBeat,MarketBeat,https://news.google.com/rss/articles/CBMiwwFBVV95cUxNbm1ycVpIUnZGT1FobVR5a0w5WHpCTzlLWUhKMnNXNGhsVFFEZnlycTJjUE5qQVU3ZG9UTWw1OVpyWFdWR1l4TjU5MVNSVldBTHU0VUVFaXplaUJBb013MkNVRDVtS1VjVUFLR08tTXRYSVlWT0pnbnVPZU0zdXpqZjlTcXhPRTZNajhFdkxMb2dNcWR6OVlrNW9ZU3Vvb3RGbUVndzhpZDM3dlY1UENqMlAyMVlIQk91RGJjUENicTM5bTQ?oc=5,0.296,positive
2026-07-27,2026-07-27,MA,"1,867 Shares in Mastercard Incorporated $MA Acquired by Caxton Associates LLP - MarketBeat",MarketBeat,https://news.google.com/rss/articles/CBMi0gFBVV95cUxPeFNFYm16RDQ1ek9vY3NtQ0wzcnZzbU9MNGZBTWZXMkp5QmkzcXRrVUtiekRBbGRXNlhQcV9KTVE1dTJpV3pXNHhHcW1GV3NXQ0UyZE9yVmJQOXhwNmxqSVZELU9vQ3hRV3dNMG8wa05OYV9STEpTOVhlQm83QkN5T1ZXRGFKbGlOalJ1UHBaaUl4enZ0XzlCZFdiRU5VdU1yOS1meFdGeG1PZFVvRzJWczVZbXBFM0w4eUJkMFBtMVYtdS1VZXlaWXB0YkVoQlhaMkE?oc=5,0.296,positive
2026-07-27,2026-07-29,MA,"Mastercard (MA) Weighs Vocalink Sale, Is The Stock Fully Priced? - simplywall.st",simplywall.st,https://news.google.com/rss/articles/CBMi1gFBVV95cUxQU1ViT2xzMnhQWFBRUmdvS2s5b3lvT2hONGNqUlRLdEdWTDd4QUQ1OTd4dzhDVEROWkxkNnJGUjVEbVBIM3VaOTFSV0R5RnlfcXlocUhnOGY1WkFlUFFWZUNDWGNUUHJ5Q2l6cXpTOWJGUW1oQkgtbUI2V243OU5Gc0NkUm9FTjZDSFppZE1PeTBpT2lWVC1SeEZqTUg5b2lSZ1FFb1NYMVdtQUtRWkpTOFlfT2NQelJ2b2FrVVBlUld4SHVBbUdGR19hRF9CMUhjb3NJc0VR0gHbAUFVX3lxTE10bF9KOTB3NGJCbC16RGJzXzZfQTduc1NSSzdHU2tlVHRuYXIzRTZEakFUOHhodkRlWEtCUkVFUnRRNk5iM0FEeFdTbUFvXzdQNUpSZVBILTJWWG42dFVjcW1nMnFITnkyWmt6ejRtZ1Vnelp0cjFjMnhKNFByb1hXWGNxZWVRdE5rdzE5dUF4SEVPU1BnN1YyTDhWTm1QQkM2MHRLa0RTZm1JTXQ3V0pGX0tKMjlpQjVLa0g2dU1yU25CWjdtcnNBcS1wMEZicWJoSUpPeDdlV1hFQQ?oc=5,0.0,neutral
2026-07-27,2026-07-29,MA,Ahead of MasterCard (MA) Q2 Earnings: Get Ready With Wall Street Estimates for Key Metrics - Yahoo Finance,Yahoo Finance,https://news.google.com/rss/articles/CBMinAFBVV95cUxNTVFza2RlVnF3aUpxc0NVbWQ1S3FoM0JWa2JJYUxMX1VJdHZza3hQTEc0bWU4NlZHS04yb3FaeVVOU0l4Vkp0SkktRE9zUkI2TGZBUGxfYWxYVS1sQzlvLU55dWRhSEltZ3hWbk1WRTNFalhlSWtFaUJQdVFjSUVldE1sRWo4NTktUFZ2SzlKYy05dUcyd1VzMmtXMWE?oc=5,0.3612,positive
2026-07-27,2026-07-29,MA,Understanding Momentum Shifts in (MA) - Stock Traders Daily,Stock Traders Daily,https://news.google.com/rss/articles/CBMitwFBVV95cUxQT21GLXpGcWVxM0R0V0tjdTh6UmdvNjdJOXN5cHpMVWRwcldYVVpSRVJidWdhNGpwV1hpVnFjRUgyMU9wa25nSlV4MjRTOTFJWlowdVpaOUFFX0dhRTA3azhfbkZmUDM5bGRnU2VkNmR5X3hLWXNoWDlpbm9IaFliODczdFZOTEt1ZHozaHI1RUtVTXM5R3AxbnUxUFBRa0V0ZHB5cjZmaW9GODFZQXhlMG5ia2tUUzg?oc=5,0.0,neutral
2026-07-28,2026-07-29,MA,How Earnings Momentum and New Egypt Partnership Could Shape Mastercard’s (MA) Evolving Payments Strategy - simplywall.st,simplywall.st,https://news.google.com/rss/articles/CBMi1AFBVV95cUxPdG9rRFlTUGJHbXdnWFlwSEFUck1UMExOTHdiZkZhaWItc0JyUmJlU1JOaXJBdXRaWWpLVUp2Wlk2QlZiUFVIT1pTVU1WMWxPTTFScDJ2MEd5dTdUSl9yb0M2WUJnV21rVE1sUFFFM1hDTVlqeXZOYlJUcFN4bUx2eVBCVUhmMFQ5NkliZEl5Q0g2dnpSeDBsQ2NYeW9WbEVkdHFWS2VubjNzZ1llZ19sajhycVlVS1J3OTRwcWtJSU9mNFVhQ19kRUgzZlJQeE9DbUZZctIB2gFBVV95cUxQTHZHOTM2blIxS2k4b1VtanFIdGx6R09wRGdMVUNFc2ZWUmJKTnp3T3dhUnluNXkzZjRoRHAyYnVkZ0Mxdk9HeEtINVBsZlJrb29jRG54QldnZmt6Y0tXZ0ozWnU3LV9XUDJfRVNDODZreDhfWjUxbjRZUHlmTndBYVRVRndGRkdsdkxZOWQ5STdQUTJ4SE5YV2V4V09EMTUzcTQyb3hiOUVoS3d5ZF8tY2ZrZ18wbzd4Q0R1ZmpvOWs4NDhFZ1dfT2IyeXdMcmRWSnVObTFuX2hxQQ?oc=5,0.0,neutral
2026-07-29,2026-07-29,MA,What To Expect From Mastercard’s (MA) Q2 Earnings - The Globe and Mail,The Globe and Mail,https://news.google.com/rss/articles/CBMiyAFBVV95cUxOUExUQVNfNmVLWUZubkhtSUo5cFhLTjdFNnl1eGhxMDVtWTh1VGJ5Ynlnb045TGFaMWlvajlSZWVTUm1aYkpMTUZYMVhWM1lsMVUtRG1iTWYxazhkUUJfOGpHXzJ2RkZ2eDZEak1rZlR5TGJtSVZfWl9CdHdDVmFtNmRvV21IdDVxZTBFUF9SZDJEcDZuVS1fT281M05LcFhCRk9qQ0VVNTdGN2hfY29YSUhOUHY5NzZWODBKWFJlRkUyY2dCRmJ6Vg?oc=5,0.0,neutral
2026-07-29,2026-07-29,MA,MA|Mastercard Inc|Price:562.560|Chg%:+10.850 - TradingKey,TradingKey,https://news.google.com/rss/articles/CBMiV0FVX3lxTE84emlFVmg1SldHRHZXU0ZEWEF4V1pqYU51TTFWQlN5TGEta1BqemJuYVFRdXlsa2Z6NGZEeDl5REtKU2NoSmFLNnIweE5pTTkyb0VSOGdNNA?oc=5,0.0,neutral
2026-07-29,2026-07-29,MA,Mastercard (MA) Launches Scam Program And Expands Stablecoin Payment Infrastructure - Yahoo Finance,Yahoo Finance,https://news.google.com/rss/articles/CBMiogFBVV95cUxQaGVSanJnbnduRGgtMGQ2cERCcHd1N2czb1h0U2VldTZZRTJlS0VqUnk1UFVwNDlLRWV1bEpJWGRpZDRvbklGSkJHRDR4SHhEaDh6c3hUanhhR2RCU1BGOGdVdGp6cS1aQkt3ZG9xLUFObWZ4eG9Cclgxa0JvUEgtWWVPTFJIcmdNdms4LVhEQ2ItdW5Va2l3ZzlvYnJiZk44UkE?oc=5,-0.5106,negative
2026-07-29,2026-07-30,MA,What To Expect From Mastercard’s (MA) Q2 Earnings - Yahoo Finance,Yahoo Finance,https://news.google.com/rss/articles/CBMingFBVV95cUxQeXVmWTYxVzI4UHl0Z2pLczB4N2dUUGhpQ01zWm9tQXFCcFphYms3V3JvN3hKWW1EQUdJc296d25WX29JQm9JOUhyZ1g4YjQzZFItUWx1YWRBMHFDb1g4aUJpcTFmSkNuUzlPaUxEYVQyZE04V0swWHV4UDFTdUppaktKQUJaYXVDME1FT3dRNG1QR3djdUJwaUd2SlFJUQ?oc=5,0.0,neutral
2026-07-29,2026-07-31,MA,Mastercard Incorporated $MA Shares Bought by Atreides Management LP - marketbeat.com,marketbeat.com,https://news.google.com/rss/articles/CBMixgFBVV95cUxNeEd6SGR1UDd0QWxLRmFjVHBGRXJKRXJkc0d4WHhrWXAxcFVBdFkwTUFEcHBib2VVUUp6MmtTSi1vZDZaRFl6eFc5NjNWLS1KLVQ4QWxZYnBFWnUzZ05PTTZIY3p5VndpWUl6ZTVoN2U2NGZoLXVrcGh1enM0bHlpZUNmanZ4THlpZGsxNENmOWg3T2tDcEgzYkQ5VHIzQkc1aHYwTFYteWNoNVJ1ZEUza3dsbmpFbGUwSE9kYkhfLWRjZ0FZRWc?oc=5,0.296,positive
2026-07-29,2026-07-31,MA,Opal Capital LLC Has $6.35 Million Stock Holdings in Mastercard Incorporated $MA - marketbeat.com,marketbeat.com,https://news.google.com/rss/articles/CBMi1AFBVV95cUxQT2NxT3FtQjl1MHZtY2Npb3hseFJ4UTJXREM0bTdONlA0MWI3VHZtcFo2czlBWndmNDZnMnZ5d3VYWXBVN2tzVEk3SVJQSExMS0JOU1lESTYzclRDNzNFQXZaZXFtNXhPcnRVam1IMjRLckFlWW0zZ3pUSFhxazc0Q3dQdXJtLWlUYUpJdFdDd3ZVZlJMcGZ3R1cyWGZDMG45TnFPRndtZkJTM1RnakFfQUJoY1EtLTRNaHpNWFd3bENxT3d2Q25NVzdZd0xjajB4YXE3dw?oc=5,0.0,neutral
2026-07-30,2026-07-30,MA,Mastercard to Discuss Second-Quarter Results on 9 a.m. Call - Stock Titan,Stock Titan,https://news.google.com/rss/articles/CBMitAFBVV95cUxNTXJ5cVdQQS1CTVluVjVlY1NzR1R3dmhhUWVZX3V2TzUyRTI4Y2Z3a1Y3OEt4aDlXVEc3UmZRODRGTXdtclRJUlFDMjZnMEhtb1ZuRUNROEhGWnZvRkFnR2xqVUlBUmVsMHA2cW9XOVpnUUdzQnZ0SUZOdHN5VDc1QTlOZ010b1ZoWjdzbW16RzhaamxFbHRsNHhCWmwwd3VqNnpBMUNCeFJqaUtjeHc4RjMxVHg?oc=5,0.0,neutral
2026-07-30,2026-07-30,MA,Mastercard Gears Up For Q2 Print; Here Are The Recent Forecast Changes From Wall Street's Most Accurate Analysts - Benzinga,Benzinga,https://news.google.com/rss/articles/CBMilgJBVV95cUxPMFRNM0s2Q25Za3lUSExDWUxoMnZMU290RXB2dXcxMTFWZUlQWVA5R0tCd0lBanB2MjZmbWEyWHF6M1BPd0NmTllmUnBXdlBnNXRaUkd5Mng1dEotYlpUUUdodGJLY0JWYllNenZ6NXRYWXJFTk9RdE50TWJGLVhrb21JWXdVOC1EMEs5SWpBM3lxUlNQNjdNYlFlRnRUSmMtSkFOV0dWTjJFcVlOSWxuZERhZFpmN2Q0OEFPOVN4ZmVsV25ITV9hUUtIb3NrNFlneXFob004blJMQ3lSSk1oYnNOeTVxNHE4NFhhNEh3QnZ5dkFzWDE4WW5JcTMyVTBsbFA2eVh4aFlFX3BlTExxTm9ORzN4UQ?oc=5,0.0,neutral
2026-07-30,2026-07-30,MA,MA|Mastercard Inc|Price:563.560|Chg%:+0.810 - TradingKey,TradingKey,https://news.google.com/rss/articles/CBMiV0FVX3lxTE84emlFVmg1SldHRHZXU0ZEWEF4V1pqYU51TTFWQlN5TGEta1BqemJuYVFRdXlsa2Z6NGZEeDl5REtKU2NoSmFLNnIweE5pTTkyb0VSOGdNNA?oc=5,0.0,neutral
2026-07-30,2026-07-31,MA,Mastercard’s (NYSE:MA) Q2 CY2026: Beats On Revenue - StockStory,StockStory,https://news.google.com/rss/articles/CBMiogFBVV95cUxPc3lJTEl3czNHbzNsS3RZQVRBUV91eTVQLS1BUllvdnNHODZjTmNuUDV4cjZVRGJZRzNsVE41akc4c2F4bGk2WFROSmlKMy1jY0hKOHZxLXVOZFhIaTIzelRRM2dGVXFVdnRZM2hPcFd2bzd1dWVUSTViSGZ0UlBNWDg2MzllbGJlSVd5TEtmeVVYMzdQbmcydzFCNENJNUhIRXc?oc=5,0.0,neutral
2026-07-30,2026-07-31,MA,"Fund Update: 40,627 BROADCOM (AVGO) shares added to LORING WOLCOTT & COOLIDGE FIDUCIARY ADVISORS LLP|MA portfolio - Quiver Quantitative",Quiver Quantitative,https://news.google.com/rss/articles/CBMi7wFBVV95cUxNMFVRRUNjQjdYcUl6TXctUDZMUW9lSkQ3X3E5RW5ObU52aU5sQ05ZaDdrcFI3S0ExbWpoYi1CU2swME5YOVBZeGE3V0J3UFhRbjAtWElOdE1MeHBIQTRMU2NqT0luRm9LalZVZnkxMGtmSVNtbXdQYnFsQWd5WkN1OFdnTWl2aTI5MzVsRFJzRzBwUmktV0xQdjJQc3ZJRUF1T0JkLUxKcXp0Z1JIMktxenY0aFpnZGlhVktFell4UldBeHM1Y3dtcmcycjRCaUU5SlJRZ0xSbC1odWY1YjNvNmRFek5Eandla0NrbEJsRQ?oc=5,0.296,positive
2026-07-30,2026-07-31,MA,MA Looks 12.6% Undervalued on GF Value™ as Shares Rise After Str - GuruFocus,GuruFocus,https://news.google.com/rss/articles/CBMiugFBVV95cUxNQnJCc0h1T0hrLXB2SnNTbTZnMUQtWDRrMWZUNWl0Y0hLai1aZ25UYUw2VngycWNwUU1jOFZydU9xSVpzOUJ2d21jRFZiUjgtR1Zfc2ZRbVVPTHJjb2QwMjJ1OG1Sa1ZzU2wxMHBYbTlWTU1PcF9ERk5RaWVYUkpQNzB6NkR1dlozZ3JJMFVLR2lDUG0tUXR5MUROTjFCMXhabGZRb2o1aG5zQmdtdXdNaTZUUXJOdmJwdnc?oc=5,0.5574,positive
2026-07-30,2026-07-31,MA,Why Is Mastercard Stock Gaining Thursday? - Mastercard (NYSE:MA) - Benzinga,Benzinga,https://news.google.com/rss/articles/CBMi0AFBVV95cUxOTGZkbXJfcW5hdHctc0ZiYjBMemljTUxzWk10SFJNTEhwSUhIUWo2MDJZdnhrYzNILXFlaWZsdC1fUFlDQ05nTU9FU0xfTGZLZzdTWW5FMUxLU0NPc3l6ZFhkak9aWDkxb1NOU2J5MDZyUDd1RzNCOE1ERGUteG5udGhjaVR4UUtvRmxVb3BReXhSV0Q2UFgtTkRQVmM4RlhRN2wyWFFGVW1JYy02ck1hWmFGejlXS1lRTzA4YlNMVlhRSHpRajgtVUVYaGVJZV8y?oc=5,0.4215,positive
2026-07-30,2026-07-31,MA,Mastercard Gears Up For Q2 Print; Here Are The Recent Forecast Changes From Wall Street's Most Accurate A - Benzinga,Benzinga,https://news.google.com/rss/articles/CBMilgJBVV95cUxPMFRNM0s2Q25Za3lUSExDWUxoMnZMU290RXB2dXcxMTFWZUlQWVA5R0tCd0lBanB2MjZmbWEyWHF6M1BPd0NmTllmUnBXdlBnNXRaUkd5Mng1dEotYlpUUUdodGJLY0JWYllNenZ6NXRYWXJFTk9RdE50TWJGLVhrb21JWXdVOC1EMEs5SWpBM3lxUlNQNjdNYlFlRnRUSmMtSkFOV0dWTjJFcVlOSWxuZERhZFpmN2Q0OEFPOVN4ZmVsV25ITV9hUUtIb3NrNFlneXFob004blJMQ3lSSk1oYnNOeTVxNHE4NFhhNEh3QnZ5dkFzWDE4WW5JcTMyVTBsbFA2eVh4aFlFX3BlTExxTm9ORzN4UQ?oc=5,0.0,neutral
2026-07-30,2026-07-31,MA,Arkadios Wealth Advisors Increases Stock Position in Mastercard Incorporated $MA - marketbeat.com,marketbeat.com,https://news.google.com/rss/articles/CBMi1wFBVV95cUxPNEhCdFhqWlFPVTFVTzZYMU0xUWtVRklINGFXZ1RrME9ra09GZ2RPdHZZNHdhWjZaZDRXTUdualBSY1BVYTBNWVlySW9XRHBycXE5UW9ScFhfUWlxMml5V2NLcS1BNEhYYW9oQ3BER0NEbzc4OHA3UFdJOVJIeklPNjVFVDBBR3d5MmJSRU55SU5XRVNOd3FUeE1vclFLQmxlQVBvU0ZKdGhHcWNNYkVpdHYzZHBRajJnV3UyazEyMmJmNklEck9XeXN3ZEc3SFlSNHlwc3JZOA?oc=5,0.4939,positive
2026-07-30,2026-07-31,MA,Mastercard Beats Q2 Earnings on Solid Cross-Border Volume Growth - Yahoo Finance,Yahoo Finance,https://news.google.com/rss/articles/CBMioAFBVV95cUxOTWV2V1RmNFRKNjh2Y3JoNTV0UjJvTV9RZDJTWWFmOEVySXppLWhtWWdNeDkta2paaUZ6OTNOU0JvQ2M3NjRmZklSWWk3WS1HMmpJQnM2blJ6azFLcTBzUGFGNlJneFQ3dVRnX3VITnBxaDI4YzNaNDRLR3l6c203bnNIclpqNS12UUhIdENYLXZjZXpJRDhmS0E1SnRNRjlw?oc=5,0.4939,positive
2026-07-30,2026-08-04,MA,Why Is Mastercard Stock Gaining Thursday? - Mastercard (NYSE:MA) - benzinga.com,benzinga.com,https://news.google.com/rss/articles/CBMi0AFBVV95cUxOTGZkbXJfcW5hdHctc0ZiYjBMemljTUxzWk10SFJNTEhwSUhIUWo2MDJZdnhrYzNILXFlaWZsdC1fUFlDQ05nTU9FU0xfTGZLZzdTWW5FMUxLU0NPc3l6ZFhkak9aWDkxb1NOU2J5MDZyUDd1RzNCOE1ERGUteG5udGhjaVR4UUtvRmxVb3BReXhSV0Q2UFgtTkRQVmM4RlhRN2wyWFFGVW1JYy02ck1hWmFGejlXS1lRTzA4YlNMVlhRSHpRajgtVUVYaGVJZV8y?oc=5,0.4215,positive
2026-07-31,2026-07-31,MA,Mastercard (MA) Stock May Be Priced For Plenty Following Earnings Beat - simplywall.st,simplywall.st,https://news.google.com/rss/articles/CBMi1gFBVV95cUxPaWxpLVBJLXVOMGFKTEdrUHFtVmJQT0VReEhreW1MamNyTWRzcl81XzJjQ1ZKY19IZFBScEZlc2ZtbzM4d3pZR2NYT0NnMkJoUTFXVmdLNmJfckFlQjJMb1l2ZnVkZkUzdTB1V1VfUmF2dnYzVnJtUTNjemFYZldfZDdSVWJzVXExazFfLVE3U3ZxR3pjUVp2T0FmVDFFaEN4SW93alVNd0JUazdWUUhzSDBqTlNVVkdkMEV0MXQtWGo3LXV0QWp4d1ZaNGVwMG9QX01CY1Rn0gHbAUFVX3lxTE1LWXV5aFI2X3Z4RDBNQzFfaGhVdC1NTklydVdiN0xsczVqTDJPSGVGTE5taU1LMkVjTmV5R1FYZVlCcDlDcWo4U3MwUjZJVzMxbWZoVXVVU3c4Z0k5bVJrTGJMNHNOaWx6dUxfS2EzdDhqZ0d4eHJsdG9BQjlFamVXVUZXTW5Bc3F2amdyQWVHYmxnb1pPd3hMOFBmZjVIQ0tTMVJFbDJIbUktaGFrNjBNeTVPVFdtelFvQVFOLWQ0MVFQa3hGbW5sN29Sd29zSDMwWGQyY01oMDVmcw?oc=5,0.0,neutral
2026-07-31,2026-07-31,MA,MasterCard (MA) Stock Forecast & Analyst Ratings - Moomoo,Moomoo,https://news.google.com/rss/articles/CBMiywJBVV95cUxNRDdDeE1obU5TOEtRcWNQdjg2MUNlbTVlU0lPYTlwcG5uS2pEWDVBMmRJanFJYm1zSXJOeWpIQlNmenI1UjNpd2xPMGpXRkRPYTBaRDF2UElLZ0p2X3B0cnVZR2VVSmVLS1l2Y2ctUlNobU5GclVLeE5aYXRHblFRNmZWaXdZdWtlVkhyRkNCcFMyQ1VSSjZiNm10dEFYUGd2LV9WR2dhTktaUFpFcVhoRzZ4Z3JUbTU0UzhKUTBIUHdQUXVpNlM1TjZDTzJrUXFKQ0R4NUxvZGh6dk5HYTN0Snp3UElHdUx4dGlfZEd0dnNzdTJXcldNY3RQVE5LcWlHMS1SLUtDQlZSOXI0bWUwUEdjSFc1QVdmQzkyU1BReTJOZkx0a1RTYTRITFZnVFJlWHM3NG1GRW1YMF9LX2ZhMFpIRWVKVnAzSVZr?oc=5,0.0,neutral
2026-07-31,2026-07-31,MA,Mastercard Incorporated $MA Stock Position Trimmed by Liontrust Investment Partners LLP - marketbeat.com,marketbeat.com,https://news.google.com/rss/articles/CBMi4AFBVV95cUxOMFVNbUNnaS1YS0lyWWdtOXljTS1ldVR1RGtGRzFBeWw3Zk53LTY2VjkzU0NIcmExVkR0ZkFNMjFrMlZKU3U2bG9EQ0UweEkwMTVnNXA5SWtHZFhGcUJWSDZ0bVhsQVYxTEQyWElxa3pUbmE1R205UWxxQmR0bFhjX0RvdHBWcVpIcWo4eHIwSE1waE9oWXhBZjl0eTdpeDkzVFctSnBLUnpwQ3NJVVdJRi1XcVFaNW93R3MxSXFjRU5hRHFUaXV4Z3lqMll1cTIybzBybldMeWlWYVRQVDhaQQ?oc=5,0.0,neutral
2026-07-31,2026-07-31,MA,Mastercard Analysts Boost Their Forecasts After Better-Than-Expected Q2 Results - Benzinga,Benzinga,https://news.google.com/rss/articles/CBMi6gFBVV95cUxQSGtnaFZYdkRvNW8zQVh3cFZQdDNkVkJDeURhaUlTSUZ5c2g1TGVLZmhDSnNWdkNvRmlvVGo4cDVSaGVIcDRDTGRXSmRDVnhmSWJMZTRacHBjTlZIX3JyUGJOSXI4dWdxeEQta01rSEtqaG1MdVh0MGJ5S2NfVUM0RzRIS2hlMmFDaGR2SmszanBlNFNtLWd6TVdyQkNRdkNlQ3JkUzVEMG1jTDJJUVE0bW85dFBDVlViUE5Nc0FKY3ZSdzI5ZGRQaWJEaGRtano2ck8zcEJjcXZJdmd3QnluZS1HZmc0TTAtYmc?oc=5,0.4019,positive
2026-07-31,2026-07-31,MA,"Kentucky Retirement Systems Sells 42,533 Shares of Mastercard Incorporated $MA - marketbeat.com",marketbeat.com,https://news.google.com/rss/articles/CBMi0wFBVV95cUxQeUJDTnZRa2tVMHZkZldqdVJOeVI5OGdmWURiYklaRmhpandBUGtnTnAyejE5QjdMck8xZHVVNHE1aGFrRGl3U3AxWTQ5MkptRGlscDYxdW9RelJTSEZpc0hwVnNtNWZiRkZUbUk4ekc0SmxMaDdGTU40bWM1UkF2N242bXZEcHpDekFUTlpMVGZPQzNyM2hRd05Md0RUU0Q2b2E1SlhPQVkzNU00S0lkZkhiQmo4bHZKdGVGaTBVUURzOFA3QjFTV3lIZHdnWXFFOFE4?oc=5,0.296,positive
2026-07-31,2026-08-03,MA,MasterCard (MA) Stock Forecast & Analyst Ratings - moomoo.com,moomoo.com,https://news.google.com/rss/articles/CBMiywJBVV95cUxNRDdDeE1obU5TOEtRcWNQdjg2MUNlbTVlU0lPYTlwcG5uS2pEWDVBMmRJanFJYm1zSXJOeWpIQlNmenI1UjNpd2xPMGpXRkRPYTBaRDF2UElLZ0p2X3B0cnVZR2VVSmVLS1l2Y2ctUlNobU5GclVLeE5aYXRHblFRNmZWaXdZdWtlVkhyRkNCcFMyQ1VSSjZiNm10dEFYUGd2LV9WR2dhTktaUFpFcVhoRzZ4Z3JUbTU0UzhKUTBIUHdQUXVpNlM1TjZDTzJrUXFKQ0R4NUxvZGh6dk5HYTN0Snp3UElHdUx4dGlfZEd0dnNzdTJXcldNY3RQVE5LcWlHMS1SLUtDQlZSOXI0bWUwUEdjSFc1QVdmQzkyU1BReTJOZkx0a1RTYTRITFZnVFJlWHM3NG1GRW1YMF9LX2ZhMFpIRWVKVnAzSVZr?oc=5,0.0,neutral
2026-07-31,2026-08-03,MA,Mastercard (MA) Stock Dips As Profit Engine Fuels Valuation Debate - Sahm,Sahm,https://news.google.com/rss/articles/CBMitwFBVV95cUxOelhXTHplb2FuRnFvaVVVMVJ2OHg4MW1LT3VDdDlvclBuV3U1UlU1aTE0b29zakRDdzJ3Ykd3T1l0eS1saW82N0J0LWNqVDYwT2VKa25zdmxxZ2R4MktfdEZDY2pOQTRKSzktODYyVi04QzY4QUt4NVVPUVliMFo4RTJ5anJJS0Fxb0FwbVM5ZGwxU0ZoaEQxeDkwMW5rSzVDVGhHUHRVc3A1QWRzMWJ3ZlNmNkpGQnc?oc=5,0.4404,positive
2026-07-31,2026-08-03,MA,KeyCorp Issues Positive Forecast for Mastercard (NYSE:MA) Stock Price - MarketBeat,MarketBeat,https://news.google.com/rss/articles/CBMivAFBVV95cUxON1NwWmNsVlFsX1NRUHRWUFdFN04wamlOTDRZLWwtcGd3U0NFSlNXcEhXVWdyR194eXhnS2dZTTZJZ2pMakR2UEtJWmRaT0MzVUhoZmR2NF9mUXBpQ3dJbWNrQjZYVjE1dUlKa1l2UEV1N19JcGhOQmM1RnZLTUxteTdWOWEzUEIxZzhDZWZCdWRfWUtGVW85eW1uNkdRbFV5aGRvdmt3eWp4TS1FVF9VMWh2ZFdzWWRHZjNTWg?oc=5,0.5574,positive
2026-07-31,2026-08-03,MA,Mastercard (MA) Earnings Date and Reports 2026 $MA - MarketBeat,MarketBeat,https://news.google.com/rss/articles/CBMiYEFVX3lxTE5SWkYzY0ktZFNHd0dTWFNfd2N4YURzSDk3M1M4cjZlVjc2RjZVTmNZcDFhcEFyQkdWZ08yblE1TGxJaGVhSENnQXFSTDNYM2loLXZQd2pSdUxXcFdYRXE4Nw?oc=5,0.0,neutral
2026-07-31,2026-08-03,MA,Mastercard Incorporated $MA Stock Position Trimmed by Liontrust Investment Partners LLP - MarketBeat,MarketBeat,https://news.google.com/rss/articles/CBMi4AFBVV95cUxOMFVNbUNnaS1YS0lyWWdtOXljTS1ldVR1RGtGRzFBeWw3Zk53LTY2VjkzU0NIcmExVkR0ZkFNMjFrMlZKU3U2bG9EQ0UweEkwMTVnNXA5SWtHZFhGcUJWSDZ0bVhsQVYxTEQyWElxa3pUbmE1R205UWxxQmR0bFhjX0RvdHBWcVpIcWo4eHIwSE1waE9oWXhBZjl0eTdpeDkzVFctSnBLUnpwQ3NJVVdJRi1XcVFaNW93R3MxSXFjRU5hRHFUaXV4Z3lqMll1cTIybzBybldMeWlWYVRQVDhaQQ?oc=5,0.0,neutral
2026-07-31,2026-08-03,MA,Mastercard (MA) Institutional Ownership 2026 $MA - MarketBeat,MarketBeat,https://news.google.com/rss/articles/CBMidEFVX3lxTE1oS1J0QURGbUt3VW9VQVJXNnhfbnRzUDgzRS16MExQUE9hM0oyeHpEdERNTXBsc2p0eEp0RmhvdzhjMEw0Rnp0dDBDM2I3TEdvY3gtellDTkZ2TmI5QlZJUEs0SGx6Rzk3emQ1T0lrNjVRV0xi?oc=5,0.0,neutral
2026-07-31,2026-08-03,MA,"Kentucky Retirement Systems Sells 42,533 Shares of Mastercard Incorporated $MA - MarketBeat",MarketBeat,https://news.google.com/rss/articles/CBMi0wFBVV95cUxQeUJDTnZRa2tVMHZkZldqdVJOeVI5OGdmWURiYklaRmhpandBUGtnTnAyejE5QjdMck8xZHVVNHE1aGFrRGl3U3AxWTQ5MkptRGlscDYxdW9RelJTSEZpc0hwVnNtNWZiRkZUbUk4ekc0SmxMaDdGTU40bWM1UkF2N242bXZEcHpDekFUTlpMVGZPQzNyM2hRd05Md0RUU0Q2b2E1SlhPQVkzNU00S0lkZkhiQmo4bHZKdGVGaTBVUURzOFA3QjFTV3lIZHdnWXFFOFE4?oc=5,0.296,positive
2026-07-31,2026-08-04,MA,"Mastercard Inc SEC Filing (Jul 31, 2026) - Stock Titan",Stock Titan,https://news.google.com/rss/articles/CBMikwFBVV95cUxNcHlQWVVaNUtxS3JkZ2FnendheG02eXN0MWJHa1FVTXpkYVVfZEViRlVNZWV3aG1WYnh2UzNydzRVeGxOcklwT1BZMUJWbm1CWVZUekdUdDBDbjVVT1gwSURuMkhLUWcwTFE3QURSdUt5WVJiOGxfSzZOVE5iYVZueVhlNWowa29pVXEyanFzTWRnYWM?oc=5,0.0,neutral
2026-07-31,2026-08-24,MA,Is Mastercard (MA) Getting Too Expensive For Its Growth? - Yahoo Finance,Yahoo Finance,https://news.google.com/rss/articles/CBMiogFBVV95cUxNejdVbWRrWGxZcWczNDdvQ1RiY2w4UDhZNlhtODZvTUcyZW5zZkVxZTVyNDNIdV96dmJUaWppRzlmZFBjQ1A4bURpSzdJS09DcV9ZV2xqTEo5SnphUTYzMno5QXhFY19QQ0UxSkdZQ0s4SFFmLVdjdkxyRkJaLWZSZk9IeVVRbE05U3BFYjBsSmN3OFZaaG9McURsVWprQTV6YUE?oc=5,0.3818,positive
2026-08-01,2026-08-03,MA,Mastercard Stock (MA) Opinions on Q2 Earnings Release - quiverquant.com,quiverquant.com,https://news.google.com/rss/articles/CBMilAFBVV95cUxPRURpNGlvd2VseTVIZFRyUGV4djBHYW9jNDlQaDlERTNVX2VVRm51NU9lcnFOQTY0N2JMV2cyNkl4N0p4SURSZFBUQTRYLTRqNjRMX3dYYWpCRlhMRFY2QmJTXzB3YXJ1V0hpOVRpR1MzVnFXZk1QeVdCeXhlNmhmTlpIUkdLUkFQdEtpNGlYb3Y4R29x?oc=5,0.0,neutral
2026-08-01,2026-08-03,MA,Mastercard Incorporated $MA Shares Sold by Groupama Asset Managment - MarketBeat,MarketBeat,https://news.google.com/rss/articles/CBMixgFBVV95cUxNM0k2eGJjMl8xVmNwYzV3X2dsOTZNV09qOEdPZE5QMEdNTXhRb0NOZ1F0b1lkbFpCTmw2VUlBdlFON0w2Q0xXN2pUOVd4RUhLN0VWNFFvZXI4U3ZPYWREOFcyWUNmTGt5RndNNXZ2aEFtaTRHeWlCamtTUmhuNEFXYmM5QXNPLWw3anpwbFVpdjBVTzNDUjJkbjBoNEpXaTNlVENkdUJtZHVuVjdGM3YzeS1NRVhrNy1JZjV2bUNha0xpOURVVnc?oc=5,0.5719,positive
2026-08-01,2026-08-03,MA,"Argent Capital Management LLC Sells 9,866 Shares of Mastercard Incorporated $MA - MarketBeat",MarketBeat,https://news.google.com/rss/articles/CBMi1AFBVV95cUxNajVzaWV6RjliMmpFeldGOWdQQzEzVmN5RXNiUDlKM2lSLUU4Y0xIaVVOVmpGQkdaUVJJWE1YU01rSDJGVHRoQjRmbFpEcHdNR3NMMnVnQkNqOWZJTjQ0aWN5Nmg3endRSy1rQ1hUV1VxdC1xN1lJckEzUmVWdUs5SFZqeFdXNkxZRTlyajNMTTVOSjJNSmphRXhjWEZNR19CZlhiM01VYnlZUUE2X25kcDVJWHJwSHVhSDB0QTZkcXdmTWdlUHlWVnlsNVhROGFNTVJfdw?oc=5,0.296,positive
2026-08-01,2026-08-06,MA,Mastercard Stock (MA) Opinions on Q2 Earnings Release - Quiver Quantitative,Quiver Quantitative,https://news.google.com/rss/articles/CBMilAFBVV95cUxPRURpNGlvd2VseTVIZFRyUGV4djBHYW9jNDlQaDlERTNVX2VVRm51NU9lcnFOQTY0N2JMV2cyNkl4N0p4SURSZFBUQTRYLTRqNjRMX3dYYWpCRlhMRFY2QmJTXzB3YXJ1V0hpOVRpR1MzVnFXZk1QeVdCeXhlNmhmTlpIUkdLUkFQdEtpNGlYb3Y4R29x?oc=5,0.0,neutral
2026-08-03,2026-08-03,MA,Mastercard Completes BVNK Deal to Link Digital and Fiat Currencies - Stock Titan,Stock Titan,https://news.google.com/rss/articles/CBMisAFBVV95cUxNR1hTbWZOa21DTTFxeVJKMkZQaE15V3dKNzZJQkhTWUt6aWozclN6R3N0c29fOHVyeldsSWw5UWM0UXNIdVlQdW5ObkIzUGxHSEVuaWM4U2lSbTBPeFh6aVFpTVN3XzY4UTVSZ1VBM3pELVVZbXhYYlRyZy03WHVDOVp1aWVfamtvVjVsS0lmSmdjaFd3NThBMVowa25KYUZkQnNGdDJVeDNwV1gzc2poSQ?oc=5,0.0,neutral
2026-08-03,2026-08-03,MA,Cantor Fitzgerald Forecasts Strong Price Appreciation for Mastercard (NYSE:MA) Stock - MarketBeat,MarketBeat,https://news.google.com/rss/articles/CBMi0AFBVV95cUxOanZydXkySlNveEJJbXhlZ2tIUlVKZVhMa0hjU1lYUHlDcjJrWmcxZnpKZDZfdjRTbW53QUZ5U2FKWlZmRFpqcVlsbS1qWEFGNjBZMVdBNC1Gb3U3eVpSMm1MYzU1a19ZbDYwN0ZEcHNSV2lvejZ2STlsS0VwV0RyQ2Y3SmlCZUVodjFzN0x4LTFucGJhd1VvLTJUazlhcTVkbDBzbHAxRGpZZzNzVGUzeGRHMlQ5XzNCLTdkb1d4ZC1CTkFtQk1iU1JEcE1SeF94?oc=5,0.765,positive
2026-08-03,2026-08-03,MA,Why Mastercard (MA) Remains Immune to AI Disruption Challenges - ca.finance.yahoo.com,ca.finance.yahoo.com,https://news.google.com/rss/articles/CBMiiAFBVV95cUxPbzRScUJibUFzV09FbklOdFBYZ3hsdlhMSV9yXzh1RnZSZ2ZNOFJqRzM4SlFVS3RDVS1fRDNpdG1CVGZRbUVGUWU0cUFBOHV0XzAxM0ZkTzRJNTlhMWNaaEg4VWFYR2RBWEIxWDhqOWh3Y1dweVZpSG9LZW51a0E3ZWlYbnF2V2ZU?oc=5,-0.0,neutral
2026-08-03,2026-08-03,MA,Mastercard Incorporated $MA Shares Sold by Keel Point LLC - MarketBeat,MarketBeat,https://news.google.com/rss/articles/CBMiuAFBVV95cUxPamEzOWowVGxIVFVhX0MzVnEyWUVHVmNfM0RBYVgtMHo5R0hVdWkyOWdhbnpWeWFpa0RYLUxwQXp2MFJxREpCbU5TUE91Y0pHQW81TjJPQ0JhN08wRmZNNFpXYjBqekY4OGxMMk9sMGZUN2xlaENTRDFxQURTaldwQWtBeVByN3p5MlZ5UXF2RnA4a3NaakRJZmxLMVBRdjlzR1JSZ0RLWXdFd1ZjXzBzVmN2WkNRSS1v?oc=5,0.296,positive
2026-08-03,2026-08-03,MA,Mastercard Incorporated $MA Shares Bought by Carmignac Gestion - MarketBeat,MarketBeat,https://news.google.com/rss/articles/CBMivwFBVV95cUxNNFk1SjZ3cFJDZ3NVNTNpZ2dMdGZOaXczVmFsSXUzUVM4QXBPZC1SQlZET1MwQXYzOEphR2htdV9mTW5scHJKbm5WVHh6SDRSbzNiODhYaERmaTJzdEhndk5MMGN5M3B4YXdJWmdKMVgwc1hnT3lUZXRYNHhzYjhCbTAwNXNCYkN6RThhcl9ZSE1mYWRIVVBjZ09JZWtpcnZraDk4Q1RvSnJaMkh5MEJBdzM4eERRTWs2RWE1RU90NA?oc=5,0.296,positive
2026-08-03,2026-08-04,MA,Mastercard (MA) executive plans $9.5M stock sale under 10b5-1 plan - Stock Titan,Stock Titan,https://news.google.com/rss/articles/CBMikwFBVV95cUxNWGZsWHhUVmR1R0JKMTRzZGctamZ3VGRHY0I4UktDeGk0OGtlMGF0RUdGR2JTSGFqVjRndllwMmtkZWdvSFdtaGV5RFhENWZRYU9WbU15bWtZbHRKNzBEb05uaUFtNTd4ZUE3emQzb1ZrNlg4QTIyU1NPYnkwZ0hVa3NHdDVldlFsNW0yLVBXUXNvVTQ?oc=5,0.0,neutral
2026-08-03,2026-08-04,MA,Fund Update: New $1.1B $HONA stock position opened by MASSACHUSETTS FINANCIAL SERVICES CO |MA - quiverquant.com,quiverquant.com,https://news.google.com/rss/articles/CBMi0wFBVV95cUxNejZUVmhpOGxPc1ItOG9seEtZU0tfM25jd2prakJWSnJJR1NIbGpaTklNaUlQYzNSZzBRU1o3cVl2SkFUMXlVVUh2Yjlmd3A1alA1cWZidjZ4SVpwS0RiUnZwSWdGRVJTWVpSd1VwdExDdFdFRFg3THdWczAzeU1vbTN1UWhQSXBnclVYZmV5aE1YTmZlcFY1TjdUbnF1QmptRGo3M0RCeWhkN29JcDJ3MjF1TmprZnR1NExWX2Q4X2ZlZUJKMm9lb0FwNVhmSVE3SWJR?oc=5,0.0,neutral
2026-08-03,2026-08-04,MA,Fund Update: New $1.1B $HON stock position opened by MASSACHUSETTS FINANCIAL SERVICES CO |MA - quiverquant.com,quiverquant.com,https://news.google.com/rss/articles/CBMi0gFBVV95cUxNTC1mYXlrS0ZGdE5xc1RFR29ZNjFVVHV2aG16RG9OdTNUNmdYNGJERkNQc0R2YnB4VVZBbHFhQkxKMzkta3dwRjhHYnozSGZ6eHMtNmU0bERqdnllaW9MVTdzMFpIUUNoc0I2Smo5SGYyTnZzZXNrcVpKVDZ2dmtkWnlQSWVYcDdycmZfdXBuTS1EZTBFOEVPb253dWxLTXpwSFk3RGhBX1hIZmZGeEc3VzVId1U0bFhrcVp5R19ZVTVFMS1rcE5LdkF0RS1wRFptSEE?oc=5,0.0,neutral
2026-08-03,2026-08-04,MA,Fund Update: New $1.2B $SPCX stock position opened by MASSACHUSETTS FINANCIAL SERVICES CO |MA - quiverquant.com,quiverquant.com,https://news.google.com/rss/articles/CBMi0wFBVV95cUxOMm5XbWhkSVVSRUFUcEhHMEx0VHFHQnZqc1ZnZWlXWmNQTGdKSmUtVWZJU1RFUEREQWxvOTVpaGl3ZVZlRzdRZkdmRXFlZnJjaHRwUHVSVzYzcVdiY2VMRThYNHlLWXMxYkJOYTlzWWIzWGVhN0t1b2s5RWRpdXRIZnF1QU51dWwtbWRWeEVKdVVaZFFwN0k4MVZkaHlDQ204QnRqSWF6X2x1REVfcnBzMERFODYybDdqTXRDOWJJbVRGQURsYm1qckFYcXpJVFNxbG9V?oc=5,0.0,neutral
2026-08-03,2026-08-04,MA,Mastercard Incorporated $MA Shares Sold by Sapient Capital LLC - MarketBeat,MarketBeat,https://news.google.com/rss/articles/CBMivwFBVV95cUxNVVBnY0VOdzN4MnUyTWVXZk9mZGhqQW9sdy1yY0RGR1c0OGJTeWZjUWN2TXo0U3JpT1pCSjRGVUhQQXc5Z2I4ZV9qaHJfVU5ZRGhIZDRBcGhjanhEb3VrdGFlQmJ4Ukg1amRSM2I1WEpOVklaMU1tOExKV2hzNVhCNlhXc2sxWXpqX1ZKVVhWSVJMeW45engybWRSMGd1N2FMNlBUckhHWmhtYlVVY1pjdjRSV0pWeElmUThZVDBGTQ?oc=5,0.296,positive
2026-08-03,2026-08-05,MA,Mastercard (MA) Stock Dips As Profit Engine Fuels Valuation Debate - webull.com,webull.com,https://news.google.com/rss/articles/CBMiWEFVX3lxTFBrYzB5ZV9PSmhDdWV6VDdocWRMQ1RSUUVJVzNxM0kyQ2NmUFBBN2xwQTFNZEktS3VXemp2TkE1TDBPdE1rdUFKTG4wTXVUb3VwNGhvTE55SlE?oc=5,0.4404,positive
2026-08-03,2026-08-06,MA,Fund Update: New $1.1B $HONA stock position opened by MASSACHUSETTS FINANCIAL SERVICES CO |MA - Quiver Quantitative,Quiver Quantitative,https://news.google.com/rss/articles/CBMi0wFBVV95cUxNejZUVmhpOGxPc1ItOG9seEtZU0tfM25jd2prakJWSnJJR1NIbGpaTklNaUlQYzNSZzBRU1o3cVl2SkFUMXlVVUh2Yjlmd3A1alA1cWZidjZ4SVpwS0RiUnZwSWdGRVJTWVpSd1VwdExDdFdFRFg3THdWczAzeU1vbTN1UWhQSXBnclVYZmV5aE1YTmZlcFY1TjdUbnF1QmptRGo3M0RCeWhkN29JcDJ3MjF1TmprZnR1NExWX2Q4X2ZlZUJKMm9lb0FwNVhmSVE3SWJR?oc=5,0.0,neutral
2026-08-03,2026-08-06,MA,Fund Update: New $1.1B $HON stock position opened by MASSACHUSETTS FINANCIAL SERVICES CO |MA - Quiver Quantitative,Quiver Quantitative,https://news.google.com/rss/articles/CBMi0gFBVV95cUxNTC1mYXlrS0ZGdE5xc1RFR29ZNjFVVHV2aG16RG9OdTNUNmdYNGJERkNQc0R2YnB4VVZBbHFhQkxKMzkta3dwRjhHYnozSGZ6eHMtNmU0bERqdnllaW9MVTdzMFpIUUNoc0I2Smo5SGYyTnZzZXNrcVpKVDZ2dmtkWnlQSWVYcDdycmZfdXBuTS1EZTBFOEVPb253dWxLTXpwSFk3RGhBX1hIZmZGeEc3VzVId1U0bFhrcVp5R19ZVTVFMS1rcE5LdkF0RS1wRFptSEE?oc=5,0.0,neutral
2026-08-03,2026-08-06,MA,Fund Update: New $1.2B $SPCX stock position opened by MASSACHUSETTS FINANCIAL SERVICES CO |MA - Quiver Quantitative,Quiver Quantitative,https://news.google.com/rss/articles/CBMi0wFBVV95cUxOMm5XbWhkSVVSRUFUcEhHMEx0VHFHQnZqc1ZnZWlXWmNQTGdKSmUtVWZJU1RFUEREQWxvOTVpaGl3ZVZlRzdRZkdmRXFlZnJjaHRwUHVSVzYzcVdiY2VMRThYNHlLWXMxYkJOYTlzWWIzWGVhN0t1b2s5RWRpdXRIZnF1QU51dWwtbWRWeEVKdVVaZFFwN0k4MVZkaHlDQ204QnRqSWF6X2x1REVfcnBzMERFODYybDdqTXRDOWJJbVRGQURsYm1qckFYcXpJVFNxbG9V?oc=5,0.0,neutral
2026-08-03,2026-08-07,MA,Mastercard (MA) executive plans $9.5M stock sale under 10b5-1 plan - stocktitan.net,stocktitan.net,https://news.google.com/rss/articles/CBMikwFBVV95cUxNWGZsWHhUVmR1R0JKMTRzZGctamZ3VGRHY0I4UktDeGk0OGtlMGF0RUdGR2JTSGFqVjRndllwMmtkZWdvSFdtaGV5RFhENWZRYU9WbU15bWtZbHRKNzBEb05uaUFtNTd4ZUE3emQzb1ZrNlg4QTIyU1NPYnkwZ0hVa3NHdDVldlFsNW0yLVBXUXNvVTQ?oc=5,0.0,neutral
2026-08-03,2026-08-24,MA,Why Mastercard (MA) Remains Immune to AI Disruption Challenges - Yahoo Finance,Yahoo Finance,https://news.google.com/rss/articles/CBMingFBVV95cUxPZ0xFaFBBQ2U0Zmd2WFFZV0pUZXpJWHBmbU9ueEwyeThRRk0zVTVqWFRHRGN5QmxIeDU4emVNc2ZYbUpOS1NyYkQ0Z3BMYkhTYVQzNWw0Qk0wc0JTaVhCMjZPTUFQeHhBTTg5TGxyU3M4Y2Q0UmlTYkgtMTdJMk8zbzYwU3JDWXpyeW9WYzJRM2FQV0J3UUZtN196V0Ewdw?oc=5,-0.0,neutral
2026-08-04,2026-08-04,MA,Mastercard Incorporated $MA Stock Holdings Decreased by Pacer Advisors Inc. - MarketBeat,MarketBeat,https://news.google.com/rss/articles/CBMizwFBVV95cUxOcDlVdEc5VHgyOW9kRnRZVDJRcU4zd3dyLXNKZWRRQTRXM1RKZlNJbTVfY0hCOWo5QmZ3eXNEdWVaWnNvWkUyY0ZYQURaNjZBNkYzbUF1THU0SXl4bEx6cEJBRTBlT1lmeDkzTUE4MmllUjhCRUpTVkV2dzZ5cUdFNmIxSmRqejYyVHNwXzUxSDBBcXJVTHFzUkFuNnFQc0E2ZTQwZ1BlVHh4ZmYxN19xd0NhTnhQN0d5TFpHQkFCNEZWaUd3dVpOQkYta2FJcDQ?oc=5,0.0,neutral
2026-08-04,2026-08-04,MA,Mastercard Incorporated $MA Shares Sold by Confluence Investment Management LLC - MarketBeat,MarketBeat,https://news.google.com/rss/articles/CBMi1gFBVV95cUxQRC1sVFpTaVg2VGU1TXNFR3NTU0prU0d3LWtreGI2WmlnbVFtNzBJWjd1cEFWNDRsbXU5eTg3dXIyQVNnWDFtUW5od3RqY3NWZ2FuYXBPa0xnVmlWRXhqMjItdU43R2cwOXR3OGxOY1hHdkF2UnNmc1R3YUs0dThHVFEzVEdoTVIzclRmRGhDS1RXbTl3MTVQdXJLTmtNR2Y4S0Y0VF9VUlg1eHFXTnNxbDMxRGJVUUNnSEFHWjBQaXJsd2FqdkRNTFpDUWNqeFg2WDZxQUVR?oc=5,0.296,positive
2026-08-04,2026-08-05,MA,MasterCard(MA.US) Officer Sells US$19.08 Million in Common Stock - Moomoo,Moomoo,https://news.google.com/rss/articles/CBMinwFBVV95cUxPc1NoNXc1RmxJRW9yd0tOaXU0blZwNklOZEJsYTl6ZXhtSlpMWVM1VlNvWXcyWkxqRzZOUDVrUVhxR3o5TzdJTk5saDd2Y0tFaWZfcXdlTFlaazA3aW5MVGJNQUIxSFZZOU5TeFBxMkJBNmhVR1draUxVTUhNM1U3bzJJNThQbjUtRGk1a2ZjekdmS253UXVuVXJVRHJNZlU?oc=5,0.0,neutral
2026-08-04,2026-08-05,MA,"Mastercard (NYSE: MA) CEO sells 33,256 shares in 10b5-1 plan - Stock Titan",Stock Titan,https://news.google.com/rss/articles/CBMiqgFBVV95cUxQRkJ2VVUtWHpqWEUyOHVXVmZkZVNxMVk5aXNTa0xlUjRZN25ET1R0bzJReEhIbXNuMXN1NFgydGU3VjVYcXlXWUxQZW0ybUxxamFDS2Z3MFk4c0IxWDZWbVpCdzRVNi1ET2UyaTUzWm0zajNFSzZFWGcyeW5oRmFHMFJDSHlMeFR1MU05dTJnNUd5NlJ3SFI4VWJkWFdJZjZ3RGFDYVJkeEdHZw?oc=5,0.296,positive
2026-08-04,2026-08-05,MA,"Mastercard Inc SEC Filing (Aug 4, 2026) - Stock Titan",Stock Titan,https://news.google.com/rss/articles/CBMikwFBVV95cUxQaEJ1ZWZBcDBOTk9HSm93MlNCUGhqZ0pCSGRGU2s2aGpEUEQyalFwbDdBTXF2UVNUWnVDYnEzT1VVQ1NPbHh1UHNsVEdnWWhsVXpYcHFiOXZtUjc0V1ByMzlrMzhWQkV5SUFfYU5yamdtVlozXzVOQkYwbkZrcUM5WDJZSU9WWFJNQ1VzVThsb0dwMlE?oc=5,0.0,neutral
2026-08-04,2026-08-07,MA,"Mastercard (NYSE: MA) CEO sells 33,256 shares in 10b5-1 plan - stocktitan.net",stocktitan.net,https://news.google.com/rss/articles/CBMiqgFBVV95cUxQRkJ2VVUtWHpqWEUyOHVXVmZkZVNxMVk5aXNTa0xlUjRZN25ET1R0bzJReEhIbXNuMXN1NFgydGU3VjVYcXlXWUxQZW0ybUxxamFDS2Z3MFk4c0IxWDZWbVpCdzRVNi1ET2UyaTUzWm0zajNFSzZFWGcyeW5oRmFHMFJDSHlMeFR1MU05dTJnNUd5NlJ3SFI4VWJkWFdJZjZ3RGFDYVJkeEdHZw?oc=5,0.296,positive
2026-08-05,2026-08-05,MA,"Michael Miebach Sells 16,628 Shares of Mastercard (NYSE:MA) Stock - MarketBeat",MarketBeat,https://news.google.com/rss/articles/CBMitgFBVV95cUxNcTZpRW1tNUdqN0tvdXR0OHY3ZGFnUGZtMWhGWW1VUkhHQzYwSlBqSjhPTnZFdzJiT2tNY2Y4ak1fUlFlZjFLdEQzUGtKUlZTRlZEN3QxMTZWaGpybl8zd1IwYnpWVThXVms2c2Z1QmZEc0xkUUNnMHdtWGZad0FVR202SUd3d1BoVzhCRExQbTd3UG5oZHN4ZUcyN3NVVlZaeFhra3NFcnEtbnBDMTNuWS1XckNMQQ?oc=5,0.296,positive
2026-08-05,2026-08-05,MA,"GAMMA Investing LLC Acquires 2,085 Shares of Mastercard Incorporated $MA - MarketBeat",MarketBeat,https://news.google.com/rss/articles/CBMiywFBVV95cUxPakxYQ0RqVUZIMVNuTm5aOWFvUHhyMzhhRnlick44dHd2NG5qbTVnWFJ1Q0pnWnpPY2lCbTlRSjJVNE9mNWh1MGEzblJGS29XWjhMTUJfXzMzSDdQSHVhWVByczZrM0xoTG1RaVpHWlA4bkdYUE1UdDJkNHlMZlJETGdqUVlEbTdmT1YzT3o1QmJuMzZEbGZwaWpYYVpkWng5NE5RNGpxek93R2NwYWlUaXF0aTRpY0xkVWQtM3dra1dqQWVVZEVGQ2lRdw?oc=5,0.296,positive
2026-08-05,2026-08-06,MA,"Mastercard Inc (NYSE: MA) officer discloses share, RSU and option positions - Stock Titan",Stock Titan,https://news.google.com/rss/articles/CBMiwAFBVV95cUxNcmdJTDV5WWFRZmNDTEx6VG05ZXB4NmstZ3cyeW5uejhOcjRCbnFjYWUyUEh4ZHM3dHJOS1RXUUNVZ3dhWC1nOTI4RlRRTFRCSWJCN2R0XzBYUlk5a1ZsSlZRZF9CbHEwR2tpLWVza0JHclVtVWJtak9oRWk3bVNuZ3ZoTkk2Y3NDZWE5dk1DYUtfOGo1TWxJeDQ0RWtQdlRGeE96d3V5Ynhsc24wYW5WSWlsbXhvUTN4QkV0LXdhT3Q?oc=5,0.296,positive
2026-08-05,2026-08-06,MA,"Mastercard (NYSE: MA) CSO sells 4,280 shares after option exercise - Stock Titan",Stock Titan,https://news.google.com/rss/articles/CBMiqgFBVV95cUxPZ3lLY0dIVExmSUU2eUwxUllBU2NIUm5fVEZwUTE1ZHFTajNqNG9HQUdpVk5saV9wQnVwTVVpR0k0S1FBLUlSX21XYmRNdXoxaTR5eXdOYnV3NXlNZkl4WTB0NTJvRC13eWF5WGJRWUE4Q3d5MGRab0RnLUxrc1dYUWs5Sm13OXYyVHg1LUNON0F1NEVpY1doaTB1SGRXVFdfYVoyS1l6NXB2QQ?oc=5,0.296,positive
2026-08-05,2026-08-06,MA,"Mastercard (NYSE:MA) Insider Linda Pistecchia Kirkpatrick Sells 4,280 Shares of Stock - MarketBeat",MarketBeat,https://news.google.com/rss/articles/CBMi0AFBVV95cUxPQ2ZleHgtbXdsU3hGY2VES0tkUFdDQ3JzVElaVTlNeVNGNVpXakVlUWdmX1R5eW0wVnpFSmZweDNfNU5IS25kemNsY2w1RWdBM0g0QkloWWNZQzZ0TDdoZGxpdHNwQ1cta0hEbE1HU01pbUpmanNVN3gwbzhvNjZnOUwxNDBWSF9DOFNPTHhXMVRoaFJhR0RIMWwxcGVsV0U1UFFSVUxtZzhzUVZnN2tWX0tDejNTVUp2d2dvbTFrZjVQNnZCMTBfOU01cy1HYk5K?oc=5,0.296,positive
2026-08-05,2026-08-06,MA,"Mastercard (NYSE: MA) controller discloses 1,715 shares, 914 RSUs - Stock Titan",Stock Titan,https://news.google.com/rss/articles/CBMiwAFBVV95cUxOMHVQYjV0YVdKVlFaNVJ3clNfQk92ZnJnZDRzTVZRUnhuRXAwbG9ieks1dU9oUlYySUZlVGFMSmJFaFFqa1ZRRVNhRkpMM0RmRGZYQW1yb1ZmTm1lS3ZZRmgzemNiU3I2amhrR2tacjB6M2ZwdG9aTUFBUW95QjQ5NWVDdTJvXzZXTVhmWWJPb2FvNlI0N05vNDN3TkluVTRuVEZQSXk1Tkx4WDF4aEFtUFZmaVl3OEd4OE4yTUliNnY?oc=5,0.296,positive
2026-08-05,2026-08-06,MA,"Mastercard (NYSE: MA) CFO Ling Hai receives 2,657 RSUs vesting through 2029 - Stock Titan",Stock Titan,https://news.google.com/rss/articles/CBMiqgFBVV95cUxNUmN2cUl3VlpiZnJ5bHB4b0MtNi1MQ1NBVDRKT01HQXgwbkVFNGVrZXQ0SmdyWGh2Um9TV19McDY2bUZWdl96NmtXMTVCX2xKLVNFYnhXdm5XV1ZKVGlPVHExdlhYQ0RoU3ZjMmdzV20tY09GWUVWNjVZQjVQcm1UT0tFRFQ0V1d3MjFDcWxpSHVBcFBTb1FUeDFYaWpaRjM3OW5id0c0Zm5QUQ?oc=5,0.0,neutral
2026-08-05,2026-08-06,MA,"Mastercard (NYSE: MA) grants 2,303 RSUs to Dimitrios Dosis - Stock Titan",Stock Titan,https://news.google.com/rss/articles/CBMiqgFBVV95cUxOTU5ZbFFlUFpxUHpzT1doMkFPMzNIRjFPRmlRWnpaMjczdTVLVVZMcnIyVFc3RFlseUwtenR3cEJjSkZqOFJfZWxpeXhvY2p0dzREYXhvazdqQU9MUzJ2WWNhMHI5T2VDdVd6X2tpZXNULU5OcEV2dkx0Rko5MmxmNWhfNXlRVTB0cUVPZTVHOWNmckM2UVlaa3lfLTdJVm5JSFFEOEd4YTAxQQ?oc=5,0.2263,positive
2026-08-05,2026-08-06,MA,"Mastercard Inc SEC Filing (Aug 5, 2026) - Stock Titan",Stock Titan,https://news.google.com/rss/articles/CBMikwFBVV95cUxPcHJmOExtUE43aGtyYVY1eEUyY25RY1l0Z1J2bGM1aC15bVBHekVUMThSa2FLNWFUOXo2bjR0cm1sTS1FOW50RkdxUGhvQlZ0VnVMdDUydW9ESGgzamhrVVVVQmhmY3RjTm5lZlU0WVY5SWdLTU4xSWk3dXZiU2d6RVR5eFEzeWJXZmRuT1A4Mk9nbjg?oc=5,0.0,neutral
2026-08-05,2026-08-07,MA,"Mastercard Inc (NYSE: MA) officer discloses share, RSU and option positions - stocktitan.net",stocktitan.net,https://news.google.com/rss/articles/CBMiwAFBVV95cUxNcmdJTDV5WWFRZmNDTEx6VG05ZXB4NmstZ3cyeW5uejhOcjRCbnFjYWUyUEh4ZHM3dHJOS1RXUUNVZ3dhWC1nOTI4RlRRTFRCSWJCN2R0XzBYUlk5a1ZsSlZRZF9CbHEwR2tpLWVza0JHclVtVWJtak9oRWk3bVNuZ3ZoTkk2Y3NDZWE5dk1DYUtfOGo1TWxJeDQ0RWtQdlRGeE96d3V5Ynhsc24wYW5WSWlsbXhvUTN4QkV0LXdhT3Q?oc=5,0.296,positive
2026-08-05,2026-08-07,MA,"Mastercard (NYSE: MA) CSO sells 4,280 shares after option exercise - stocktitan.net",stocktitan.net,https://news.google.com/rss/articles/CBMiqgFBVV95cUxPZ3lLY0dIVExmSUU2eUwxUllBU2NIUm5fVEZwUTE1ZHFTajNqNG9HQUdpVk5saV9wQnVwTVVpR0k0S1FBLUlSX21XYmRNdXoxaTR5eXdOYnV3NXlNZkl4WTB0NTJvRC13eWF5WGJRWUE4Q3d5MGRab0RnLUxrc1dYUWs5Sm13OXYyVHg1LUNON0F1NEVpY1doaTB1SGRXVFdfYVoyS1l6NXB2QQ?oc=5,0.296,positive
2026-08-05,2026-08-07,MA,"Mastercard (NYSE: MA) controller discloses 1,715 shares, 914 RSUs - stocktitan.net",stocktitan.net,https://news.google.com/rss/articles/CBMiwAFBVV95cUxOMHVQYjV0YVdKVlFaNVJ3clNfQk92ZnJnZDRzTVZRUnhuRXAwbG9ieks1dU9oUlYySUZlVGFMSmJFaFFqa1ZRRVNhRkpMM0RmRGZYQW1yb1ZmTm1lS3ZZRmgzemNiU3I2amhrR2tacjB6M2ZwdG9aTUFBUW95QjQ5NWVDdTJvXzZXTVhmWWJPb2FvNlI0N05vNDN3TkluVTRuVEZQSXk1Tkx4WDF4aEFtUFZmaVl3OEd4OE4yTUliNnY?oc=5,0.296,positive
2026-08-05,2026-08-07,MA,"Mastercard (NYSE: MA) CFO Ling Hai receives 2,657 RSUs vesting through 2029 - stocktitan.net",stocktitan.net,https://news.google.com/rss/articles/CBMiqgFBVV95cUxNUmN2cUl3VlpiZnJ5bHB4b0MtNi1MQ1NBVDRKT01HQXgwbkVFNGVrZXQ0SmdyWGh2Um9TV19McDY2bUZWdl96NmtXMTVCX2xKLVNFYnhXdm5XV1ZKVGlPVHExdlhYQ0RoU3ZjMmdzV20tY09GWUVWNjVZQjVQcm1UT0tFRFQ0V1d3MjFDcWxpSHVBcFBTb1FUeDFYaWpaRjM3OW5id0c0Zm5QUQ?oc=5,0.0,neutral
2026-08-05,2026-08-07,MA,"Mastercard (NYSE: MA) grants 2,303 RSUs to Dimitrios Dosis - stocktitan.net",stocktitan.net,https://news.google.com/rss/articles/CBMiqgFBVV95cUxOTU5ZbFFlUFpxUHpzT1doMkFPMzNIRjFPRmlRWnpaMjczdTVLVVZMcnIyVFc3RFlseUwtenR3cEJjSkZqOFJfZWxpeXhvY2p0dzREYXhvazdqQU9MUzJ2WWNhMHI5T2VDdVd6X2tpZXNULU5OcEV2dkx0Rko5MmxmNWhfNXlRVTB0cUVPZTVHOWNmckM2UVlaa3lfLTdJVm5JSFFEOEd4YTAxQQ?oc=5,0.2263,positive
2026-08-05,2026-08-10,MA,"Michael Miebach Sells 16,628 Shares of Mastercard (NYSE:MA) Stock - marketbeat.com",marketbeat.com,https://news.google.com/rss/articles/CBMitgFBVV95cUxNcTZpRW1tNUdqN0tvdXR0OHY3ZGFnUGZtMWhGWW1VUkhHQzYwSlBqSjhPTnZFdzJiT2tNY2Y4ak1fUlFlZjFLdEQzUGtKUlZTRlZEN3QxMTZWaGpybl8zd1IwYnpWVThXVms2c2Z1QmZEc0xkUUNnMHdtWGZad0FVR202SUd3d1BoVzhCRExQbTd3UG5oZHN4ZUcyN3NVVlZaeFhra3NFcnEtbnBDMTNuWS1XckNMQQ?oc=5,0.296,positive
2026-08-05,2026-08-10,MA,Insider at MA (NYSE: MA) files Form 144 for planned stock sales - Stock Titan,Stock Titan,https://news.google.com/rss/articles/CBMikwFBVV95cUxNSU9UbkRoeXpidWp3R3ZwQnRNRmhPakdXWGJWMFNoUkdJaE1LZ0t2eXFXUGkwNzlPcW85NDBDQmJZSm1EWXRZMEZ3Z1V5c0NtU2VmazJZNUlQSnBFa25NU0hMQ3NxY1ZnczJoMzM5TjRMMjhaU3ZJUXJfeWJ0Wlo3ZkZ2QVYyb1VLWnN4Ull5Z2J4dmM?oc=5,0.0,neutral
2026-08-06,2026-08-07,MA,"Mastercard (NYSE: MA) CEO sells 15,372 shares under 10b5-1 plan - stocktitan.net",stocktitan.net,https://news.google.com/rss/articles/CBMiqgFBVV95cUxPRXBuZ0E4bjVqdWgwMGV4NzNOWGVHMGpFdFlvZzVzdFVRTUhUc3BoUDd4R3Q3Rmc1RERBNzJQV1JGeWZScHpxT0JGS1poVmREblFEcjNGNTRMUUlwcG5LZGVZTjhDS1N2bEFVejdKOXZEV0U4aGVpR3JyVEJoSWZ1eWQwQ3c0RFNmbVF6VlBMUEFXcmplTkdLaUdueDdPNEFXeDhoQTFRQlgzdw?oc=5,0.296,positive
2026-08-06,2026-08-07,MA,"Mastercard Inc (MA) executive Mehra sells 3,000 shares under 10b5-1 plan - stocktitan.net",stocktitan.net,https://news.google.com/rss/articles/CBMiqgFBVV95cUxOWmhXRDVWZEpzUlU5bjdVc0o0OG9ybXVOVl8wMmFNUkNUM1dDRUFjYS1ZN29kYzFsY1IzQzdVVUViTEdhMmVSSGV0Q3VxdGxBRG15cm1YbU1GenZtN0JlVndYc1NkZm1JaUJueEJYZkVURVFSQ0hEZkdBSFFWNlRxWUp4OU90SHBOMnhEOWJNWndKWjRnSDU4LVFmYTU4VURsai04VFJQQ1U0UQ?oc=5,0.296,positive
2026-08-06,2026-08-07,MA,Insider at MA (NYSE: MA) files Form 144 for planned stock sales - stocktitan.net,stocktitan.net,https://news.google.com/rss/articles/CBMikwFBVV95cUxNSU9UbkRoeXpidWp3R3ZwQnRNRmhPakdXWGJWMFNoUkdJaE1LZ0t2eXFXUGkwNzlPcW85NDBDQmJZSm1EWXRZMEZ3Z1V5c0NtU2VmazJZNUlQSnBFa25NU0hMQ3NxY1ZnczJoMzM5TjRMMjhaU3ZJUXJfeWJ0Wlo3ZkZ2QVYyb1VLWnN4Ull5Z2J4dmM?oc=5,0.0,neutral
2026-08-06,2026-08-10,MA,Is Wall Street Bullish or Bearish on Mastercard Incorporated Stock? - Yahoo Finance,Yahoo Finance,https://news.google.com/rss/articles/CBMipgFBVV95cUxQc0RKTm02bFpBbnNJLTI2UExiUlFuMkRGUGY1UzROMERxR1lxYV9Ec1ptbjFZdmVvaWdvbDRybXE5eGNRTlVIRDBXVjF3LTVuN0hfWG1WUHJvdmRCMnFpdzNuU1l5elVwS1p6N3hrdloxbHE4T29GeS1aQ3B6V0FhQ0lpSHJkQXBHMjRoTEx5WkVJZTNITV93ekF6b0tMVEJZbThMNDRB?oc=5,0.0,neutral
2026-08-06,2026-08-10,MA,"Mastercard (NYSE: MA) CEO sells 15,372 shares under 10b5-1 plan - Stock Titan",Stock Titan,https://news.google.com/rss/articles/CBMiqgFBVV95cUxPRXBuZ0E4bjVqdWgwMGV4NzNOWGVHMGpFdFlvZzVzdFVRTUhUc3BoUDd4R3Q3Rmc1RERBNzJQV1JGeWZScHpxT0JGS1poVmREblFEcjNGNTRMUUlwcG5LZGVZTjhDS1N2bEFVejdKOXZEV0U4aGVpR3JyVEJoSWZ1eWQwQ3c0RFNmbVF6VlBMUEFXcmplTkdLaUdueDdPNEFXeDhoQTFRQlgzdw?oc=5,0.296,positive
2026-08-06,2026-08-10,MA,"Mastercard Inc (MA) executive Mehra sells 3,000 shares under 10b5-1 plan - Stock Titan",Stock Titan,https://news.google.com/rss/articles/CBMiqgFBVV95cUxOWmhXRDVWZEpzUlU5bjdVc0o0OG9ybXVOVl8wMmFNUkNUM1dDRUFjYS1ZN29kYzFsY1IzQzdVVUViTEdhMmVSSGV0Q3VxdGxBRG15cm1YbU1GenZtN0JlVndYc1NkZm1JaUJueEJYZkVURVFSQ0hEZkdBSFFWNlRxWUp4OU90SHBOMnhEOWJNWndKWjRnSDU4LVFmYTU4VURsai04VFJQQ1U0UQ?oc=5,0.296,positive
2026-08-07,2026-08-07,MA,Dynamic Advisor Solutions LLC Cuts Stock Position in Mastercard Incorporated $MA - MarketBeat,MarketBeat,https://news.google.com/rss/articles/CBMi1wFBVV95cUxOUjcxRHZxMWhDRE9XQWs3Uy1DQlBfVnp6clRtbE9xQmp5d21tZVlTbnltaGc2TE9TT2RHZWk5T0ZfaXMzeTR0OG13VkVKWXF0M00zWUdrTmFwR1VYaGRHVVoxd3BtUE0xemlacFBLMVNvYV85WUdtX3gwNUFzSmFtSjZscW44dXpZZHlUd2VZZ2ZsQXdaMDdNLXMySmsxd3gtd1V1TjBIWi1FTGRyYTlfRFNnUlBYZVo3dlRoVjlnTnU1cFhTS25mRWMwWlcwcDRGZHhQQkJkUQ?oc=5,0.2732,positive
2026-08-07,2026-08-07,MA,Czech National Bank Increases Stock Holdings in Mastercard Incorporated $MA - MarketBeat,MarketBeat,https://news.google.com/rss/articles/CBMi0AFBVV95cUxOT1hwLXNJaHVDUHlwbVNMM05zR3pHaXRPUlctaEFNRFNpQmh0MUxtQ0NUb3lOQzJXZmFyWVRJUlNoOHZjMXFfX2UtX3BJRWhhTGxqWjFJTkVxSlBvQlNxRTFzU0RBOEw5R0h6NXBHVkROQnJjdjVPVXViVlNVQ0NOWDZHRGVUcU01V0ZWRnRQSjNDSllYcFNvblI5MWFrUXJJOEVERmptUlBkQXZmX2Y1WGlaYXFJdjc1OE43VlJGY0hzS1pWWkJYdTJWdV9laExi?oc=5,0.0,neutral
2026-08-07,2026-08-07,MA,Assenagon Asset Management S.A. Increases Stock Position in Mastercard Incorporated $MA - MarketBeat,MarketBeat,https://news.google.com/rss/articles/CBMi3gFBVV95cUxPYlBibjZDWGtfNjFIOTlxTk5sczdpQVAwWF9uMlJUX21QMkNOcm5wSi1zTDJ2M3dZRmV2MWN1NXBvMzMxNXdsMEVMNHVuQm1ES1BBVGNMelQwUGpONE80QTYyT3ByaGwwRDJDTUszM0JGSWl1M2RJYUNmWWdtTHExV0FNVzh3eGFCQnRHOG80OWlQQXJxbHl3ZjA1VlJEZThMTXJ5Y21JbGVxX1hiM29nLWQzZTBvODdtcnpuVE13TUN6QlIyck12aTc4ZFpxSDZKY28zODBGSzBpZFJtaWc?oc=5,0.3612,positive
2026-08-07,2026-08-07,MA,Manitou Investment Management Ltd. Has $34.09 Million Stock Position in Mastercard Incorporated $MA - MarketBeat,MarketBeat,https://news.google.com/rss/articles/CBMi7AFBVV95cUxQYVFBZERGbEEzOWRkbmhvckY0ak5md0VIRmJBMWZBWV9XYkVPbld3bjAwVkxPUkhHdG1fa3FlSE1LYVUwOGxBTFlOSWRndElseUJWOUpSeUZuUVEzSEpSNGwzWERWTEhnNG9icFU1QUpWZ09rbFNBREFGWkVYQUhlTWxsOU1nZjNRTmRWa2ZQMUN4Um1WeDJfMzV6cmVBN05kempqaU10cEFtSkQyNzRFMHJaODBVeC1zcVE3Tkd2V2JKNXJKWEFqMnNNVE9PTWlrNGZCSUZTY2xBUmhOeW5ENmMwWl9lVFRkZ2x4cg?oc=5,0.0,neutral
2026-08-07,2026-08-07,MA,"Michael Miebach Sells 15,372 Shares of Mastercard (NYSE:MA) Stock - MarketBeat",MarketBeat,https://news.google.com/rss/articles/CBMitgFBVV95cUxORzhJNGhuY1VKTVViYmdldGg1SHhrbHh5YmtIeVBYSDh0RldfN0RXV3hnZm9pR3BqYmlleXphaUtYNVA0b1B3SDVxMHh4UXRhOUs5RXh1d2NKWFhVV1dpd2lpTmZYSlAtaS1HdW1uX2oyLWVWN0lGelR2NGJuQ2d4b0R2cWF5ZlI2SzUxRGlRVEtRTTZaZkc0bGhjNjNKbHRwb2xaV24wZ0NLNnh6c2RQSk1zT1lwUQ?oc=5,0.296,positive
2026-08-07,2026-08-10,MA,Dynamic Advisor Solutions LLC Cuts Stock Position in Mastercard Incorporated $MA - marketbeat.com,marketbeat.com,https://news.google.com/rss/articles/CBMi1wFBVV95cUxOUjcxRHZxMWhDRE9XQWs3Uy1DQlBfVnp6clRtbE9xQmp5d21tZVlTbnltaGc2TE9TT2RHZWk5T0ZfaXMzeTR0OG13VkVKWXF0M00zWUdrTmFwR1VYaGRHVVoxd3BtUE0xemlacFBLMVNvYV85WUdtX3gwNUFzSmFtSjZscW44dXpZZHlUd2VZZ2ZsQXdaMDdNLXMySmsxd3gtd1V1TjBIWi1FTGRyYTlfRFNnUlBYZVo3dlRoVjlnTnU1cFhTS25mRWMwWlcwcDRGZHhQQkJkUQ?oc=5,0.2732,positive
2026-08-07,2026-08-10,MA,"Michael Miebach Sells 15,372 Shares of Mastercard (NYSE:MA) Stock - marketbeat.com",marketbeat.com,https://news.google.com/rss/articles/CBMitgFBVV95cUxORzhJNGhuY1VKTVViYmdldGg1SHhrbHh5YmtIeVBYSDh0RldfN0RXV3hnZm9pR3BqYmlleXphaUtYNVA0b1B3SDVxMHh4UXRhOUs5RXh1d2NKWFhVV1dpd2lpTmZYSlAtaS1HdW1uX2oyLWVWN0lGelR2NGJuQ2d4b0R2cWF5ZlI2SzUxRGlRVEtRTTZaZkc0bGhjNjNKbHRwb2xaV24wZ0NLNnh6c2RQSk1zT1lwUQ?oc=5,0.296,positive
2026-08-07,2026-08-10,MA,Czech National Bank Increases Stock Holdings in Mastercard Incorporated $MA - marketbeat.com,marketbeat.com,https://news.google.com/rss/articles/CBMi0AFBVV95cUxOT1hwLXNJaHVDUHlwbVNMM05zR3pHaXRPUlctaEFNRFNpQmh0MUxtQ0NUb3lOQzJXZmFyWVRJUlNoOHZjMXFfX2UtX3BJRWhhTGxqWjFJTkVxSlBvQlNxRTFzU0RBOEw5R0h6NXBHVkROQnJjdjVPVXViVlNVQ0NOWDZHRGVUcU01V0ZWRnRQSjNDSllYcFNvblI5MWFrUXJJOEVERmptUlBkQXZmX2Y1WGlaYXFJdjc1OE43VlJGY0hzS1pWWkJYdTJWdV9laExi?oc=5,0.0,neutral
2026-08-07,2026-08-10,MA,Mastercard Incorporated $MA Shares Sold by PensionDanmark Pensionsforsikringsaktieselskab - marketbeat.com,marketbeat.com,https://news.google.com/rss/articles/CBMi4wFBVV95cUxOZlFuR29DR0RSUm90LWN5LXVkNHN3V0tCVnBJaWNaU2t4cmx4UTVFTTU4bkFBRk1PaHhHSTBrT3ZWSG9wVEdIUTVPSm0wYWtHMGxmM3A0LUJpYjFUX25mTjZHVUhyeHhoczA5bTU4X2c1NnkwenRPQXNIODBZM3lNN1NQbGd5OVdoTHRqVWdjd0l6YTV4Qms0N1Y1MkdwM0Z6ZWhhdThfeHdPN050T3VVSmNINVlUa2tTN3RXcWpXZVdNNDF4NGZZdnVOeVZxN2ZSNXp0X2JQZGQyWGRPYl9hdDBtWQ?oc=5,0.296,positive
2026-08-07,2026-08-10,MA,Manitou Investment Management Ltd. Has $34.09 Million Stock Position in Mastercard Incorporated $MA - marketbeat.com,marketbeat.com,https://news.google.com/rss/articles/CBMi7AFBVV95cUxQYVFBZERGbEEzOWRkbmhvckY0ak5md0VIRmJBMWZBWV9XYkVPbld3bjAwVkxPUkhHdG1fa3FlSE1LYVUwOGxBTFlOSWRndElseUJWOUpSeUZuUVEzSEpSNGwzWERWTEhnNG9icFU1QUpWZ09rbFNBREFGWkVYQUhlTWxsOU1nZjNRTmRWa2ZQMUN4Um1WeDJfMzV6cmVBN05kempqaU10cEFtSkQyNzRFMHJaODBVeC1zcVE3Tkd2V2JKNXJKWEFqMnNNVE9PTWlrNGZCSUZTY2xBUmhOeW5ENmMwWl9lVFRkZ2x4cg?oc=5,0.0,neutral
2026-08-07,2026-08-10,MA,Assenagon Asset Management S.A. Increases Stock Position in Mastercard Incorporated $MA - marketbeat.com,marketbeat.com,https://news.google.com/rss/articles/CBMi3gFBVV95cUxPYlBibjZDWGtfNjFIOTlxTk5sczdpQVAwWF9uMlJUX21QMkNOcm5wSi1zTDJ2M3dZRmV2MWN1NXBvMzMxNXdsMEVMNHVuQm1ES1BBVGNMelQwUGpONE80QTYyT3ByaGwwRDJDTUszM0JGSWl1M2RJYUNmWWdtTHExV0FNVzh3eGFCQnRHOG80OWlQQXJxbHl3ZjA1VlJEZThMTXJ5Y21JbGVxX1hiM29nLWQzZTBvODdtcnpuVE13TUN6QlIyck12aTc4ZFpxSDZKY28zODBGSzBpZFJtaWc?oc=5,0.3612,positive
2026-08-07,2026-08-11,MA,Mastercard Incorporated $MA Shares Sold by PensionDanmark Pensionsforsikringsaktieselskab - MarketBeat,MarketBeat,https://news.google.com/rss/articles/CBMi4wFBVV95cUxOZlFuR29DR0RSUm90LWN5LXVkNHN3V0tCVnBJaWNaU2t4cmx4UTVFTTU4bkFBRk1PaHhHSTBrT3ZWSG9wVEdIUTVPSm0wYWtHMGxmM3A0LUJpYjFUX25mTjZHVUhyeHhoczA5bTU4X2c1NnkwenRPQXNIODBZM3lNN1NQbGd5OVdoTHRqVWdjd0l6YTV4Qms0N1Y1MkdwM0Z6ZWhhdThfeHdPN050T3VVSmNINVlUa2tTN3RXcWpXZVdNNDF4NGZZdnVOeVZxN2ZSNXp0X2JQZGQyWGRPYl9hdDBtWQ?oc=5,0.296,positive
2026-08-08,2026-08-10,MA,"Beacon Investment Advisory Services Inc. Sells 23,899 Shares of Mastercard Incorporated $MA - marketbeat.com",marketbeat.com,https://news.google.com/rss/articles/CBMi4wFBVV95cUxOeHJ2aUdEV0hIM1ZBZ2Juc3kwYnBiSXFRMG5TWkZvNUVxSWljNnI4TVZQTWk4RUpDdHJ6VWxZRnd3VXdkdVJrdjRCenUwUWRwNXJVMW5tZllaNnQzaUEwckg3ZDVjM2tOclFoUFNtVEtQMHdIa3lzRHRwZ2dTTkF6RFJlS3pMdEIxUmFhZnBER0JaZHFnSmhyRHZzUUdOLVVRb2o5SVBLRWlkRDVScXRhQmkxVUxkY3BYaFpfTXVfWFRuZHdQcjBOTE9WN3R5eU9Edmo1bjJ6S18yaWYxb0N3N1V2TQ?oc=5,0.296,positive
2026-08-08,2026-08-11,MA,The Growth Engine Behind Mastercard Stock Isn't The Card In Your Wallet - Trefis,Trefis,https://news.google.com/rss/articles/CBMi1gFBVV95cUxNMzVLRkNaUjRhNGJWMFdEdHQwUFo5TzJwVy1EelBmbE8xYTZoZ0tCSUJ6MG9JRVNwSUVKa2xWVXBZdkk5Y1V0UFpUamJ6dmQ3eDNuM2hLUlhuN3NMdmhkMVNWd2Q5MDNRbGpJQmZTUUZ4U3p3d1p3QkxZQS1kbXFTT1BVQXhLSklhNDVMNHEzbjJOemlOZVF4bHFEd2p2cUlmNnpGS2RVaUZWR3JpM0lBU1hOakZSdlJBNFA4b1JiY1VZenVUcFZOSnVUZkxxczBLU20zQmNB?oc=5,0.3818,positive
2026-08-08,2026-08-11,MA,"Beacon Investment Advisory Services Inc. Sells 23,899 Shares of Mastercard Incorporated $MA - MarketBeat",MarketBeat,https://news.google.com/rss/articles/CBMi4wFBVV95cUxOeHJ2aUdEV0hIM1ZBZ2Juc3kwYnBiSXFRMG5TWkZvNUVxSWljNnI4TVZQTWk4RUpDdHJ6VWxZRnd3VXdkdVJrdjRCenUwUWRwNXJVMW5tZllaNnQzaUEwckg3ZDVjM2tOclFoUFNtVEtQMHdIa3lzRHRwZ2dTTkF6RFJlS3pMdEIxUmFhZnBER0JaZHFnSmhyRHZzUUdOLVVRb2o5SVBLRWlkRDVScXRhQmkxVUxkY3BYaFpfTXVfWFRuZHdQcjBOTE9WN3R5eU9Edmo1bjJ6S18yaWYxb0N3N1V2TQ?oc=5,0.296,positive
2026-08-09,2026-08-10,MA,MasterCard(MA) Stock Options Chain | Quotes & News - Moomoo,Moomoo,https://news.google.com/rss/articles/CBMiywJBVV95cUxPSWlkMEZpaWtnWV83Ty1JbTRtM1REcF9vcEE1N0NZMG4yTGo5YVhPTkEzRGhYaDV3SlYzTGpnNVlORlhjS1drMk8za0F3c1pUUmhZU1NLMlB1QWlIQlo1NVZyT1FqTURadkUxQVJVdmQ5Y0hDZnMzMGhURkl0dkI4S2dlWkp2d19EbTdGRndkSXlZbHhPcmFIc3RkVkMtblBlanR2bkdVZWJUX0xGYjVLSkxIZUdhUm5VYnVXS1cwYUMyZzNJa2wtUGg0YWFuYTVRanhXU01vREZjcWk0b0dHLUNOU01vZC1XeGwtTlhkcnZiWlBMdGpUV2JwVjAxY1Y5YUJYbHI1MGJqSDlUeWtpVUx4bzZuVkYwNUNtOFBNVWtVdEprOHNSWkRfUk9MVTl6MUtnX2Rzd3Jmc3JIV1dkZV9pNHdXdEltaERR?oc=5,0.0,neutral
2026-08-09,2026-08-10,MA,WELLCOME TRUST LTD THE as trustee of the WELLCOME TRUST Has $368.51 Million Stock Holdings in Mastercard Incorporated $MA - marketbeat.com,marketbeat.com,https://news.google.com/rss/articles/CBMiiwJBVV95cUxNWUNBR3FFNFIwM2JjTkR5RFJsVUdTMm80YkIxek5jUk9seGdVNzFFN1p6UHBnaUZrNm1vMVhNbnBoSDQtTWtmekc1UVFNeGtoRDJXM3gtaDVMckpYaXRvcFVPVHdheGp5ZjcxZkpibHM2akF0TlNHQi1SdVoyYTZ1a2pfMi11RkNBZ3R1ZUdVWllDV21UMzVYcHdyQnltblF5c0dCTDUzcm03OFBlZV9ZWGV4eUphazF4LU9WWXNLRUlxR1FaUWgzdWxKdjUtcVJqNnQ5aDhXUmZ1amJ5cXROV1czNzZha3p6bGxnSDdXUWxHQmJzLVRCQmZUSHZ5Wmw5UnZRcHVLV0xETlE?oc=5,0.8769,positive
2026-08-09,2026-08-10,MA,MA 260807 670.00C (MA260807C670000) Stock Options Chain | Quotes & News - Moomoo,Moomoo,https://news.google.com/rss/articles/CBMiwgJBVV95cUxOMXFKcWtvcGRBQ1JtVS1zMm9wY2FwU2ZyZFdxMnBVMFNWc0N3Qmw3R0luUUhqbUVmQzVYR1lIZndSUzUxamxWbG12bWdXOXNGRHBuVHllODhXN0s1bE93U2J1azRoUzUwMnUzYlduaTZlZWd1QjBKRk5PUlNGU3JWRkZCbzRiczJUZ25penZwMHpEemtkdGl2T2xMcU1aNHBrRU5XSGJlbGVFS09Uclk5ZlYyRTB6eEhZR3FiUWhRdWlid3VqTGZMRE5femRkRXJISXlTUkM3aFdSdzZLb0tEMFdSTXFPaGtHVFQ4T2lCVUZsaktlYWN3SUM0RzZ0Sm9INlVCc1NFV0lyNnpyaXNJaW5sQXp3MjlsOEVzQkNTWExtY2ZmOW5ua2VHSFFEMXR2S0wzT2hDcEtsTDJWM3hVSzZB?oc=5,0.0,neutral
2026-08-09,2026-08-11,MA,WELLCOME TRUST LTD THE as trustee of the WELLCOME TRUST Has $368.51 Million Stock Holdings in Mastercard Incorporated $MA - MarketBeat,MarketBeat,https://news.google.com/rss/articles/CBMiiwJBVV95cUxNWUNBR3FFNFIwM2JjTkR5RFJsVUdTMm80YkIxek5jUk9seGdVNzFFN1p6UHBnaUZrNm1vMVhNbnBoSDQtTWtmekc1UVFNeGtoRDJXM3gtaDVMckpYaXRvcFVPVHdheGp5ZjcxZkpibHM2akF0TlNHQi1SdVoyYTZ1a2pfMi11RkNBZ3R1ZUdVWllDV21UMzVYcHdyQnltblF5c0dCTDUzcm03OFBlZV9ZWGV4eUphazF4LU9WWXNLRUlxR1FaUWgzdWxKdjUtcVJqNnQ5aDhXUmZ1amJ5cXROV1czNzZha3p6bGxnSDdXUWxHQmJzLVRCQmZUSHZ5Wmw5UnZRcHVLV0xETlE?oc=5,0.8769,positive
2026-08-10,2026-08-11,MA,The Real Upside Case For Mastercard Stock Is In The Plumbing - Trefis,Trefis,https://news.google.com/rss/articles/CBMiuwFBVV95cUxONnBLMExGc1JNVGVoQWdiWEhZZFVpNmVoUVRIbUJSMEdLeWZXUFNIa24wU1JyV2czdUswaTVJaV9VRXota1ZFUVNSaXNhZWJRR3FRUnZzZThpV1BpUW81c3kyUndCSzh3a3VyWUtqdHV6UjktWTB3bG9KZFdEaThCaWI1OGg0SzlndFlxTktIZmJpZlQ4WXBXOW9CQ0lQazhYbkN1dVFwUE82WEc5dFNWcnVEd09DNE5jSGt3?oc=5,0.0,neutral
2026-08-10,2026-08-11,MA,What Wall Street Pushed MA To Explain - Yahoo Finance,Yahoo Finance,https://news.google.com/rss/articles/CBMimgFBVV95cUxQbXVUUmFyRVdlbktYajJmbXc5TDM3VDdhNEhyd0lSWERGR2xGSW1HNUNpVWpkZ1JqcGlVMV9ydnpza3h3cWV6Q3FIVmpJbW5lQUMycVQ0UXlFWWZaS2J2dDFBVkJaMW9xYzJYYlppWUZmek5GejlwYmFGR0l3ajRDYkVfbDR0QmpHVEFzV0Z6Rmk5ekF2a1BLb0x3?oc=5,0.0,neutral
2026-08-10,2026-08-11,MA,Nasdaq breadth expands with over 70% of NDX stocks above 200 MA's - Seeking Alpha,Seeking Alpha,https://news.google.com/rss/articles/CBMiowFBVV95cUxPb29CbVVwMl9JamFTWDNBaUZYQmlJckozamdFQWpmblFYSFd4RGtockVUaG5KN2FpWi1LLXVxZW9KQVVEdU40cTdEV2piMzdQcmVlUExOaW1KVkQtOVdqZkN6emMxOHJsWUJMYnJJenZ1XzhvRDBFYVk0MzRXVEVhNDZ1YTdzMVhXZXFfeEpyYzRHTno4OUZjc1lwVFRxZWZWYVY4?oc=5,0.1027,positive
2026-08-10,2026-08-12,MA,What Wall Street Pushed MA To Explain - Trefis,Trefis,https://news.google.com/rss/articles/CBMinAFBVV95cUxNMWFhYUZDNVJtbVFsQlNQSTlLZWkza1BiZVVtc0lvMjdVQjlyWlRyWWQ3dzNvVFRfTXRSdmpfNWE5XzdLd2lHb2lVUzQxZGx5R01ZRXVsbE53TXJuX3cwYnlnNGdIelU2N2IxZjZlQ1FOS2M4YnA4cTZLUExHdElLcTFZdDdRSVV3UVhzemdsSWp4eVJaSUExU0hCbG8?oc=5,0.0,neutral
2026-08-10,2026-08-13,MA,MA Stock Quote Price and Forecast - CNN,CNN,https://news.google.com/rss/articles/CBMiTkFVX3lxTE12aFA2VU9QNG5XUUl5ZUI1U0JTeDg3d0FITnFPRmhia2xlMjFYLUthQXlvdTFUMVB2c19yM3BoYTIyWVNna29Hb25zWUd6QQ?oc=5,0.0,neutral
2026-08-11,2026-08-11,MA,Mastercard Incorporated $MA Shares Sold by E. Ohman J or Asset Management AB - MarketBeat,MarketBeat,https://news.google.com/rss/articles/CBMi0AFBVV95cUxQOWZkQ05KVE5FWS10Wl9aX0NlYWhFSlV3Mkw5R2gyalB1bU5NamVIOHFxU0V1bEtmN1Itck5tYklKLUdjUGJYNjZickFwaFF5bjRPNlVGdVY2V250M2U5N0RDakNnWlJmU1cxS2xFeWwwLWpqUDg5dWtPZmdzWmdTU0lKSHdiUjhkU1ZfOEx6Qmo1Q0tJTGVqQ2FadExRNXM1WnFUOGR3SVZVeEdtbEpIVVVRT2hQX1dPYXNGZ3M0ekpEakZIWVFwVF9FNGJpTXVF?oc=5,0.5719,positive
2026-08-11,2026-08-11,MA,"Handelsbanken Fonder AB Sells 12,867 Shares of Mastercard Incorporated $MA - MarketBeat",MarketBeat,https://news.google.com/rss/articles/CBMizgFBVV95cUxPOU9wZGF3MHFjckUwb0xfaHVuekExVDF1OU1GaXJyREtYdzBTdk15a2p5WU1vZ29GUVZzZS12b3J5N3ZsN2h4MmpCODJyZzVkOENHYUJSZDV6NEhvNTRLZk1COXFEalJXU3p4dkZyTXZKNlMwSlZvOGd0R2VFRXFZZTdmX2k4dFl6QTM2aTN0dWVsQ29KMTRkektpb1NJVlJhNC05aUw1ZzJVamRlT1lvaVpWdkNNamhPMVZSOS1zUnlaRk1heWdKUjZQT1l1Zw?oc=5,0.296,positive
2026-08-11,2026-08-12,MA,"Visa Inc. (V) vs. Mastercard Incorporated (MA): Same Strong Spending Story, Very Different Stock Reactions - Yahoo Finance",Yahoo Finance,https://news.google.com/rss/articles/CBMikwFBVV95cUxPMmNXN1BSOFFjTm5CeGxWUVkwNTUyX1pQMkNEVVJvV0Z2Y1VBZUhoZ3diT0pqMzBRS1VlVnFuR2FkSndQS19yMldmbmluczViS2hjU0xWemlPYWJWQWtSVERWcDdMTFdFck9sZWRWNzQyQWtlQ2NnOEJvWWxFTlVkaVRGRVMwVGdCTlBBU2l4WDBOZ2c?oc=5,0.5106,positive
2026-08-11,2026-08-12,MA,MasterCard(MA) Stock Options Chain | Quotes & News - Moomoo,Moomoo,https://news.google.com/rss/articles/CBMivAJBVV95cUxOZEtja1pZYWRvOXptRGtRbUp5aGUzRFFZMmsxU0tpOE42Y3F5MHNnRXBrYzFWcW0wVVV3VHN4Q2djNVdOSTJMZmR1eG0yMHNpeUNaX1BxVW9FUWwyWl9LWlRFS211Y3VjUDY2c3Z3dkJLejNWZFJkQ3J5eGMzZ0dvdmhwX21PSEd6Zk5ydGNSR3g2bzRwcmt0TnFPYmVmS2F3TzJjckJwdUlzNFZBRU8yZ3pqX0hwQU9JMEV5V0gzcUxsMmNnNWJ4c2stMUJ1UXVlZTNGVlc2WmdXMTUyUEtFU05YOWRsQkxpM194M2Z6cmNJQlFDVF9PUnZaOS0ydVhRVE1JSjZsNW91eFRpUjV3MEY3cjVMU3hkNlFrZElRWUwwOXhubDc4NjVDM0NiVHYtbjYzWUVsVzQwQWdn?oc=5,0.0,neutral
2026-08-11,2026-08-12,MA,Intel stock shows resilience above 100-MA after AI capital raise (INTC:NASDAQ) - Seeking Alpha,Seeking Alpha,https://news.google.com/rss/articles/CBMipAFBVV95cUxQUWdxOXR0aU1PWWRLRzlqZkg1S1pXaVJsSXRqMi1fNFhtS1JTRnFYU2x1d29SYUFUTEhGbV9ObndGc2xFQTEzMzlxNERGcVY1YnN1ZHYyZUxIaE1Na2RXWDFUNU9fUktpRURJNzh2WFp3MTduTmt2aFlhLUJWVTNMN1FMXzNzWE5hQ1VHRDRNR1M4T1JhTlNZSl8ycV9vSW5uZVNBVQ?oc=5,0.0,neutral
2026-08-11,2026-08-12,MA,"Equinox Partners Investment Ma Sells 113,705 Shares of Gran Tierra Energy (NYSE:GTE) Stock - MarketBeat",MarketBeat,https://news.google.com/rss/articles/CBMi1wFBVV95cUxQTERqMWI5U1VXTFlsUUljS1VtMjFhb1NsQVliWUxKdWdJR2huYVlZSnlkZkdNTmo0Q2t5MElxT2c5enY5bjdNRElKUVJmYmZQN3BvZGVCSkhvRWdINkgxTjkzUF9XcGljSjgweG9RYzNmb0JJYkRmblhuanVrVHFyRDlWQXlWSlFoOGRiNWJTd045MVVhOXBjYmhEUDRsOTljaS00YjZicnRUak5OWE5JWDI1RzA2OXB0N1lPVnJMV3gxRHN0Unpjdng4Zml3OUk4SHBtc2VmYw?oc=5,0.5106,positive
2026-08-11,2026-08-13,MA,"Mastercard Inc (MA) Stock Price, Trades & News - GuruFocus",GuruFocus,https://news.google.com/rss/articles/CBMikAFBVV95cUxPcWZDUGJVdnlPOGhGRGZzYzNRamUteWRETm0wRHZ5cHc5dUF4V2pUekhET1NxM1JEU3prSDlXWXVLVmxtRllUUmF5YUkyS0lFcm1KNnBBa0ZNdG1LV0FYQ2RablJBUnRuWkxFcXFfSjZkSk1VZHNRTmI5Vm82UlNBNFRqdVFjM3o1UUJKdmVhSFY?oc=5,0.0,neutral
2026-08-12,2026-08-12,MA,Visa and Mastercard Have Both Reported. Which Payments Giant Is the Best Buy Now? - The Globe and Mail,The Globe and Mail,https://news.google.com/rss/articles/CBMi9wFBVV95cUxNNU80dWVrWGtRVUU0a1ZEbUZPUFAxQTBLNHRoNW1uOHoxc1FKcDcxUUdCaGU3WkR6TXU5NHI5OFJJOVBmRzRwVVdrdmE0Q0R0VlpPRElQX1hEeml2TkllR3JlN192WjhBX1JzT3ZVY0F3czBEQ1dVb2pYeXVXN1o1MG1yRU9TZENjLS1uWTQ4OG5MempyUnZ2N3VnQTJUWVJiN0VMNnJIVUwxbHJyNWlSbnA3b2JYUFF3eThxb0R3cUZ5d210M3AtMzBYdmlMbkxJbG5yWmc3dktWMHg3OGFwU1B1Nkt1c01KZnJORzdpX3FpV1lnYXhJ?oc=5,0.6369,positive
2026-08-12,2026-08-13,MA,EVTC or MA: Which Is the Better Value Stock Right Now? - Yahoo Finance,Yahoo Finance,https://news.google.com/rss/articles/CBMilgFBVV95cUxQU1JmWUVkVjRndDBzZ2hNWkZZR25pZWg5NHNmeDJqOEZwS1hpLV90WkR0Y0x0NDFnSW9Tdk5idEFtVlBHRGtxX29Od21IYTdIUmI5Ul8yZ2I1SGhoRDdsZExCUXdFZWQxem9TRnJqN2J0SlpWSkl0dzBHUzI1bjhxbHotXzlmeWVDYXpFV2t2a29kMXBEV2c?oc=5,0.6486,positive
2026-08-12,2026-08-13,MA,"Mastercard (MA) Tests Crypto Credentials, Is The Stock A Bargain? - simplywall.st",simplywall.st,https://news.google.com/rss/articles/CBMi1gFBVV95cUxNNDFndkQ4djBrcVI4aERVQ0N1c2k2YktQMWxxTTA0bzZEdDFITkpVUG9qQ3A4UU1IZDNQQzNqRTloTk94SV9FRXMtcXFQd3hvMGFZc1Q1bXZTZDhWX1ZUTGxIQmI3dXdmQkN2ZWFJeXd6akgtdHRPbkdKeW9MckpQdm1QT1RjWVpTUjBOTGpLV050RVNMLXFpQ1RuYU95WlFSS21JMjhRbzFaVWpxZUpxNDlvU3luaDFadlJLYU9IMW9LcVpMNUE2ejlyYkRsYjBKeFdaclZB0gHbAUFVX3lxTE5WTWpHcDM0NWNBMEo5by1yQmxzOGcwckJHeF9Ob2ZTbEhGTTNqN0dqRzFLbHp5SVFmY0wzR1c5STdBUGxwR2hDUGFTN3FSdkNFRXo3MF9UakJOYmxNNDlZWmxKU0NUeEFnd05qM3U0WkNha2FvOVF0UGxUWTYwOTdfRHI5SjR6TWNjU0VSUVplUC12c1hxTlFLTGFzc3dJSk5iNC1FNjh4bjY5cmI2RXlVQUdEZWJPTlg2SnlKbnllT3VLMjJ1c1BsUG9FbEc0V2wyVTFzRktsYzdLRQ?oc=5,0.2023,positive
2026-08-12,2026-08-13,MA,Nebius stock reclaims 50-MA after Q2 beat (NBIS:NASDAQ) - Seeking Alpha,Seeking Alpha,https://news.google.com/rss/articles/CBMihgFBVV95cUxNX0JiYVRnTG53U2ZlZHFEYzFWVjhmV1FLWnNfdDFDd2tVOTVWaXVqcHRHbzZySUUzdDFaNjBLd2NvdGw4VUtLWUlXM2VCTW5oVUdzSmpXZDF5X28tdUllTHJpaWJMay1GeDJXMTZmNGNWek5lYWxKR1FrMWNEcHVXeS1ZOEdOZw?oc=5,0.0,neutral
2026-08-13,2026-08-13,MA,"Live Oak Private Wealth LLC Sells 1,841 Shares of Mastercard Incorporated $MA - MarketBeat",MarketBeat,https://news.google.com/rss/articles/CBMi0gFBVV95cUxQUnotd0VQOUdpdGtzZEFRQjBZMUVOQUY2SlVxRTZGRG1GS1RaNnNFNmZkQWw1akt3ci00T25MemNCZHJiZ2VzNnAyOFgzclVfcVlkN1o3Q0VXWWxkM0VuSWRzZkR5VHJobmdwdE9UZ21UVGtQVXpwT2psXzdpdUF2bnFzTG1DVEZDREY0cDBDWmNVVmhpZ1poM202aGlRc0puNHJyYlZGdmZwdUxGemZTT3NZZ2hrNloyY1ZiQWZfSXluVk5qdV9LX0o2NVRiR3J3QVE?oc=5,0.6597,positive
2026-08-13,2026-08-13,MA,"Moody Lynn Lieberson & Walker LLC Sells 4,644 Shares of Mastercard Incorporated $MA - MarketBeat",MarketBeat,https://news.google.com/rss/articles/CBMi1wFBVV95cUxQNUc2TzQ2M0FQVUlvVjFnNm50NFl6UEVyeVpmTUR5aTU2YVNBbUJRX3Yyb2VXcE1MQWg0S0xLQnVUc29DRXM3amtzcDJxQnNuWUdaN2hRYkhWc1pQRUhWQmtmdWY2a2JpaDFaeWo2MG5MZUFidFU2dVctajlXNEJWeG9pRlVBT1NEWDV4N0dBM2ZuT2Nub0F1TFRxYjgyZ3JpODVUeGtFVVBTZTlDcTlhVlR2WVh3S29fXzBJcVhXc2FCYjhlbXN1aGJGbnlBTmh3azRFS0R0aw?oc=5,-0.0772,negative
2026-08-13,2026-08-14,MA,Mastercard (MA) Stock Looks Rich As Its 60% Five Year Gain Continues - simplywall.st,simplywall.st,https://news.google.com/rss/articles/CBMi2wFBVV95cUxNNTd4d1JiVjgwMVN4dkRLOGlCdlg2S2FCMnVFZEdUMFBNZk1kWjNsUXBIZXZnNVdvbTVXdW9zTGZOc2dWcEd1RVYxc0Y4dnhnY1dvMENaNnZNd1pzb0xlTVJuQ1dBMEtvSHFNNTlydTBkWWpra190X2hHZHo2SjhYdHgtN0FTRG5oOGJkSFhNUFJ5aTFmekFaTVRrT2tYMjFyN0k2akxUTGJuQnJ2amFmWFJPbVJGZjZaT2FqWDliazc5NHJKVl9TQXNsUTJVSk54bmJia2pJRTIzNzDSAdsBQVVfeXFMTTU3eHdSYlY4MDFTeHZESzhpQnZYNkthQjJ1RWRHVDBQTWZNZFozbFFwSGV2ZzVXb201V3Vvc0xmTnNnVnBHdUVWMXNGOHZ4Z2NXbzBDWjZ2TXdac29MZU1SbkNXQTBLb0hxTTU5cnUwZFlqa2tfdF9oR2R6Nko4WHR4LTdBU0RuaDhiZEhYTVBSeWkxZnpBWk1Ua09rWDIxcjdJNmpMVExibkJydmphZlhST21SRmY2Wk9halg5Yms3OTRySlZfU0FzbFEyVUpOeG5iYmtqSUUyMzcw?oc=5,0.7906,positive
2026-08-13,2026-08-14,MA,"Mastercard Inc. (NYSE: MA) investor plans sale of 3,465 common shares - Stock Titan",Stock Titan,https://news.google.com/rss/articles/CBMikwFBVV95cUxNandFSC0xcDJVZ0I3UTc2N1ZNbVhDUHltQkNTUkFRY0RxeFRXTmc1YWtyT3BoNzJybjJXNTZhaTFZcTA4WDczX3BFc1VTNWhxeHBwQXEyckFwb196WDFha0M3SnlUaFRua3BZUEw0ZjBRSEc5OUxCRDFmWnMwNWg1MkVDN2o1dHEtMWxYLWJsZXJxSGs?oc=5,0.296,positive
2026-08-14,2026-08-14,MA,How Pershing Square’s AI-Focused Stake and New Partnerships At Mastercard (MA) Has Changed Its Investment Story - Yahoo Finance,Yahoo Finance,https://news.google.com/rss/articles/CBMingFBVV95cUxPcUM5UnFaNGRDeGlrSDZFVzEydVAtTUdScGExRURQT2dlbS1QMURodUZkUmJkNjJHMEwyWGJ4Tzh3ZEtDeGlaNHhhMHRhd1ZJblZ5R0FJeWNoMWhSQWZwMnMxclVFMU9ITEtESjFMWGFjSy10YnQzSFV4d2N5ZlJLMzNhSl9tRDdOX29MZ3RPRG5zck4waU05NVU3dGxDZw?oc=5,0.0,neutral
2026-08-14,2026-08-14,MA,Mastercard Incorporated $MA Shares Sold by Altrafin AG - MarketBeat,MarketBeat,https://news.google.com/rss/articles/CBMitAFBVV95cUxPU1RzNjlUWlNJY1RQOXNkQTNjTjRRdHZ1LXprLXQ4dGNNLTQzU2FpUUIwT3ZTd1VUU3RRSVJnOFVneko5Ynk2djBzN29EMVM1T0ZBem5RRWtpeXpDRWU0SDM3VEh4VEpMdzRPanZHWmhfV0RWWmdhOG5HanlkbE9TNWh3blNKeUtXVWhteFdWS0NFVXdQRWRheUxWZGstN2xmeENHdEJQYVp6OE94a2ktbUdwVnY?oc=5,0.296,positive
2026-08-14,2026-08-14,MA,"Egerton Capital UK LLP Sells 96,162 Shares of Mastercard Incorporated $MA - MarketBeat",MarketBeat,https://news.google.com/rss/articles/CBMizAFBVV95cUxQOE40ajFHOXhqQmg4VlZiYWE5cXNKdkRkNkk2Y1dheFhHY0JDajQ0OUYzeWZ5RWpTeUVva2VyMk02NUFMTU9reFcxTmZPWVR0SUhraU5TN0FJNFpvRW5oLTNuLWZ5WktlallhZHZLNk1WdTF0Z3B0el90cGxWb05tWlpacndGaF9haXZQdkJGckpKaGtGMnhKdUtqRU83ME82TnBUSVdhRnF0b1NhNXg0VFlVaEV1VDBlNkR0bGJqanZsLTcwaUZjMjRGT0Y?oc=5,0.296,positive
2026-08-14,2026-08-14,MA,"IFP Advisors Inc Buys 2,418 Shares of Mastercard Incorporated $MA - MarketBeat",MarketBeat,https://news.google.com/rss/articles/CBMiwgFBVV95cUxOajZkcG5ybVIwUnh3RjBqcnVHMVNhdkZOOUJVRWlxV0lodDBxNE0xRmRqX2c3M1RIajkzcE92bkttQkRMNTdXRTQwRzBuV2g4Szgwa3dhbXN3alhnN2g1ckpHbG55eS1VbjlCZEJHLTZ6MGdJQzN1Y1RibXpKZXRuYkVmTW5QaHBwZFZKSlo0R2o3SzhMN3Jzd2NPbWpzZHdsUmVrWGhGd1RfQVcxOGczX1lxNWJoU2FJbFpwRUpMLVkyZw?oc=5,0.296,positive
2026-08-14,2026-08-17,MA,Mastercard: A Rare Growth Stock I’m Comfortable Buying At 28.5x Earnings (NYSE:MA) - Seeking Alpha,Seeking Alpha,https://news.google.com/rss/articles/CBMisAFBVV95cUxPcXNZeXJHcGVqUlo0Z2FMUUwwZ216cjI5MnQ5ZWM2N0F3ZkNyMmFqSm40MTVISWZKUTJ5X1hTRGYxSGNUS2pUdld0SjNBYmNGVVI0cW5zM3RrdGtrY0pldDdBMkZLSVZ5Yk1uRUpLVG05ZXFYQ2I1YmNtbUUzRHU0RUtxVk11dTY0cGNaUVYxTTRYV2dkNDQ5TU1ad0xiTGgyXzhiNER2ZnN5NEFSU3lLUw?oc=5,0.7096,positive
2026-08-14,2026-08-17,MA,Mastercard (MA) Institutional Ownership 2026 $MA - MarketBeat,MarketBeat,https://news.google.com/rss/articles/CBMidEFVX3lxTE1oS1J0QURGbUt3VW9VQVJXNnhfbnRzUDgzRS16MExQUE9hM0oyeHpEdERNTXBsc2p0eEp0RmhvdzhjMEw0Rnp0dDBDM2I3TEdvY3gtellDTkZ2TmI5QlZJUEs0SGx6Rzk3emQ1T0lrNjVRV0xi?oc=5,0.0,neutral
2026-08-14,2026-08-17,MA,Can Fiserv (FISV)’s Turnaround Close the Gap With Mastercard Incorporated (MA)’s Growth Machine? - Yahoo Finance,Yahoo Finance,https://news.google.com/rss/articles/CBMingFBVV95cUxQUWF4blltV25UUXBMaWppT1Bhd1prbWhTWTg0ckVRbnZMVEY5WkRFbk9semxQVWJ6ek5uNEJTV2l3dnV5MGJYR05YRlJJZU5hMU9rdmFzSEpqX1NjLXoxOVRXaS1EODVXb1FKWmtDUkVuSllSTHoyY3dFbnRyczFWejJXMUh3aHBFWExMOVBVQzlSRFJFRzQ3VkE0RWx1dw?oc=5,0.3818,positive
2026-08-14,2026-08-18,MA,"Mastercard Inc (MA) Stock Price, Quote, News & History - Benzinga",Benzinga,https://news.google.com/rss/articles/CBMiSEFVX3lxTE1EcnBoUlZWdldVRTlla0NjS3AxaGJUOGNsNE8xRkVwbUNfNUp2WjZVN2gySUpvY1F0NTNTNUNKTGFoOGhQeUNDUg?oc=5,0.0,neutral
2026-08-15,2026-08-17,MA,Mastercard Incorporated $MA Shares Bought by Summitry LLC - MarketBeat,MarketBeat,https://news.google.com/rss/articles/CBMiuAFBVV95cUxOa3VPdEFwQy0xMFdOUXVKeG13TGhVWDFBNEl4ZG5hUW9fNmwydXRwd3hpOU9sbkVYT2ZKVWVTRXNKYkVkNzRuOGp4ZEJJZHE5RTdNem1zZFk3RFEyRWlHN3Uxc2FTdjdhdGx6RjV0SWk5QU9yUTI1VkZyT2hvN1E4NWRLY1pDYXZieGl5dUotdVZmRWlNbm5jbmZCUHhMYzR4cWVpa0NfU3Z6V3FJNlJ3Ujc1ZTJjX0hP?oc=5,0.296,positive
2026-08-15,2026-08-17,MA,Mastercard Incorporated $MA Shares Sold by Campbell Newman Asset Management Inc. - MarketBeat,MarketBeat,https://news.google.com/rss/articles/CBMi1gFBVV95cUxOUklodzROdVBNNGlKeHdMbVcxeGctckpVdHpJcVV4WkFZOUk0a0R4RnNjM0w0cTZWNTJTVHlOYnhWQ2QySjFrOVA5RzJXZkhyLTRzZW1YbFN1OTNWR0NpZ0NqaXlFVFAzZi1TUkZ0VE5TekRHTGRqZ2xndWpBTl9mQW5fYmh6eVZxSUFqWldqZkV0dnRfSWJmVVBWTVRUQldXMzdHbU93bmsyYm1WVURrRjE1ZmljYlgza1Y1c2N5d0F6LS14WVZqeW94MndIZ0VrRTBIR0V3?oc=5,0.5719,positive
2026-08-15,2026-08-17,MA,Massachusetts Financial Services Co. MA Cuts Stock Position in Cigna Group $CI - MarketBeat,MarketBeat,https://news.google.com/rss/articles/CBMi0wFBVV95cUxPdTFmN0xJX2RxSnNDdW5PWTg2TTZoOUxVSjFQREpEUlNLNGFqYnhzSjVQbHpISjBWOWoycHhXa3Vtc1JMMXN2Z2hnZ2FOQVhJUDc1T3FrVVBSRTlrMkRNV2pRUnc5d3FXNk9NODdFYjZ4dGtLQzRjUmZEeGMzZFN3MXUySi11c1hlc1JlT1NoNkhLU3NGSU5xdlB0ZXowWUp0NFNSY01qbnlaSHJkVmRvTC1uY1ZQS29IUDVvVEMtQ250UlJpNlhQME1nTmdJajJ1V2U0?oc=5,-0.296,negative
2026-08-15,2026-08-17,MA,Massachusetts Financial Services Co. MA Increases Stock Position in Colgate-Palmolive Company $CL - MarketBeat,MarketBeat,https://news.google.com/rss/articles/CBMi7AFBVV95cUxQbUhvaVZuZTduMUJWOFJMVWF1bDVuaVFpSDdyT0pwVV83UUFkbGRGZmNjdzUxMzdPaGp6S2c1SjZDdXYwby1MeWJXMW92NjBBTEdRM1h5R2RwT05yUWlGcW84RnlCb0VYVC1KQ2UwVlREMDdBdG5UWExtZTlvRDhKeU1sb1JsZFExX2xiWFozdEp3ZHVibzRVNkN4N3hHVXMwSlZEZ0V6cWZNM1lpWWFRMHVKR3V6VmhKUUt5dnNOSkhsNHhTUWJ0ZlY5OXVCUmcxcWNlSTgzY25ONjFXcnpLVHRNemI1VHZ0OE0yOA?oc=5,0.0,neutral
2026-08-15,2026-08-17,MA,Massachusetts Financial Services Co. MA Trims Stock Holdings in Zoetis Inc. $ZTS - MarketBeat,MarketBeat,https://news.google.com/rss/articles/CBMi1AFBVV95cUxQSF9kRE5fNGhEUi1GQVFuQndOLXA3ZDJpWVhHMFdxMEZBdExWVFdtY0JieDZTamxENTh1NUc1RmZTdFFsQzlWTTBsZ1JhWFZxWk9QWVJZQTdSalNrTzcwbExMVmhsUGZKeDd6Q283cGRJZU9pMThNRHpsSnRFYUY3RkVfZFp5NmI4Smc1LWtONTY4REo0VTJMWm1vMEdTcFR6R2kzd3RUZEFRTEZFREdVbmNXNlJwaGhHbVFLWmowcG5rbGhJcXdYWWdwNEFQVzRGdnV5WA?oc=5,0.0,neutral
2026-08-15,2026-08-17,MA,Massachusetts Financial Services Co. MA Has $68.20 Million Stock Position in Grab Holdings Limited $GRAB - MarketBeat,MarketBeat,https://news.google.com/rss/articles/CBMi8wFBVV95cUxPMC1sa2FrLVR1c0dmTFdoVU04U0pBUDQ1TFYxVFplWlVLdjQwa3ZfZGoyX1M0aEZZbUxxWFdDVHJZNVRSNFJWeUp0MW9ubzNGS0p5Y0VWVXdWUXlDdkRSeDN1dC1xNWFjTnBWODJ4eW9DMVVQcjY5V0VoRVlFZGFLZnJhRm5OWmxEU3lSQVBBUGFXV05Da1c0dnlqRlFjX2pPQTRseXdVbHZoMExUUmJqMFkzcVJ2OUIxNTdnQUFwUEZUVkJhM3JzMkNGWVVCcDl6Tl9EZkhLckgxMlZHNHk3WjJDT2FpV0R1dzFzc1hjeVU1NEk?oc=5,-0.2263,negative
2026-08-15,2026-08-17,MA,AMI Asset Management Corp Has $35.15 Million Stock Holdings in Mastercard Incorporated $MA - MarketBeat,MarketBeat,https://news.google.com/rss/articles/CBMi4gFBVV95cUxNdlB2d0FyNmp1c2FUb0oyM3hrTG1DbWZqVEl0dVZoNEw0VlFDZ2R2WFdHcm9oT1BaVzVDa1hOQ09ZNW55ZmlhaXpDMkJ1bTRVRGNGY0d2VzlsaTdmTnM2V0Y0LW5IRUFTcTlmSlVSaDdabWhaeVQ3Sk5UMWVYLUJSQklSZW5RZkVxZmlzcXowZHJRQ05IMlJsU2ZYX0wycVJZRnlaQnNYWk1uU0dCQTRNOHBPd25vZ3ZaZTl6SExqRzk3aUNqV1RaWHdYdUdwWUZjaVZvejU1OG9QTG1tNG1LMEpR?oc=5,0.3612,positive
2026-08-15,2026-08-17,MA,Massachusetts Financial Services Co. MA Has $1.74 Billion Stock Holdings in Union Pacific Corporation $UNP - MarketBeat,MarketBeat,https://news.google.com/rss/articles/CBMi9gFBVV95cUxNNEQxeW9NenVTSTh4YmhGaFNNU050SkhOT19PMW05ekZ6ajJrOFBSckdZUzA5U1k4MUJfWUFYLW1HbGFRekd5bllydHhtc1Fxd1RHb3JfaE1HMnJWb1c5YXdHYzI0N3hWNVY0ZHlqTnVRLW9RYVQ2VmozQVpXMHhUc1ZDZ0tVOEN6di1LM054M2w4RG91aF9TX0FsNjhlZmszMkVFbTRReW1UN0xoNFBXbGZRT3pBd3BrbVFVOG9qOHFfUVJJa0FlZXlnd1loU0N4UF9lbExJcE1kU1MtNHhDQWx4aDJaY1YzWnJJNmdaYmdNQUNfVEE?oc=5,0.0,neutral
2026-08-16,2026-08-17,MA,Mastercard Incorporated $MA Shares Bought by Exchange Traded Concepts LLC - MarketBeat,MarketBeat,https://news.google.com/rss/articles/CBMizgFBVV95cUxOekxHczZoMUM2UjlTOWRfMVZ2Z3Z6N0FXTEZidy1tTnBwTjJkRWxTcTllMGVydXpFajFFSngxeWs4WWVfbTUyNVMyMjhJeGRvenhhSC14WWp2RXk2OGdqSHNELVBPQTVfbEFRVlhlYkozQXdDdXNOSGVTdzVMRGZpeVpjME1ZZl9OVElNZlBKeWh3M2RTVUZveU5mcU5UY0VWNEJ6aWN4RUxXNXZ3ZVZMNWV4THc3Rm1vZWEwcDJiNldHRXl2N00xekVoUzhSUQ?oc=5,0.296,positive
2026-08-16,2026-08-17,MA,Mastercard Incorporated $MA Shares Acquired by Apollon Wealth Management LLC - MarketBeat,MarketBeat,https://news.google.com/rss/articles/CBMi0gFBVV95cUxNdlJSeTRNenhaLXF4RHNic1lhQXBLU2Q0cDY4YWxzU01zcWVIMjl3WV9WZGVqZHh4bUJSQWxGNGI2VEl3b0ZzYnZobzl2bHVXOGE0NnRqMkJmakJxMm9USDhvUmFSYXhnekhQS3Zta0ZjTVI0QXlyNVRhblZIY3RLcGpSeG5VYnNFanEtd3RfWVo0bTZvNUpIaHdWUGViUGlvdDRsNjNnakJjUTVYd2otWlZOdHNNWk92ODFyYnhKTjZQbzM5SlQtbXJTbTdaVlUyTHc?oc=5,0.6597,positive
2026-08-16,2026-08-17,MA,Mastercard Incorporated $MA Shares Purchased by Mirae Asset Global Investments Co. Ltd. - MarketBeat,MarketBeat,https://news.google.com/rss/articles/CBMi3gFBVV95cUxQdkFsWk40djc2RE1aZGJxTlhJVXAtbHVtX1FsLV9yZXpzbi1aU1JjSTNYcERHMXg2NXRLRTJaR29KRGlrdG5kT0V0cjE5eUhMZlhhUHJSa281a1lBT1YzMmZ0QmFoeGtrdm1zc3dadG91aWlVZHNKU1B5Qmk4YnBXSlFMMUFncVZxUWM0cUFsT0MtT0JobTdRUmRMVVVqRkc5bkJsRHpvLW51X0MtbVM1VVB0Q3pYSWRHaHNxcUxvTWl3N2I0UF9zOUItU2VTbUpoYkFSc2syR3V2TEhrb1E?oc=5,0.5719,positive
2026-08-16,2026-08-17,MA,Confluence Wealth Services Inc. Raises Stock Holdings in Mastercard Incorporated $MA - MarketBeat,MarketBeat,https://news.google.com/rss/articles/CBMi2wFBVV95cUxNelMwbV9DNzl0N3NNMlh5aWRsMVVGUmNaNFpmeG1TLTZSRGE5cUxTRjBGYUp5YWFuMTNuUHlKalRhZXFZQVJUWjlVRktGQzhscDNEOWtIeU9vMEFYVnZjOVNHSEVuNEtwOV9ScUxXLUxLWmVKZUI3cHFOR1pSanF1NklnbU9UVUlQbms3SmtMeDhXSk1DUWRsdUd6T0VxYTQtbWpsRHYzdlFYVHVsVTBhNWhUUWMyRWJHQ241X2ZVMU5xMmtzUnQ4UmJtTW9PbE5FSjlMbEYxMHV5cXM?oc=5,0.4939,positive
2026-08-16,2026-08-19,MA,MA Stock Quote Price and Forecast - CNN,CNN,https://news.google.com/rss/articles/CBMiTkFVX3lxTE12aFA2VU9QNG5XUUl5ZUI1U0JTeDg3d0FITnFPRmhia2xlMjFYLUthQXlvdTFUMVB2c19yM3BoYTIyWVNna29Hb25zWUd6QQ?oc=5,0.0,neutral
2026-08-17,2026-08-17,MA,Massachusetts Financial Services Co. MA Has $1.55 Billion Stock Holdings in Medtronic PLC $MDT - MarketBeat,MarketBeat,https://news.google.com/rss/articles/CBMi5gFBVV95cUxQcEdxMHg3RzV2N0xzOHIybDNJS0hZSm9hMXBFaGZFTWcxdExUNXladTcyN0xsUjBSVHFfaVNyS0VXNFRPempnVFlPendyRG9DSEh2UkNoY1hSZmhLY2NyUV9NVUhnN055S0FEeTFXOEtwT3lDM0ZrWnhUT214VlRyb2NPY1llOWVTZmVRWnptNUtJbXp4dDRFZW9OMVZvY0ZYcFJUclZoSFpOWDJVeDJWamJTZElCWTBGSmFOM0NGcVFkcjAxMjVOMFNPOENXbEI5Y214eWk3QjNJWVA5S3ZDWDUxUlhEZw?oc=5,0.0,neutral
2026-08-17,2026-08-18,MA,MA Stock Quote Price and Forecast - CNN,CNN,https://news.google.com/rss/articles/CBMiTkFVX3lxTE12aFA2VU9QNG5XUUl5ZUI1U0JTeDg3d0FITnFPRmhia2xlMjFYLUthQXlvdTFUMVB2c19yM3BoYTIyWVNna29Hb25zWUd6QQ?oc=5,0.0,neutral
2026-08-17,2026-08-18,MA,"Mastercard (NYSE: MA) insider sells $2.44M in stock, plans more - Stock Titan",Stock Titan,https://news.google.com/rss/articles/CBMikwFBVV95cUxOSjFYblg0T0htV3hhZUt1MllibzNiYXVKbW5WWGRBZUpQU21OVWJEWDlxYmpidXg1eHpWQlZKWno4bmJTUmFBNnJBSVpTWGY1TmMyTjQySkFFMzV5eWNSNVN3NGI5aTFDcm01Z3prWC1lREtUOHMzT1NaQm9fMC1PVkEwdjJ3aWhiOWRKLVp3RTdnNzg?oc=5,0.0,neutral
2026-08-17,2026-08-18,MA,Mastercard (MA) Appoints Yasemin Bedir To Lead Its EEMEA Region - simplywall.st,simplywall.st,https://news.google.com/rss/articles/CBMi2wFBVV95cUxOZ1Z5bTVuSlAxWHVJTkpJZU5pcUhNaDQyY1JJcllLSXAwaXZFSkdTSkZocGNWVHJsbmNHeW5XMnNKcmg5bzkydk01M2pZaUdSWVl3TFdLd1dNU00tSTdIYnZDYlROZUdyV0dQY19qTk9HcWtTTXJhNDJSMklDTTNUdUlwTVFaUm90TTNHYjA3MUhUSGZfenNrekxFMUlvVGg1ZWFqTUxlM1h5VzA3WWp5R21rdzlEVXZ0VE9adDl3Z3lrc3lPQ2VJRXhycEd5djZxOVRuSTdpRms4amvSAdsBQVVfeXFMTmdWeW01bkpQMVh1SU5KSWVOaXFITWg0MmNSSXJZS0lwMGl2RUpHU0pGaHBjVlRybG5jR3luVzJzSnJoOW85MnZNNTNqWWlHUllZd0xXS3dXTVNNLUk3SGJ2Q2JUTmVHcldHUGNfak5PR3FrU01yYTQyUjJJQ00zVHVJcE1RWlJvdE0zR2IwNzFIVEhmX3pza3pMRTFJb1RoNWVhak1MZTNYeVcwN1lqeUdta3c5RFV2dFRPWnQ5d2d5a3N5T0NlSUV4cnBHeXY2cTlUbkk3aUZrOGpr?oc=5,0.0,neutral
2026-08-17,2026-08-18,MA,"Equinox Partners Investment Ma Sells 347,990 Shares of Gran Tierra Energy (NYSE:GTE) Stock - MarketBeat",MarketBeat,https://news.google.com/rss/articles/CBMi1wFBVV95cUxOck5NS2kxdGE0YnZRYzFTalhsbE5kOHc3RWIwRnJDR1ZrOXktN1ZJb29sbURiM1liWXVKc1I5djlaZmVpQnNvZzd3N0NFeXNWS3BjQjJBdXdpbVRCMDBhcC1Eb2Y5a3h0aHk3TlJXbVRNc2tiMUpHWl9pOGVJVllENTZPMFByaG9GbGh3aVk1amtRWWhqQmZTWEpnQ28zRzZDSldvcUFCcnRSN1RIbDhLRUhNeXNRSF8wUHUwaURkdEVvQmo0cDJuclBVX2pwWFpobjJaNHJPRQ?oc=5,0.5106,positive
2026-08-17,2026-08-18,MA,"Should You Buy, Sell or Hold PayPal Stock After a 36.1% 3-Month Rise? - The Globe and Mail",The Globe and Mail,https://news.google.com/rss/articles/CBMi4gFBVV95cUxOa2pEM2dHY0JQc0s4SGp5ank4b3hJZktHQ0dvSGZGWFBhMzNXQ1dFWkF5SllZUXAtdFFpNXdCc1Q4MDdmQ1Bod1g1NzdQWWFoNEdadDFPVFpuWDZLckpmenZDbkVod2xsbEM1T2xkbk5MdDBROXRHSzVUWjktQnVaeDBuYVZfMm54X05SUURjc1RkeWdYYjNTTjFyU3VIVXNMTWQ5dDVpbXVVQ1BpeTE2SjJEZDdobDUyaEpYbmk3dndibjZfeWRzZUUtUFNWTW9DNEVLTnBsekRxY0NZYjVfWGJB?oc=5,0.0,neutral
2026-08-17,2026-08-19,MA,Mastercard (NYSE: MA) CSO share sale under 10b5-1 plan - Stock Titan,Stock Titan,https://news.google.com/rss/articles/CBMiqgFBVV95cUxOcDF0emRBSFAyYTItdktQMXhucGtwRDM2aXdLQk9zd0JoZUVUa0NId0JjSjk2TE5uUHdGaE42MlZuOGVwVHYwN29vcDF3Y01VbF9JcmxKcEVpNnBIUDZZbTZ1RnpXalkwSG03TmZmaUlmU3hiM2dKbTBMQ1RDT25MSnotb29OZXFPWGxRYWw2Y3dUY0NIdlR4a1B4clFUZHFPcUh4eDNJMlVTdw?oc=5,0.296,positive
2026-08-18,2026-08-19,MA,Mastercard (MA) Stock Gets Fair Value Bump After Q2 Driven Analyst Target Increases - Yahoo Finance,Yahoo Finance,https://news.google.com/rss/articles/CBMimgFBVV95cUxOcDlmMV9renRrMGZob1E1ZmxHbDU2WWZ0RlpVQ0VCdS11Z3FXWFlQRFFPaE8wdnVQZ2xDUTlFNTVjeGhRYXA2NHVJWnlHcjVaWTk3RXZ2RDM0NGU3XzVJTTZYV2dxaFBBNnp2UEpPekJPaXNqaS1RR2pHMG93SERvX1JMU2kyTC1JMWxFUjhneXlCcTFkS3FrVXZ3?oc=5,0.5719,positive
2026-08-18,2026-08-19,MA,Mastercard Inc (MA) Chief Services Officer Linda Kirkpatrick Sel - GuruFocus,GuruFocus,https://news.google.com/rss/articles/CBMitgFBVV95cUxNSU1FOXBvVk1xeElqVktWQzVVcjV2bV82cGFXdS1ZX0NNalJFWjUxVGVwenpsOWZySlN6Z3htZFdrZ09RdEN6VG1vd0ppVVVKODU3MWtBRXUwencyVkZwSWhlTG43UVV3VDhFT0hWZGpLZW5rT0N5bm1UUnAzSk5SUjNLYXlOYVlMQU5KN1dQQmhpNW0xTXBUQUkwWlNxa0NzYTJpYWZEeHp4SG1JcDRuV21KVW9Bdw?oc=5,0.0,neutral
2026-08-18,2026-08-19,MA,"Mastercard Inc (MA) Stock Price, Trades & News - GuruFocus",GuruFocus,https://news.google.com/rss/articles/CBMikAFBVV95cUxPcWZDUGJVdnlPOGhGRGZzYzNRamUteWRETm0wRHZ5cHc5dUF4V2pUekhET1NxM1JEU3prSDlXWXVLVmxtRllUUmF5YUkyS0lFcm1KNnBBa0ZNdG1LV0FYQ2RablJBUnRuWkxFcXFfSjZkSk1VZHNRTmI5Vm82UlNBNFRqdVFjM3o1UUJKdmVhSFY?oc=5,0.0,neutral
2026-08-18,2026-09-02,MA,Mastercard (NYSE: MA) CSO share sale under 10b5-1 plan - Stock Titan,Stock Titan,https://news.google.com/rss/articles/CBMiqgFBVV95cUxOcDF0emRBSFAyYTItdktQMXhucGtwRDM2aXdLQk9zd0JoZUVUa0NId0JjSjk2TE5uUHdGaE42MlZuOGVwVHYwN29vcDF3Y01VbF9JcmxKcEVpNnBIUDZZbTZ1RnpXalkwSG03TmZmaUlmU3hiM2dKbTBMQ1RDT25MSnotb29OZXFPWGxRYWw2Y3dUY0NIdlR4a1B4clFUZHFPcUh4eDNJMlVTdw?oc=5,0.296,positive
2026-08-19,2026-08-20,MA,Mastercard (NYSE: MA) officer lines up second August stock sale - Stock Titan,Stock Titan,https://news.google.com/rss/articles/CBMikwFBVV95cUxOVElzdnlOWTdtZVkxNkFxeE04YlVQQXJIZ0xWV0I1N0wyU21kdi03WUY5SkZESGJiZk92OS1GZ1hKM2hrNTk5OU80dmxwcUFfVnl0aFV6RHF4Mmh3SFhlRWVhY2JTbkZkRVRHRVFhcmxUTlBVZ1ZrVGdyQ0x5cndhNXp2UkZlTUlSLUI0bFZ4d0cxbE0?oc=5,0.0,neutral
2026-08-19,2026-08-20,MA,Is Mastercard (MA) A Bargain After Strong Q2 Results And Fresh Investor Interest? - simplywall.st,simplywall.st,https://news.google.com/rss/articles/CBMi1gFBVV95cUxPal9tdWY3elVtVjZaOXl6MU1rSlkzeVR0XzhMeUkxcnJxRWl0dUM1bVFrUHgxMDZIRVlydVR4Rm9aME52STd3d3hJVWNZUVJYaV9mTXg2dzZCZ1pDTFVmS2owUW9YZzllMXVXejl6bnQxRG85bHh2MXA2Z1BOUUNDX1h1YUViWmxyTkdCenVzbFYtanRFSnRTS2ZYeHZpTjd1MFRlRHpRSERyQkRWZzlQSUxuR0ljQ3ZyWW5pMjNJbGNVQ1ljMW04T3dwQV9QT2o1TW94RjRn0gHbAUFVX3lxTE5XMVo1dE5wYmIzd2dTakZRd3pPUEc1dExYZ3I3bnhSR0RFeXYtMWJuZk8tdkVpZUJFOXhxaHJ2enBYbzRZNVBwZlpYWHVSS1BPUHk0RHlBTHBvdXlJUFVpMmk0WTZaVElyWUp2dk1vZTlYWURlMk9sX1VLenJlak5xUDlHbl9GZGNiQW5EMUR0RGNmcjVjYnlJSGd5NS01b1R3Uy1lQ0luQkFuMHFFU0ItY19wSkpHNlpmWFpmcFFUMTVHdXVINWlCTWhIWEF6SEhRbmFNQS1Pdng3WQ?oc=5,0.8555,positive
2026-08-19,2026-08-20,MA,1 Growth Stock to Add to Your Roster and 2 We Ignore - Yahoo Finance,Yahoo Finance,https://news.google.com/rss/articles/CBMilAFBVV95cUxPbXNqSkl6ZVo3RVdwNm5oTXN5ZllsS21HTzNuSTR2b01OdWdWRUNVVjFXZEwwaFppWDE1Qk5BUkZBTlJlMkVMTmNLalU1cVNUZlMxM1M0UmZjTU1PcFZvU2xudFN0SHNCODhva2Roakw1ajgwaTBFT2IwbkZNbEVvMlU4RFZiSXpHTkpnMEtLc19LQ1BO?oc=5,0.0258,neutral
2026-08-19,2026-08-24,MA,MA 260821 390.00P (MA260821P390000) Stock Options Chain | Quotes & News - Moomoo,Moomoo,https://news.google.com/rss/articles/CBMiXkFVX3lxTE5kVUhPV3lJR05kRjdOZnBrUFlMZWhQeFBuVHlFQm1wWWdVekNBOEtRZDU2ajdzT3NPQkVoNXdTd3pPdldJLVV0bmdCd0pXa29QWXd5WmNPaWpqOEwwMUE?oc=5,0.0,neutral
2026-08-20,2026-08-20,MA,"Massachusetts Financial Services Co. MA Reduces Stock Holdings in Merck & Co., Inc. $MRK - MarketBeat",MarketBeat,https://news.google.com/rss/articles/CBMi2gFBVV95cUxQWTBDZDdpc1pLRzQ1LVFQQWVOdVlpSXd6MjVSMjEzQ05HRFB5TUgyOV9lUHhKNjU2Q0dlUlVVb0tlcjd1Z0dtdm93WU8yRTA4eFVlekZrZFFSbnd6a0M2dk51RF9NbXZwSUxYelBxYWtyTWJxV0o5d1ZDc0liSDZXNHlrNnJEUExyV3VVZGFJV0pVRnN0ZmplaUVZYS1yU1RmTlkwREhDRTAwVFYyUzNXNjJMQ09YU0FtSWZ0aU5aTzAwZjNqYW1jUHc3RVVmcVk5bzNGZFpyXzVTdw?oc=5,0.0,neutral
2026-08-20,2026-08-20,MA,MA Financial shrugs off private credit fears with profit surge - investordaily.com.au,investordaily.com.au,https://news.google.com/rss/articles/CBMinAFBVV95cUxPR3BQRWRCS3VwdHBidE4wU21JU1ZkWXRjeDV6UkFzUGRXd21hUjVLcWNwekZER1JnUGlwOU9YWjZBeFg5Z0ZweDFobXhCY0syai0wUzM3MHlVVldsZFR4WU1kbkZTckdmSmlMbEY0Yi05cHFZaE92cE5UVll3ajhXdDhSLW1McXFESDl3NV9rdjFfUktNQ1NRYVFxV0g?oc=5,0.4019,positive
2026-08-20,2026-08-21,MA,Mastercard (MA) Stock May Be 47% Undervalued Despite AI Payments Alliance - simplywall.st,simplywall.st,https://news.google.com/rss/articles/CBMi2wFBVV95cUxNa3NxVFprcVFQbFUxNC1Mc3BGS1pNZjd6UDNaYUJiMVhNMTNFd3BEcmVDMTN0T0RMWEJTdE1yc1B4Nk5XUUczaFlLNXZ1djh1QWFGM3AzamhYblRHRC1PSmF4RUlzSHhiVlE3eFpNVmFhcUE1aUs3M1ZBZXpEVjRkWmpjaW1sRGlPZ2F5SVVBZUxwdFF6OUxjUnRBNEswWTRQQ0E4U3NGenlIaEhudlBMNVMwVjdiaGc0dW1mU1VGTUV4Z25ReUVlbVducklQTGZTMjNRUl83U2dYaE3SAdsBQVVfeXFMTWtzcVRaa3FRUGxVMTQtTHNwRktaTWY3elAzWmFCYjFYTTEzRXdwRHJlQzEzdE9ETFhCU3RNcnNQeDZOV1FHM2hZSzV2dXY4dUFhRjNwM2poWG5UR0QtT0pheEVJc0h4YlZRN3haTVZhYXFBNWlLNzNWQWV6RFY0ZFpqY2ltbERpT2dheUlVQWVMcHRRejlMY1J0QTRLMFk0UENBOFNzRnp5SGhIbnZQTDVTMFY3YmhnNHVtZlNVRk1FeGduUXlFZW1XbnJJUExmUzIzUVJfN1NnWGhN?oc=5,0.0,neutral
2026-08-20,2026-08-21,MA,"Mastercard (NYSE: MA) exec sells 8,444 shares in 10b5-1 plan - Stock Titan",Stock Titan,https://news.google.com/rss/articles/CBMiqgFBVV95cUxPTDlzSjRQT2hBcVp2TmxIY2NlRXdnc1c4RkVfd2V2QkpkTGFaek96OG40SWw4ZDFaMTNLTnhMcktaM1R6OThZTF9uN2VEajNHbnJUZTR1R0FrNlRkblJKX0QzWDdYNndCQnZiVGpnLWpKWUhtRTc4QmxKNFQ1WWg1ZmU2Yi1QWndEX2xRVTNLczU0RlVXVDNETm1ZWmFGNzVBOXlXVjRjT0g5UQ?oc=5,0.296,positive
2026-08-20,2026-08-21,MA,Can Mastercard (MA) Stay Cheap As AI Payments Expand? - Yahoo Finance,Yahoo Finance,https://news.google.com/rss/articles/CBMilwFBVV95cUxOb29PY1JFRjQ3dU8xRTQ4TUx2RlhsM0JqclU5eGdEb1Z0WElqY2lEa3V1eW1QRmFXOW9aM25qZm9FRF9NWkZFMm5lR2JUM1gzYXhpaGtVNGxTR1BwM3RjUkc2TTA2a0o0VGJDNF94c0pSb2UtUXN0R2l2dDFnRUdfMS1MZjhRNENtak9UN2tZeS1saDhOY25J?oc=5,0.3182,positive
2026-08-20,2026-08-21,MA,Mastercard (NYSE: MA) officer plans $574K insider stock sale - Stock Titan,Stock Titan,https://news.google.com/rss/articles/CBMikwFBVV95cUxPdndGXzlZeTdXeXpIMUtaVUlXaGpVQ3l2d0hlam50RWNrUTN5YXdEaGI5cUNjdkZaSzJHeHNEemcwbXNjS1k2MWRYTGtGV3g3T3RwZFlvVlN4aVlmVERaX2JpNDdPWkw3Y3ByTkpPdV94QjVHNjh3VW1VbmFhUHZlT0xvQVdNQTl5NFpOZV92M0pIc3M?oc=5,0.0,neutral
2026-08-21,2026-08-21,MA,Massachusetts Financial Services Co. MA Cuts Stock Holdings in Intel Corporation $INTC - MarketBeat,MarketBeat,https://news.google.com/rss/articles/CBMi3gFBVV95cUxOejNuc256ck00ck1RQmJXYUdkWGdJcmQ2ZTR3SVdIc0FqRkZRVjFUWXJNbFRMd2d6QlprOTBoZ2d1ODdQM0ZvNzk0dFU1YVo3a2JaSldkM3Fxc18wLTVUN0RNQzF1VjBJQlZvWEZhMm5qeS1pM1B3THZmdTZmZDhxdWRtLU5lUTNUR19NZE5RMXNvcFgzMl8wTHJUMzR0XzhFVzRTSHFhem1IZmExWXRnVjlGVk9xUXA3SUtxSHdYTU9NektoMG55TnVfMDBQa2owMDROSC1CU2g1X0pwNXc?oc=5,-0.296,negative
2026-08-21,2026-08-21,MA,Massachusetts Financial Services Co. MA Reduces Stock Position in AbbVie Inc. $ABBV - MarketBeat,MarketBeat,https://news.google.com/rss/articles/CBMi2AFBVV95cUxNUG5CQWNkdjNLRHNyRlh4TFZrb09MYi1hT20yYnBvY2Mxdnhxc2pjUFAxM0ZIdXFTeWNUODM4YUZ3b1l2cGZUVHRBZ2M4ZzdPUWVGODV6VGFPNEk2YnF4OXIzU1dxRkVsTGxYZnhDenZ3TkhsZTFBYWhVOGprZUh2Y1ByOUdzQXlva0xXcWRueXMwazZ1Rld1cW5vQ21wbHFIVWcxbmpPaThFTFJXWkFwOFdGRHdqTzJlZXlOOGNCWXJJN2w0YTVNVkNheXJMMWdkaVcxekV0TGo?oc=5,0.0,neutral
2026-08-22,2026-08-24,MA,Does Mastercard’s New EEMEA Leader and Agent Pay Push Reshape Its Emerging Markets Story (MA)? - simplywall.st,simplywall.st,https://news.google.com/rss/articles/CBMi1gFBVV95cUxNTDJjUjhBR0NtWGpFWmJOd2swbWZFTFZuM3prNmxYX3JpN0dLYnFrNzhfVkp0NXVoOHJiNlhqY25FdFEwWWtYaHpSalJkOFozUGxwSncwSWpvaHRtRElvNXdLbGx2bTBwMElFYVoyd1lfajdrTnhlNFFhc2ZCdFBjQ0VQLU5YaE81UFZxai05eGVSalVPY0FudmZma2NhNXZubDJxSWd3dmlFc0lub2xyUzl3TEhkVlI2MDlrSTYwRVYwY2haR3Zja2xsckNkM1dCMldmRDRR0gHbAUFVX3lxTE9ydEZOS0ZJTkNSY0VIQUQxRl8xSENqR3hMblMtT1lvUFhUVkZyT1NSZnBpaWMyazlpM0ZQU0FCcW9raS1QWHFLR0E0LW14cFgxcm5iZVJGQjhPcFU4b2FuVUVFZkpaeWZvdkdqVzBvSWsxUXJvMW5WM05rMVhzY2RhQjAyZ2hzQ1IxYTQ3S3JCV3ptVUdOWGdLNGNhaFJXSEpzbWdvVEZXV2FFZnpTRk1xcDF3RXY5bnBMeVN6ODd1YnJaSW1yeDczQWpMMk51dFBVNDJwdm1ZWjFlaw?oc=5,-0.1027,negative
2026-08-24,2026-08-25,MA,Why Is Mastercard Stock Surging on Monday? - Benzinga,Benzinga,https://news.google.com/rss/articles/CBMipAFBVV95cUxQUkQ0UndiX3pfc29Bb05hMHJxOWxiSmVmNVZFbnFlNWhmYnIzNnEtalhlWmJmTlQxMEVxTFI4Z3pNV3FOeXl6LU1yOHpCRmVZcWxSemFYZ3lZck00Y1hYNExoSWZ3aDZsSnQ0UXFCc1duNTltekVhUkt5eTdiX20waGNjcDFmMXdjT0ljSlA1NjFVV1hHemNoaUtXaEd1SVJnSndiMg?oc=5,0.0,neutral
2026-08-24,2026-08-25,MA,Mastercard (MA) Stock May Be 47% Undervalued Despite AI Payments Alliance - webull.com,webull.com,https://news.google.com/rss/articles/CBMiWEFVX3lxTE1qLUdTVmczbGFodTMyOWZ3RlZoM083S2hzNktmbEp6QktmLWtodEJnVnJfSXdsVXRscURybXZ1cUl4LXE5TFlkUW14YldUdTE4WlpMb0RiTVQ?oc=5,0.0,neutral
2026-08-24,2026-08-25,MA,Mastercard (NYSE: MA) executive lines up multimillion-dollar share sale - Stock Titan,Stock Titan,https://news.google.com/rss/articles/CBMikwFBVV95cUxQWFVDa1lhU1NuMG9uRFY4MGJvQUdaaVB3bnc0c2dpVWdmVXVuMEhzWUlPbnRZRW96LXFUMHh1RUM2MWsySm5zQ0xUcFJENnlpYmtsNkdxTUpuQm1ZYjU4dkl2My1ianhLLWpueTZEWUJkNjlzeTBuSmhUMGdfcmpaWGNIVDZyWlBGV0kwN0hybEh0X0E?oc=5,0.296,positive
2026-08-24,2026-08-25,MA,Is Mastercard (MA) Undervalued Or Is Its Recent Rally Already Priced In? - Yahoo Finance,Yahoo Finance,https://news.google.com/rss/articles/CBMipgFBVV95cUxNU1pBYTNRSTZlVEd4QldpOHp0ZjJrd1NmRzZOcnk1dEhLSDJxSEhWT2VmMTdiZU4zNkJSNkE5SFJsXzgxbU5hbmhlTUtHTTZ2SWR2NGcwcjBMQU8yOGtJemtMZW5oajZvRkNfdmJzZDlRVFpPU0VaY0llV3RRYUkzZ2NCRjVpZGdHOFJ4SXpsWkF2Tkt1eVJLYXp2eTBnVENsSVV1bVln?oc=5,0.0,neutral
2026-08-24,2026-08-25,MA,Mastercard Inc Stock (MA) Closed Up by 3.31% on Aug 24: What Investors Need To Know - TradingKey,TradingKey,https://news.google.com/rss/articles/CBMiiAFBVV95cUxQYzFtTGY3YVNRV0s1dmZQdUk2TVQ4S3Qza3pQZnFfX2s0Tlp5aENNbHlxQ0dyRWVjcHFpX2l3MkJZYnZNZzR3OHdKS0c2M01nNmZTZlJXcGZpQlNKdHdWUWY0cUlJX0toSHVqNWxJUWJSQWRDWUk2dG9LRjZkVFAteGIwMFRwZnRE?oc=5,0.0,neutral
2026-08-24,2026-08-25,MA,Mastercard (MA) Stock: Advances 3.30% to $599.80; Technical Setup: the $569.81 to $629.79 Range Remains in Focus in Latest Trading - Synthetic Long - vinanet.vn,vinanet.vn,https://news.google.com/rss/articles/CBMi8AFBVV95cUxPNnlZSnpiNUNuY3NlVHQ2OU44aGxYWmJTX0ItMW1yQVY4Z05fN0F5REUwTkJDb3hsYkZzSXZnaWM0MXc2OXg0anYwS3RHcS1KeHRaRDFPd0RjWHE4RjFqWTZfc0ZsTXpZc2k4dm9vWGxjdkZyYVp6ZW1mUE9zdm5SRFc5WkI2LUJ4Tnk1bEtqSXdqN1BEMlFNdlduenNlUlVqN3FYN0xMQWUtQ2pRUllMNWk2X3VUc2MyUjdJVjJjYmw5NW96Z0R5eTBHZUNjYmlncGQ2Y3hJUVZUZTdjWFlQX2UzQ01KaTRsTWpVdTJCU3k?oc=5,0.0,neutral
2026-08-24,2026-08-26,MA,Visa V and Mastercard MA Stock Surge to Record Highs as Trump Accounts Buying Fuels the Momentum - FXLeaders,FXLeaders,https://news.google.com/rss/articles/CBMi1gFBVV95cUxQLV92Y0lUMVo1NllFSFh0ZDdlS2h5ZE04LXdtUGVERjNBdkxiN1ZrTzJ5UUdNMlV4R2FyRG9EX1FTcEpuMkpBWlhxZjFiYlJVSTF0QjJIZTNXV0JDMXNKdlBBZzEyYno5UGpiUm9WYkFlQWhPTTdlZ29MbzBxVlhfTXR0dVM3X21tRjJtM1pqemZxSm90Tl9jSS1KMmdxRDRNeldmcU1renp1R0o0NFdzZExGM3VreDJwSU1ZYVduOFBHQ1BRN2tIbjVEelU5a2xlSzYzREpn?oc=5,0.0,neutral
2026-08-24,2026-08-27,MA,What Does Mastercard (MA) Naming Yasemin Bedir To EEMEA Mean For Investors? - Yahoo Finance,Yahoo Finance,https://news.google.com/rss/articles/CBMinwFBVV95cUxNcUVRazVEc0ViSVNZX1VmeGNia1JpZzdPb29WQ0xMWXplQk9SMmR6WEJoVlp2c3V2TzBmY0FrRHhGMGk1TVFqMFp2MkJEVGRENkR6N0Jzeld5NG82a3VFMjVSaWVsamFOWkZnS09rcXU5MFNtN1dNOFUxT2ZZX2VodHNnUXpKN1JJZUU3SlFrSGpDUU11Rll6NlF5VGlheUU?oc=5,0.0,neutral
2026-08-25,2026-08-25,MA,Visa V Stock and Mastercard MA Surge to Record Highs as Trump Accounts Buying Fuels the Momentum - FXLeaders,FXLeaders,https://news.google.com/rss/articles/CBMi1gFBVV95cUxNSS01VEdZTzYxOUpRTGxjeFcyT3lENTRJczlIS2lURTNiekV5d1ZCLVFKSll3cTdTZkRjZEQxcjhrUVczZzlIeUJHVk9NQURyOThHVDgyTS1Xai1GcllRb3dTTzY0OXExeWFTR3NTbnFIaU5NbzJUam4wNzBsZUxsb2MxbWpRNlI4UVpaMTdYQnNDeFEtTElMQUVlc1hxRDNBYkZ0NmtDbkZyUHlYdDB4b3J1enZTdTR2S2JORkZKcGFkNE1wdGdqaTVZeU5mZ3BlUWFvSmlB?oc=5,0.0,neutral
2026-08-25,2026-08-25,MA,MA Financial Group Shares Go Ex-Dividend Today: Investor Guide - Kalkine,Kalkine,https://news.google.com/rss/articles/CBMiqAFBVV95cUxNVzJYRlRJTkg2RmZaUzdCaU11ZmNUemhYWWJjci0wSXNHYWFXbGVlYldtM3lVVDk3bEo4VENnNERvVW95Qm50WElERVgxWmpJVzNLLXFjcWVxU0pOak9NRU5wYzZJakxjTUxldmhQU1R6ZmhMd05OczZfaHBLV0RJelNVMmlpZHoxazNBamF4dzFuLWZrZDhhVVVJekNGNlFhMWdhNTBGeW8?oc=5,0.296,positive
2026-08-25,2026-08-26,MA,MA Showered Owners With Cash. The Stock Still Lagged The Market - Trefis,Trefis,https://news.google.com/rss/articles/CBMivgFBVV95cUxQNDJkMnp2TFpIT0otaU9GN25EOWZDZjYxcWRUbjdLZ1FKOEd4OUJGbUtYamZxMndVMG14RjFWSEp0RUktRW5FQUVRenUwbWxMa2xXMTN5ZmpRRWE1aGNHOWp5Rnc3d3JmemdpWkdDRzJaOGxpdHhsRWpQYUNqZzJGQVlSVDBCZzJpcWREamNIbWtnd3FUWEY1aHhQQjNRWl9jc2htNWhYbXhGVTBJWWpuOU1lMXBXb3pJbUZ1bk9R?oc=5,-0.296,negative
2026-08-25,2026-08-26,MA,Mastercard (NYSE: MA) exec lines up $1.1M sale after $3.3M trade - Stock Titan,Stock Titan,https://news.google.com/rss/articles/CBMikwFBVV95cUxOMjJJd3NzSXBWRFIyRTRRM3JrVGR4OXI1SmExN1FMNXRvM0ZKWThNZ0FqbWRYM0JER3ozUkxZZ2U2SXd0TEVxdTdQUlo1SkJ4aDdVX0RlcXBjUXZMRWp1SUxHWFRDZXpWTE5vNXNNbHR2a2h1V1ZDcjZxM2J6YWR3SVVrd2pfTzQ1THpjWDdwNVpZbWc?oc=5,0.0,neutral
2026-08-25,2026-08-26,MA,Jack Ma Buying Alibaba Stock May Signal The AI Selloff Went Too Far - Forbes,Forbes,https://news.google.com/rss/articles/CBMiuAFBVV95cUxNTzZ2aGdJMFVlaEw0NEFHZzlIaXk3RURxRzdFc25pVHFMdXpFUTRnWlMwc2J1Z1NRVnVoSHRFTmtzU1U3V0ozTmdBMWhXeXdOU2xXcXU1TnlScnRNLVhhNUY1ME5Sb0x6S2NpaGVaT1J0cFZ5X1ExTkYxcTR1X1BFQWN3dm12MmR4ZEx4YjJqQ0x2UE5RM0FaSFY3OUFMX2U2Vmo2eXRCTEVYOHdueEdIMEJicE1RR0RU?oc=5,0.0,neutral
2026-08-25,2026-08-26,MA,"Jack Ma Joins Top Executives in Buying Alibaba Stock, SCMP Says - Yahoo Finance",Yahoo Finance,https://news.google.com/rss/articles/CBMilwFBVV95cUxQVzRlQ1NvRkw0MVh0ZE44NkZxTTRqblFZNEhiNHpaVERueHZVdnpuYjVxT3VqR2pCSlo3OVdrZmM4dXYyajZSV2dnUnQzMHBTMi05bGRkcmFvSXZaZDhtQlI1VVBWUnZDOTR3LWEyN1Y1VmllLWRyM083M3FBdFB6ZTVmWU1wZFk2SkI5cjRfNkJPa05ZUzdj?oc=5,0.2023,positive
2026-08-25,2026-08-26,MA,Alibaba Insider Buying Grows: Jack Ma Reportedly Bets $77M After $10.2B Share Sale - Stocktwits,Stocktwits,https://news.google.com/rss/articles/CBMiwgFBVV95cUxPMHlkelNHMnJlQnVqYzdhNzdTYzQ4WlV0Y3dXUzE2YkdhWFpMZGZfdi1qQWZFTnNDTTNQWG1CUk9sb3YxbEpnVGZoRXdtTDBwNWYyRHNTeW4tNDlRV2NadmZKcHBnNFlvYXhzR3hYcFBMVG5XZURMbC1CcEF0T2wtYmtwWDBQVU5CNFJzd3A0TGRrZ3M3NkFhOGRkNDFEaDVzWDRTOFFodGRUU25TRF9XVWhvZ3E4Wll2TmdNMXpHZnpGZw?oc=5,0.296,positive
2026-08-25,2026-08-26,MA,Visa or Mastercard: One Stock Will Outpace the Other at Record Highs — Here’s Our Pick - 24/7 Wall St.,24/7 Wall St.,https://news.google.com/rss/articles/CBMixAFBVV95cUxOU0s5UGJJc1ZqWTAzam1MT2NtTjNEdmFhRUthYXNDLVcxUmFwTVFNemJWT2Qxem1PcURQcEdrcG1Cdi1NZ196enpMclR2dTBtdERWdnFocWhPUS1vYUJidnR5bURZdk83bEIxbURVR1NHajdubFgxLUFvV0NzcU1lS3hPd0UzUTQ4eXkxZF8tVHFUalJhMENQZ0hCVWswbFJ5OXFyWXpUUE0zdHVSTl9tRWZ2anN6UC00TGM5NjlhWm5iMXlr?oc=5,0.0,neutral
2026-08-25,2026-08-26,MA,"Exclusive | Jack Ma buys HK$600 million of Alibaba shares, signalling AI confidence: sources - South China Morning Post",South China Morning Post,https://news.google.com/rss/articles/CBMiwwFBVV95cUxNYjVYT3lzSHBZWG93XzVxQW5ZOGwyanBNd1JISEZrbXY2d3FfRFc2Q2FJcWFHUU9fOHlQeWRQcEVSeVRRY3ZZQ3QxUm41SmNRRU1hMWFxU3R6djBqS3BYRk1QdFU4dFdVY0xiUWtaZ3V2NHFWdUpGTVhEZ21rRVJUS1gzeE5mXzZzQzVfYzRDWlB4RG5CamFtejUzR3N0aHQ1N2NaZnRySkVVRGFqWl8zYW1FT01OQnRQeDVxN0xZeElMYjDSAcMBQVVfeXFMT3FkOXBPRGZDeDF1VXlBZ1ZhdHNxeUlqX2R2U3lkTVdZNHhqV3Y0bHBiUVlFRG1lc1VWYjRELWs2RHREeXZxc1VnMnU1cUpnR3BxeG11M0I0bWhqTGdGZzk5aXpqVTZyN3JxRnZSNTRES1N2LUxHUnEzd3V6YXdUX0RQY0J5Zm5CTzBremlOamZFY0Fnci1vMG1KV19HMzlJR2kzcU9RN3BWOUVXR19WU2xkcTNBVExMRzhUMzZGeDRVN3hV?oc=5,0.7184,positive
2026-08-25,2026-08-26,MA,Jack Ma Buys $77 Million of Alibaba Shares After Its AI Fundraise Sent Stock Lower - Startup Fortune,Startup Fortune,https://news.google.com/rss/articles/CBMirgFBVV95cUxPVVNOb1YxcGZIQnNHSWRVd0FDWmczaXFSQVdCdWRQNnY5T3Awdy1mSzNld0JHNjA3Rm85Qm5tTFFaV2x1c0hrVW1uQ3JZLXNQU0NiOTFTZWFpM3JnQ2ZEX1Q2QmVQdm9fSVo0ZEhQTkFRZjJ3OE9rWTN5blRZMFBqdlRTeC1yTmdCcWEtNkU0M19ETWNvUzZpUWNBeldjM3JIRHRScWxxQWU1M2tFSmc?oc=5,0.0,neutral
2026-08-25,2026-08-27,MA,MA Showered Owners With Cash. The Stock Still Lagged The Market - Yahoo Finance,Yahoo Finance,https://news.google.com/rss/articles/CBMimgFBVV95cUxPZ1JaWWhjX21GdVU3Q2NrWktGdENmTEhDZ2RNbWd0MWdIU1JDRVZtc291Sy1ONFZIWlhrOUFPTU1XY0hYLVQ0MldkcnNxMWhlQ25SaDNrbm9Id2RteENhYTUtUnpOb21ZejFZU1pnNXdma0VCcTM4YzcxQnFlaUxhV1VobWRqYXhuZkVBdFB3c3VfMGNsQU13cnlB?oc=5,-0.296,negative
2026-08-26,2026-08-26,MA,Jack Ma Buys Alibaba Stock in Show of Support for AI Buildout - Bloomberg.com,Bloomberg.com,https://news.google.com/rss/articles/CBMiswFBVV95cUxQNGdjZHFKM212WUlVMGUxZ0tvNENoblRxWGhhMFAwcHZqZUVGSjh4Vi1RSXpEZHpyMl82UUJmbFFSWVdsUjZlT3JQRDFjMGl0VlhNcHY2aVdlSy1DMUVwT1FCRk9zcDdfaVVLMVdWS3BQSlluR2IyV1c3XzZfOG1jQUJKQkpjN1dGQnVNdlhxNFVSUlk5eVVaR1NVNlllM2tLZlEyaGp1am9pLXZDcjhoaFdoQQ?oc=5,0.4019,positive
2026-08-26,2026-08-26,MA,"Jack Ma, Alibaba top executives buy $102m of stock after record share sale - Nikkei Asia",Nikkei Asia,https://news.google.com/rss/articles/CBMiswFBVV95cUxNMHp6d3FnM2dFcnlWSGR4Zzgyem95eGtaWnI4bjdRVVpXeXhCSnIzRWtzaUJpWUFEU29wam5zVDRJTFhxbHFxSXZEOWFjS21FMXBWS1ZNYllaQkhlejVvaWRwUjd2TW9TeGRYZ191bmxwRng2RS05bjZTWWZmQnRDMk03X0N2NUw5UnJBSWFyU2pmanBMd1lvY3Z4Q2VER1o0Z25LeEJCVGFtM1E2S1dQYTNHOA?oc=5,0.4588,positive
2026-08-26,2026-08-26,MA,Alibaba shares rise as Jack Ma buys $76 million stake amid AI push - Investing.com,Investing.com,https://news.google.com/rss/articles/CBMivwFBVV95cUxOQWVRS1lJdnpUUjZpM0lHVXhiN1hJT3BoTWVoNndRcE1EMllSMnMyZldKVlMxOXZwak0wWkdnUTN1RmRyaENpTkZoTTcxTHBqZUlnajc1NTZMZ1YyeHRGcVNQS0NpTDc1NFJpbmN4OVdmNER6ZWpRMy02RFBISXB4WlBzb2dsZmdSeDNKbFVhY3dUQkF1Z3EzenV2UWZoY3E1cmg1SVpZcXBOOUlIanBQOVZHZ05RZzU0MDE5SHBPZw?oc=5,0.296,positive
2026-08-26,2026-08-26,MA,"Jack Ma, Alibaba Top Executives Buy $102 Million of Stock After Record Share Sale - Caixin Global",Caixin Global,https://news.google.com/rss/articles/CBMizwFBVV95cUxPeTY5WFdmU1lyZ1N6TS1aOERJXzdYSjdsZDZTOXdfNVhfNTR5cjhCbURjaGRSeFg0UG5MbmtSX1dlbzR2dEk3bmM3eHBfajVuVzZGTkRUOVVWSmlhUUs0eTJHMU9WMHBKVEk3Njh3MEg0ZndGenRaZlZoaEc1ZmVZUHF6QkJLN1MtMEFDSkljeTlvWnE0OG1Pdy1BQXp4bTd3a0l2TnNDczhqa2JveUd6SjhmQXFjSXdZTzloTnN2TVlLTk5uVDkzZ21YLTg3djg?oc=5,0.4588,positive
2026-08-26,2026-08-26,MA,"Mastercard: Compelling DCF Valuation, Forward P/E, And Remarkable Growth Profile (NYSE:MA) - Seeking Alpha",Seeking Alpha,https://news.google.com/rss/articles/CBMiuAFBVV95cUxNWlhuR3A5Z3VBd2tlYkhFbEdobTdXdE5MeENvWEJRS3JqUFMyQU9pd0prMG1SYmpqX0E1SjNMYmhRbkxsc1ZMWW4zdGFaTjFTdmwzU0FwbWFkZUEwdVB2X3cwSDVVc0dfaU9weHdWVHJVZ0lvWC1Na1NEQXRRQnpSLVhIdmhsRnVrVUxBbk5Pc0tHZHdrX0xsNG9FU25XTjhCdWVJcFhudE9XRnZVbXg0M1pUanl1Qm5L?oc=5,0.7964,positive
2026-08-26,2026-08-26,MA,Jack Ma buys Alibaba stock in show of support for AI buildout - The Business Times,The Business Times,https://news.google.com/rss/articles/CBMivAFBVV95cUxNUlVqYzZMSll0R051bTg4RTZGWEJaWDdaeXJ6TmpsaG9DSlVKeU8yNGNoRWpYdjJDNnhkSDVFb2xpQm1ZMGZqcVlicTZYTWVxWXFuZEd1Wmo4UkVmR0xhOWVLR0pvcEtYTTZJNDV5OXdvUUZzZzFNa0RneFhrb1dUOHQ4VXE4bkVsVXJZbnM2RkUwM1VUTUFLTjBQTk5LMnJBTXZXWkx4dnI0VXVnR3pMLW45NU5Ic1pKcElTcw?oc=5,0.4019,positive
2026-08-26,2026-08-26,MA,Jack Ma buys Alibaba stock to show support for AI buildout - Moneycontrol.com,Moneycontrol.com,https://news.google.com/rss/articles/CBMitgFBVV95cUxOeldXLXhEdEsya19yOUUzUkdPUWJranBIMHRtVXdKUE9EQ3l2cUFwdVh5WTlIVzNObDFBSXBIRDdTUVhyTFZGM2FXbld6eDJpLXJXaVpDcTgzaHd2YTBxUWJhVUk1eE15V0JIWDBwOU9NVnZreGE4ZFhEaXdZbnQwSURIQXBtdHJDWVV5SW9mb0dDdUd6TGtfbnMtdlIteUxYcHhBTm54YkQzaHZnN2cweFVjeUxVUdIBuwFBVV95cUxOelZWZ1A4eVJkSHN3TFBsRFBKU2JoR0NmUDZoT1AyazBjd2l0dW9DMW1nRHBrNFg2WXZqdnFuUFhGa0s1bG1sZFVBZE12R2pWTFpCc3FDd21FTFNIMlVESXZFWGQ4bnZoWlYxRFEtWUVQMWdkeGZMUU5rdno5NjZGWVN0T0d1WTdULWZVd1hhR3dLV0ZIWVBJRktaejZqNGdvSm1uRUx1QjhYVGFfb0cxVzFnOHg0SGRLdFZj?oc=5,0.4019,positive
2026-08-26,2026-08-27,MA,Jack Ma Buys Alibaba Stock in Show of Support for AI Buildout - Bloomberg,Bloomberg,https://news.google.com/rss/articles/CBMiswFBVV95cUxQNGdjZHFKM212WUlVMGUxZ0tvNENoblRxWGhhMFAwcHZqZUVGSjh4Vi1RSXpEZHpyMl82UUJmbFFSWVdsUjZlT3JQRDFjMGl0VlhNcHY2aVdlSy1DMUVwT1FCRk9zcDdfaVVLMVdWS3BQSlluR2IyV1c3XzZfOG1jQUJKQkpjN1dGQnVNdlhxNFVSUlk5eVVaR1NVNlllM2tLZlEyaGp1am9pLXZDcjhoaFdoQQ?oc=5,0.4019,positive
2026-08-26,2026-08-27,MA,"Mastercard (MA), Why Is The Latest Attention Raising Questions? - simplywall.st",simplywall.st,https://news.google.com/rss/articles/CBMi1AFBVV95cUxQTl8yMjhwb3BFNUJoU2lXWG8tQ2FGNTh6WE8tVWttY1ZEd1labFlYanVrRl9rQ2hIMGFFSkNaeFhXd240UFJ4SUZUZWJrNThBMEQ2RW1vUV90WjhqcmxEdEVOSlpJYU04MDRMTEg2Q1lSUzdYenRXZ3RCSDdiZWxXM0U4NzFCSF8yNWVqVmFiWGtLeXNHdjdTOFlPY2Nja3JVd3dOWE9mOEloUnA1U1VibTk2Rm1vcXhYNWZ1N1Jhd3JyZ24wSEJpd2VrSDNQX3VLRHhFSdIB2gFBVV95cUxQWGdIV09sR3lMeDFWQ3h5MWtCakdWaUdPVlhpYkhJalB4SFFqMVlZa3BLZEtibHhfU29Qejh4T1VqOW15c3hzbjF2YXlzamFybkpkY3Z1aERYSEFPbjE1anBuRUlIdnZGbWp1anZzTEluZ3k2dDE2SVliUV80WmpZNG43VjJrd244Si1vYTVlTzVLWkY2cjAzOG9xSWZRT0tLUGFKZ2h3WDZrdF8tVjVEQTlGX2JpdVVSUklUdU1SNnFXV1hjOFVfcWhrNDBfeFp0XzU4UXdkUFM3QQ?oc=5,0.0,neutral
2026-08-26,2026-08-27,MA,Alibaba Leaders’ Buying Does Little to Ease Share Sale Fallout - Bloomberg,Bloomberg,https://news.google.com/rss/articles/CBMitAFBVV95cUxQdnlpZmNZSHN2azd2eTR5MWx3dkp6NjRmM2w0RlpCem9VTWxnSzVNcXhvdTg0MHpnRFdra2twZjRzNDBQM3ZTMFRNZDFldlltMjlyOGF0ekEydzkxaU9nLVp6X0lOT3EydjBIdW1aaXpJVURPaEFDQU1LMnQ4aW03cnVuZjBuQkxHdFloemtTTVc0VHVKbFhpX29ZczU0VExaTV9IcFMzMERWRTRwXzNMVjFsUWo?oc=5,0.4867,positive
2026-08-26,2026-09-01,MA,Jack Ma's Buying Does Little to Ease Alibaba Share Sale Fallout - Yahoo Finance,Yahoo Finance,https://news.google.com/rss/articles/CBMixgFBVV95cUxNNnhrbmZzR2NhV044U2xQWFJnZWpBTDlWbjZEaS1neWI4X29uaFI2aERnWmh2V240eVBuVEFveXdNZTd4OWdHaVBLRWVhQkV5R0NlLUNlazUyVVN1NVhyemRadHpNOFBhd2VVNGF4S2FxM0twbmFnWEVVS2FxNldRYU1RT3dkUzdCT2s1RDJhMDlDd0xvNUJZNXVUYUZuX1JqdS1QVHZRU2FxUFh5OVhZbEJYWk5wZW9kQlVxV2R0cmMwTlhRWGc?oc=5,0.5302,positive
2026-08-27,2026-08-27,MA,Mastercard CFO will speak live online from San Francisco Sept. 10 - Stock Titan,Stock Titan,https://news.google.com/rss/articles/CBMioAFBVV95cUxQZTBmTWtkV0tzSGlPMVpvQ1hkQUtoWFRfb1VhOEh0OUJjT0p6RUtPOUUzWk9XQXlkZVd0eF9pX3V2QkFZMU4zQVNCc1dZWkhHY19VSDRpeF9sNTFnMXpaekFrZ0wzR3FuUHd4MC1ud3FaaGpNVGRyVUFBcjhuRVlMUXFqUW45U1hsUDdDVmxoM0RaMEgyN3VwczBMczl0b3RI?oc=5,0.0,neutral
2026-08-28,2026-08-28,MA,Is Mastercard (MA) Priced For Growth Or Overvalued At Record Highs? - simplywall.st,simplywall.st,https://news.google.com/rss/articles/CBMi1gFBVV95cUxPMGwtMDg2TWtUUzA3OEFjRXh2ZjJWRE11Vms2c2U0TEZsOVZVaVhsdU9HYXJ3SnhMcTFVb19Ya3BsUEhhSVlRbGx3VUVlVkdfamM4ZHBFNF9Ga0JQNEFfbnlvaHJ2cVpuMGFEZ3ZfWXBEVzBBRXN0azZVV055QzUza21ETlpIT3hQcVFtXzRHWWt5eGRhb0hSOFprTGhTRXVVSjJzLWdOY3JjU0hCUzFSUXllOXd5bnpSWTJqVG9vNHRUY1ZrTDlZeUpiTDVjVE1YeksxUHNR0gHbAUFVX3lxTE5oMkdaUGllLXRHbjVocXViNTJqX3J5cXJvdU5fZDNsQ0ZXN0lBZFNPeGhFdi1wUW1kbndQcDdTV0VRSVVydHIyaUtxSGVUR3EwOGxPTXFJVGcyV1VLT3UzRkZ0OVFRZHlaWU1jbkNYTVRyZ2tvTDA5SFg2MFJRN2NPZ1RyX3R3a013LXo5ZmU3aDhra1hhbTM1M01BaXZibWhyY3FoM2hBdGRybzBHSl9pZkFjT1lZdUl4RnE0d0w3TkR6SjVzZzZqdk5IMFBsMDE5anp6d180RTdTTQ?oc=5,0.3818,positive
2026-08-28,2026-08-31,MA,Mastercard (MA) Stock Forecast and Price Target 2026 $MA - marketbeat.com,marketbeat.com,https://news.google.com/rss/articles/CBMiYEFVX3lxTE00TjBSYjQzczBnNUlaQllyWHRaTTJFTklrajRxOURvOElFc0cxcnNYVGRVYkVNVjJrV2xMaC1VYWhZbGtTSjJWSTFkdnktZnYyWmhaa3JGQ2hNOWstaW1zTg?oc=5,0.0,neutral
2026-08-28,2026-08-31,MA,Mastercard (MA) Institutional Ownership 2026 $MA - marketbeat.com,marketbeat.com,https://news.google.com/rss/articles/CBMidEFVX3lxTE1oS1J0QURGbUt3VW9VQVJXNnhfbnRzUDgzRS16MExQUE9hM0oyeHpEdERNTXBsc2p0eEp0RmhvdzhjMEw0Rnp0dDBDM2I3TEdvY3gtellDTkZ2TmI5QlZJUEs0SGx6Rzk3emQ1T0lrNjVRV0xi?oc=5,0.0,neutral
2026-08-28,2026-08-31,MA,Should Mastercard’s (MA) Syria Re-entry and Travel Perks Shift Its Cross-Border Growth Narrative? - Yahoo Finance,Yahoo Finance,https://news.google.com/rss/articles/CBMingFBVV95cUxPWGNxQ095YkpNZVVaT1I2eDc1RjZ6SVQzeVBGWHh0Z3JobEJGQzZaM2o0NFY3aXJ6Q3BxdUF1ejVFVk5tejE3VFNnOWFMSTdzWDZSRHZENnlOZFdEY1g1WHl3S3diUXBWWDcxRWJBbWdwSEJfY2V3RjUzbDRURVFaN2ZIdXZfM2hoTUFjN204b0tGcGUyOVBDUk1DT2tKZw?oc=5,0.3818,positive
2026-08-28,2026-09-01,MA,Mastercard (MA) Institutional Ownership 2026 $MA - MarketBeat,MarketBeat,https://news.google.com/rss/articles/CBMidEFVX3lxTE1oS1J0QURGbUt3VW9VQVJXNnhfbnRzUDgzRS16MExQUE9hM0oyeHpEdERNTXBsc2p0eEp0RmhvdzhjMEw0Rnp0dDBDM2I3TEdvY3gtellDTkZ2TmI5QlZJUEs0SGx6Rzk3emQ1T0lrNjVRV0xi?oc=5,0.0,neutral
2026-08-28,2026-09-01,MA,Mastercard (MA) Short Interest & Short Float | Updated Aug 2026 $MA - MarketBeat,MarketBeat,https://news.google.com/rss/articles/CBMiaEFVX3lxTFBNV1M5VTJsSG1wTXRVQjVBQldRd0YxX2FLTEZVbnRYNzFLWXV1UU5mR1JVX0xEYTRWdk5OTXhsWU9HNElLNXVyM3BmRWNRRkJQck9LQkE3dVRhSmppNUdwZG9YVnZLdjND?oc=5,0.4588,positive
2026-08-28,2026-09-02,MA,Mastercard (MA) Short Interest & Short Float | Updated Aug 2026 $MA - marketbeat.com,marketbeat.com,https://news.google.com/rss/articles/CBMiaEFVX3lxTFBNV1M5VTJsSG1wTXRVQjVBQldRd0YxX2FLTEZVbnRYNzFLWXV1UU5mR1JVX0xEYTRWdk5OTXhsWU9HNElLNXVyM3BmRWNRRkJQck9LQkE3dVRhSmppNUdwZG9YVnZLdjND?oc=5,0.4588,positive
2026-08-29,2026-09-01,MA,Is Mastercard an Undervalued Stock to Buy? - The Globe and Mail,The Globe and Mail,https://news.google.com/rss/articles/CBMixAFBVV95cUxPb0RfcjVBQkVlYjNMck41T2QxZURvYVB5aDJUSEU3V0VkRF9xaFpldTdLZEZzVU1kLU5IVWxJWkUwbWVJaHQ4UG9iMm52WXhndFllTmdXbHRBWENpN01QZzk2aS05QURpSFkxeXVPOHN0d0k0bTFOOGtDNm1MakNuc1o3dHRneHZLODJSeU84TTM0UTlJMmFuaVdTSGZfY1ozN0NVNGRGdEFuQUFaWEt2U252SFZhS0J4TkhtS0tuZXZtT3lE?oc=5,0.0,neutral
2026-08-30,2026-08-31,MA,Is Mastercard Incorporated Stock Underperforming the S&P 500? - Yahoo Finance,Yahoo Finance,https://news.google.com/rss/articles/CBMisgFBVV95cUxPbjVUX1Y4ODBuYjRjaUhtVGNuRzdBUXAtMmY3bXNVNTlJOHFQU1FSSDdJVm1tN3dySjNnbW91MzNfa2hGcmQ0QmhWRmpqTnVfM3Q0UHlHWi1oVWxoS3dvQUk1RXpqaEVFcm9aWjkwczRGUzVSd1lxRmdabVpqdElmYkl3WTJtekk1RUVYNlNobW5nVFlsOXlQZi0xdmh6SU94SnZIWXBEQkFpd2hkOXBrOWp3?oc=5,0.0,neutral
2026-08-30,2026-08-31,MA,"IREN Stock Heads For Ninth Straight Loss: $50M-A-Year NBA Spends, $788M Co-Founder Pay Packet Leave Retail Unimpressed - Stocktwits",Stocktwits,https://news.google.com/rss/articles/CBMiqAFBVV95cUxQXzRnYmh6dmkwSi1RWkJueE9RdHB0VXZKVXA5eUJveXNfYWZPN0Rnc25Bem1LR0xXdzhxRkU2RXFfcmlpemVKbXlGMURENGdwUm83aXpWQkR1UGNLdTUzTWlpV1NMVlhkM21CVDZQYTlzclNTTW45VzV3TmxQdEx1R2xrZ0J0dUpEN1ZtM0FxVjF2SHI5RE5mRm5fbkJnYkZxZnZ3RkZTOWc?oc=5,-0.5267,negative
2026-08-30,2026-08-31,MA,Why Billionaire Founder Jack Ma Just Bought $76.5 Million Worth of Alibaba Stock - Yahoo Finance,Yahoo Finance,https://news.google.com/rss/articles/CBMinAFBVV95cUxQOHVuZWJwbzFoMzZWb2ExRV9XX3VWSGMyTFNGQWtjaFRiODBTNFZlT1otSDc5Ni1PcUdfOG9SN2g0cEthQ094QUR6OW9vT3FuMFA0ZFlPRGFSdWp5TUhwb2lOWUFaczByVnlSYnkzZ0pDSTVsbUl0dHVjOG1TaFpYcGdvS01GQnJ0RERHUWFuSkIxMF9tU3VadjM3bGU?oc=5,0.2263,positive
2026-08-30,2026-08-31,MA,How Investors Are Reacting To Mastercard (MA) Pushing Into Syria And New Cross-Border Payment Rails - simplywall.st,simplywall.st,https://news.google.com/rss/articles/CBMi1gFBVV95cUxOUUVONmJqMDU2eXNEV09idTRxYnhDN1k1TE1wVTY4UVQ4Wno3bzJDMVVrMGdKSm5BZ2tUS0FNMmc0eEN1Tm56ZncwWEplLXBHcUJFUW02ZmdhdDE4T0FxbTVERnRtcHpqOUxoZU1tRFlYZ2NsNmNsMVgtdGhVaFR6cnREV0ZucGY4Mnk0QTRldnd2V3FJR1NKc3lNdGhZcnNYWExRWEdid1J1U3RjaHNVdjRiQWc0a1JnYWQtQTFlNGVyNlBLcVQ2ZzVVNGo5eGoxUV9TYlhn0gHbAUFVX3lxTE1ZQ25IdHo3dy1DM0pxbzRTYVNzbWxSMWlUcmFNajh1dUxkdEdCbUk3TUhOUmk0VTE2Y0xhSHItN0dmdjI3VjZhdEdDWGhLYUt6blVNWTNYeU5nTUJZRVB2cmY2M0s3bmdJanJtLUZVM2d2dDZ3WmFzWDNnZzB5aEZSZ2VDNE15azNtRFpfbGdJdk8xekhhLWs0MHNhUWJSRXlYckVCX29yZ0xzb2x6bmlyYnI3b1QyRGkzcTdDTkNacVdzeVFNUlI5cDVNdDhmMFBUMldneG9vRm1rMA?oc=5,0.0,neutral
2026-08-30,2026-08-31,MA,"Nichols & Pratt Advisers LLP MA Boosts Stock Position in Synopsys, Inc. $SNPS - marketbeat.com",marketbeat.com,https://news.google.com/rss/articles/CBMizgFBVV95cUxPOG5sSnJVazlIQ0hRTVZURkdJOVExTGliLUhiX3kzSDJvNHJxRTRHTExoT05ybldibEFwOWxGMVFOaVlpT0ozRWEzNE9yb0hYa1dpYl83UWw5UmwyWXdIZnY0eGFOOFJ6eWpZUHJKd2RTMUhIcjZfNnYwenJaM0xGQnc2M3NfYlZlaEtxSVdUOHhnb2NCUzkzVXlqcEo2ZldRbWlTQk1VYTNWaVZqR3hoeTBOU29ubzNDcDk1dWwtVkE2amxOSXplLS05WFc3dw?oc=5,0.3182,positive
2026-08-30,2026-09-01,MA,"Nichols & Pratt Advisers LLP MA Boosts Stock Position in Synopsys, Inc. $SNPS - MarketBeat",MarketBeat,https://news.google.com/rss/articles/CBMizgFBVV95cUxPOG5sSnJVazlIQ0hRTVZURkdJOVExTGliLUhiX3kzSDJvNHJxRTRHTExoT05ybldibEFwOWxGMVFOaVlpT0ozRWEzNE9yb0hYa1dpYl83UWw5UmwyWXdIZnY0eGFOOFJ6eWpZUHJKd2RTMUhIcjZfNnYwenJaM0xGQnc2M3NfYlZlaEtxSVdUOHhnb2NCUzkzVXlqcEo2ZldRbWlTQk1VYTNWaVZqR3hoeTBOU29ubzNDcDk1dWwtVkE2amxOSXplLS05WFc3dw?oc=5,0.3182,positive
2026-08-31,2026-08-31,MA,Investors Can Tap This Spread On Mastercard; Stock In Buy Zone - Investor's Business Daily,Investor's Business Daily,https://news.google.com/rss/articles/CBMiywFBVV95cUxPWktsSm5pUVNNTi1KcjRBZ3kwRWNFWms4dmZvY2MxM3otS2Vybm9ORjExZjA2RWx1ZFJ3TFJSUFZsenN0ZlFLZVdxMzNXQzdyR09lVzFXNlB6NTNNdUgwMTdIQU5TNmZ1UU1Zejd2UldVbzYtY0t2NGtyRGxPVHl1amVRR05PeXlhdFVNb0JPUWdLOWxYMGhqVTVYcDZoTkFGakRNMW1sQnAzVWI2TDBKQmVZV2xCNkRaN1NISk9rWVdpcmJVdHhoSXo1OA?oc=5,0.0,neutral
2026-08-31,2026-09-01,MA,EVTC vs. MA: Which Stock Is the Better Value Option? - Yahoo Finance,Yahoo Finance,https://news.google.com/rss/articles/CBMikgFBVV95cUxOUktFWHh0YWtBb2l6Sl9fR3V1eVlnRnZwOVk0ZXVZSjk0T0JTcHFHZ3p1alFuaFdEeFZaamJZWkpaMWdKNGFucE1JeGVvOEdFY2pwQ1h2djNFOGhLSDJpVXY4YWpQY25rN2ZWUkl6TXZHMkY4MmR0V0NYRnJKWUowa05uLUk5X19HTjFvZ201Qld1UQ?oc=5,0.6486,positive
2026-08-31,2026-09-01,MA,"Mastercard (NYSE: MA) officer sold $3.1M in stock, plans more - Stock Titan",Stock Titan,https://news.google.com/rss/articles/CBMikwFBVV95cUxPZVNpYlpFS29QR0Y4VUt5SmRZbDNKQU9Pc1l5eWg0YlB3ZHByNW5lVDBmWEx2YmZiRGJ2TlRxTjE3RXdvSW5mWC1UcWN5Y1k1RFdpVjRKN3ZyZEsxNmVjZXdhaVhrRU1JSWhKQUxvR3ZTS295WHBERFMxb1NDVUlfSXRoY3JZNXR3bVU1bV91QmF3aUk?oc=5,0.0,neutral
2026-08-31,2026-09-01,MA,Mastercard Stock And 2 Cash Platform Providers For Rising Treasury Yield Volatility - simplywall.st,simplywall.st,https://news.google.com/rss/articles/CBMi1gFBVV95cUxOYmJvNzJzbUZOa1dmRllSajIzeWNWVkxWMmlkSnJsZndMSTFsN2MtZnIwR1BRSTl2RmxKRDZpbW1Ham1CQ2V6WVF6TWx5TGVZWDc4M3BGUjh5OVduN2FxSHc3eUJWckFqcmRTLWtGZ3lfVlBLWmQtSl9fSmpBZDdFNnh5WU80Rm93WHdYYmxGQ0tCdXlPZWlwOUUzczBUaWM3cnR3QldiRU9NU1ZOSERGdV9BcFd0d2c0R25vQWd5VENmakNsR0swNlVISWgwc3VfZTdyX0tR0gHbAUFVX3lxTE05dHhyQXpPeVBVNmdaZFRUQmhzeDAxRlBwNHQydHBROGdSNnR1RG1nYWJPZmVTNGVsZ1FCby0xVmFXbXRVMmkwTTZtTGp3LXIyWVZoSGxjdFozV2E0bmZuZkNBOVZmWjRRMG9kMEx0Zk5mVjhmbXNWdGNvdHREb0RSMkllZ29EaVhjYnZTNmlrRkx4ZFU0cDcxano0Yk5XTkRNUnhOcEs5a09KRllac3poWF9oS184QXZ2SjRhS2tQa0FXNi14c1JzZHZQNUJVN2hiSV9vZEtQRW9VQQ?oc=5,0.2023,positive
2026-09-01,2026-09-01,MA,MA Financial Group (ASX:MAF) Share Price Falls — What's Weighing on the Stock? - Kalkine,Kalkine,https://news.google.com/rss/articles/CBMisgFBVV95cUxQMjA0Wk0xRDBkVGtycVRIempZdXpDaEJCTUZYN3pqX2dZYndKdlM5WURjNWhQdXdyNGpXdmJXYU1yQUhaVG5SOExDNVdZeVY1Nm8yU1pScEJUNU5wNXRRMzBQYnhnRFpTRUJOMzNEbkxDRnpuR3ZQbWpqdWJsWktKcE4wV0Z2VlBlTXpULWQ0SWtTdkFnMlJncnRHWjFLT2gwYUo1dm9aRUNiNXZOc1I3TGhB?oc=5,0.296,positive
2026-09-01,2026-09-02,MA,"Mastercard Incorporated (MA) Stock Price, News, Quote & History - Yahoo! Finance Canada",Yahoo! Finance Canada,https://news.google.com/rss/articles/CBMiX0FVX3lxTFAySllVMXowZEpsTFJwelRtLWVDb0VxZENWcmoxeFpBUExRU3F4V3ZnZXpxdHltNUtqVUkxTFhIWHBRNWp2bWhsNGVNZ09XT2NUc09Idy12U3QxY1BPbzRJ?oc=5,0.0,neutral
2026-09-01,2026-09-02,MA,Mastercard (NYSE: MA) executive sells 923 shares under preset plan - Stock Titan,Stock Titan,https://news.google.com/rss/articles/CBMiqgFBVV95cUxPTHZCZjhCZHp1T2prN1BXWllIZkVLNUQ3a29oT2t4aGVXbUs4aUJQcjVpTnpwbGV1cjY4UWVFejFiVllSZ2toQmhCZzhTUEVxNHdvbkJ4NElocTRSN3ZlVWsyUm9UNFZBM1JpdEx0NnZPUVZwZ2tlNTltSjVmcFRXd1NBU2pTSERaY0dyb3JIT3A5R0hYQ0syckZGanFGYk1LTWs1Q2VlVFB1dw?oc=5,0.296,positive
2026-09-02,2026-09-02,MA,Mastercard (MA) Chief Services Officer Linda Kirkpatrick Sells 9 - GuruFocus,GuruFocus,https://news.google.com/rss/articles/CBMirwFBVV95cUxNRm5EQ21OVkVhajMwNm5ic1ZkWXNfTHkzUDk1Q05fNGlmQVZvSG0wM3had3MxSmxRUWdMOW9PWWNPT3NKNmRIX1dRQ3RwdE9xWTA3VDRfazZ3cW5jSG9yMGdQdURwNVp1aXBhS3hSZUFRNG5fV3NqOVNqdXkxdFhOdTloSFAybVBJNkFFREhUVF9xLU8tajdsZWJGbGRObUtLWkFPbHBwQkh5ajRMX0xJ?oc=5,0.0,neutral
