published,fetched_at,ticker,title,source,link,sentiment,sentiment_label
2026-06-01,2026-07-06,MSFT,Morgan Stanley resets Microsoft stock price target - thestreet.com,thestreet.com,https://news.google.com/rss/articles/CBMimAFBVV95cUxOS01KMnRXT1R1WFdTNGxVUXRON092cUd3c2FWdDlXaEszZmFjTDRuaHgySWI4Vml3SGVwN25jMkN4d2hXcjhLaEd2dDFfQ3hyMEZiTlFsREZCSlVYNUFlR2tBcU8yNFRsaGE5RkxpVUtrRTNLR1ZyM2pYLVlOM1NmYThCc3pFOW9ndGVJcUdnamREYkd0bVhMNA?oc=5,0.0,neutral
2026-06-05,2026-06-29,MSFT,"3 Top-Tech Stocks to Buy With $1,000 Right Now - Yahoo Finance",Yahoo Finance,https://news.google.com/rss/articles/CBMijwFBVV95cUxPTFpldEVHR3RHSlFGTWg0aWQ0azRXNmZUTGloVERmQ3g1eDc1b2g3ZEdWenJMdS11Q05VU1Z6bmM1WVZSLTJvdlE5WGtjWjNhWHBhVjJTeENkajBXWUZ3ajZHM3hNM0RxSW9VU3BXWmtveEZlNlhEZlJPS3BwbXkwOWE4RXVxSV9RR254Z25rcw?oc=5,0.0,neutral
2026-06-06,2026-06-25,MSFT,Wells Fargo Raises PT on Microsoft (MSFT) Stock - Yahoo Finance,Yahoo Finance,https://news.google.com/rss/articles/CBMinAFBVV95cUxPMDI4LTNNZUs0TWNrZXJ0SEM1T05VMnp2TF9VN0tvRXdZalRIUVRoVHR3S3BUS1ZOaVFZM3NqMk1sUlBiemF5dzJETEh1OEJxVy1wM2ljemxBeFBzYVM3MmlkUUxIMjJUazF0b2xjcUduNzd3dXRub1ZYRUpNZXNPUUZQZ3JzTkQ1WnlwTDV3dFJZaXB0SUpBZFJpcUM?oc=5,0.25,positive
2026-06-12,2026-06-24,MSFT,Microsoft (MSFT) Stock After 17% Year-To-Date Slide Is The Market Overreacting - Yahoo Finance,Yahoo Finance,https://news.google.com/rss/articles/CBMimAFBVV95cUxORndtRVk1X0Z0OWtHMDdYc2JLU1duMXo3ck5GN0lVQjNtN1lRVU5FanUySTFEYUlYOVloWnBtaERLRUlnaW5wM0RqVERfa3ZPTGMyS1BSOEdyanpRSldUTkFhMV96SnNCTWFtaGJYQWx3bDJiQjRwNG5TQXU4MHAtQ05lTHZKd1VqVjNqbUxiVERMM0Zybkd1dQ?oc=5,0.0,neutral
2026-06-12,2026-06-24,MSFT,Microsoft (MSFT) Stock Valuation Gap After Recent Pullback Raises Fresh Questions - Yahoo Finance,Yahoo Finance,https://news.google.com/rss/articles/CBMioAFBVV95cUxOZEF6MHU5SXN5cFhUaWV1MzY2b1ZsVld6TlBrcWJLTzRDaXNBSm1IWnVrdHRQWEN4WFpEQ3dIR0gybWlyakw4STVPMnRHTkh4Y0pjREZqZUpWYlBwVzFaZEQwdjhQVUJVUzl3OFgzb0tZUFhTS1p6NVNRR0NnNGs5em1wa0NwQnF0MWxDNjRfOG1Ha1JVdnJzWlllb2hxX3dz?oc=5,0.3182,positive
2026-06-12,2026-06-25,MSFT,Can Microsoft (MSFT) Stock Rebound in 2026? - Yahoo Finance,Yahoo Finance,https://news.google.com/rss/articles/CBMinwFBVV95cUxQRlBVUWF4dWQ0bDEySGdISzdPNGhnMmxSbGFIMHNnUWpmWlE0RkRGeHQzNzVuTHhYOXgwMkJDYi05YzBzV2lXUnJvcUJ4cTREX1FkZ3hBS0dNSWJjVXB6aVlRVWg5RDVKdXVsajZVcVdBVWZJOFZUSlpZOG5MYjRhZDMwd21BdU1zV21qdGlFdDVDbWhyVUlDOG1vcUF6QU0?oc=5,0.0,neutral
2026-06-13,2026-06-24,MSFT,Microsoft (MSFT): The Top Strong Buy Stock to Invest In - Yahoo Finance,Yahoo Finance,https://news.google.com/rss/articles/CBMimgFBVV95cUxQaE1TeUx2ckU0WU5ocDloUFdIVXlzb2dBX0tOTFZjeGk2eEZRRXEzeHJuMjE0T3drQk44ZHRtc1JkdHpXRWxOcTkxVmJiR2Q1eWdkVW9uWUFpVkVqRVNuRkVkRnU5bU5WR2FDUk1ZYzFZSVRZTFNtQnJrN0EzQmx2b2xkWXVJb1FtWmpDb0x2TEZoX3VSM2ttVXBR?oc=5,0.6249,positive
2026-06-13,2026-06-24,MSFT,Is Microsoft Corporation (MSFT) A Good Stock To Buy Now? - Yahoo Finance,Yahoo Finance,https://news.google.com/rss/articles/CBMipAFBVV95cUxOdzI3aDIxVGJLNDFVYlJmWXE2cDl1Y2czT3dUcUZoRXZILWJicEsxaDVyOHdGVjJFVGtWM0hnTm0xelFrUDlxTS1TcEtIdHlmZHR2MExQbUw0TGdIWGpZT2Zmall3REFMTGNPbTNPcWRQUG01aDBPaEhtOU8teFhOZUxrMHljZEpkd19HZWJXMEtsU3ZPd3pmV2M2ZUpLLVp3TjE0Tg?oc=5,0.4404,positive
2026-06-17,2026-06-24,MSFT,Microsoft (MSFT) Stock Sees Modest Fair Value Lift As AI Debate Drives Price Target Split - Yahoo Finance,Yahoo Finance,https://news.google.com/rss/articles/CBMingFBVV95cUxObHdoZHhIUTdhVnJUVGZfdXVJcWg1ajJ5Vkg4d05HYkxjTTROZGNKZmRZamEzSEVmMzY3V1ppVVJKenVMY0pGR3NVeVREa2JsdVdXZWw5UEJrOEEtLU1mLUJ2MDNXX2hpYnMyOVVhTDFGeUU0MTY5Vk9GU0hRTWJCQjNZVmE2NkZQMDRMZ3dKQUVzMnVaeE52Nk5Sdm5Mdw?oc=5,0.5719,positive
2026-06-17,2026-07-06,MSFT,SpaceX's hot debut sheds more light on Microsoft's dreadful stock price - Yahoo Finance,Yahoo Finance,https://news.google.com/rss/articles/CBMizgFBVV95cUxPWG5lZTBINkVEbDFkQ3VyeXVaTDB6ZTZxTXBtOE9XbEtIS1Q5RXpmLXA4VjBMaUJleHNTT281Y3pHTE92YkljXzF2LU1IRHRkcG5Vb1k3RU9tMER1MmtXbmFLRWNRMTUtQ1E5enMtZXFGeDZpUU1CZFFPTnFvM2JCQjVaNlVlODNMZUk5SGh3dGFNMmtmeEQ2VDFSWWNfX2x3LThzMDg0YXc3WXlHb09xeFZDN1h2MFRINS1heldRLUQtTkM4bVd6TDVtNURodw?oc=5,-0.4404,negative
2026-06-20,2026-07-01,MSFT,Microsoft Corporation (MSFT): One of the Best Falling Stocks Despite Getting Out of Oracle Data Center Deal - Yahoo Finance,Yahoo Finance,https://news.google.com/rss/articles/CBMiogFBVV95cUxPTGpZd1BMbWZMWXFWREVBZWg3RVBBRVpmRzR6MkR5S0dvRkkxdWJnRlFWMVhNVGpNSmFRVjNyR0RIcVJ3RXluRF83dkVYYkxCSFg2SVd6OXhxV0hUanNiTXFTQ0xfbTl2c3ZqRDZ3bU1KOHk0V0NRbThZQS1vNXRibVRxVURTalozZGItdmNWUUI4aEQ1ektuYWQtZVJTSEstRUE?oc=5,0.5574,positive
2026-06-21,2026-06-24,MSFT,Microsoft's Boring Stock Story May Be Its Biggest Strength - MarketBeat,MarketBeat,https://news.google.com/rss/articles/CBMimgFBVV95cUxPd3BScU5rY2t4WmRidklNa1BkcE95QklfZ0VfRW9KR3JmQlFEOTdYclNDbWFQUFA1UENyZmxFVTczSGVxZ0pRbWxFSzRpX3p0cXM1VFhWLWcwaGg3SGRMV3FlS1k3Sk9DWnJqRmU3QWwyeXFqb1d6cFJ5YTROTTZsdWNoSWpGUmFPdk9DOG0tYmp0NktlZ0NXSG53?oc=5,0.2263,positive
2026-06-22,2026-06-24,MSFT,Can Investing in Microsoft Stock Double Your Money? - The Motley Fool,The Motley Fool,https://news.google.com/rss/articles/CBMimAFBVV95cUxPQVZERVN2aHlMbWxaeURVaWxnd2tYMEdHcGtIQUVsUEFuQUpINEFhdTJMaE1vSHpqMmUyLTd3QU5mSUpGcmVnTk15b1JYVEE5WjJEbExmWFZyc3M2VVRiMEtMTFBHajhzdDRUUEozcURkQXpld01rVkRjamczcTZRUDhVQlQxVHhxcV9KMHVjT1RxQjlWRFlsMA?oc=5,-0.4404,negative
2026-06-22,2026-06-24,MSFT,Microsoft (MSFT) Faces Shareholder Lawsuit; TD Cowen Maintains Buy Rating - Yahoo Finance,Yahoo Finance,https://news.google.com/rss/articles/CBMiqAFBVV95cUxOMGdXSnlPamxxNEI5STlFa3huOW1hbEctYnVvby11djlweUJLb1ZBaDVIRVppd3hDd0hOLXQtM0xiMnd6Mk9FcE5PV2RWRnIybURKMFJVMVNLWFNMOXR4dmhwOUpFcVpVbjNzQ2ZrWXlJMmt4MXRnVnNUeWRUbTRMNVJ0eXJlcHYyLUpKZmVmUnU3VUxfakdSNWhFcm84YWxReFZGUk5tZ04?oc=5,-0.2263,negative
2026-06-22,2026-06-25,MSFT,Microsoft Corp (MSFT) Stock Down 3.2% -- Now Undervalued? GF Score: 96/100 - GuruFocus,GuruFocus,https://news.google.com/rss/articles/CBMipgFBVV95cUxQYmRPNS1sWnNJYS1pMmdpR3lMTHc0NngyV0FONEQ5dkF0Yll5enI5N1VxejZnTkxZNE9wTU5lTjRoUlBrUnliRllqWGs5R3NpT3dzcGxtX0xYWV9iMTFJdkdvbDl1UEpnX1dPY1BLMmp2dF9SeHp4TlRNeFNZWGdnSmk2ZU9ZN0ZBMjllT0szanpPNUNRdzF1RTU5Z29jbi0ycVBGaWhB?oc=5,0.0,neutral
2026-06-22,2026-06-25,MSFT,Microsoft (MSFT) Stock After 20% Slide This Year Is The Valuation Case Compelling - simplywall.st,simplywall.st,https://news.google.com/rss/articles/CBMixwFBVV95cUxQSnVQb0pjTFBrWmtYMFNaYzlIVHR3TTNESHpBSGk4V0JYWUFfTl9JUTc5eFpObXRuV3NSYXhKWWdrcUk2bmtkUFIxWW56cFZkNmNaOU5yYnZsOFYyUmxZMGxsRTVmNTVoV2VHS1V1ZDlkNTJCdlU0NmpHbElXdWhuUzR1ZmRwMl91SVM2SElnYndQRTAxeDE4N3dRY2hYX1hzc2lDZFVLVjJ3d2t1SGxoMTlTcWVsSnNPZjhTYU9KMTJxRnBseWZB0gHMAUFVX3lxTE5OMVV4T3MwTGVmUXRHSUtxNTFaNWh0amYtb0VjNkVtQ1RDcW5oNkhGUDV6NHVCOV9wUEExRTZ2VGRPelVDZnhMY0dvZGEzR3pSMWo4aXBNa3R3VndHSmpqWVBjbnA2bVlHNU1XaUkydUFxTS1NMFJkRFNocWEzWE5ZaEhFb3BvZTJvUHRRRmxpRFhBcWJZWHhYSGZLWElFU0ZmUUVMZGtvUEQ3aGZPdjk1MFFESGgxejNONzQwQlc2eXhHNVJBeGZfWV85Qw?oc=5,0.2263,positive
2026-06-22,2026-06-25,MSFT,Microsoft Corp Stock (MSFT) Closed Down by 3.14% on Jun 22: A Full Analysis - TradingKey,TradingKey,https://news.google.com/rss/articles/CBMiiwFBVV95cUxNakRIeEp6ZTN2ZjI3YzhVcUg3WTd0eTNwbG1TQkFVZ1RGbWk4eWhJcFk0T0lNNkowM0RFZklDaG9acHpZOERsTjdHOUpuOHY2cHNFajhSOWUzUkh1WWdnX282Qzk0RFZ4WDRUTEppTjJoNTJsRmFQMmw1MWI1Ukt5Q0dvSXZFSTNvZjA4?oc=5,0.0,neutral
2026-06-22,2026-07-07,MSFT,MSFT Stock Enters Bear Market After 21% Drop From Peak: Retail Cautious But Analysts Stay Overwhelmingly Bullish - Yahoo Finance,Yahoo Finance,https://news.google.com/rss/articles/CBMimgFBVV95cUxNNm91T1gwWnNkOURHMkZJVDB5LUNIc2tldzZ5LXQxbzdjRG9TWGNLS0lpQlZramc4UEFLaDBMMUJSSUg3TlBWQlZ0N0RndE5RZzFaSG9xcjlFYUhrSXp3TkVlekpVSTZnYXlMTU54OHBSR2hWX1p5Yk4zNzdCa0dqalliZ2lkZW5sM1p3RzJtREYzOWlwZ21UMEpn?oc=5,-0.3612,negative
2026-06-23,2026-06-24,MSFT,Microsoft: The Best Days Are Behind It (NASDAQ:MSFT) - Seeking Alpha,Seeking Alpha,https://news.google.com/rss/articles/CBMihAFBVV95cUxPNXVZWWVVQnRpSTRCWDNDOWl1c3FDaTNmMFgtU3AtUUhYbUhCdGM4UDhpR0VfWkdhUUdyMVk3SlN6QVBQOUZ1cXo1MEUtWENpVjJqaXNrZk1SZTBwU2Jia3VNWnZlT2VwdmxhTW1PN1REVWhZdU1maXZKV19ROFBtWmg0MUI?oc=5,0.6369,positive
2026-06-23,2026-06-24,MSFT,How To Play The Options Game With This Struggling Software Titan - Investor's Business Daily,Investor's Business Daily,https://news.google.com/rss/articles/CBMikwFBVV95cUxORFFVVjF1MVBscG5VSFQ1cnZyRzcwdmNHYUZBRGkzSjFydm91WGJWXzRJMjZ2MUtMVjZvR0ZjX1FydE5iZlBjZXduMVlxYnVTaGN3U09qelFsOGdFajlUb0xmaHd6d0doNzYyZERRdjRKRV9FZUZ1Q3FoRDJLdDNUak5hcklPdi1YM29CeElIMEhubEU?oc=5,-0.2144,negative
2026-06-23,2026-06-24,MSFT,Microsoft Stock Gains on $4.7B AI Data Center Expansion in Wisconsin - TradingView,TradingView,https://news.google.com/rss/articles/CBMixgFBVV95cUxNWjJ1bjZZbUlhTTRFd0MyQXJ0WlRydDlhSVU5bE5mMldkcWYyZWRTNW9QaEFYVDdBRU5mSXp1WUh3NWd5T1FwTTA1b0ZBTkNmdnJGQy1rZHNna3M5ZWlXVEpsUjJNWXUyeHhEa2d5ZDlmVmpLVlUzN0pyQUVKVG5uY1FCWEIzS0pRdVl6djVtUkwxNm9CWllSZ2s0MEQ0bW1la0J6TGxLTWpMSDJpOW5GaV84M1Z6T3JJVXNseWpLeDJ2SHJLU1E?oc=5,0.34,positive
2026-06-23,2026-06-24,MSFT,MSFT Stock Enters Bear Market After 21% Drop From Peak: Retail Cautious But Analysts Stay Overwhelmingly Bullish - TradingView,TradingView,https://news.google.com/rss/articles/CBMi_wFBVV95cUxQTEcwRWFwTVBJeUc5YXh5RHJfWnZlMmR4MDN0U19LUnhVVmo2QXJCOEFHSWRUQXMtOGNpV3IyOEZONlVWSTZaaGZqRndFblBodkdrMjB3ck4yVXo5dHltQnhROERLT2k4QUh0cElPR0p6V01tT3ZKdFpUR0xzTmlCMHpxeU1jcjRNTEJIbjhJdnNmd09uMnA0MXFEanBielpyRkpDSzBFeHN0Wk9fSDNCOGN3eFV1VGd1dkhpXzJiMy00VFlhM2RsSXluMUQtZ2VjaXFpd0lxRjYzYlVoSEIxSTdHOFYzOUZDSWQxc3FoaktVYWF5TFBLd3BpMjdYcjg?oc=5,-0.3612,negative
2026-06-23,2026-06-24,MSFT,Jim Cramer Reveals What He’d Like To See With Microsoft (MSFT) - Yahoo Finance,Yahoo Finance,https://news.google.com/rss/articles/CBMikwFBVV95cUxOemdwNFlLU1Y1eG0tTmZ4a0Jwb1FXeU0wYUdYUFBfWkNVZ3lmSEpMMXhyTGFWeGdCSldQMXNzU1dUZlM2Z3I2Z29uNnNrYy1FRjE1OHk4UjRBdFBBTTJscHExNFVyUGxDSnd6UU55X3JKSmkxVTd1LU5sUXlNMkxEV0gxcXcyRGk0UmQ0VEdyaGhQLVk?oc=5,0.3612,positive
2026-06-23,2026-06-25,MSFT,MSFT Stock Enters Bear Market After 21% Drop From Peak: Retail Cautious But Analysts Stay Overwhelmingly Bullish - Yahoo Finance,Yahoo Finance,https://news.google.com/rss/articles/CBMimgFBVV95cUxNNm91T1gwWnNkOURHMkZJVDB5LUNIc2tldzZ5LXQxbzdjRG9TWGNLS0lpQlZramc4UEFLaDBMMUJSSUg3TlBWQlZ0N0RndE5RZzFaSG9xcjlFYUhrSXp3TkVlekpVSTZnYXlMTU54OHBSR2hWX1p5Yk4zNzdCa0dqalliZ2lkZW5sM1p3RzJtREYzOWlwZ21UMEpn?oc=5,-0.3612,negative
2026-06-24,2026-06-24,MSFT,Is Microsoft (MSFT) One of the Top High-Conviction Stocks to Buy According to Hedge Funds? - Yahoo Finance,Yahoo Finance,https://news.google.com/rss/articles/CBMilwFBVV95cUxQbTFIYUdIN1pRTHRDV1UyOHJoSEdjM0tVOTQwaUptY2tQNHRmVkI1X092RmFoQUxrSnowZVNtNE1MVWJKSG5iU240YXZJcmp0MnRzc21HLVhieTlqeG5ZcVR0YXZBMDM1NEYyVkZMQUNxQVUwc2gzd2tHaW40dFoxSm15dEUwTnlRMGpidlZKdUxwUXp2bkJN?oc=5,0.2023,positive
2026-06-24,2026-06-24,MSFT,Microsoft Stock (NASDAQ:MSFT) Slips as It Seeks to Show Lower Water Use for AI - TipRanks,TipRanks,https://news.google.com/rss/articles/CBMiqAFBVV95cUxNa2ViSG95X1duZ3ZhYVJrVzVrMWNWSW1GRHhhYUxsTXl5emZpNDlvLUxVc3VKMk4wRlM0MTRkSDVTdDJPVDJIQlY2TXc0ZjZKX1NXWXVyYm5WWElBc2p4SElkSVBVTkdnWUlLWHZ6OWNDdzVCcG1Cb21BT1ZBYU5kTlVOY1JfZmVYNDdSNFZyZ2UweGRiSlJicW9veFFfYU1oNDIxVW9UQ2M?oc=5,-0.296,negative
2026-06-24,2026-06-24,MSFT,Microsoft Stock And 2 AI Infrastructure Names Facing Cash Flow Pressure - simplywall.st,simplywall.st,https://news.google.com/rss/articles/CBMizgFBVV95cUxQSGJYY2FIbGN2b01SREtOdUNHeFBTYUpQVURseUs5eGtPX0U4Q1VNWkJ2NmtKbVhJWk0zQXVhSGFRVFEwOS0yTGl1T1otRS02WWVXU0VqN1J0MU1PSlo0dGEzUnJ5MDgxQWliYmxBV3hYZkMxZVNNemNRNEtNVERyaWlUQWp1V01UN3JLVlo2VFBaVDIza1J2eW5lbG9ZUURhalJzZHdJLUYxaGt2NmFiV2VlSU03S3ktaWF6Nnl1bDRyOUFfWUI0TWdlSVh4UdIB0wFBVV95cUxQbkdfRHItX2tSVjVNT0ltTDdFSUJUVVNJaW9sdktKckRFcGptcmU2RFRka1lLMjVPbmc4ZUE0bkQ3TnZBV3BNTHJyMmlHc1NFanBqZjFyOVdFZnFpMjNlSlJGZFlNS2h5YlFodkNlTERhR2RsdUVfMi0tYVpMX3oySU5GVDVoWHpFWnd5Y2dtVVJUTFRnVENVVGlMcVBMZk04Y2x6SWIzU05XbS1Ed2JxVkZCWUU3NUpKN0RQd09tZ1ZzSnpTdUkyYlQ3S3JHamRmWHVz?oc=5,-0.296,negative
2026-06-24,2026-06-24,MSFT,"If I Had $5,000 to Invest Today, Here's the Trillion-Dollar Stock I'd Buy Instead of SpaceX - The Globe and Mail",The Globe and Mail,https://news.google.com/rss/articles/CBMihwJBVV95cUxNM0licEFVVVJzem9yVjJFX0VDbFFpbWY2NGE1MWZDWE5Jc3MyMmZwYWF4Z3BvSl9OWjYtM3ktVFlqSzBZUjF3dDZMOXZiVXZWaXJhN1JkSVJnVGpsQUJPOENESENFUmQxYmJMRDNYcWFfbUFHWTJ3WWZkSURremVGdmxBX2U4WFpRU090UF9WYmRrc3dRWFBYZF9JOURLandtM1FjOGkydnVsdV9iZmFlVjJob2lOZ1VwdmRoN0NVT1JxVDJUU2Q1aHRGZnRxUlJJbWVZMmxxWjdVWVFKMTk4cDNKQTh0czZ6MU03OHBBc1pVcWVCTHBVSUVLWFJtWk1VNW9xNkRHbw?oc=5,0.0,neutral
2026-06-24,2026-06-24,MSFT,"Dan Ives Believes MSFT Is The Most Oversold Large-Cap Stock, Draws Parallels To 'Negative' Narratives Around GOOGL A Year Ago - Stocktwits",Stocktwits,https://news.google.com/rss/articles/CBMizAFBVV95cUxQQmJvSHpPdHVrcUdjYnlweThwc0VHUXZjV2lnaTdVNXRmNGZ5dTZ2aktWV2VkcklWSXZldWw3N3oya0k2dVZrRGNoRTFvUXNPdFQ2RHpLYjhFQjQ3cmZTdll3QmwtbWpLaVNkanUta2x1Sk5aclB5SVEwMlRPVEhwVUpUY0F1Rld6dzNaYjRlcm9CcVpwN0ZIOThGanEyUGNMdzJpWVJwRmZyZGJuaXg0N0dPbGtvVWhqZlJ4ZE9iYVhSRUFCek8zWUYteU8?oc=5,-0.5719,negative
2026-06-24,2026-06-24,MSFT,Microsoft Corporation (MSFT) Is One Of Billionaire David Tepper’s Oldest AI Stocks - Yahoo Finance,Yahoo Finance,https://news.google.com/rss/articles/CBMiqwFBVV95cUxPTWJMRkdkUUIwcFl6MU5oWVUyUUp0WC1aMVNkVHFxczhsN2laYWRYSVkxRUVBeE85VlF2RTRycldyS1Z6bWt4dGExRF9DQ2hxdC1OWE5YYzA3ZFN6Tnh1d3AyUTFsOGZoSHBCb3NYQ2V5T2xQbWdZSXJ1YnlMVE0tbWl0Xy1mZGtGY1ltR0drT2oyWkRuOWVBZXFaaUFRSm1iSDhkUzlfYkxCX2s?oc=5,0.0,neutral
2026-06-24,2026-06-24,MSFT,$MSFT Stock News: Microsoft Stock Dropped 10% after Copilot - GlobeNewswire,GlobeNewswire,https://news.google.com/rss/articles/CBMiyAJBVV95cUxNc01uV1J4VmE3SG9hZ2Jaa3k5cUJ4bzRXazgzMmo1TFB2bHdMQ2Z5UTlmSDdZaE9XUkZ4TGtEd1NVT0s1Y3VjTnVIcmx4VTg3X1Naem91Z2dvc2JOaE5INWJzODFWSW1zYlVJVlRLNzMxcWNtSGJrRzJJeklfanNTSXFUNDFJcG5hTVFmcmZqX2ZWcUpMVDhhODF4ZzREY1p0UkVYQlI2aFJ1NHl3aUlfTTB0ZlJ2RG5xdENTcE55UENveTFLRFpwbXlTVm13SkR2UEJvSDBHam9ZeEx5SENBUkMxUlVBNFBmTWE2WkJIazdRcXlrNmwtcUhScFRsODlibGFUX29KN29WOVJYeXhNUHZ6NVVLTnhveThneVdvYi1uYnpSbDIyNk5rcU9vc0tjUFUwM3VBNEpBVFRmVGUyVFV6cUFub0VK?oc=5,0.0,neutral
2026-06-24,2026-06-24,MSFT,MSFT UPCOMING DEADLINE: Levi & Korsinsky Alerts Microsoft Corporation Stockholders of Securities Class Action - Contact the Firm - Morningstar,Morningstar,https://news.google.com/rss/articles/CBMikgJBVV95cUxQNkNLalFVazZseUJMZ2EwTXUyMjhjN3BQNTV0bFl2b01RejZhTHBfdmd2eXlodWFWa2pjNTI1OHNuWk90Q2xEUDV1V1YyUldZeWthU29qUjFneDhZZ195WGNXaTRmMmg0OTItdFk3WUpaeW1Nc2hybDk4R2h2U0plXzlJaS03NFgta3BUQW5KOEd5QXF3NlVQRkpMYWlFWUtqM0tncHFpQl83S0tiakJERVd4VGFYelVjNWJnd3RUbGlkOXhDX24zLXRVRDkwZ2ZwcUdGYmdwOVlLV0pLcGlvMF9kT1FGc1hlVmRTc2MwMFJxMFRqenFPM3gzN0JqZW0tbDhsWFNrMkNjcmJER0JhWVRB?oc=5,0.296,positive
2026-06-24,2026-06-24,MSFT,How Does Microsoft Turn Cloud Dominance Into $223B For Shareholders? - Trefis,Trefis,https://news.google.com/rss/articles/CBMixgFBVV95cUxPMERjbk9GQVdtVlloM0JBNHBSdGdHSzVOaVJiNUJvZEJnRzN2Ulk4Mjk4VkhqLVk4NWdxU3NDaWx5MHJzZTFpcGx0Yk0xZENGZW5HVm1QeE5vTGJQTjhka0dONF9tNjFiZ2hRcXVGWlZyUE0wSGREZ19HNWNaR0Q2U1RrbmE4eGhWaEV5SkIyM3Fsc3FZUC0wX2ZxbnMzLTRTRHB3TkxLZWVfS3dmOWpnYXJmZHF4dUNhai0yVkxtbnRwLU1jckE?oc=5,0.2023,positive
2026-06-24,2026-06-24,MSFT,"Microsoft says schools want AI training, guardrails and tools - Stock Titan",Stock Titan,https://news.google.com/rss/articles/CBMitgFBVV95cUxQUHVsVC1QTHZ2YXVOWHBsakQxV19Gd0xWbjVpZDc3blRwSHpUSWxDNGhSbUtfN1FpMTNjNS1EbG1pSVQxbzl5eWlZS2VNSEI1YUY5eGxwZnREeVd6ZWdPd0JYVndkZ1dwemxCR1FDZ3ktSjg1XzFwdk9ScnMyWjJqNG8wYm9TYkt4ZV9wdDdmanc1czZ3Uk56R2dJZ3ZxRkZoYzk4NXZJQTBTZDc0b2FJeEo3Unpjdw?oc=5,0.0772,positive
2026-06-24,2026-06-24,MSFT,Microsoft Corporation (MSFT) Is One Of Billionaire David Tepper’s Oldest AI Stocks - Insider Monkey,Insider Monkey,https://news.google.com/rss/articles/CBMiwAFBVV95cUxOMjVNb3owOFFqejE5OHdRSnkyc2FrZ3FBdTlmTjMyWlVlVzJhRkpxVXgyZ0h2NHpzTmNOczZpWlUyS0x4c3JLemVHdFhsZnlNNkxxX1RBaV9FTi1BU09manV6SzIzdWE3RlJWdW5TOFVqd2w3cnlQeTg4bTNkRDAtYVQ0elBwTHNzNnlfek9GbjU0UTdYTmhYemp3Z1NMdlhQOXdWaTR2NnV2OHB1cF8tZXRTeFgyaW5zRzlQZ25uOXHSAcgBQVVfeXFMT3Fzak1mQk56REMzZE1kNjhxUnY4ZXYzTklUYktxRG9EeVFoVURELVlnbmY2Y09kbVpGVXZUTF8weG95UWtfeEpMZF8yNmxfdkdXUEgtWFExWXgtSHl2VzZuYnRKdkpVVFlZZHlJREhTWkQ4bkdoalkxRFJtU0RLNG5TSWk0aXMtcGJ5aV9OejBoZmxnOGU5LWNNa2FqTXBpMF9WaGQ5aUpucjhFaU9kellxa0NRRkw0S0Rpdkx2ck1xNmNydlNzelA?oc=5,0.0,neutral
2026-06-24,2026-06-24,MSFT,"Dan Ives Believes MSFT Is The Most Oversold Large-Cap Stock, Draws Parallels To 'Negative' Narratives Around GOOGL A Year Ago - Yahoo Finance",Yahoo Finance,https://news.google.com/rss/articles/CBMilwFBVV95cUxOamwwdlVVelNmUDBnMkJTa2JXZHFfM3JMYzBxRHNycFJVU1NidUtFYjVBRlhHeTY1MV9GZTQ0VVRBOEdtUm1WOURTTTNnSUdTN2VrRDBVN29CeG5SaVNTRkp6SXBMX1lQY2xPb0FZVTlPdnRqQjFIVFVwTms5X2tRUjFZTzZSZlpWd3F0YXVuZzRHTW9Wb2xv?oc=5,-0.5719,negative
2026-06-24,2026-06-25,MSFT,Microsoft Stock Forecast: Is Spending $190 Billion on AI Infrastructure in 2026 — Is MSFT a Buy at $452? - TradingKey,TradingKey,https://news.google.com/rss/articles/CBMizwFBVV95cUxPSzQzUHo1QjF5QktqWDB4dWJVLXhIYldVYlQ5TW14ai12WG0yQlhGcjUxSW5ZMHBtZExmNkMzVXBqd3E1Wk1vcjBsQlhDelBZQXNLQWtfTDhIZUdGVjRKYXNjZUw5RlFlMmpsNUE3Y3AxWGJIYnlVcUs3Ym1JX21CSTZfT1FkSEdHR0FjTW1MSXkyYWNicXV1Zm1nZ1VUNm1ydHMwbVl3TExqaVpjQTl3QzBaZV8tTVRtN3RmX3dGSWVTdjl6NmQtN0NNNGNwV0E?oc=5,0.0,neutral
2026-06-25,2026-06-25,MSFT,MSFT Stock Heads For Worst H1 Since 2000: Retail Traders Blame Chips Supercycle As Mood Dips - Yahoo Finance,Yahoo Finance,https://news.google.com/rss/articles/CBMilAFBVV95cUxPdmVBODVCNEVJZjN4ZmVCdUlBY3RIcG9qM0RPdk1FUFNQbDFiSUpFSW5vWEQ4eHlHcUI4RWhySkdwMUJTaUpjMG5kWjFsRHJHLXlISWpGaDh3bEpuaUE1UmNuOW1DSDRLaUZVM19wQVdTZUlLdjVqcWRLR0lYQkhpeTFuRGs5bUFfT21OeDd2eTJNeHli?oc=5,-0.7579,negative
2026-06-25,2026-06-25,MSFT,MSFT Stock Heads For Worst H1 Since 2000: Retail Traders Blame Chips Supercycle As Mood Dips - Stocktwits,Stocktwits,https://news.google.com/rss/articles/CBMi6wFBVV95cUxNNzNEdjd0T0M5a195LXR6enpRaHdWWnp1YUg3TngtNldXTFJRTmdwSWhiZV9QRDBQczJ1TTVfY0VCdk93bUtXTnc5ZFJ4RHhabV9JMlQyeGJHYy12TWxYT0RoaHhPY1dDMGlWUTRrZjJkSGVDeFJleWtDMnpBUVhRZmxoelJNdURsTndxMmhJb3ZOOVlkRlNVUy1oam9PRFd4WEFjV3lqS19zem9KVEVGSGppODJVZ0pjZ3pJY1oyMGRnZkFhUzJuSnJJV2hraHB6LVR0NjhDZzRlZVQzbkVRb2tFQUlFX0VOUGY4?oc=5,-0.7579,negative
2026-06-25,2026-06-26,MSFT,Microsoft’s Stock Is Crippled - Yahoo Finance,Yahoo Finance,https://news.google.com/rss/articles/CBMikwFBVV95cUxNNUs4bEhBN29DU1BoM3E5a1VHSmtxcm1rdUlzTDFDdWxZZi1xWERGem94TGltajFHVm93YlZRcGdGZjFZcncwZ2FGS3JyekRLZlJzNWo5TjB6QjFERzZ0akU3TFZpeVFJMG1xRWcxcUsxWXk1NlA5NTBEREdvcWpRaC14Mkd6YzJ6a1pzVllwU2FNVFU?oc=5,0.0,neutral
2026-06-25,2026-06-26,MSFT,What Does Microsoft Stock’s $223 Billion Payout Mean For Your Portfolio? - Forbes,Forbes,https://news.google.com/rss/articles/CBMixwFBVV95cUxOODhPcDJlZUlOb2hZbTlwLVNUbmM1NHlISTlncUhHSDBZRTA0YWxMYk9ubzg0amJnSThQRk1hc2ZXNFpxZjEtNWowTlprQUc0QkJFR2s1SWl6RGp5dzB4dUtSZXRUb09YcDNOWTJXX1JaR2pvZklUX3ZsMTNnWXE1NTFOVE14cG9RSUxWTWhvODEzUzZFdFRjc0dQcU45UjNOMDlQQTkxRUplVHNYRVRlX0Rlc3dIRUFmN3BjNW5sN0t3MjZ6WjMw?oc=5,0.0,neutral
2026-06-25,2026-06-26,MSFT,Microsoft Solves AI’s Biggest Bottleneck With Chevron Deal - MarketBeat,MarketBeat,https://news.google.com/rss/articles/CBMimgFBVV95cUxNZ3gwU1VNSm9ua0VCM3JYbF9pOUxFWGQ1QTlzM2VPMnlFZzNTNzFhOEd6ZVl6QmJManVWTmtyM2tRRVBjc25wMURaMlpHZHNjMUJCSFEzRzZFNjRNRDlObzFDWktNYlBTSVlXY1Y3TmN6QkFNYWJCakx1RFJISk14U3ZaaDZHaklmdVRsODRaY2tCeWgyRUUwMjR3?oc=5,0.2732,positive
2026-06-25,2026-06-26,MSFT,IREN Stock Falls despite Sports Deal to Lift Global Image - TipRanks,TipRanks,https://news.google.com/rss/articles/CBMirgFBVV95cUxNTmVIRkdWZjEwZjZCWlpfUmpma3NwWFhGTjMzZ2JZTzFuWlNCb0FQU1E2eDVnUW5EVS1aWUkwUlh4TVVWeVB5c0RCRDZUQ2oyZ2p6cnlHNUpUbnhfZXF0c2xzaUlZTy05S0JmWXR1ajVBNVJwS0U2cGdRREVLLXRwWmJOWU9kblZmUnJCQTJOb2lJaFd3aGI2dFJMZFlOMWw1TkRlTlQ3eHl3QVZpOHc?oc=5,0.0,neutral
2026-06-25,2026-06-26,MSFT,Why Microsoft Stock Just Dropped - Yahoo Finance,Yahoo Finance,https://news.google.com/rss/articles/CBMingFBVV95cUxOVWxRb2FNU2FMd0dqNWNXbHBHNDJ0SW9Gd0NVUkRFTUNqdFlzQTNnMDNZbkVab2ZMU1M2ZXJDQllOM2NnZWFvTXA5bHRubmd2eWpmdkhmVF9wLWlENkxUOWxSNHphZW1heDhaTW1zS3pDWms1SWxmYWMzcUpjYUxMT2wtM3FmRTZ2S0M0QWVQNmNFbG81eVdmM2ItLXNUUQ?oc=5,0.0,neutral
2026-06-25,2026-06-26,MSFT,Should You Buy Microsoft Stock on the Dip? - The Motley Fool,The Motley Fool,https://news.google.com/rss/articles/CBMijAFBVV95cUxNOTlacDlOVlo4R19Xbm5aOU5IaUR4RlBzN2hRXzZyd2ZzajJrOXNUQ1ZuZlh4LW1XSEVOTkpBbUVDNHhaN1dES1RfOGxLZk13LU9TcERyXzF6V2VyckVXUW1kZ0g3R29RNERvcHNWVmxMZ1BPa1psTkx4T0VqWnpaMkpoUHZMZVV4TGZFeQ?oc=5,-0.4404,negative
2026-06-25,2026-06-26,MSFT,Microsoft’s stock is suffering a historic June rout as investors balk at heavy spending - MarketWatch,MarketWatch,https://news.google.com/rss/articles/CBMiyAFBVV95cUxNOURadUZSSzdaSnlRcjdONTZ5QlA2RUlRcWdkZmQ1akpWSXBEZWFLX2VnOU8taUJaNHU4QjdFOHFLT1NEZ0xveDlVczQ1Q2lMczVQZkg3d3hzRDNxOF9NTkdJOTByb3dSTHh3ZmNtYzdqaUJvaF9kOVBQNUFleHBoTHpaRlJYR1JlRnV5SDJWOVkzMk1DRTZIVUFhbWRwTUxOQnBoajQ2VHFPbkFkM0lNbkFWNndzVXhvcV9QMzM2bXFmX3B2OV9ldQ?oc=5,-0.4767,negative
2026-06-25,2026-06-26,MSFT,Microsoft Stock Is Having Its Worst Start to a Year Since the Dot-Com Crash - Barron's,Barron's,https://news.google.com/rss/articles/CBMifkFVX3lxTFB3dVIzZ2c2ZHBqOW1peXN6Wm8yMHdnOEpZQzQtSmp4MDd5UUdhR2JYdUpyZHBJaEt0dUc5N1B6cXFJSnBmZ3AyYS1LeFdOOVRreklwLXptcUpJWU9HbzFFbzNGdDVxMWkyNm02SWVFZHhtSXc0bmRTeTJrbE9sZw?oc=5,-0.7783,negative
2026-06-25,2026-06-26,MSFT,Microsoft Stock Hits 52-Week Low: What's Happening Today? - Benzinga,Benzinga,https://news.google.com/rss/articles/CBMitgFBVV95cUxPQWRxMVRNWDY5UjFDMGQwMmtkOHhsREd0SUQ2SVBycHZmZTRiNWR0bXNTRDRwMVVNREpIeFJaZ1B2SkdjaGlOS1lXMUdDQ2RfWE1ITnAzTlRkTHppcG9GeVFVNEZEUmMtLUZHdjVlOU1TMkw5Zy02MFM1djdKSFRPOTVHb19wbUNMeEU1OC10dkF5TmZVVkJWX1FDMmJkbnByWGZxMTJkYXNEVUZUOGF3Nm9UWjRIZw?oc=5,-0.2732,negative
2026-06-25,2026-06-26,MSFT,Microsoft’s Stock Is Crippled - 24/7 Wall St.,24/7 Wall St.,https://news.google.com/rss/articles/CBMifEFVX3lxTE5MQ2Z3UkJ0R0xCekoyZFc3TGFGa1RNZ0R1MXhmenpvdnNpbG5uYjFTT3E5RDFKLTFKMjJfalJkWVNkZlN6TVR4enFOSkFFZUdTRTNkdGlzZ1VxaVBtYUhOR255T0kzZEI2bVRodU1ZS3BhN2tDVXlxN3FWZGc?oc=5,0.0,neutral
2026-06-25,2026-06-26,MSFT,Microsoft Corp Stock (MSFT) Moved Down by 3.80% on Jun 25: What Signal Does It Send? - TradingKey,TradingKey,https://news.google.com/rss/articles/CBMiiwFBVV95cUxNVTItdVFTV3FPQ0xrZTJvYmpqMWNSU3pFUkxlYk1aSlhsaHQ1QU5Sd0d2Sk5zVFFUWG1vbmlMeUZXa241RWwwb3UzbTVXZkdGeDFHdEtjclh0cUFQZlctRE9VaEI3dm1ZM2tsbUNnekFHdW5ZTmRTZDlUdV8tbWJvUVBiZU02blhyaVFJ?oc=5,0.0,neutral
2026-06-25,2026-06-26,MSFT,"Dan Ives Believes MSFT Is The Most Oversold Large-Cap Stock, Draws Parallels To 'Negative' Narratives Around GOOGL A Year Ago - Stocktwits",Stocktwits,https://news.google.com/rss/articles/CBMizAFBVV95cUxQQmJvSHpPdHVrcUdjYnlweThwc0VHUXZjV2lnaTdVNXRmNGZ5dTZ2aktWV2VkcklWSXZldWw3N3oya0k2dVZrRGNoRTFvUXNPdFQ2RHpLYjhFQjQ3cmZTdll3QmwtbWpLaVNkanUta2x1Sk5aclB5SVEwMlRPVEhwVUpUY0F1Rld6dzNaYjRlcm9CcVpwN0ZIOThGanEyUGNMdzJpWVJwRmZyZGJuaXg0N0dPbGtvVWhqZlJ4ZE9iYVhSRUFCek8zWUYteU8?oc=5,-0.5719,negative
2026-06-25,2026-06-26,MSFT,MSFT Stock Slides 4.5% — Microsoft Price Target Revision By Stifel And Xbox Pricing Changes In Focus - Stocktwits,Stocktwits,https://news.google.com/rss/articles/CBMiywFBVV95cUxQZEw4S3hVeDJ3WDNfME96RWNyaFltN1VTR3djVjFtNWFJNG10UHA1M2FKaWtEV2xZMFRudV92MzJpcEFuNzkwWDZjNnN2TmtBQTZ4VF80d0NJYlRCMzRPeXd1TFI5ZGFTNVgyOXhHSXhVQ1dieGNqY3lCMUlpVE9zcmh3X3BkMzBjSS1zTHhwa2JualpwRXNxSnVkUWUtaTE0T2dJTWVEQ3llM0FvRFVmeU55aEEzVXphd3VaNm1ZNzlsNlpuaWc0S1BLdw?oc=5,0.0,neutral
2026-06-25,2026-06-26,MSFT,Microsoft Forecast: Strong Buy With Near-Unanimous Analyst Support - Yahoo Finance,Yahoo Finance,https://news.google.com/rss/articles/CBMioAFBVV95cUxNRFEwRk1oVGlmX180TS01aFJaQ3g3d3ZJdEJacUNGZDNtV2M3V2VyTEU1cmY4VUxiWkpPR3NNS2xIWGJQM25lemdXWTNfQm9XY0dDV3RMdXlXWFNISTJ0czF0Mm52VnNiT2RSalVkTmt6SGhXcXBobHZkNk5RNERvVUFKanhrQUpiSzNEVDVBV0JkdkFCMHBnc0xWOHdOOHNh?oc=5,0.7184,positive
2026-06-26,2026-06-26,MSFT,Microsoft (MSFT) Stock Rises as Michael Burry Makes Strategic Mo - GuruFocus,GuruFocus,https://news.google.com/rss/articles/CBMipgFBVV95cUxQN01RTWNoaVdmM0M3MjU0N3EwY0FKSnc4V2ZqTG8wcTNtWl80RG16RTJQSnRmMjNNRldhN3NZQm9TRWh2dk1BRk13VWpaWHRacWJpajgtZFpPa1AtSmZmeDN4YndfbXVIMDQteVozenhvNjZxR0JGQXZ1bGNpdzU3bTUtMllDY1lLWmhicmJhbkplX1ZBY09VNkF1VkxNMjhZbjhGVFR3?oc=5,0.0,neutral
2026-06-26,2026-06-26,MSFT,"QCOM Stock Eyes Worst Month In 7 Years: Analyst Says MSFT, GOOG May Be Behind Qualcomm’s AI Momentum - Stocktwits",Stocktwits,https://news.google.com/rss/articles/CBMipAFBVV95cUxQQlRoaU1zbVR6WlpQSFVkOHNYMXVkVlZyOU5FQ0RIRGRqaFBDN05BT2FqUy1rOXluX2ZUOG5JdlBrNmI5RlFlY0xWVlFTdXVORWZleWl6MngyNWt1dmVQSHhRdjUzbkRSS2cxRGlUZFNxbFNLV1otV1FWak9vNE5FQlk1SVJDVVJ3dmtybjFPYU01OE93b2pfcThONUxWUktBUEN3dw?oc=5,-0.6249,negative
2026-06-26,2026-06-26,MSFT,"Why Did MSFT, PLTR, MSTR Stocks Plunge To 52-Week Lows Today? - TradingView",TradingView,https://news.google.com/rss/articles/CBMiuwFBVV95cUxNOEp6U2lmZlJ6WF9qUlB0dU85NkR6dFRVbU9FQkY5Vk1UdnNYR3VvQ25vTVhpQ0lBam16VW5DaFdMbUlvRWFZOWpTcHpZTHhTWXpCMTlWUm1pRFlEa0I4RWxmdDhvbW4ydEM1cFNaMzhqeDZXeFhfVHBDWmhQdnU5WFU0M0ViM2d0cnlid3hSMTAtQi1YY2p3RjRoczI3MFBCSFpiUHRKZzNOWFhmaUFMU2M3eVR4c3FpTWZF?oc=5,-0.2023,negative
2026-06-26,2026-06-26,MSFT,"Why Did MSFT, PLTR, MSTR Stocks Plunge To 52-Week Lows Today? - Stocktwits",Stocktwits,https://news.google.com/rss/articles/CBMivwFBVV95cUxNNzBNN041eWRKNkNZUU1WM3ZZM0VjWXFwTlJCejdic0YxR192MmFYNWlkdUNpMEJDZ19ReHAxQXM5eVhLWnZxVzV3Wjk5Q2dIR2FnN3E2R1pkV05UQzd5LU9nNmFBalk3WDZfMFZyYmlFWjF1T3FLYUxTTl9VSUp4MWNjb3laRFpOS1pJRVc1RlpjdHUweHRielpRVGNxNVJjVkpiNE5qcjhHVV9qU2VFVkoxa19qM0dTc1BVNkN4QQ?oc=5,-0.2023,negative
2026-06-26,2026-06-26,MSFT,MSFT Stock Looking at $345 for Support as Price Hikes and Downgrades Sink Microsoft Price - FXLeaders,FXLeaders,https://news.google.com/rss/articles/CBMiywFBVV95cUxNV0dwSWRBZGFPRWRDSmJMeHBRUkw4UVdTNmtGVWdtT0JzZF92RUd4X3F3R0JCa0praXEtWEpiS1FDc0g4ekplaU9oNHlRcXFxS3hCb0dPR0p4d1NxdUg2Z1V3YUdmT2ZWakFmbWtkZzFLZUhEYzVqdzA2Y3JoNlJKQ1dQdXRmRmlqeHlIclB2aGpPNGhjb0stRUJpR25NN2RObGpmMnRmOUY1aDQxRGYydk5QVzJiMERYZUVGUDVsckdTb0E2WlZ1YkprUQ?oc=5,0.4019,positive
2026-06-26,2026-06-29,MSFT,Why Microsoft Stock Rose Today - The Motley Fool,The Motley Fool,https://news.google.com/rss/articles/CBMifkFVX3lxTFBIaExabExqTWk0UXkxb1htVWMzUEx5WllpeExBQ2hucWRLSnd3RV9CTGo3cTV4LXBjSXd6WDl1OVUtTFY1MFlidnBjSng4TmJMSUZwR3p2czZyUWhvT3B2ZWhRekx2RFByNDJ3ZW5CUWdwR25fSm1nT3dJRFVYUQ?oc=5,-0.4404,negative
2026-06-26,2026-06-29,MSFT,Microsoft (MSFT) Stock After Recent Slide Is The Current Valuation An Opportunity? - Yahoo Finance,Yahoo Finance,https://news.google.com/rss/articles/CBMinwFBVV95cUxOQzhIVnlXTHFYU0dLV0hNN2hYWDRheFdoTFVBOFdVTHZKMFJJU2swX1NGOWRQTl84eUtZM3hMSUhJNEhjQmpGQXNYMXJ0aS1RSzYzMlJFSnVVWlZ3R2lRU3pFcjZQNldBdklqNWhDX012QlZ2R0ZnVnh2akFuVVAzekw1aHd1SV9zVmMtWUNHSS1TZ3FpZnA3Sk5yRVh6UXc?oc=5,0.4215,positive
2026-06-26,2026-06-29,MSFT,2 Battered Artificial Intelligence (AI) Stocks Near 52-Week Lows That Are Screaming Buys Now - The Motley Fool,The Motley Fool,https://news.google.com/rss/articles/CBMilwFBVV95cUxPZGZNWGJWNzRwZUZBcXZRN0RVQTVvWS01eTdDM3BwMVRwcFdDRFBCMTRFZ2xiQWhMc0JrZ1pjZlRYNXZzVU1BMlJ5ell5UXZ1cTFfWDNnNXhfeGg2S096QnJaQ3BKdmFSZU45VmVydEJPUW1LNXNjSTlKWGlGWXJWOHgybUhUUjJiWVhJR1phcGp6TEpDX0Y4?oc=5,-0.4939,negative
2026-06-26,2026-06-29,MSFT,How Low Can Microsoft Stock Go? - Trefis,Trefis,https://news.google.com/rss/articles/CBMilgFBVV95cUxPbUdjV1hZMGNRd2lNejFLV0pxZG5vMVZZOE4zaW5TNEFMUWVhNC1xSHd2Ql9qWkE3Rmx1N1hDSUJYVV9RMllyU2lIanNrT0wwal9HdHBDVDNRWVZqNG44N1pXR3VLUzU3VE9leDRlcVlUVW05M0RwUkpwcUJFOEgxWUl1OTVaRE1xUjRrbTAzRm1LTElWMEE?oc=5,-0.2732,negative
2026-06-26,2026-06-30,MSFT,Why Microsoft Stock Rose Today - Yahoo Finance,Yahoo Finance,https://news.google.com/rss/articles/CBMimwFBVV95cUxNcmkwdUZJd3Viek85VklDTms1bE5GcDZzZHpCTndEN2RDZV9jSFJHOHRCc1pqLVJqRmYxUHhhYVhQUlBvZjZzSDg1cHQxMl9uSGNMWVd0azhoeGlYMXBMRWhqd0hHU3ljdFN3UFZ3ZDFOSm44OXAtTTZXVU5EU3VwTDhldkRfaHpHUU1aV2FaRGVXVTQ5N0d3Sld4cw?oc=5,0.0,neutral
2026-06-27,2026-06-29,MSFT,Michael Burry Just Bet Big Microsoft Will More Than Double by 2028 - Yahoo Finance,Yahoo Finance,https://news.google.com/rss/articles/CBMilwFBVV95cUxPQjl1V1oxekQyc0NTd0I4MENKSWpjUVYyNzhkRjVSOTlubTQ5aTZ0clk4SDlqRjNSbTI3TTFRemh5VWJ0Z2ZiMnd6bUUzbGRXRGViQmlILVM5ckxzZERqNW9FSzIzM1BydVB0R2FJSERpdThPNkE2UUVDOVFlSkRBM1FqcnJ0OEx2T1FJWTNDUUJfdm9EdWlB?oc=5,0.0,neutral
2026-06-27,2026-06-29,MSFT,Microsoft Jumped 5% in a Single Day After Michael Burry Went Long. Here’s Where MSFT Could Go in 2026 - TIKR.com,TIKR.com,https://news.google.com/rss/articles/CBMiwgFBVV95cUxOeUdxWWlSRGhLcXpIODkzaFZIZmZoaHRQX0xuZkRnMkZ0Y1J4ZjNDb2dXUnFuYWthcExGNzBRWExlVkFrYVdoQmQwSGhUUXZRTUhtTWhpMktWQ2VXS0JSZGZtUGFtSzJuaWVRN1I5Z3Y0R3hNc1hZbURWSF9rd21RQzlKSDhPWTZlUnFRZk0yNW1lZXNQSHhMN3owT1JUS1Y2TllMXzhuVVk3ZG9pdVo1UU1QZFl4azBLejBQX0wyWWNVQQ?oc=5,0.0,neutral
2026-06-27,2026-06-29,MSFT,Microsoft Stock (MSFT) Opinions on AI Capital Expenditure Worries - Quiver Quantitative,Quiver Quantitative,https://news.google.com/rss/articles/CBMipAFBVV95cUxQejV6dnFyNjU5eHZLM25NZk1HM2M1blZVNmx6Rl81bVFXUGJvSHF1bDJKZ1hwTGp1WjRZRjUwaXV0S0dVNXZ4YXZwVzcwUzBsME9WVllkZjk3S0YzekNqLXFRWG1wS3Znay1PNllhcmRwaTVqZG1VUWs0UkIzMTFVcU5yb1hKOS1MdXkyd0Jhb1hvY3dQZGdzb0x3Wmp3cml1SE82WQ?oc=5,-0.4215,negative
2026-06-27,2026-06-30,MSFT,Michael Burry Just Bet Big Microsoft Will More Than Double by 2028 - 24/7 Wall St.,24/7 Wall St.,https://news.google.com/rss/articles/CBMirwFBVV95cUxORFBTQ0NxdkVRWW9fSjN0QzE0X080S2FKbEpUNS1kVlpoQlVpWW9WRWFlamU0ZWJPMmpOM2MzZnlndGdmQzdtbENYOUMtTVk0OTNWMHExVWpTTkp2TWE2amZET2lhcjduRWpiQ05BZGRZWl85YnFnaWt0SnpzT0VnNmVsWU50Sy1xa1ZabGJCZk5aaHQ2c0RMbEFwRjVIdjhQUWlha2V3Y2dMbXhIcjhF?oc=5,0.0,neutral
2026-06-28,2026-06-29,MSFT,Microsoft Corporation (MSFT) Is A Top Richard Chilton AI Stock - Yahoo Finance,Yahoo Finance,https://news.google.com/rss/articles/CBMipgFBVV95cUxPNG9xcXNUUDRZdnN2c3k0YUFGZWtlbTZ5SURtTWFrQ1ZQUF9DcmgwZlkzTFBid3ZhaGlaZkF1WTViREZYM29DVGVVc3F1aTlyWEoxX3JsQWk0WllZc0VIUXp3ZUFGalBCUXhqeVJXZmJ6OUhoSmNMQ3hXeEFYWlQydkZDWGNTNXV1ekFKU28yenQzaE1NQ09ldEVkcm5QQzViRGdOWEhn?oc=5,0.2023,positive
2026-06-28,2026-06-29,MSFT,"QCOM Stock Eyes Worst Month In 7 Years: Analyst Says MSFT, GOOG May Be Behind Qualcomm’s AI Momentum - Stocktwits",Stocktwits,https://news.google.com/rss/articles/CBMipAFBVV95cUxQQlRoaU1zbVR6WlpQSFVkOHNYMXVkVlZyOU5FQ0RIRGRqaFBDN05BT2FqUy1rOXluX2ZUOG5JdlBrNmI5RlFlY0xWVlFTdXVORWZleWl6MngyNWt1dmVQSHhRdjUzbkRSS2cxRGlUZFNxbFNLV1otV1FWak9vNE5FQlk1SVJDVVJ3dmtybjFPYU01OE93b2pfcThONUxWUktBUEN3dw?oc=5,-0.6249,negative
2026-06-28,2026-06-29,MSFT,Microsoft Stock Forecast: Is Spending $190 Billion on AI Infrastructure in 2026 — Is MSFT a Buy at $452? - TradingKey,TradingKey,https://news.google.com/rss/articles/CBMizwFBVV95cUxPSzQzUHo1QjF5QktqWDB4dWJVLXhIYldVYlQ5TW14ai12WG0yQlhGcjUxSW5ZMHBtZExmNkMzVXBqd3E1Wk1vcjBsQlhDelBZQXNLQWtfTDhIZUdGVjRKYXNjZUw5RlFlMmpsNUE3Y3AxWGJIYnlVcUs3Ym1JX21CSTZfT1FkSEdHR0FjTW1MSXkyYWNicXV1Zm1nZ1VUNm1ydHMwbVl3TExqaVpjQTl3QzBaZV8tTVRtN3RmX3dGSWVTdjl6NmQtN0NNNGNwV0E?oc=5,0.0,neutral
2026-06-29,2026-06-29,MSFT,Microsoft (MSFT) Expands Operations With a New Strategic Partnership - Yahoo Finance,Yahoo Finance,https://news.google.com/rss/articles/CBMirAFBVV95cUxQbjhndTR2NWZZU2w3Y1EyU285VUY5bWZfdEdfSm5zWFlaY0FPa0VxR1VMMWRRaUNlT0VfZFF1UkM0Y3BVeHliVEJCN2d5X1hsLUZOT2wtc3JjdVZ6cG83TDdxbmZmazdCeEhIbjFyY1c3VlBlZ1ZqU3QzN08zcHhtTm84MUpvVDhwOEc3R2hjYTc3YWhYWkF6OFRhTnM5QnZQRDdUOEtsWUpUOU84?oc=5,0.1027,positive
2026-06-29,2026-06-29,MSFT,"Why Retail Traders Couldn’t Take Their Eyes Off These Stocks Last Week: AAPL, MU, MSFT, INFQ, RKLB - TradingView",TradingView,https://news.google.com/rss/articles/CBMi6gFBVV95cUxNYWR2VlpCT3BLbThOVGNJcHRlZ1VzRXlScXNVRU9VY1lSaXlRVWVuSUFQVmpEREhRWkhDcTd3LTJGN1dwS0pFVjA3NDJqdFB5VkFaSHRKclZZN1p4LUU3NGFvb2VhOFNtSjlUTG5rN1B3b2lPN0d5UjB4b0tId1c1Si00VG10eHF0M0pLeExKM0pwZW0wR1hhbUVBY3RBRmpHMEY3M1F6Q21xWHpVYzlydlJIN2xNT2JxaXplUGlRMUY4MTZ3VDlJVGx0Wm9aUElmUWJ1Y01lamw4ZzFaRlIyUUk0V2VVdEIzcnc?oc=5,0.0,neutral
2026-06-29,2026-06-29,MSFT,Microsoft Sees Major Stock Decline Amid AI Concerns (MSFT) - GuruFocus,GuruFocus,https://news.google.com/rss/articles/CBMimwFBVV95cUxQbk03aEROeUhDRVdTbUVvT1FzUmc4ejhLemNTNFZHNWRtc3l6eTV6UDVhSnctb1g4aUZ3RHFjWTg0YlFFY2xNSjAteXE5ckp4MUxTcGdKN0M4WTVDWlFpU0RfYlRwU1I0REdhaHk1TjhxeTh4TS0tZlRWSFJYY3J4TUlHLWFDYm9JcVptc0RjNFdfMkhiLXFzYTJLaw?oc=5,0.0,neutral
2026-06-29,2026-06-29,MSFT,"Dan Ives Says MSFT, ORCL Are 'Way Oversold', Expects A Reversal In Next 6-9 Months - Stocktwits",Stocktwits,https://news.google.com/rss/articles/CBMixgFBVV95cUxNaTNlREwtXzFsSHd1V0d5ektvX1hpLW1UWFBWdGJTUDJGOHZRbjRvQ0NfT1o1UzlWcVA2STc5cVppZWs1RnBjSzc0aFRCeks2SURtM2VfMVNlQzZpWUUxa1pfLW9VbTFBak1ncTdxUFNJcElSWV9pcVZNaG84NG4tSk44WmpzSkNvbXhNeDRXQ1k3YVR5UnAzemFoRDB2WGxMeUphSzBveVd6aWJodnZ0aktBSENHRklEaG9zOTBlOGlWZFhMaGc?oc=5,0.0,neutral
2026-06-29,2026-06-29,MSFT,MSFT Suffers Historic June Rout as AI Spending Surges: What's Ahead? - Zacks Investment Research,Zacks Investment Research,https://news.google.com/rss/articles/CBMiqgFBVV95cUxOYlpoQlBJRDFVMk5SQWVHSGZITERwY1NiZnlSOEotWVVWUGREZ3B2ejdkd1J2MVJIX3VvYVFsT3JsdG5heFo3N1BaN21DbFQyQW15NGQ5QTBIeFd4Sk1JQ3ZBSjRJMHpueWlybTRGZkQyTzlKOHZnYmFLeFFvTnhYQjRrLU5sQXl0a2F6ekthWGl1X3RXcU9qMjZTRzEzMDVmTmhmZlNzMk91Zw?oc=5,-0.4767,negative
2026-06-29,2026-06-29,MSFT,Microsoft (MSFT) Moves 5.7% Higher: Will This Strength Last? - Zacks Investment Research,Zacks Investment Research,https://news.google.com/rss/articles/CBMimwFBVV95cUxPWHVZVW5TaVJhY3RtZDdXQXhuV1BzNDdZNTJhTktVZHVTcm9mWFZuYURfbFQzbEZnX0dEbkZkUFpHR0IxOF9VcW56eFRlejZ0UkZlNGRlR2RLaUtGWHFsc0lST3A5emZ2RXVRTGVqQjZQcFJjeDhISnAydVhoR2duZm1VVklqck45WkFSN0VpcmpRa2lnUXVoQzAtdw?oc=5,0.5789,positive
2026-06-29,2026-06-29,MSFT,MSFT Is Down 23% In 2026: Why This Strategist Says Investors Are 'Significantly Overselling' The Stock - Benzinga,Benzinga,https://news.google.com/rss/articles/CBMi6wFBVV95cUxOTlVGZEtXN2Z5SVFmVnVVY2tvUDlJdXdyaUoyMUstN3gwdXYyb3NsMFVYMl9uVkVmdFFzRkp6aFNtSVBZeHdyb29DOEVxanNkbUhzYmM3TDZMVU9fR2xsb1dpVDF6a0YwZVNIU0E1X053VXJYeXRFTkQ1UlJxTGFBU0x1bzVtckgweGZYUDdWakdCWTlpQUlUZjRJUV9uUE1YZUZIS2FLUHo4SDVqTDRSblZ3U0pjb1QyUjA4ZkpLZC1ldjJteUxndDlNa3l1TU5qd2NSWHU5WDI2MG4yeU9jUFVDS3cwNThNSllJ?oc=5,-0.2023,negative
2026-06-29,2026-06-30,MSFT,Microsoft stock is headed for its worst month since 2000 - Yahoo Finance,Yahoo Finance,https://news.google.com/rss/articles/CBMiswFBVV95cUxObWVNRE40SkdPWW1sVUVJOS15dTY0czk5ekU3RS0zU0NpbTlGVzNOaGkycXJKaTl0c0FITXZsZ194R2NTbkxEV2dYdEdLeHFJRmgzQUFqOVVkckJsdmktQ2kwcEJ5ZXVib2JXTFk0S1NrVGV0T0sxRkZhdFFqSG5VbVlaSE5mc3duQ294bm5zZ1JZbzdwSkwyaHdVV3N1akpLV08wZDhsZFZyRkdTSE5rdWtONA?oc=5,-0.6249,negative
2026-06-29,2026-06-30,MSFT,Microsoft Stock (NASDAQ:MSFT) Slips After Pulling 119 Edge Extensions - TipRanks,TipRanks,https://news.google.com/rss/articles/CBMinAFBVV95cUxNOUhpOEJ2cThheEVaODhVY20yTk51T0tNTmlMN0U2bHdmWXpua2Z2eVpiczRaWnpOUkk4cnBNMi1DbEZmZzZ0a2xpdWYxUWQ5bElFVnhKUzY5ZC04OFJuVEFlSkxhNEdIaE5xTzYtSnBKSWUyMWFFMV9xRGk1UWRiMnFRSGtaWkxnS0pvLXNmWEdSUUlkMURKNDBTeU0?oc=5,0.0,neutral
2026-06-29,2026-06-30,MSFT,Is The Microsoft Stock Pullback A Buying Opportunity? - Trefis,Trefis,https://news.google.com/rss/articles/CBMiswFBVV95cUxPMHh4aTBPYU03a1dkMGZoTzdZTlhIdEVtd1dVajFtZ0stLUtIZjFGb0w0bkN4LURENFUzT0J1NEJ0QWFaZktYWmNKMktJdHJLQ20wb2lJT1ZPdThSMTlWbXl4UzhCN0YyeXdtMy10R01TM3lYR1M1QWFOZkNhMTJuMFdMdnlRMVpkZlA3N3F2NXJWTjNkNE54dlhZY2VBb2RHVWtKX25JME9hRC0xcnAxX1lENA?oc=5,0.4215,positive
2026-06-29,2026-06-30,MSFT,MSFT Suffers Historic June Rout as AI Spending Surges: What's Ahead? - TradingView,TradingView,https://news.google.com/rss/articles/CBMivwFBVV95cUxNR3cwZWRnNk9Gbk04OGh2bEpzSllpUzVVODNzR3ljS3ZLYWZyd2lVX1ZiVGlJQ3d6YmptRFQyeHEwbWVhZnMzNkRpYWlTNnYzX3ZjTjJ6V2Z3d2dkRHBYTHpjZDBGTGhURWE0RU1tVlRYQ0dSSEJPZTg4Z205aDM5WFdrQWNVeGhiYXNoa3JQcVM5OVdobm5GWDRJcXViQ2FpdXcwQkZHT2ZtUzBUcHV4TEVoZUtuS0NxSEF1V3dWYw?oc=5,-0.4767,negative
2026-06-29,2026-06-30,MSFT,Down 35% on Artificial Intelligence (AI) Panic: Why Smart Investors Are Loading Up on Microsoft Stock - The Motley Fool,The Motley Fool,https://news.google.com/rss/articles/CBMimAFBVV95cUxPV3FpZEFyd0NxRnlxZ1V4eXF0Y1VVQWpRR25DSk9GSzBKamJmZTBERkZkbUlEOUg1SmFEVkdhRzM1UUZNd09ud0RIU3Z2Ung3ZWtMamNqcXJfOGVHVGVBNnU3MWcwankyYlVZb2tCOFdpeXl5cXE3VG0wMDJsMlVsZmhJNVFIaDFnb1ZNZEtXSFVSd2g5TUwtaw?oc=5,-0.1027,negative
2026-06-29,2026-06-30,MSFT,Microsoft (MSFT) Faces Significant Stock Decline Amid AI Concerns - GuruFocus,GuruFocus,https://news.google.com/rss/articles/CBMipAFBVV95cUxOV1hGTmRFem1CMGNaVjZoWjVHaG0tZ3RKZ3Bqd2h6ZmNqdDdBYm1iYmJHcXlNVThDNUhVbzh4dU1xQlAxZXc2czNyOW81NVNDTDdqUkJqU2JGM1FJOXo5U3pNbmtMR2pDRkNLaWpLVXNIY19Ub1JlNTIxeFFEN01JTVF5V1VtZHByY3Y1NjFaZVpHcUQyU2NKMGsxOUotM3g0VVRFQQ?oc=5,0.2023,positive
2026-06-29,2026-06-30,MSFT,Microsoft (MSFT) Stock Falls Amid Market Uptick: What Investors Need to Know - Yahoo Finance Singapore,Yahoo Finance Singapore,https://news.google.com/rss/articles/CBMihwFBVV95cUxNcW94Wm5MaXZJTm9Kc3N3X3NlN2hGYU5TenVvZkpLalRaLXJTazdGWnRxX2luMkw5WTB5TVVhMU9WNkVHX3F6dUZ0emNQa2dDSGFsek9UVFFCXzZXaUt4Z2IwOHc0RVN5TFZYc0tKMFltWXIxUy13XzBHcEwta2w2MTQ4bnhaaE0?oc=5,0.0,neutral
2026-06-29,2026-06-30,MSFT,“Big Short” Legend Michael Burry Just Bet Big on Microsoft - Yahoo Finance,Yahoo Finance,https://news.google.com/rss/articles/CBMinAFBVV95cUxPNnhGMVlFRmo1V3dJSHNtWkJzZzcyTEQ2NXowZGc2ZEptQ1cyXzdVT2NzLTE5a0VLYXN3ZVViaExVUjlVTUMzVE5PY0JLLXNkcUZ1SE1abnp1RXlVbkZrSllHdktvQ3VuSDVHRERnOFNyekpzOV9ZQUo0ajc1TTlPUmtIYV9RUkY5Yy1tcHBTWERyQjdrcVdpMGN2V3M?oc=5,0.0,neutral
2026-06-29,2026-07-01,MSFT,"Dan Ives Says MSFT, ORCL Are 'Way Oversold', Expects A Reversal In Next 6-9 Months - TradingView",TradingView,https://news.google.com/rss/articles/CBMi1gFBVV95cUxNRXRlZWdkMWtDbE1WUFBhRHd4dmNsZTZVdHQ1MlVEQ1NsdU1sTHAyeFR1R0VZMzBPX1JRcjJ6d1NVemVsNUhSVDFmVDNQUThKMnNjcklDRVJJWmktbTBlU2FZVkVoemhFYUk5SXNYY1AtSzNMRmUyd1UxXzJwTldqVi1rdllUaHNGbWpGd2hFQ21ZdHFHbG5iZkRiZUY0aEJHdDdSU0UxMk5CSEkySGJJNS1wSV95dXZkcW5qZ0JJa2Y3b3k0UExHbHdxbU1FbURtLWZtZDZR?oc=5,0.0,neutral
2026-06-29,2026-07-01,MSFT,Meridian Hedged Equity Fund Holds Firm on Microsoft Corp. (MSFT) - Yahoo Finance,Yahoo Finance,https://news.google.com/rss/articles/CBMinwFBVV95cUxNMXFTN2dRR3JLTncxcmxDaU9IYTZjNlJfMzdUZ1gwTnlMWUVzUjZBVDVsdUFmRVFQenlYTktNMTdlWTJtX1V6WlBTZFJZTDdRajUtQjRmM28zZUxxdDRNRUpsVWNWRUN2LWRLVTM2emhBZGVKTW5sZkk4b3U4YlhSajc0VWZtaUY3ZF9qYjVCdl9OWDJPOEV1Wi1sdTJtMVU?oc=5,0.0,neutral
2026-06-29,2026-07-01,MSFT,"MSFT Stock Drops After British Hedge Fund Slashes $8B Stake, Almost Ends Decade-Long Holding - Stocktwits",Stocktwits,https://news.google.com/rss/articles/CBMi6wFBVV95cUxOM1RQaE1pTk1icVlKOUdMZDN5UDBMa05qTGlJeEd5M2M4SGNqWGU0V2gwd1J2NmNIaEVndk5DZnd1T1JDMkcweVVDZnh1cXBVejdNRUQxUThWQ0xackhfZEl0VC1oTjFTTXV1QUZfU1R4b1dYV3RtQjk0TU00QlkyUm9UNkFiNC1PVnBFM1JkdXlGUW14YjdnR3NkYnIzUlE2YjF0ZGtDY2QwdGI0ZUFnZEJVeUFmRkpUal9WYTUyVHY3d3VQeElqSmpQeVBsTzQxTWQyd2h6MGVmYTFTbDh2czVjSmhTZ0VnWExz?oc=5,-0.2023,negative
2026-06-29,2026-07-01,MSFT,Microsoft (MSFT) Stock Falls Amid Market Uptick: What Investors Need to Know - Yahoo Finance UK,Yahoo Finance UK,https://news.google.com/rss/articles/CBMihwFBVV95cUxPTDVabzBmWDVXcm1VaXBtV1Jvenh5WElHU0VYeW04QjRNemxlWVYyaEVnY0pkYm1SdXBFOWwtMVBJcFZrR1o3NE9SM0dzbXFsZ210eUhNLXhKSHZXUXVFd2dBY3JMSFhEbms5azVzWk5mb1o0SWN2Z05GQVhSd0loeVU2Uk9fdU0?oc=5,0.0,neutral
2026-06-29,2026-07-01,MSFT,MSFT Stock Slides 4.5% — Microsoft Price Target Revision By Stifel And Xbox Pricing Changes In Focus - Stocktwits,Stocktwits,https://news.google.com/rss/articles/CBMiywFBVV95cUxQZEw4S3hVeDJ3WDNfME96RWNyaFltN1VTR3djVjFtNWFJNG10UHA1M2FKaWtEV2xZMFRudV92MzJpcEFuNzkwWDZjNnN2TmtBQTZ4VF80d0NJYlRCMzRPeXd1TFI5ZGFTNVgyOXhHSXhVQ1dieGNqY3lCMUlpVE9zcmh3X3BkMzBjSS1zTHhwa2JualpwRXNxSnVkUWUtaTE0T2dJTWVEQ3llM0FvRFVmeU55aEEzVXphd3VaNm1ZNzlsNlpuaWc0S1BLdw?oc=5,0.0,neutral
2026-06-29,2026-07-01,MSFT,"Dan Ives Says MSFT, ORCL Are 'Way Oversold', Expects A Reversal In Next 6-9 Months - Yahoo Finance",Yahoo Finance,https://news.google.com/rss/articles/CBMikgFBVV95cUxOWVM2dkFDalY5RWZUc2NtRWE1bVI0VHA1R2tlN05yN0lkTGNhZllJaFVBcDViYnF4STlhMENTQV9WQWlKZGRnMDdQOFlBbGRXOW92a21SQlVXVWlZYjd6Z3VHWFMwZVpUMVZoRDRyMC1ZVFROTUl0ZXpSUTlMY2piRTVMRXJRV0RwQ0tjWDRhRHMwdw?oc=5,0.0,neutral
2026-06-29,2026-07-02,MSFT,Microsoft Stock Hitting New Lows Could Be a Long-Term Opportunity - Yahoo Finance,Yahoo Finance,https://news.google.com/rss/articles/CBMioAFBVV95cUxQREFMd21RempaTjNuNGVFSGV2U1hSQmg2RXYzdVpNZ0Q1UjZWV09nSlhCWS1EaXRzem40UU5zT0JQMjR5WEpicE1FM1UtMEh1VFdMaXhRMTVNUlJzSWpyQjA3d1Y5eG96bGQ2dUh1akhIdE1Dc0lUbUZSVHMzazZBaDdHajZjMnNPZWRmbzZOU2tSaVo2cEdfOWZIcUUydkNj?oc=5,0.25,positive
2026-06-29,2026-07-03,MSFT,Microsoft (MSFT) Stock Falls Amid Market Uptick: What Investors Need to Know - Yahoo Finance Australia,Yahoo Finance Australia,https://news.google.com/rss/articles/CBMihwFBVV95cUxOakY3Z2ZDbFRaSzBfZ3ZmclhIYjlSX2VQWXB6YlFsa2dXRVBpTTUwdzRmcVlqUUVOclRaQlVNWFNYQkx3dVRtVGRNXzZkMnFybUdhdFU0RUxjcVU0Q3VPTmpCTXR5UF9nZEw5WlBJY2NGenRETXRfRU5tUlUzOWFlcmh1TzlMYkE?oc=5,0.0,neutral
2026-06-30,2026-06-30,MSFT,Microsoft (MSFT) AI Story Gains Momentum with Deutsche Bank Call and CIO Survey - Yahoo Finance,Yahoo Finance,https://news.google.com/rss/articles/CBMimAFBVV95cUxQUnNvUExpSmt6aDFPalh3X3RISWRUdDNUUlRScS1ZMG5xWlZpOGNhRFR6aE9pekxTZlJEbU1qdEpoNUp5cWY1NXFvekNnTDZSb1F2cDZmTEg5U0ZKOEFoTm93VDlCZGVncE1feDdKWHl4LU9Gem5fQWdtRHpyMTQ3VlNWWmw0eDVreC16UHpOQlM0QnRhY2RDNQ?oc=5,0.34,positive
2026-06-30,2026-06-30,MSFT,This Stock Will Dominate The Second Half of 2026 - 24/7 Wall St.,24/7 Wall St.,https://news.google.com/rss/articles/CBMimgFBVV95cUxPODllanZiM2tsVTg4WnZCRUFkQlZqeXlsZGVNM0kyYmJGZTNmVURWdHlkNm45WlM0YXpEd1VEVkxDRloza05pbDJVLUxIX1BFYWJsUEk0ZDEzcjVhdWV0cUZSMzF0VjlKQVJmSEVzNTlOVzRSd2NlaS1YdXdIYm5kQjJMWXBPeVlPNTkwN3FjbnRDcUZYc2ZIZm9B?oc=5,-0.128,negative
2026-06-30,2026-06-30,MSFT,Microsoft (NASDAQ: MSFT) Stock Price Slides While DJIA and S&P 500 Post Gains - foreignpolicyjournal.com,foreignpolicyjournal.com,https://news.google.com/rss/articles/CBMivwFBVV95cUxPOVJ0ZEdrOHdqLVVGR1RBdDhUMzdsWWdqSFJ0dC1GY2hVTDFQQWtlZFpsYUZkMDd1OGFlSTU5dUJqRy0yalh0SzlQNlBXaFlqWnlKSG54Z1FIOUI0Z0x6RVEtbURVU0otRGZDakdUdGlWMUc4Q3BDUlI2bkh0dlNDaGhBT1hDRVA3dENQb2E5XzFKVkk5dGIxS3B3UnJyS29HRUk5dWUtRW1CSVZYa3RTSnJGMndCenpOaGs0TUVETQ?oc=5,0.34,positive
2026-06-30,2026-06-30,MSFT,Microsoft (MSFT) Faces EU Heat As Azure And Microsoft 365 Draw New Probes - simplywall.st,simplywall.st,https://news.google.com/rss/articles/CBMixwFBVV95cUxNR2MtbGxDbEJYRVhLSUtQbDlqRy16NGZPQXlkdDFqdkZ3b2RtcVJ6QkNSUUlSaTFIRjQ4ZW1TdW5yZUhyemVZYTRoZ3FBc0tXWGIxZU9LTE00TXhmdFZBdGFsMHFWRnFfckdrakJCdjlVTF9PNW1TelNnZHZLa2l2emxKVTB0OEhKR09aX01hZ29VcllVMWJFQ19aUEYzRVkzU3RvbDRzczg4MEREOEdpZGh0YzNnUk5QOFNCV3BQYWRRNXNoRUNn0gHMAUFVX3lxTFBTcjVXUkc3WWdVSWNCX09PWnVMTDZvTnFQOWhIZ19GSGs1NlBWaVpFQ1pYNTloUlNaQWxtbjNzbWk3SWs1UkRoQklsczlLNlhTM1Jydmlibml6Q1hUNkd6b2xKajFaS3JKTkhVSFJ6Z29rcjl0bF9PQWNUakNiejVCUlF5cXNYci1QbUJvV1hUdlZ3dEt0MXdqSlN4RmM3MHNNS2VEZy1MdHhvaEg4VGUyQ0Nud2lObVNTUWo5dzMtMi0wdUFWQ0lmS2tyTg?oc=5,0.0,neutral
2026-06-30,2026-07-01,MSFT,How Microsoft Stock Rises 50% To $550? - Trefis,Trefis,https://news.google.com/rss/articles/CBMinAFBVV95cUxObk5ybFkyVENMeGxOZERWRm05ZndRNTdwZ0s0ekMwYm5udWRkb0E2TEpCTEY3S3owT2UzQTBmS2xaQUN4WXJFd05TUTdMN05QWE1YQkd1MkZGa1lLbm4xOHlUUVJINlVvNWtSZTdDMGpfWHNwQUVGUU54bUliQlBtak5DYkpWT2Q4THFvd3dULV94cDhTaWNvVTktNHU?oc=5,0.0,neutral
2026-06-30,2026-07-01,MSFT,"Dan Ives Believes MSFT Is The Most Oversold Large-Cap Stock, Draws Parallels To 'Negative' Narratives Around GOOGL A Year Ago - Stocktwits",Stocktwits,https://news.google.com/rss/articles/CBMizAFBVV95cUxQQmJvSHpPdHVrcUdjYnlweThwc0VHUXZjV2lnaTdVNXRmNGZ5dTZ2aktWV2VkcklWSXZldWw3N3oya0k2dVZrRGNoRTFvUXNPdFQ2RHpLYjhFQjQ3cmZTdll3QmwtbWpLaVNkanUta2x1Sk5aclB5SVEwMlRPVEhwVUpUY0F1Rld6dzNaYjRlcm9CcVpwN0ZIOThGanEyUGNMdzJpWVJwRmZyZGJuaXg0N0dPbGtvVWhqZlJ4ZE9iYVhSRUFCek8zWUYteU8?oc=5,-0.5719,negative
2026-06-30,2026-07-01,MSFT,Microsoft Stock Is Near Its 52-Week Low: 2 Reasons to Buy MSFT Here Before It Rebounds - Yahoo Finance,Yahoo Finance,https://news.google.com/rss/articles/CBMimAFBVV95cUxNR2tJZkZIR3RoaWZVcmwxZzVZMGd4TThnR2dTNmw3Um85eWRDTGVXZEVHU0VaMndmaEtrYmtBTHRNRUpIazNzQm1RY2tsRjItT2t2aTdMWnVCcHNMWVI2eDl3Wm5SWmlWMk9oY2pHQmRSZkFpTEZmLWYtWjBoSTNzc3FKMGRyanB0eWtXM2hDOU8xbWdoLWFVZA?oc=5,-0.2732,negative
2026-06-30,2026-07-01,MSFT,"Dear Microsoft Stock Fans, Mark Your Calendars for August 1 - Yahoo Finance",Yahoo Finance,https://news.google.com/rss/articles/CBMimwFBVV95cUxOMWYtYUJfY0V1UENfYmpncmNxMk0tTTV5c2FiMk1CYl81TFUzaTZLZk0tODBuSjNZU2xwYWdCQ09xeTdYaWk4WW1OVkwzWkxGbVNybGpILU8ya09WWWFxOUJPZFl1UlR1RkFUU3d6QlF0My1ST2xIdUNtVzdXdlJGZDlJaFZIeXhJX3FfMkw1NWxObmJwMjZJRWdIOA?oc=5,0.3818,positive
2026-06-30,2026-07-02,MSFT,Xbox Ends ‘Project Fantasy’ Deal With IO Interactive — MSFT’s Gaming Unit Reconsiders Investments - Yahoo Finance,Yahoo Finance,https://news.google.com/rss/articles/CBMimwFBVV95cUxOS21pTGRSZFlHdG1IcXdKNFp1Q0VUMmR2Tmw2S2dSd0FkZmRVaU1WaTVUZ3A2cTFxZmE5RUktZGhaTVdUTHhTay1USVRCNS03WVgyZ0ZsRklCUHE1S29hTWtsYzhrYXVPRHNzTUUwQkxOU1BiSHZpemkwU1VzVXgyRzhNOGJvR3VOX3Y1M2FiaFZjeXM4NTl6a2pIRQ?oc=5,0.0,neutral
2026-06-30,2026-07-02,MSFT,"Despite Dropping 26% This Year, Microsoft is a No-Brainer Buy - Yahoo Finance",Yahoo Finance,https://news.google.com/rss/articles/CBMingFBVV95cUxNeEdSNExJWG55em9CZFZZc0M5bV9oZTJUeGVzNnA4a1BIRlRhNUxaVmhURlBOMlNIREdFT1ZOalFYT01kdVVib3dlLXQwbFEwQ01pQXU1a1RLTFZ6em1Odm5Gek1DZW5EUlRFLWo3azJGN2lxRTNmNG5DMHI5TGh5NlE4ZmhSbHRoVHZ3M2h3Q1ZnYkRhQnY0YmlCYjRSQQ?oc=5,0.0,neutral
2026-06-30,2026-07-03,MSFT,Microsoft Stock Is Near Its 52-Week Low: 2 Reasons to Buy MSFT Here Before It Rebounds - Barchart.com,Barchart.com,https://news.google.com/rss/articles/CBMiyAFBVV95cUxQMUt0NS1tUWlTYWhFZ05td1RjTW4tNHpfWjhyMzJUM29BVFM0SlFHNV93NzNyYnp3T0dTMVliZmpYTGp4UUxPNjgyaWF5UGNCZF9LQ3gxSGFLc25aNDR1ek1CYWJDaVE4MnFoYnFjTy1QR0g4eXF4MlRmQV9EaXpndVlydmJOSUoyU252UGQ4eHBrWFd4RDB2MzRhZElFWDlKNVhleUNBaV9hMk83X2MwWktDV085YUlOOWVreWsyc1V1WkJFbEVGTw?oc=5,-0.2732,negative
2026-06-30,2026-07-13,MSFT,"Dear Microsoft Stock Fans, Mark Your Calendars for August 1 - Barchart.com",Barchart.com,https://news.google.com/rss/articles/CBMipAFBVV95cUxQelhxQ3FJdlk5cEgxNkJCdUlnQlRZUFhneTN0TU1fX3pSbTFSUjF0WkFQZWxobmdzYWJoaUVzSzVxeWdkaVFWUHZGcUUzTlJjNHYtQXpHT1A3VkVPbXBYN3p0VHlMRmotNUFTVEw3WUNxTVVSNzE1SUo4cE1NUWxRaUhDRTVnT0kxbmdYZFBOMGpqS05VUzlLMURUSkJzWjQ3NHB3dg?oc=5,0.3818,positive
2026-07-01,2026-07-01,MSFT,"Microsoft Layoffs Coming Next Week? MSFT Stock Climbs Overnight, Retail Stays Bullish - Yahoo Finance",Yahoo Finance,https://news.google.com/rss/articles/CBMioAFBVV95cUxObFpPT19aQzcxV05meGQwcngwNnNXZ0xwU1lUY096NUtpTHhxeDUtSUY0Y3Q5cmNQVnFtMlpEb25pTGpOQkwzWXA2aDA2VVMwb3ZwMXNWWEphSG00aWFKMlBBS0FnaThGUU5UeVV3cEQ3NjRYN3pxR0d5aHM4RDViZE1DWHBnV2VOT0xZaHUtZ0QtYjd6ajQ5SW80UEJtRlhP?oc=5,0.0,neutral
2026-07-01,2026-07-01,MSFT,"Microsoft (MSFT) stock price prediction: 2026, 2027, 2030 - FinanceFeeds",FinanceFeeds,https://news.google.com/rss/articles/CBMihAFBVV95cUxOSGhEaGpiOGthbjg3SS1QaWMtdTJhbGNaQXpXcE9VS1FtUWxlcldHSWNpSE12d3NHeHFZOVFibmpjZ0N6NFd6ejAyLWZhTktvY0tEWV90WG1NSWQ1SzJaaEJNTzNIczBUWDZnWXBZd1VRdWhZSU52UGRDb01JNF9weVNlUHg?oc=5,0.0,neutral
2026-07-01,2026-07-01,MSFT,"Microsoft Layoffs Coming Next Week? MSFT Stock Climbs Overnight, Retail Stays Bullish - TradingView",TradingView,https://news.google.com/rss/articles/CBMi2wFBVV95cUxQWkU3bEZMLTNuR0U0bjVueXVMb1VmWG1kcVExV2I5M2RzUWg2SmNIOFhtNG12Ri1MZWlWaHdMQWN5SFNsZ2haM0ZnTUs4MkJPZ0h6bFd3d3JpY3ZweUFoMWdpU2V2WGg4ckduT3pvX0VIbTZ6Y0F0N2pZUlJfNUhySzM2QjBER1NYRTM3S0E2QWx4dEJDV19ETWlfbG1ncll3dHE2UGdheWxvdTZSUE9MSkZfcWc0VUsxQnIxbC1YT2phcG5TMnVBUFBTdGY3NW5Tend5bnhTVDlhREU?oc=5,0.0,neutral
2026-07-01,2026-07-01,MSFT,"Microsoft Layoffs Coming Next Week? MSFT Stock Climbs Overnight, Retail Stays Bullish - Stocktwits",Stocktwits,https://news.google.com/rss/articles/CBMi4AFBVV95cUxPWXlYNXpOMTFteXlTcElkZ3dGb1hiRzZPMWVmaXctRkt1TVZPQ2xGanNzekFrTHRweUNlR0NMNUk0WmtiUXduWVEtWi0yQkZSeHhZZk45LUU0YVN2a283bWlzTjV4cnVGQ1NBN09FRnluMUFUaWJkVGVCM3BWTUQyWXAxNWVmR2hxR0RoY3ZrTnNXbVNNLV9adGpkeE5YeFFhV0MyNUJQcnNCMGt5bFdfUDBMZ0x1Nm0wUFpOSzRnV2JhRFp1VEQ2TlZLRUZZazRTek9KVi04aVNVNDBLQS0wUg?oc=5,0.0,neutral
2026-07-01,2026-07-02,MSFT,Why Microsoft Stock Surged Today - Yahoo Finance,Yahoo Finance,https://news.google.com/rss/articles/CBMingFBVV95cUxObDlCNUQtd2xteHNHQXEyZDRIb0dzMzNuOU1kS2Zlem0zVUpRelpxY20wNTNEWU9IcGFpMW1JNGlmMTA5bHdERmdzQkIxaUdIQ2xPNVZxTjQ4MkhKMFFmUE96LTQwWER6c3RTQjRRY1AzZWRac0NuZzVpdWR2dDVwMkhac09vMkNJa1ZpNTBqcEo5UmNPNjI2eWZvMHB1dw?oc=5,0.0,neutral
2026-07-01,2026-07-02,MSFT,U.S. Stocks Move | Microsoft (MSFT.US) Rises Over 3% on Reports of Impending New Round of Layoffs - 富途牛牛,富途牛牛,https://news.google.com/rss/articles/CBMinAFBVV95cUxNazI3djJMSHhZWkVRbjRvOE8yT2phZEFra3BZaG5XZlRmVUlyblZoa1B4R1JEd2tVVmdkWjZKbjBUdlhqZXVRZTd4U25xSzRrcjMxQk1tazc5SE9SYjZBRnhEeUttbENnT2s4dENfTWxFRi1lQkg0TVpYNWdNT0tvcHhRcV92Z2tQclhDNGpyS3NvdHZqaXJvSUNVclA?oc=5,0.0,neutral
2026-07-01,2026-07-02,MSFT,“Better Everyday Health to Consumers Globally”: Microsoft Stock (NASDAQ:MSFT) Jumps With Haleon Team-Up - TipRanks,TipRanks,https://news.google.com/rss/articles/CBMixgFBVV95cUxNeWJpWFprTjdHV1RNM3YwbGtKMFlKVm05YThFV2lVOVhicFFhUWlMbXVFT1lSSDBHTjRxOTlUMnRGdUE5a2RBdjJWa2Vpa3dPNHdUS3FrRWtSdkdXeS0wNWtEampqSFdxVXZfWV9oRW9VRHRtXy1mMUtmN0RaN2FRTWpqZFNZNkZIVG91b3FxakNZTWV2MWVKeWs4Ry1WRE1rNEY1TkY2bmM1Qnk2b2dpTnVHZEh4RVhxRENzZ2ZYUDF6MWdRc2c?oc=5,0.0,neutral
2026-07-01,2026-07-02,MSFT,Is Microsoft Corporation (MSFT) One of the Most Promising Future Stocks to Buy Right Now? - Yahoo Finance,Yahoo Finance,https://news.google.com/rss/articles/CBMiogFBVV95cUxOYTdtMTJaLU1tV3BqS0pCQndCRVlSNmlVbWdYeHk5bzh2UFVIWE5Qd1hLMC1TaUg0cVJoaVYxaFNJUVNoTEJ1SHFGcHp2OXBLWDRSWmtmZkp6UGlkZ2dzNXd5V0J2cmZCN3VIdHVnemZmVllJRnpEbEJ0d1laRmVUcnpEM1ZVYVZYQVhkdnFQSHdRcUlKMFBFNW1lVFBPNXpsSFE?oc=5,0.4576,positive
2026-07-02,2026-07-02,MSFT,MSFT Stock Slides 4.5% — Microsoft Price Target Revision By Stifel And Xbox Pricing Changes In Focus - Stocktwits,Stocktwits,https://news.google.com/rss/articles/CBMiywFBVV95cUxQZEw4S3hVeDJ3WDNfME96RWNyaFltN1VTR3djVjFtNWFJNG10UHA1M2FKaWtEV2xZMFRudV92MzJpcEFuNzkwWDZjNnN2TmtBQTZ4VF80d0NJYlRCMzRPeXd1TFI5ZGFTNVgyOXhHSXhVQ1dieGNqY3lCMUlpVE9zcmh3X3BkMzBjSS1zTHhwa2JualpwRXNxSnVkUWUtaTE0T2dJTWVEQ3llM0FvRFVmeU55aEEzVXphd3VaNm1ZNzlsNlpuaWc0S1BLdw?oc=5,0.0,neutral
2026-07-02,2026-07-02,MSFT,Is Microsoft Corporation (MSFT) the Most Profitable Software Stock to Buy Right Now? - Insider Monkey,Insider Monkey,https://news.google.com/rss/articles/CBMiwwFBVV95cUxQMVkzWXIwYlFJZ2RJdWlUMUw5cUh1Q1ZvYVB2V2M2NEs2aEFwekhLVzk1dEJ0ek5xcG0zQ25DX3JRZXp0R0hvamxlNUVnOTZWaEpTWi1selZVcXRLTnVUM0ZmLXMxN3dNSGlnRmswQkFKeG5CcGNBY0JaU1FvMW82ZVR1SjdvNEM2R2JzTmlMYkRNQU10M18tZDV0S2I0cUQwUEVQZTBaVzVmUUhLUWhzdmhCcGt0bnRzT29xR2NIQ2NsMUHSAcsBQVVfeXFMTmZmLVZKQWxZT2U4MlZ0RXFBX2JrcERnT1VJX2ktRHF6aHNLRExlTXpLMXNfUURETWN6ZGNNYkJXSy01MmZjTUVhTGdyT3V6YVBXOVZ4eFdvRHRKc3A5T3U2d2VITHlZM3hmdDVhOUhRZGdIOFRZaDZQd0tCTkczUms3c1NZSnBjVDRoVGFwemktS1dIbEJmRnd6dnZYSXM4ME5LcW5mLS1vRnlsS2UyTU9vRGI1WW5VLUlGTUs5YWhiLTF3dlhIVTFORjQ?oc=5,0.4927,positive
2026-07-02,2026-07-03,MSFT,“81 Million Login Attempts”: Microsoft Stock (NASDAQ:MSFT) Gains Following Huge Attack - TipRanks,TipRanks,https://news.google.com/rss/articles/CBMivwFBVV95cUxPWTlBd1RkX29PclMyQ19jZlh2dTBndFowOXpTNVRBZkNhOGlhQkpWOFlzdERhYkltbVZfczlkVVlIbDV2TjZVbU1rTEItMFB4X19zRmtDUUxPbmw5ZWJJVGMyV1dlUHZPSk00TVpiTDRYMlNIajJMQnY3clhGQzRnNnplNU5zdmVBM0tPbGNyWVRmMDN0X3JsNElxeUYxVlVPQ2JVc3RxdFlVaFY2NzFJYVN6MUQ0N3F3WXNJSkVfbw?oc=5,0.1531,positive
2026-07-02,2026-07-03,MSFT,MSFT Stock Alert: Microsoft Invests $2.5 Billion in AI Implementation Unit - Yahoo Finance,Yahoo Finance,https://news.google.com/rss/articles/CBMinwFBVV95cUxQbUFkbTZEX0dHcjRIcE55eHoxNndJXzFOcm5VMjIteU0tQjJNaWV0UHdkcWMxOWxHVktiMkpfXy1TQ3VUTXFIdjFiWEZ4Nl9fM2NFemd6VlRzR0xPSWRyZ3FkaXJtWjNHeGVLZkRuM3hvNXoxUHNFWGRMUXFLcEJmbHJJYWN0emZ1cERFTmdXYzNzQkduMEZMTldIbjZZeTQ?oc=5,0.296,positive
2026-07-02,2026-07-03,MSFT,Microsoft vs. Nvidia: Which Is the Better AI Stock to Own for the Next 3 Years? - The Motley Fool,The Motley Fool,https://news.google.com/rss/articles/CBMiigFBVV95cUxPRVc5NkVxTjBGMnRld0hNeVI5LVlGWjJtOURHM0JHQ19Qc1I5bzczdVBGWW40WWw3N0Q3ZkRLcTFPYTdYRldFM3daaWNKQVJ5VFUyWmhiQkJyQ2dod2xVajJLbmVsWTJkQi1hMTlvR0lJZHhqZ196X01DMkdnSU1uWDlTWXN4SzdlNkE?oc=5,0.0,neutral
2026-07-02,2026-07-03,MSFT,Microsoft's AI Discount Won't Last - Seeking Alpha,Seeking Alpha,https://news.google.com/rss/articles/CBMifkFVX3lxTE9ISjJJQmhVWG1rMGpvZm9lUFRQUHl1UWxQWjBDUGZxb2pqWlo0SW9ZX0dkQUF4ckM3T2FubnFQNG5oUEtSeUlXVlhrSHRwVFlLVkt4Y2V2LVhLSGhTZGx0WG4tSFZhNnh3SWktd0NWQVBmNlltTXBKSUhyQXRSZw?oc=5,0.0,neutral
2026-07-02,2026-07-03,MSFT,Is Microsoft Corporation (MSFT) Stock Impacted by Reported Xbox Restructuring and Gaming Division Changes? - Yahoo Finance,Yahoo Finance,https://news.google.com/rss/articles/CBMiqgFBVV95cUxNQnIyN2ZLc3JTdnk2R3REbm9QOGswelhoQ2JvRjFYblIwMy1xa1I0VzhqWnhaWC1sc2t1VzIwZEh5TW9wLTJBR2dBdzlJa0FUajVYa3RReENCSnJ4VHdkY0NrNE95S2k5QlFQdWplS29fdzZNdERZTTJwRU1Xc0dRbU1FQTNaUVROQl9DR09aTkd1cFpaOEs2ZzhjWEpCemtnU1FBNkJvQUNuUQ?oc=5,0.0,neutral
2026-07-02,2026-07-03,MSFT,Should Long-Term Investors Buy Microsoft (MSFT) Instead of SpaceX (SPCX) - Yahoo Finance,Yahoo Finance,https://news.google.com/rss/articles/CBMinwFBVV95cUxOY185QWtMbFBIX3h1Z0I4ZHRieWgya2RpbHZ3VWlmWUxiamFGdFJFemlEVThYNVFyY2dVQl9NVTZNTzYxdE44NWdtUEhJOURWbGJReHhXX2dCRTh6dWU3MklGdXNmY180SHIxUVZ2NVI1RUxWeTJhQTllU2lrX3J1S2hndU43TmNYR1pLQkRoS25TenpUQy1peU54aGZsS2M?oc=5,0.0,neutral
2026-07-02,2026-07-03,MSFT,MSFT Stock Alert: Microsoft Invests $2.5 Billion in AI Implementation Unit - Barchart.com,Barchart.com,https://news.google.com/rss/articles/CBMitwFBVV95cUxOQWVqRDhzSnU1b2x4RzVjOGFYWEFESlNHYnVzT3NiWUw3bGFuNlctVzA4S1dZOE1aeUdPYnMwSFZqVVpaT1NwUFVSaTJMRTNZN05TRFd3amRkaDFRWl9JdXUtQzVBNjdXRzdac1VzcDF5VDJyNi1wSy1YMW9paW5MZlRoSENscTFzZUNjZEVxdUFtVkcxMGtNSmhoVEtfeGl1R1FoQnlDSVAwbTk2RVZFX3dJcHlzUUE?oc=5,0.296,positive
2026-07-02,2026-07-03,MSFT,"Why Is Microsoft Stock Falling, and is it a Generational Buying Opportunity? - The Motley Fool",The Motley Fool,https://news.google.com/rss/articles/CBMimAFBVV95cUxNeS1Bd2tpYUJoanJrcGxSb0NjcUtfSTVXcGlfWXl1VTJmRUlSZ1VCZWQ2a3FObTByamY4S3F4Z3JBY19KeWpfYllPcEh0dXZsN0gtdmNKeUNndDJHUGdZcjhMaFhTbWljdzRYNGkwMGVmZ2NSNUdlQ091YUYtTUV4NmV5c2tDUUdWNnZnNzRFNFF3QkVzLWwwNg?oc=5,-0.1779,negative
2026-07-03,2026-07-03,MSFT,The Contracted Revenue Backlog Microsoft Stock Bears Keep Missing - Trefis,Trefis,https://news.google.com/rss/articles/CBMixAFBVV95cUxPV1d0Sk0zNV9PbzE1aTlDNmZJeXhfTWJVcmNNc0RQNXVYTVl6ZFNTenRpdTdsbHRPRzkxUTJWU1BrcFJ2TE1ocEh5bERMa1NMcDRTQkxIRXA1cmp4MlpsRlUtaVNwM1J4RTlqT3pNdlRXS09ralRhRlZ3X0RCQmpmSXZKLUZOTUVJdDRvcWh0bkE1LTFhaktieXRuN0pyM3dWNl9BaTA4d3FrQ0NTQXRmUUIyMlc2QVBxaDNvR3VmbkJ1LU9W?oc=5,-0.296,negative
2026-07-03,2026-07-03,MSFT,"Why Is Microsoft Stock Falling, and is it a Generational Buying Opportunity? - The Globe and Mail",The Globe and Mail,https://news.google.com/rss/articles/CBMi8AFBVV95cUxPMkZFU1hTRTdULVllWnZYR3I4OERYQXFwSmhBbHRMeWt1RS1pTDZQRzRTTG9SU1VNdElqbmgxS0JVUUhzOGQxc0dlYTduSldMQ2lfLTlJRWxTMFdySE54bnhIYldnRWt3ZGM5TjNlMElhb0Z3OWRSaUYtOHZrMUxTYTlCRVV3dTdZOXk5Y1Rjb3VLOHlRLXdFT0tHLW1GNE91WldwRTlvbm93cWVVZGlxLTdBWXNSZ29CRlQ3bjF4anowb3BwdzlZbXVjTW1OODhfUXFyd3dZdGp5Tk91ZWtiMFFfem5tUmc3UXBjVC16Qzg?oc=5,0.296,positive
2026-07-03,2026-07-06,MSFT,Microsoft (MSFT) Launches $2.5 Billion Frontier Company For Enterprise AI Adoption - Yahoo Finance,Yahoo Finance,https://news.google.com/rss/articles/CBMilgFBVV95cUxPaFZ1Vkp4TFd0YVVtV2JMQmdpMFhLcnRDNmQzbjg3anVuaFRod05aNW5uVGV5RlE2U0cydGVydUh1MnYycEZyNXo1NVlZeXZwSllzWkJzcVgwb1gtUC1zR0l0Q05JYjhIMEowR2dULWQtd3NVYVc2cjQwWV9aVHFvOHBLcTN1elA5THVRX1h0eXU5bmJXd1E?oc=5,0.0,neutral
2026-07-04,2026-07-06,MSFT,ChatGPT-Maker OpenAI Is Headed for a $1 Trillion IPO. The Biggest Winner Could Be Microsoft Stock. - The Motley Fool,The Motley Fool,https://news.google.com/rss/articles/CBMimAFBVV95cUxNSmxZMmpWUjhSY1RQcnJNV2U2NXFrZkNFd1hWN2VwbURRRVhHOE5uM0ZWanJTNFlDcDRkSUNUNl95TnFsdlc5c2c0MTl6VWdqZkdBVjZfR0hNclJtQWxuRzFmQUFpcmZSRVVQRm9idzY3NXNUUVJULWVmMXRDc3IxMmdFZkI2SVNvZWZmMmQ1eEZUd3JwOHF3Vw?oc=5,0.2263,positive
2026-07-04,2026-07-06,MSFT,Microsoft (MSFT): One of the Best AI and Technology Stocks to Buy Now - Yahoo Finance,Yahoo Finance,https://news.google.com/rss/articles/CBMilAFBVV95cUxQdy1FaDl2bW5tT1Z6MzlTbHVEeS1rNDdmYmVMOWxfTFhmZG1HWThPczk5dXcyN0o3NDdPMkRjNUUyaFhQbHpSdTJYZ29aTHdKRHVyYVJtMUl6Q19xQVV6aURLdnRBVF9TOUcybUJVaGNlSkt4OUNwcTBlVzBaaEsyZEg4Q2xqV3hRY1dTSDNNTXZ1cFdh?oc=5,0.6369,positive
2026-07-04,2026-07-06,MSFT,Here is Why Microsoft (MSFT) is One of the Best NASDAQ Stocks to Invest In For Long Term - Yahoo Finance,Yahoo Finance,https://news.google.com/rss/articles/CBMilwFBVV95cUxPbGxUYWswUlZqckdCckRyS1R4bkYwSVdCckVQSFZuc21FMDdKcXZ3bEJLUnVoRnJuSkJCOFpLZW1pVjFXckl0Vjd2SjJZVENXR29LbjFNcFZ3R1NoMFRyc3VlZjJGUnJSaEcwb0MwZVZxdnNSaEI1Rm1SMmltMlNXLTNsVFluMExqZGtMWUxQZ3U4RzFxRWRR?oc=5,0.6369,positive
2026-07-04,2026-07-06,MSFT,Microsoft (MSFT) Stock Looks Like A Bargain Following Its 21% Slump - simplywall.st,simplywall.st,https://news.google.com/rss/articles/CBMixwFBVV95cUxPX1Uxc1BUZ3J2eEJKQUFDelpWSloyWjRvekNzM2ZGUWxQMkVCYmJVb256T0VuQ0l3eGx0WlNVb1VmZkZhZWZwRUp1bjEzbzZYSHgwa0VIckVxWXl6azJqTUVXQ1I2VHBoS1F6N3M4R2t3MW5NX3ducnlFalN0NEc0d2dCdFF6ZFJNU1JyOTlvVWUwY0VtTXNSRW1KUHd4eVlmZlVPZFJ3X2sxTGVhamJuNFdaczdHZXFITUV3amY4SU8zY2RGZWdz0gHMAUFVX3lxTE5GM1ZCNmVaZ3B2VGNEcEpQdW03ZHpZTG16MHdUTFByMTJyMGVhdEUwZUN5Vl9zUjk2SlU2NG96b2RmZmlaTE5NRXpQMzlSbktMNFlSZVNDVXZFTUhSdlVaQ2RQUENGc1NybVZiLXU5RHo4MGpKc3hFNkFmUVpsTGlrdHM0dkJDYk5TM1hkazFaUk1UcHphcTV6dEpkVmxlMTF4ZTA4UzE5TVlPR2RObGp1aEVWMlQ1aFNpOHVKOEhQMmU0bVZyUUFZdW53UQ?oc=5,0.5106,positive
2026-07-05,2026-07-06,MSFT,The Microsoft Stock Outlook Remains Upbeat Despite Layoffs - Yahoo Finance,Yahoo Finance,https://news.google.com/rss/articles/CBMipgFBVV95cUxQYndWMnU0enZhNG1jRWpUcEdzMk9tWjRYek9nZlFReVpZb0trdHpIenJYeVdJZlhkVUh2clFZdlFMbkRxNWZMUl9VcXNLQWFHQjR6eE5hTjlmanVEY09zdWpNcU1pY28xcTlsYlpUWnlVOGZiRW5kUDVOZGVrX3hXb2IyY0NjMWNoc2lGZXg3RURJZU9RRi1UOGFhN2poT19WNVlwLTdn?oc=5,0.0,neutral
2026-07-05,2026-07-06,MSFT,3 No-Brainer Stocks to Buy in July and Hold Forever - 24/7 Wall St.,24/7 Wall St.,https://news.google.com/rss/articles/CBMimwFBVV95cUxNWlpVcVhGaE9oeWo1NzRzYmpaaDExZXBKNWVIMUt3UUdaUHVTRHloM05QcllONWtjc0tfaVRZRUw4QU1iclNmM1NQTk5oMEZiNUM4LUhCY0x4c095ejY0OUZadk16cUZBNG1kai1NWmFZU0dtSEJ4dmRQMnppZjQxSDNPNHVpWGhyaTVfV2dMR2NRTHM0MW9DMGlaTQ?oc=5,0.0,neutral
2026-07-05,2026-07-06,MSFT,Why Microsoft Looks Like the Best Big Tech Trade for H2 2026 - MarketBeat,MarketBeat,https://news.google.com/rss/articles/CBMingFBVV95cUxPSGdhdmJkbW9xUXoxeWsyUW5tbElfMGVkS0hqT2otMmVRbGUtcS1reUZPMDgxWmhZd0lwT1p2WGpMdFJRZlljVjdTVXNlOVFVN0k5bFhPaENzajB3QVRnenZaYk5tTmhPUk9GcWRKMWE2bGtxbGE2bUdnLU55eWRsOVI1MXk2bkFNc1FwMVdzeXhmV3U4eG5QNDRpLWRBUQ?oc=5,0.7717,positive
2026-07-05,2026-07-06,MSFT,Microsoft Stock (MSFT) Opinions on AI Growth Amid Valuation Concerns - Quiver Quantitative,Quiver Quantitative,https://news.google.com/rss/articles/CBMiqAFBVV95cUxON0FLU3ViR19vbFNqOEdLN3pxVENIR3l0a1VTQy1uVnl0VFl1bUFTMDNxNGg3TVZzUjlsamZEcXlCQmh3YTY2MVdXTlFCa24zNFZZdnE3M0RZbC1Wek00eEFTZDNjUlRucFZ1RDdlWERyUWxDSEhTNS1NY0RyRV9PaTl3T3RlV3Q3NUdFM0NRaEFEM0lXY3BFU2ZlUzMtLUZKd1VsZmNGVk0?oc=5,0.3818,positive
2026-07-05,2026-07-07,MSFT,"Got $1,000? Why Microsoft's Drop to a 52-Week Low Is a Screaming Buy for Long-Term Investors - Yahoo Finance",Yahoo Finance,https://news.google.com/rss/articles/CBMikwFBVV95cUxPYVdrZnFiS3J0eHpXRGNEblg0WEtNNEdZS2piVzRMSkUyYUtRNUh1V3U0a09xYmFFWXVVZ1lpNE9Xb0FWdGQxblNnY2NXQ2xEMXZzMDRfT1B1VV82SWdCRFhHcUVxVVVfT0pzNEtjLUJLUkFVSE9jZ3dmakw1WmdVamlsNGtxNmgwbnAwQ0pVOUJOenc?oc=5,-0.7003,negative
2026-07-05,2026-07-07,MSFT,Prediction: This Stock Will Be One of the Biggest Winners of the Second Half of 2026 - The Motley Fool,The Motley Fool,https://news.google.com/rss/articles/CBMilgFBVV95cUxPNXRXSUtTNnNxVnFFbU5Pc3FhNVRmSmN2SjlxQ0Q2QTZ2ZjM3Sl92RDRGeXFqN2ppcTlzUWZCUERhN3NKUWFRX2p1V0lvWlFPX3l1aUdxNm5FZTdCWnBlaGtHWE4zeE1aWEFuZ2VFTmpZTUF6blZWOGlHbEVET1Zjam0yT25JTDdoTEhjak0xZk5VT2s0dUE?oc=5,0.0516,positive
2026-07-05,2026-07-07,MSFT,The Microsoft Stock Outlook Remains Upbeat Despite Layoffs - Barchart,Barchart,https://news.google.com/rss/articles/CBMipAFBVV95cUxPVTRTQ21tN1l5ZnJHY0s2MjZ4SDdvRDFOcjlDQW0xSlRBbDI2VjZkVTVoazVVbVloNlRaMURpUzJ6NlJmZF9jNDhoMUVfXzBEWVhEOXJ5bFhZdVA5MWZYUTZORzZnQXB3c3pTY2RBaXJqNEU4eko4dWtCWTJ3dmtmbXl4TEJmYzA4YWtIQ1RtUC00YTZ2YjRuZFl1QW94c00zTWcwbw?oc=5,0.0,neutral
2026-07-05,2026-07-08,MSFT,The Microsoft Stock Outlook Remains Upbeat Despite Layoffs - Barchart.com,Barchart.com,https://news.google.com/rss/articles/CBMipAFBVV95cUxPVTRTQ21tN1l5ZnJHY0s2MjZ4SDdvRDFOcjlDQW0xSlRBbDI2VjZkVTVoazVVbVloNlRaMURpUzJ6NlJmZF9jNDhoMUVfXzBEWVhEOXJ5bFhZdVA5MWZYUTZORzZnQXB3c3pTY2RBaXJqNEU4eko4dWtCWTJ3dmtmbXl4TEJmYzA4YWtIQ1RtUC00YTZ2YjRuZFl1QW94c00zTWcwbw?oc=5,0.0,neutral
2026-07-06,2026-07-06,MSFT,"Microsoft sheds 4,800 roles in massive structural pivot - Investing.com",Investing.com,https://news.google.com/rss/articles/CBMisAFBVV95cUxNVFp5YmtCODVKLWh6YzJ0ci05Um9RMDBfcTd3Qm9odXJXaU83R2hUTUM4SDctYnRDdThxMUE1X1o4Z0gzUVBETUtlbW5ZMkF0bG9jN3IyWEpNRkI4MUpsV2pZZEQ1bUxrdlpCdk5OQlJLbkJKNTJNU3ZMSjNzcmliZTBvWmdsWEFKZk91aXlESm42Nmxzd3JfdTEtd21JSW9zWEUxNXNLY0toUVdQSGptTA?oc=5,0.0,neutral
2026-07-06,2026-07-06,MSFT,$MSFT Fraud Notification: Microsoft Sued for Securities - GlobeNewswire,GlobeNewswire,https://news.google.com/rss/articles/CBMi2wJBVV95cUxOTlZuZjFjOXhEcmNqOWJFVkp1d25HUlYydVVEdVZUaTNSZnRuOTlhVHA3dTVBdHllcmZ4SE5JUW9veEJvZHEwbmd0NFhPVS1aOWJhb2xJaVNXTVA5elJaQlZ6Ylc1QnZzbU9INmt6cll3YWs0UF93X1ZDRHJGS1V0bUNlVEQ5RWJ0OGJWb3BJcG8yMFgxam9udGRXNGpYT0ZOaHdBc3AwY0swLWhxclBScnVXVkN0QXdVcTQycmRGVFZhUjBHV1ljeHhCM1VHLTFkOWVuSEtyOUhWbEJYb2NQQXJackJKR2l3RWVNQ05uUW1uYm1KSC1kRXF5SmNLZF9yN2JMYUVjTkR5MXJDbHNHYnRVTXJnRzdTQVFEU1lwNGRQRUtGa0Zra1h6SjhaeDI1eDQxc3pwY2FzWE5vcFRrVl9TRGYzeWs0YWNkRS1GbVZGZWNHMlkyeGZLRQ?oc=5,-0.3818,negative
2026-07-06,2026-07-06,MSFT,Are You Missing The Real Story In Microsoft Stock? - Forbes,Forbes,https://news.google.com/rss/articles/CBMirAFBVV95cUxNdjFYcDZYZjVDUXVLWWFzZy1jOHl4WkY1OVdNTnhUSnlKcjFHcmM1Y3c0aW5RcXdkU1JibDE3aE5XZmQxbVBYdUplVVQtSmZ6Y1REbGxTMDdONUYySHYxWlFLUkNCOGUyX1FPcnVpelNTcE8wVHJKU3VHR2pNREhuTEZUWWZfenNHd0xSQXByX1JHSFR2aGtjSkFXUmhYQ1hBZTlYQl9JT0p0YnFL?oc=5,-0.296,negative
2026-07-06,2026-07-06,MSFT,MSFT Investors Have Opportunity to Lead Microsoft Corporation Securities Fraud Lawsuit - Morningstar,Morningstar,https://news.google.com/rss/articles/CBMi4AFBVV95cUxNUU1Ca1lMOVc4ZFF5UU4zMUF4b0pSSUZIajZrNmFSYjhqMTRRZHBVZFJsek84UGNLYUhZaEtaaFFKMDFPMXA4SEg0bW9TSG5qRnprVDlzdWZ2NFg1V2FxSHBxN0FIV2lLMXcxNnlRQ0RJdURFazRtOURvaWQxdWVwaWtSMVR4Tm9yQmV1ZW9TeWUwWXRRc0tHUVVpZlFRN21xSUtVaXAxS3oxVVdhUGpHZm5pdU1TbnZ4aE02aF9qY01DOXdKOXFvV2RrMDdOVHlPTWN1Y1ZTdXZpSW9ITGJpVQ?oc=5,-0.1779,negative
2026-07-06,2026-07-06,MSFT,Microsoft (MSFT) Launches $2.5 Billion Frontier Company For Enterprise AI Push - simplywall.st,simplywall.st,https://news.google.com/rss/articles/CBMixwFBVV95cUxQMjZtUWFab0szVnEyX3hQMEkxTlhFVk1NN2dhdWVTN2d3TmRiS3Q1YWtyVFBIUl9xWWtoSTdNd2M4QXpkYW1oTHQ0dC1KcXMzR0F2bTVlQXFFQ2hmS3JXbHMtdVNjVm55Qm5NSTV2S3Z2UTQ5TUQ1NDEwb096QXNQUDdjeWd4VEFPUll3ajFDNG42YjZsWlhTdVQtaHVaTS1CU3Y2YWNZYURzY0NUajA3bGNuZVNTUm5zcExNemFIT1k4YWtmM2hF0gHMAUFVX3lxTFBKVlp3TzNIN3hPYnRhMjhiTUNQd25RUEdoRnNzXzE2YkpZM3AyUWhyZXhyc2V0elBZRVNMNVE5ZEVQdHVnTUp3aGhoM2lOelJkOXh3Z2wyd3FCek5Ed2VLVGdnSWJ5R0M4NEhncEJwUlhUVVFHVE9EeDdacTM3VEZ5QzN1bU1QZWxfQzNGZ3RFRlp4blRVTm9CSE5MLVg5YWMtZ1hkeVZBLWxYZzNxQ2NUMFkwaWxaQTg3azNXcDlGaVk5TmJweGQ4VTlxTQ?oc=5,0.0,neutral
2026-07-06,2026-07-07,MSFT,Microsoft Q4 Preview: Azure And AI Investments Focal Points As Shares Lag Behind (MSFT) - Seeking Alpha,Seeking Alpha,https://news.google.com/rss/articles/CBMivAFBVV95cUxQaVBZRFJ2emhfZmRYb29uYm9vOHR6RVVnZ3VmZEhuLWtzbEFST2gzN3JnRUNQNndHbFUwNG5hNEVOZ2phdXlJRnd4cDJPWU5ES2cxbUJaeFlxQURLbS1vYzNlRGJ1MkkxNGtzcmVndURQMVlpNkRHc25lb2VYMjNmMEJTQjNtSHlLUzRsV3pYeGoya19fUURfdjdRZ2NxM0ZOdHhDQmhjRTFuZGRVWFRtbUl1THAzZW13MktKNQ?oc=5,-0.0516,negative
2026-07-06,2026-07-07,MSFT,Microsoft Is One of the Most Mispriced AI Stocks Today. Here’s Why It Is About to Surge Soon. - Yahoo Finance,Yahoo Finance,https://news.google.com/rss/articles/CBMinAFBVV95cUxPVVlYU3IwMlg1RkJNMkdYV18yX2ktQWZoUUVFZkpJYjF4QUdHWUZCYVNtd1oyNFdESmVNcm9ra3UwdDVqallZME5TLWx3RTRWM3U1cnZxWURvZ256Nm5TVnpjQkd1VUVaaG1oS3ROQjY5bTJuZ0RZd1lwRzhfa3VNUXdvN0dKWTJJUFF6b0ZuX1pzTzFVMmdXYkFIY1M?oc=5,0.0,neutral
2026-07-06,2026-07-07,MSFT,MSFT Stock Layoffs: What to Know as Microsoft Cuts Jobs in Xbox Unit - Yahoo Finance,Yahoo Finance,https://news.google.com/rss/articles/CBMinwFBVV95cUxNT2NqUmFMY2F5aUJJR2w5WGxhWU9kcElUcUhBaWZmSGN6MzVPNVpBMFptV0hWVmVUOUZtNmZmcVpacExSNGtXVkRwWFNobkFYbXNhMDFmTVVTTzRDVFNzcHhPbEJESjdydk9zenlJNHZBN19yUzE3bXp4VklQN3d3a09FRHJfbUVkNVktUEVGODdVd1g5YmNPTC00emY0NzA?oc=5,-0.296,negative
2026-07-06,2026-07-07,MSFT,MSFT Stock Layoffs: What to Know as Microsoft Cuts Jobs in Xbox Unit - Barchart,Barchart,https://news.google.com/rss/articles/CBMisAFBVV95cUxONS1QX25tV0t0UGhpZnNRVmkyRTRLWU1kTkw2SlNVNnllYUVBa3N2UUhaMjZkUUowaXVNczNhZmJQY0J2Y1FZVktHcXlGMnN2UDVvUDVOMm9RRGJISHFnMjZNY0N0cXZOSkNTUlNuZUlTOW1vOW5WYkZLWnh5OE56ZjF6ckt0aVBjSFdhbG9TRmhzaXV2MEs3SS1vVkprS3RKc3cydkJlQ1ZvZVR3Smt1Mw?oc=5,-0.296,negative
2026-07-06,2026-07-07,MSFT,Jefferies Says Microsoft Stands Out in Strong Cloud Spending as Azure Gains Market Share. What This Means for MSFT Stock. - Barchart,Barchart,https://news.google.com/rss/articles/CBMi9gFBVV95cUxQNUFZcnNEUWxXbjRjdVdvN3ZlWU43NndUcVF5V1hxQkExYlltN0h1dEJXeXRhXzd0RHJGVHpqU295TzBlWGdSdy1CTEhJc1FBeFF4YUlySlJkVDM1cEtoNmxocmhIbFBocXBjMWFnSHRTQjBpN3R2czdRSXMxVFJBa3JEeDVlcHRMb1BnRnRYQXJ2T0V2eTJadWljTlFNZEYwUGlkeUhjWEc5NnFEbEJreENmRVFhZEZKM2JlTWc4QXhWaWprWjk2dGtNWFllLXhDRHQ5MkxlVXZLWWRWYi1xLVRiU0tSa0RsU3lMMnlwS0trcWZjVEE?oc=5,0.7845,positive
2026-07-06,2026-07-08,MSFT,MSFT Stock Layoffs: What to Know as Microsoft Cuts Jobs in Xbox Unit - Barchart.com,Barchart.com,https://news.google.com/rss/articles/CBMisAFBVV95cUxONS1QX25tV0t0UGhpZnNRVmkyRTRLWU1kTkw2SlNVNnllYUVBa3N2UUhaMjZkUUowaXVNczNhZmJQY0J2Y1FZVktHcXlGMnN2UDVvUDVOMm9RRGJISHFnMjZNY0N0cXZOSkNTUlNuZUlTOW1vOW5WYkZLWnh5OE56ZjF6ckt0aVBjSFdhbG9TRmhzaXV2MEs3SS1vVkprS3RKc3cydkJlQ1ZvZVR3Smt1Mw?oc=5,-0.296,negative
2026-07-06,2026-07-08,MSFT,Jefferies Says Microsoft Stands Out in Strong Cloud Spending as Azure Gains Market Share. What This Means for MSFT Stock. - Barchart.com,Barchart.com,https://news.google.com/rss/articles/CBMi9gFBVV95cUxQNUFZcnNEUWxXbjRjdVdvN3ZlWU43NndUcVF5V1hxQkExYlltN0h1dEJXeXRhXzd0RHJGVHpqU295TzBlWGdSdy1CTEhJc1FBeFF4YUlySlJkVDM1cEtoNmxocmhIbFBocXBjMWFnSHRTQjBpN3R2czdRSXMxVFJBa3JEeDVlcHRMb1BnRnRYQXJ2T0V2eTJadWljTlFNZEYwUGlkeUhjWEc5NnFEbEJreENmRVFhZEZKM2JlTWc4QXhWaWprWjk2dGtNWFllLXhDRHQ5MkxlVXZLWWRWYi1xLVRiU0tSa0RsU3lMMnlwS0trcWZjVEE?oc=5,0.7845,positive
2026-07-06,2026-07-08,MSFT,Is Microsoft Stock Too Cheap Here? One Play is to Short Cash-Secured MSFT Puts - Yahoo Finance,Yahoo Finance,https://news.google.com/rss/articles/CBMimwFBVV95cUxNazNKblNIM0phZVRpWnRVaEF1c0N6QWY2YkNXejFDelc5QlN5bWl2T2JPdjVQVG5wbjByT2RiNTlZZXVzdHJ3TzBtV25rZW1FX21VeDIxcDVheWtqNHMwVjludnJQMUZrcjNuRThGUnQ2cUZWVGNOX2VFdzRZdmpnZlROUU9tUkIxRjhGajlIX2RXaVJjUGR1aGxodw?oc=5,0.34,positive
2026-07-06,2026-07-09,MSFT,Why Is Microsoft Stock Falling Monday? - Microsoft (NASDAQ:MSFT) - Benzinga,Benzinga,https://news.google.com/rss/articles/CBMiswFBVV95cUxPYmR2T09aakVfbzRsY0Q5Yk5FczlEVFgyWUhOUkpvSm5OZE1mYkFKN2VqVGpnTzdvNDJxcHB3WWFUZ0V6X2ZzVThBaDVtN3R0Q1k1cVJTQmNtTDJMYjVwWnFuOFpkVUs4QzNNbmJ5WUpiY3Z3SnR5eU9Hd2YxN3NocE4wVW1jMmpaaEtwNXRyR1JDSDR5X1hvbk1KY0xSa2ZaQWswdnNYWlRkdFJlbFhwQkpzVQ?oc=5,-0.1531,negative
2026-07-06,2026-07-09,MSFT,"MSFT Stock Climbs Overnight: Microsoft Swings Axe On Over 3,000 Xbox Jobs As Game Pass Reportedly Falls Well Short Of Internal Goals - Stocktwits",Stocktwits,https://news.google.com/rss/articles/CBMioAJBVV95cUxNbnN5UVp0Y3ZlYkJodUpSVVFDUG1fNFQyMlBqWFdwVUdtcFJSQWo5RWtrYWQ4dkxaSFdFcHhfQkE2ejdxckhRbjhtSERJMnBySFFWZ2MwaEJmWGN2VUxaZHRIWlVJOFlNMHhPQTdQY1E1SFl4MF9hZFg3VENkQy1YY0NtRzBhRGVsbHFqSDFYUUw5U3BJbnZWSGNwRkhQZHMzSW1jVEFtZXc5NHVlemx6R1luTC11VHVybmQxSHRXcnJyTWNuVFp0MjVxcHAxTUtaM2ljbUJQZzhTQ0F3N0lsYXhsNlpLTHBBVDdoRGRlRzBxRjFEcUZ5Q0pzYlZMbW0xSkxfOWdqR3ZUcW9vdWdXS3BjdGlPTURoMTQ4QVJDVDk?oc=5,0.1779,positive
2026-07-07,2026-07-07,MSFT,What Could Really Power Microsoft Stock Higher From Here? - Trefis,Trefis,https://news.google.com/rss/articles/CBMiuAFBVV95cUxOaGJNUnAtLVI1a2tIcS0yenhLSDlrSjkyNHFKYWFJYk1mQWdDYUN6b3NzQVh5aHlFYnBQNHJNTTlNQ2Q3RVh3Ukc5RDYyREVrS3RxZG13bUlfWVNpWTdKdVVBMEgxNTBZaTZQYnlKN19UQlNQQnFJdzgxWU1qSTJDN3NZY2FpWHpVdHo3RXBVbmxxOGcxOXdFbTJyTlY2UjFQTVg5ZHpsbEJVNHRpanZfeUdFc2s5Q0Ja?oc=5,0.0,neutral
2026-07-07,2026-07-07,MSFT,"MSFT Stock Climbs Overnight: Microsoft Swings Axe On Over 3,000 Xbox Jobs As Game Pass Reportedly Falls Well Short Of Internal Goals - Yahoo Finance",Yahoo Finance,https://news.google.com/rss/articles/CBMipAFBVV95cUxOTUVwaW8tSmRzMFJnZXladWcwc0FWYkR3RkJLV2U4LW4yaGY5c2NCRGdqZ2N6U1g1WFBvMlVuRzlUV0ZHeERsTnlYRlh6Y011ZmJfZ2ZHMnhwZHUtVjR2SDR5WlZKWGUyYTBaSlNhWW94MkxQRndPS19sN1I4R2FqS2NvM2RjNDFNUWJxaHdsNHdzdGVhQkUtR2pzcDduanFfeVhsWQ?oc=5,0.1779,positive
2026-07-07,2026-07-07,MSFT,"Microsoft’s AI Costs Hit Cash Flow, But Wolfe Still Sees 34% Upside for MSFT Stock - TipRanks",TipRanks,https://news.google.com/rss/articles/CBMirgFBVV95cUxOOFptUzFQLUV2dDdUQkxjOVYzam9jQXprRFl1SUdyUEtsOEdmZExDZFRNSzdWUjh3cU1ka2RXeGRDR2UxelN3czBqSEpKaEgxMkhjOXEtOEVubFYxTURpZTZnUlVTS3dmdlJlaG8tQUMxYUc3c3JpTmp1VW9VcWp1OGUwdHFzeDBBX1ZfeWdDS0xqYnB3d0VVU2Vqa0pfZHJvUW8xNEhra01HVFd1OGc?oc=5,0.0,neutral
2026-07-07,2026-07-07,MSFT,"MSFT Stock Climbs Overnight: Microsoft Swings Axe On Over 3,000 Xbox Jobs As Game Pass Reportedly Falls Well Short Of Internal Goals - Stocktwits",Stocktwits,https://news.google.com/rss/articles/CBMioAJBVV95cUxNbnN5UVp0Y3ZlYkJodUpSVVFDUG1fNFQyMlBqWFdwVUdtcFJSQWo5RWtrYWQ4dkxaSFdFcHhfQkE2ejdxckhRbjhtSERJMnBySFFWZ2MwaEJmWGN2VUxaZHRIWlVJOFlNMHhPQTdQY1E1SFl4MF9hZFg3VENkQy1YY0NtRzBhRGVsbHFqSDFYUUw5U3BJbnZWSGNwRkhQZHMzSW1jVEFtZXc5NHVlemx6R1luTC11VHVybmQxSHRXcnJyTWNuVFp0MjVxcHAxTUtaM2ljbUJQZzhTQ0F3N0lsYXhsNlpLTHBBVDdoRGRlRzBxRjFEcUZ5Q0pzYlZMbW0xSkxfOWdqR3ZUcW9vdWdXS3BjdGlPTURoMTQ4QVJDVDk?oc=5,0.1779,positive
2026-07-07,2026-07-07,MSFT,"MSFT Stock Climbs Overnight: Microsoft Swings Axe On Over 3,000 Xbox Jobs As Game Pass Reportedly Falls Well Short Of Internal Goals - TradingView",TradingView,https://news.google.com/rss/articles/CBMinAJBVV95cUxNbFcwM2hzV0JDMmFPUXFpY21NblZua0xFTzVaVnROb0RDMDBVMU1iZnBoUzhxREJjQUVXRGxGYWxXeWEwcVdJQ0R2Tl8xanREMjdfZGMwdWo4RmtVVmI1NWhJZ0Vkb2FmTEZSYUNmVzlVMm5TUkQ1cThkUTloM0F3TzlxQ0Y4TTE5MkVOU1FOZi1uN1VoSlVVclhLUW5kQ2pNUDZrTzdCM2ZoYWNTa1FUZnNReXBqSkNIVUpyRnh0THRJX3hvRWRzSU1ONHdaOHFvaTRXNkttTjRpbTZYcWJRQkFGYUtMWjBfWjhQSktRbi1IU2lRYlZzbmxGdVVxWTBlTlFmRUFlUF9oNGJLdGtvTHVLRnNnUGE2MzI1Sg?oc=5,0.1779,positive
2026-07-07,2026-07-07,MSFT,MSFT Investment Deadline: Microsoft Securities Fraud Class Action Focuses on Copilot Functionality Issues; Investors Notified of August 11 Court Deadline - Morningstar,Morningstar,https://news.google.com/rss/articles/CBMitwJBVV95cUxNUVFfYm1Ta2liRzg5a1gtQVllVHZZU2lPXzgySm5QQ3lKa1VmdGNIak5oQ3hHdHVPdTd2Q0k5VFdCNnhFOEhxMU9KX1hpMnlXS1kzUVA4a0ZWUmJqTzA4eURfcEV3T0lMNVdEbWhLQTdlR3NEMXkzNTNnbFl0ZFd0M2JWclN1LWhzZlZOZ1VxZGxESFlzZ01Hbmg2X0lBMFBoTG1OS3ZPbFBxb3hjMXhBRUZPcHo0VHBuUGNUSkVQdmlaWnBkRHcyLU54RUVjbHR4Und3V1E2WWNWTjcxRWtqYlJYc1hKOEtNTFJsVHpsVWZ3Qklldi16OGpBYUFFc3hWQzVfQTN2OU15bEZfbGd0SmhUY2UxVUpZcFhZSW8wd2lQdFVwQ2dzWjdXTWRud1h2azJjYVVVTQ?oc=5,-0.3818,negative
2026-07-07,2026-07-07,MSFT,"Analysts Offer Insights on Technology Companies: AvePoint (AVPT), Microsoft (MSFT) and Salesforce (CRM) - The Globe and Mail",The Globe and Mail,https://news.google.com/rss/articles/CBMiiwJBVV95cUxQTlJhczU1S1RWT3dVbVhuay1HemRJVERKY2tQNkMyVWZyVVJrV1JodTBlN0diRldiUXptTUxHdENpUkJZRUcxT0xGaU5WNVRNalZRT1ZDNnFmRTdGdWNHX3ZJVGdRTi1UWjNxM0t0S0tkVFJpSWZ3czNJQXh0b0VvYzN0MVZ3N3RqaG12V29oQXNBNWcwRXp5N0NjRjBZVlZhaThFd0hPMHZGdnRYUGZJNnhTM1Q1dXZkd3JDNjEtR2duanlmczdDZ1BiYW9vYnF0bk1KdUZtZllhdHpJNEJOR1QzX1BlM1BEV05KOVkwTy1fZ1JpM0FUUmpua0QyRFVRMXZpQk1zQzBaZW8?oc=5,0.0,neutral
2026-07-07,2026-07-07,MSFT,"Company News for July 7, 2026 - Yahoo Finance Singapore",Yahoo Finance Singapore,https://news.google.com/rss/articles/CBMifkFVX3lxTE8ybVpNNFZfbEpyVlhJUHU5OElxdklMejAyd3YwYkhhaFM2elhkRkYzdFpmRG1zTzgwM28wQk94MVZXS2JmZzYxcXpfdHg3OU0zMGJkdDMwd3BnOGkwQXRWNF9qNnh6SFZsZHA4bjNxYUx5d2Vpd2lpTzUxRmNLQQ?oc=5,0.0,neutral
2026-07-07,2026-07-08,MSFT,Is Microsoft Corporation (MSFT) the Best Software Stocks to Buy in 2026? - Yahoo Finance,Yahoo Finance,https://news.google.com/rss/articles/CBMiowFBVV95cUxOWkxlY0NsaDk2Y1FCQ0NIZ0pIS1BLTndTd0tKLWNpLU1XaHdYRm9tbXk2dmNYNmllYkR4UkJzdmV6VHU2SF9SNEp6WVJYb3RFeGFmdllhUG83QWN1WERvSkZNU1hvVkUzTGFfVnZ1ekpaWXhIdUJGSklickdNU1VINU1yeEE5NmlqSzNRTXZteEZNQUZBSEtTcXVpNnYtV20wTnNV?oc=5,0.6369,positive
2026-07-07,2026-07-08,MSFT,"Nasdaq Slides Nearly 2% As Higher Treasury Yields, Soaring Oil Prices Pressure Tech And Chip Stocks — META, AMZN, SPCX, MSFT In Focus - Stocktwits",Stocktwits,https://news.google.com/rss/articles/CBMimgJBVV95cUxPTWdFMkRlSWhUVUU4MlE4TEh2alNIYlZ2LUZRdzJLcDNCeHhlZGZwTUJtb1NEeHctMWpZLUUxS2JiSU9KRGJoV2tDSUhnWHp5SlZmamppVU9xVEJPYm56bGRxSmVfNEo2aFVjdEludWtMV1ljX2tvN0dtRkdYd2lJTDNEN2JEM252VzZBM0k2RE9IM0NvMVlLWnBxem94akNZQmlweWJNQzFad0kwT1NOV1plaEdxTy1fWnVPQkx4bUNSWk5RYWp1MzZWN3lyQ2VLYUhsZVZDZmwtR1ZieHVnVFIyRE9Uc2w1Y1J1LXFuUDJSQTdQX2tRalNMN19HLWpqQkZFZ0l2MVNLcnltbExQRGoydnM2YzZseWc?oc=5,-0.1027,negative
2026-07-07,2026-07-08,MSFT,Price Prediction: Microsoft Stock Will Hit $500 on This Date - Yahoo Finance,Yahoo Finance,https://news.google.com/rss/articles/CBMiowFBVV95cUxPTlB6b1RMLVdoM3FzaGdfZGlWMXVUeXUwdmVaWm9COHhyY1NVUmZFeU9IbGUtUmF3QjlrWWh3bG54YWVHYmNMaFlZZlRjTWo0cDhXRldoM2JXUTN2Q2dpdnRGY09zandmbmFmR09BeHMyR1hQcWtwOXhIYkNOSTZDQkVTWEhPS2tjZ0x5bVczQk8xai1pWGtGYl9jeWZtaDMzQXZj?oc=5,0.0,neutral
2026-07-07,2026-07-08,MSFT,"Microsoft Layoffs Coming Next Week? MSFT Stock Climbs Overnight, Retail Stays Bullish - Stocktwits",Stocktwits,https://news.google.com/rss/articles/CBMi4AFBVV95cUxPWXlYNXpOMTFteXlTcElkZ3dGb1hiRzZPMWVmaXctRkt1TVZPQ2xGanNzekFrTHRweUNlR0NMNUk0WmtiUXduWVEtWi0yQkZSeHhZZk45LUU0YVN2a283bWlzTjV4cnVGQ1NBN09FRnluMUFUaWJkVGVCM3BWTUQyWXAxNWVmR2hxR0RoY3ZrTnNXbVNNLV9adGpkeE5YeFFhV0MyNUJQcnNCMGt5bFdfUDBMZ0x1Nm0wUFpOSzRnV2JhRFp1VEQ2TlZLRUZZazRTek9KVi04aVNVNDBLQS0wUg?oc=5,0.0,neutral
2026-07-07,2026-07-08,MSFT,Xbox Is the Biggest Casualty in a New Round of Microsoft Layoffs. What This Means for MSFT Stock. - Barchart.com,Barchart.com,https://news.google.com/rss/articles/CBMi1gFBVV95cUxNVkM0X280em1NcFhIVWFRSHNOOTg0cEJuY1o5NXlCbno3cjhfNmRLOEZGN3pIbGtxSlR1bXVWNnNTdzBhUjZXRVdCUXhwWGxFU2E0ZFZYdXhpZXljaFFmVEwwbkVxbE9QZ1ZWVDNWM1F1elo0cnMyQVN2MlZCTUVZcmxXeUZBQm5qaVU5bW9CZENaczFqbERfbkJ4a0MxY0ZYRUpiUkV6WHJNaUpqbGNjNTZpa1NlN2pWNnlHWEdfbExBWS01UUY4RkFGQlMyTkt1cnI5bXdR?oc=5,-0.5267,negative
2026-07-07,2026-07-08,MSFT,"MSFT Stock Jumps 2% — Microsoft Looks To Save Cost By Reportedly Swapping OpenAI, Anthropic Models For In-House AI - Stocktwits",Stocktwits,https://news.google.com/rss/articles/CBMihgJBVV95cUxNV0xBVnA2di1UbHFrdVF2MjExeWdQTmt3eHFrSTMzbGRhMzdxVXNMaVRnRXp2YmIxV1lBNGNpS2cwSGlRMWhFdTJ6cnkwT3BjcEM2dk92Y0Y1QkQwaXRTTUtpRHFBMlc0NVR3VkZ1R2tELXJZZ0JlM1dRMkc4d0VlOW55cHFJcFpidjA2amtKVzBXWE9vams3WmRFenQ5Ty00c29LdUNsRl9FdWR2NUg0TUFIa0g4ODBiOHVUM0s5dE1HdjkxV1RnZi0yTUs3VThwR3k1Z0REZENoWWtpWE01ZVpTUjNYNFZ4VVZ4TFVRMGFwaktSWEhWUG1sY0hoM0pxc0lHemhB?oc=5,0.4939,positive
2026-07-07,2026-07-09,MSFT,Xbox Is the Biggest Casualty in a New Round of Microsoft Layoffs. What This Means for MSFT Stock. - Yahoo Finance,Yahoo Finance,https://news.google.com/rss/articles/CBMipAFBVV95cUxNOXc2VDlkNzVmOVI5NnBlYlY5OFBYSlJEU0twVVVsbFFFa2tOenExS3VMNVhsblZCU28tYnpGelZQbzRsT0thSXJyaUYta0lvd3dxTDhURHo3QVB4cms1WDlzRjB4OVA1X255M19SdjhmVzBBME9oNWRWTmJ6aDFIby1WNzR1NTJQX2VQMXdrWjBQT1paWjhaWU5VTWtaWldKSHVJTA?oc=5,-0.5267,negative
2026-07-07,2026-07-09,MSFT,MSFT Stock Enters Bear Market After 21% Drop From Peak: Retail Cautious But Analysts Stay Overwhelmingly Bullish - Stocktwits,Stocktwits,https://news.google.com/rss/articles/CBMihAJBVV95cUxOeTROX09JMmNjWjFydFdOODRWZG1NNnEzVWxvdE1FTnFWeU9QUE1VWGZremhsaUNEVXpJWGpSeXMxWm9sVzRGbVBCYTlEREVvV2NFRGhwaW95Q3psZnJmRUhuVThJS19EejVoYzdEaHhFb0NlR181bzN3TVpZSWRJUWZLR0xZeFhMUEgxMElnczVTQnU4bklwVTZyZFl1UXZheXh1Q3pZc25iZnBZUmg5eFhVdGNoSGZUWnphYXY5OE1XWXhBTXQ3TTBlWmdlUUdVMDlYSUZXVFp3T0pYSFd5dlFaNGZIOU9NTkx0aWFCOGNMUXZkM25JRUx1cUxFQUFIaDI4bQ?oc=5,-0.3612,negative
2026-07-07,2026-07-09,MSFT,"MSFT Stock Drops After British Hedge Fund Slashes $8B Stake, Almost Ends Decade-Long Holding - Stocktwits",Stocktwits,https://news.google.com/rss/articles/CBMi6wFBVV95cUxOM1RQaE1pTk1icVlKOUdMZDN5UDBMa05qTGlJeEd5M2M4SGNqWGU0V2gwd1J2NmNIaEVndk5DZnd1T1JDMkcweVVDZnh1cXBVejdNRUQxUThWQ0xackhfZEl0VC1oTjFTTXV1QUZfU1R4b1dYV3RtQjk0TU00QlkyUm9UNkFiNC1PVnBFM1JkdXlGUW14YjdnR3NkYnIzUlE2YjF0ZGtDY2QwdGI0ZUFnZEJVeUFmRkpUal9WYTUyVHY3d3VQeElqSmpQeVBsTzQxTWQyd2h6MGVmYTFTbDh2czVjSmhTZ0VnWExz?oc=5,-0.2023,negative
2026-07-08,2026-07-08,MSFT,Is AI Unlocking New Pathways for Microsoft Corporation (MSFT)? - Yahoo Finance,Yahoo Finance,https://news.google.com/rss/articles/CBMirAFBVV95cUxPSFctbHVPbmUtMVR3bVRNQVpTZlB6NkVRdzdKWnVLN2Q0dXJRZWtJWlhOUHJieDJ4cEJQcXVLaGtCV0RGQXR5cDdyMThsQlRJYS1lNFFwZVEwM0ZXblhuNDlJWHJRRWJVcHJDZXo4emx2LVdVald3NEEzcDhrZk1mU1Q1T29kcFdqa1J3Nl9QQlFHUmtBeVFMTlMyWHhadUJHcjdxcTd5VlhRcXF6?oc=5,0.0,neutral
2026-07-08,2026-07-08,MSFT,MSFT Stock Price Prediction 2026–2030: Can Microsoft Recover to $700? - WEEX,WEEX,https://news.google.com/rss/articles/CBMiwgFBVV95cUxQR3BsUjFFQ2wyUkF3VWNORlhKakV3WWN5WVRSOFdVMEN5SEwxaUR2TXVOeXJYYTRQNXZ2SGFYSTZ4Q2Q5TmdONjFaTWl1bGRKTk41enVXZ19nM1B1S2p5TExPQ1Q5UEl3QVBwM01WSl9mLTZCakFnZUhKSHEyeDFQZHNtbGJBV0QwalVRcHlYT2ZMaWlpc1RoOHlmV1NhRURrR0U5TGRfWEd1d2h3UURRTDNzQ3paTlhsem03eTdaRmxpdw?oc=5,0.0,neutral
2026-07-08,2026-07-09,MSFT,Microsoft Is Downsizing Its Xbox Unit. Will That Rescue Its Stock? - The Motley Fool,The Motley Fool,https://news.google.com/rss/articles/CBMijwFBVV95cUxPRGU3bHlxM1lYaTFFU1FFRVBiZTVJRHJLdklQZ3JSbkItaHp2OEdhRXlMTGRoNkJpM1Z3Ni1nN2Zhc1U1a2piYWduWUlTc0hNSk9pV1Z4TnhTQ1JUY1dqQ2tpbVphcmlhYzV2d04ydWo0Uld0UjU1TVRVaEhraGQtWktUdVBOV1kxeE1lS0RxNA?oc=5,0.1027,positive
2026-07-08,2026-07-09,MSFT,"MSFT Stock Jumps 2% — Microsoft Looks To Save Cost By Reportedly Swapping OpenAI, Anthropic Models For In-House AI - Stocktwits",Stocktwits,https://news.google.com/rss/articles/CBMihgJBVV95cUxNV0xBVnA2di1UbHFrdVF2MjExeWdQTmt3eHFrSTMzbGRhMzdxVXNMaVRnRXp2YmIxV1lBNGNpS2cwSGlRMWhFdTJ6cnkwT3BjcEM2dk92Y0Y1QkQwaXRTTUtpRHFBMlc0NVR3VkZ1R2tELXJZZ0JlM1dRMkc4d0VlOW55cHFJcFpidjA2amtKVzBXWE9vams3WmRFenQ5Ty00c29LdUNsRl9FdWR2NUg0TUFIa0g4ODBiOHVUM0s5dE1HdjkxV1RnZi0yTUs3VThwR3k1Z0REZENoWWtpWE01ZVpTUjNYNFZ4VVZ4TFVRMGFwaktSWEhWUG1sY0hoM0pxc0lHemhB?oc=5,0.4939,positive
2026-07-08,2026-07-09,MSFT,MSFT Stock Update: Buying Opportunity After H1 Pullback? - top1markets.com,top1markets.com,https://news.google.com/rss/articles/CBMigAFBVV95cUxPVGc4aWtjUHNKam5iQ1Mxdmpkc1RUMTZLMG16RlhBOUh6YmZ1REcwMUFLcE1GVHhLdlUxb0stN0YwX193U1drR2ZiS2xrVlpXckx5aHluX2Exd1RjTWRRdXZJUm5pUm9kMXhRaXdTY0hYV0MyZzhGZ3RxTWtUSHRGNg?oc=5,0.4215,positive
2026-07-08,2026-07-13,MSFT,Microsoft (MSFT) Stock Outlook for 2026 | July Edition - Forbes,Forbes,https://news.google.com/rss/articles/CBMijAFBVV95cUxPVmtVQTVaakRua1c0cFJOeFNYWmxVakR4VkNPSjYtYk9tQWRmTkRjWWNYbzhfeEZuMFhqbjhXb0x6bFR0Q29XUGVVckNvcmRBVF9JeWUxbTA4ZzJKanlIakRBbVhXLWNkYTdwaVZKcXJJdmlWU1NSd21KQlVxRFVGeGREMkIyUXVCTHFkbg?oc=5,0.0,neutral
2026-07-09,2026-07-09,MSFT,"Why Are Microsoft and IBM Stocks Falling in Pre-Market Trading Today, 7/9/26? - TipRanks",TipRanks,https://news.google.com/rss/articles/CBMiqAFBVV95cUxNR1lHN3BjNUViY0J1WWhLaWNYQXZTTHg5UFZMZ1lWb0FYZjZhVnM3czdodjhCOXRFU1BmRGVvTjRiMGZUWV8tb0cwOERFR1lHWkp6WWlDQTlISTBNalozTjUxQ0V0NG9NSjJieGtkbWlkNUZ1M0FnR0xTN2N4eG1hVDJkVi0xa2gyQ3Q5X3k2YW5mbkt0bU85NlZ1VTFlanJBcXBack9XOTE?oc=5,-0.1531,negative
2026-07-09,2026-07-09,MSFT,"Fund Update: 195,117 MICROSOFT (MSFT) shares added to WELLCOME TRUST LTD (THE) as trustee of the WELLCOME TRUST portfolio - Quiver Quantitative",Quiver Quantitative,https://news.google.com/rss/articles/CBMi-gFBVV95cUxPbEhWeFI0ejZSQzJTQ1c3RkphblhhbVUtYUt2LXpCbnY1RFJwaWxtY1U5amtzQWVFdWEyWDU1a1JncXBwQjF3RXFIWGVjX3l2NS0wN3NMOGxudU5nYXplSjVTZHItdDdhV01BRUxVS2NRTU1ObHdhNHhGbDNBbm5TU05ESGkzaUU1SGw3b285NEwxZnJmd1dHTVpueVNlN2Jma0pHc25CLXE5OGhmd0ZSYW9PbkNNRGNxOW5NNHRxeW9UX1dNVlcxMTQwSEdmTzVvcHc0UERjdXlUeDVzUEt0ZVhqRk9vRGtMR3gtQnVSUG52SHptem5MZlNn?oc=5,0.9055,positive
2026-07-09,2026-07-09,MSFT,Microsoft (MSFT) Just Opened Another AI Data Center. Why Is The Stock Still Struggling? - Insider Monkey,Insider Monkey,https://news.google.com/rss/articles/CBMixgFBVV95cUxQcFhTejB4QWRjN2QzVnBVNlFPYUswLU9MR1BqampBWEE3WXRyRXRFZDNva1ZGeW9OWTRfYzlqRTB6MFBaaU5pa0RVemluT0VyUDJXZjlJZFN4MlNNTi1rd3pYWnFMS0xmWDJkaWpCUEVZNUV4N3RyRTkzb0wxVmhWR1MzUWk3b1NycjFpdXNIR2M3M04yQ1pacUx1T0VaaURGaVpOUFhJa2JzUkV3bURCWFVNQTRvX0xoZUFCSElpYTRyQk8wVGfSAc4BQVVfeXFMTS1vTjJ2ajl1OXhYQ3Z4TkZHMkdwSXhLbzFvTjIwZWxTbGNZU1RydHQtWU82bXdtRTFsT2dqWGRDWVBKREZTalVZOGlieVhKZWRLaUpzM1FqOHVZTUcyZkduSEFIaEdRWEdobWNaTE5yLVpIcVh2YlBCcXpUY2pjSXZtdHhkUXdqZ2hheEJtazkxd1gtOFFiRTUyZDhwZEdxUm01N2M3SE5HdFZuRU1ITHlyTU9MWFpEZ1c2N0hkT1BGRVVVeDFpLVl3Z2luWXc?oc=5,-0.4215,negative
2026-07-09,2026-07-09,MSFT,Microsoft Just Hit a 1-Year Low. Here's Why You'll Regret Not Loading Up on Shares Right Now. - The Globe and Mail,The Globe and Mail,https://news.google.com/rss/articles/CBMihAJBVV95cUxQS1dvY2dNTmRkbmI1eFpWbEdCeHhBR055a3lZWDBRZ1ZQdnZJTHhWMFRmM3FHMUZ2SndFUDk1TFJBRnk2cWpnV3BFbi1pbjFtMTJNNzZuMDFhaVpIaFJQTEhsaUJoM0xQMVhHUERQVVcxVU1RWDQzVks4VUZzNnZMMG5VaEdJSm1BWWNrSm95S0xNRHFwMXJwNnZYNDRqTTFoUXlXcU14RmlFUXNVU0l3Ym1qZjlheURhLWczdTNad3FacFJZbUkyUmtBN0pJcHliMkdqZHg1VEhNT3JqWVFoMzdtb2NSbU5JQ0g4UkY2WDBSUmdsU052aEQ0SlhZTHJNSDJIYg?oc=5,-0.4019,negative
2026-07-09,2026-07-13,MSFT,Is Microsoft (MSFT) The Best NASDAQ 100 Stock to Buy Other Than SpaceX? - Yahoo Finance,Yahoo Finance,https://news.google.com/rss/articles/CBMimwFBVV95cUxNMWFKTWxDM0szRW1NZHlielZhTkxqYk96MEJHbGhUSVNUU0N4ZkNjRk5GNU1yYzlxUHRzTmNRcUxiSkZ2X2cwRUMyYWFFb0RHWnlQY1lUWVYwRU95Mkx5cU5UcWNEZEd5TzUxTERKYUo2dTlHa2lfY09lZmtLNG91TEN5ZGRnOE5zNHZYd3VfMjcwcndxTWNpcVdyYw?oc=5,0.6369,positive
2026-07-09,2026-07-14,MSFT,Microsoft (MSFT) Just Opened Another AI Data Center. Why Is The Stock Still Struggling? - Yahoo Finance,Yahoo Finance,https://news.google.com/rss/articles/CBMinwFBVV95cUxNZlE4aXNZNTBvOW5ITFltcndKaGl5UkRlLTUtT2ZaeE1pLU15UE9oOW9fV2dtWEU1QUl1VUFXUXdZTTRwMnRYdHAtZHpTWTYwTkpydlNmZzFLVE5oNnZNdmo4c0JaU2JEVG80VnhKdUhsc2xtNmlsa21ZWUxqd29EaTcyNGdTTEJ0OUxxajdxUm9KSkJKbWtyV2lpc0hzWW8?oc=5,-0.4215,negative
2026-07-10,2026-07-13,MSFT,Is It Time To Buy The Dip On Microsoft Stock? - Trefis,Trefis,https://news.google.com/rss/articles/CBMiqAFBVV95cUxNLUY2a09XN1cwWDV0QVFtMHJ5MktnYzlpZFhDQ0pWOFF0UDZUeGw1Mm04QXZoZFA5Qlc2aWk3TFBma1ZCRzhPeUFNbnQ2MVlCU1pncm42OHJoOUw2Z0NjODFoWWx1UlFUOFdOcGRMVEcxOURraTZwRTFnbks0MFdCU1ZkT3l0Wk1Rbml2S1BzRjFhdE9idXpadThCcktSTFNJUmdLX0FHR0o?oc=5,0.0,neutral
2026-07-10,2026-07-13,MSFT,Microsoft Stock Price Prediction: Another All-Time High Ahead - 24/7 Wall St.,24/7 Wall St.,https://news.google.com/rss/articles/CBMipwFBVV95cUxNMTduVjBzb3BKQWYzT3BXdUthUG12VXIzd0JfRGVaWVFOQjB4QlhGWHRUNEV6UVVCS2dPcHZkVkZpdDg3MVpPSzVYZkUyMjlwcTJXaWJkbVQ2RUM1SFV3M2xmWlFob05iVFdVX2pXV0ptX0ltZERPMmU3Vm1FRVd3Y2FaTkZGWlV0bGJHUmpmOTNVdTV3NUpzaUZSeG1WZkw4SGNuczZCSQ?oc=5,0.0,neutral
2026-07-10,2026-07-13,MSFT,"MSFT Stock Gets A Price Target Cut, But Argus Still Sees Nearly 32% Upside - Stocktwits",Stocktwits,https://news.google.com/rss/articles/CBMixgFBVV95cUxQSWszRXlsUnM3c09EaklTeEdSQ2lzQ3N2M2pQRVZ1eXJneGhpdkhTc2hsakRzdUxiV1JqRW45a1llLUdOX0lMQnN6VGYzTWNqNzhVRHU5MnZmUUVLcTBYVlZlckdueVNCeUsxTmx6WS1GbXV1cm9sX05jMHNwZE1TVDhENE9fUm16OXI4N1Zkd2haaWs2R0p4Tm5vcFRnNzR2V1VGRl9VdTI4cnVERWhISDQ2UEMzejNSR0lwOGpCQTRMMTl5UXc?oc=5,-0.1406,negative
2026-07-10,2026-07-13,MSFT,"AMZN, MSFT, GOOG, ORCL Designated As Critical Third Parties In The UK – What It Means - TradingView",TradingView,https://news.google.com/rss/articles/CBMi2AFBVV95cUxOdC1Jb3NDYUVsSl9OeHJGT1NmQmo0U2tyY1FfMWNIandXZ1BnTi1Ja01SaHhXU3diTi1FeHJCenRsTU9HUldDS0UyRDM4OFdRczJRRlRGUHlMYVUtOTJ5NDl2TU5SS1hoaGlZUFlPTnpLN1dGcC1YdmtDYWtPdnpENG5WSkhKU3lWcmd2U0RTV2VzTTVWWUE5Z3I0UjQ5b1ZqZmRNeWhzY2IxSnlyRzdidEs0Tl9OQjd3aXFJRjRQa25penpNTDlaeTZWclprSy1pN1AzYWNjajA?oc=5,0.1027,positive
2026-07-10,2026-07-13,MSFT,Here’s How Microsoft (MSFT) Is Entering The Edge AI Processing Arena - Yahoo Finance,Yahoo Finance,https://news.google.com/rss/articles/CBMimwFBVV95cUxOMUxZdFBxUVoxeU9kOVZXTFZOc2tpWEs3LXhob3JJNlFpLVJMOVAwRTEtZDRnV0s4UkpLNWdhTWxhZldhMUxCSE90ZHJFNXpiajZWNk40QU1lSkNxTlZIR2c2ZWI2SmwxOS1QZF9FU09MdjBkd1JqSGk2d25oNHJ5ci1veGFJZ2w2XzFELTRkVlpLOEFlX1hLY3FUSQ?oc=5,0.0,neutral
2026-07-10,2026-07-13,MSFT,Microsoft (MSFT) Stock Looks Cheap On Earnings While Cash Flow Drives Debate - Yahoo Finance,Yahoo Finance,https://news.google.com/rss/articles/CBMingFBVV95cUxOSlZOZnR1T1lYejZSZkZmZlJsNDBsMDhzbUZUZUtrZ0toMC0zZm83eTZQOXR0R3VzVWFFVGZRaU9vVU5SOURTMTFLRVNRbi1QVG94VUpxY0liSzY3alFkMUo5dUNJOGpTd241RHZEVEctOEVNdG85bk12cHVFTl9pOHk5cG8wSEEtWVdnUkRnQVlWcFhJWVg0MXV4QWhYUQ?oc=5,0.0,neutral
2026-07-10,2026-07-13,MSFT,"MSFT Stock Gets A Price Target Cut, But Argus Still Sees Nearly 32% Upside - TradingView",TradingView,https://news.google.com/rss/articles/CBMizAFBVV95cUxNUG83U0JNaVBCYmhxcnNxZWR5MzdhRTIySUVYOEZBTlpSMWYwNE9nUGVsRk9NS21ZWHlWcjBMcGVBX2xLdDdUdTgwbXo3VUt0ajg3N3pkVjRtTjlRNzlma3hTYkRqOG5SWnAxbFRVeDYxa1RxVkxaTG1pRG1RTVBBZVpic3FwOTdYRkRPSmxLVTRzenUwQmhYeTd0cmExaGlRcWc5YjJXNnpxYndfVlVEaFVRMEFnUU1tM1ZLWkdmdDNVWXRqMG55bEdwbGI?oc=5,-0.1406,negative
2026-07-10,2026-07-13,MSFT,"MSFT Stock Drops After British Hedge Fund Slashes $8B Stake, Almost Ends Decade-Long Holding - Stocktwits",Stocktwits,https://news.google.com/rss/articles/CBMi6wFBVV95cUxOM1RQaE1pTk1icVlKOUdMZDN5UDBMa05qTGlJeEd5M2M4SGNqWGU0V2gwd1J2NmNIaEVndk5DZnd1T1JDMkcweVVDZnh1cXBVejdNRUQxUThWQ0xackhfZEl0VC1oTjFTTXV1QUZfU1R4b1dYV3RtQjk0TU00QlkyUm9UNkFiNC1PVnBFM1JkdXlGUW14YjdnR3NkYnIzUlE2YjF0ZGtDY2QwdGI0ZUFnZEJVeUFmRkpUal9WYTUyVHY3d3VQeElqSmpQeVBsTzQxTWQyd2h6MGVmYTFTbDh2czVjSmhTZ0VnWExz?oc=5,-0.2023,negative
2026-07-11,2026-07-13,MSFT,Microsoft (MSFT) Stock May Be A Bargain On Cash Flow And Earnings - simplywall.st,simplywall.st,https://news.google.com/rss/articles/CBMizAFBVV95cUxOd1pjOWVBVmJDTXkzVEdfUnpfQUpEUUk5XzVpNTZhZ2FEUlZRR1M0dXlLQWVDVGdOcElGYmo1MDBzVmFRRno3ZWx0a1h3Skc3UnUtQWNEa3k5TVp5QmNnaXZ1dzRLZEhqazNwUXhaLVNUbUVnc2JxckJMRUloeFJvUVo2YWVLalI3MGh2eXVKZ2NzWTZLSE9zSUxDaXEweWpkVVpWTl9jbThrMU4tUDM1WFhralhJdXJLSFFnS2pvMzZXUk1aa3hPRHFZM2nSAcwBQVVfeXFMTndaYzllQVZiQ015M1RHX1J6X0FKRFFJOV81aTU2YWdhRFJWUUdTNHV5S0FlQ1RnTnBJRmJqNTAwc1ZhUUZ6N2VsdGtYd0pHN1J1LUFjRGt5OU1aeUJjZ2l2dXc0S2RIamszcFF4Wi1TVG1FZ3NicXJCTEVJaHhSb1FaNmFlS2pSNzBodnl1Smdjc1k2S0hPc0lMQ2lxMHlqZFVaVk5fY204azFOLVAzNVhYa2pYSXVyS0hRZ0tqbzM2V1JNWmt4T0RxWTNp?oc=5,0.2023,positive
2026-07-11,2026-07-13,MSFT,Microsoft (MSFT) Stock Forecast & Analyst Ratings - Moomoo,Moomoo,https://news.google.com/rss/articles/CBMimAJBVV95cUxPYkNObktLN3lvbDBrUDF5aGpjZU9TMnBtdmhtMEZ6TEU5Wlo0cHdhTjRyckNzN0pQRTU0Ny03c3JzYTBFaTI3Si1XV1JOY0tYWFZqYzU0anFzR3d3YW11VTBtNnlVdkg4Mkk1ZEZPS1E5Z3E0eXE4U0FNSno0a2tWRXAyM3NUcHNZZUJPcnpTbFRpR2xwdWRSTTNRWjdxOFh3QlFud04wcUpJYTZTNDVDWFFQUFkxTzJ0YmF6VVhua1c5ODBBdDZlQ185ZVpDQ3EtTXl3LWVkS2xiNENJR1BoY0ZLZERYb2FfYXJEaklqWW9majhERUVuaG5Kakp0TTJMTnNJMjNHYWIwNmpHWHh3U2I1RU5zOTNE?oc=5,0.0,neutral
2026-07-12,2026-07-13,MSFT,Should You Buy Microsoft Corporation (MSFT)’s Shares? - Yahoo Finance,Yahoo Finance,https://news.google.com/rss/articles/CBMipAFBVV95cUxQV2c5cF9jQXJQbjdWbUgtYlB6NWwtaHdBREpnb1Q3SXFCb3ZfYnZIOWVUQ3NiZF9ibmVINl9SZ3p2YkZLUlRfM0dMUVNTVmFaYXZ5dS1hcUQ4ejZldEtEbzdIVGpEemxOSTVuTWpHSWNmcTNWdjZyMlBxRjFaVmVKZjBNc2FkUDc1N1VRaGVSb21VdXFKLVNqYXNsTjBaVmpnby14MQ?oc=5,0.296,positive
2026-07-12,2026-07-13,MSFT,Microsoft Bets on In-House AI to Cut OpenAI and Anthropic Costs - MarketBeat,MarketBeat,https://news.google.com/rss/articles/CBMiogFBVV95cUxNRFIyUGtBeUpnVC0wTTJKNjFfN18wUWdrbnlCbGpwRE11UFc2N05aclRMajdRLWpOYVBJOTFjMGsycmNia1lJaXR4QmdFOVNBSkNxQmtKWFcyR3pMTGJ0ckd6SS1pQXU2V25QYzd1NW0zbEcyYVlRamh4R1VGZHBwdEltWVhQYUpEZktFa2dEVVRFMEcwel9xNEsycVJlVjBDbmc?oc=5,-0.2732,negative
2026-07-12,2026-07-13,MSFT,Citi Analysts Name Three Tech Stocks to Buy Ahead of Earnings - Benzinga,Benzinga,https://news.google.com/rss/articles/CBMiugFBVV95cUxQWUxuc1ZibEZTbEVjOXdsOHJlRkxOTFlhVnd1ZVIxZGh3OUVfeUE5T1U0RFp6alhGcEVyaGZYWjI5Wm1neHB4ZXowZjN6S09zdEpnQVB5M1o2MWtJcWxJalhUWUI5YlFvcDlTQ29RNjg4ZndIbTRKeDJwYUJKYTR2M0xKdF9GdmphNEp3VDJ6cHo0eV9vZ1NTYjNWOXhtbXRqZDg3MmlodHlmRkNfRVZRLXAxN1F3bFdpVlE?oc=5,0.0,neutral
2026-07-12,2026-07-13,MSFT,Goldman Sachs Sets Expectations on Microsoft Stock Ahead of Earnings - TipRanks,TipRanks,https://news.google.com/rss/articles/CBMinwFBVV95cUxPaHZFdE9kRmZPSXZ4VndhbUQzejFnYnpTMjlvMmZxcmN6RXlTaW9xV045azlDMU5lNU9xdndLRWwwTnRqVVlza1pnMThJSGVrX1ZCT0RvcUJGaGpDQlh6LWdQNGNqQ0JvaHRIbk5EVTFncWtTQ2d1Zi1MYVpza25xTWFhTUNac1ItSkR1OEZfaUY3NVVKN1MyZUFVcENFYms?oc=5,0.0,neutral
2026-07-12,2026-07-13,MSFT,Microsoft Stock (MSFT) Opinions on AI Monetization Concerns - Quiver Quantitative,Quiver Quantitative,https://news.google.com/rss/articles/CBMinAFBVV95cUxONkJsX1RJcEE2dXJSV0JrZHlBWGs0MjZyUEJSNjlGblB5SkkzUWFDSTl4QjROSjk2bG0wYjhtaU9MYTFwMUliTG96djEzeUxFa3l6ck5vN1pvYWh2V0pIYnlaOW5QX1BnWlJELTZMRHMtSTR2Rkp5alRmLWJKVVRfUmVwNm5YTDZYUkxIZkxsVjZHR2ltWllEeGxRblk?oc=5,0.0,neutral
2026-07-12,2026-07-13,MSFT,"AMZN, MSFT, GOOG, ORCL Designated As Critical Third Parties In The UK – What It Means - Stocktwits",Stocktwits,https://news.google.com/rss/articles/CBMixAFBVV95cUxNNTBpbEl1TWszWF9RdE5mTlZKSVNDQ3pPTGFPc0pNWUFlbjdnYjVJQ0hnWFNXb3ZWdS1lbi1waUlPcnh6M1BQSktpN3FEd0lzZnpVS25oeVh0bGNsOVhwMEFXX0l6THktWjlieEtMVHZ4YXhBTlJaMThZMFZicG1zUk9CVnhHcy16NmozNV9ocGxKbHF1MXZiTTJJa3l5NU1USjJGYlpIbXRkbkdITXIzYTNsV254M1dlRFh1dXVTZGI3OTly?oc=5,0.1027,positive
2026-07-12,2026-07-14,MSFT,The 1 AI Stock I'd Buy and Hold for the Next Decade - The Motley Fool,The Motley Fool,https://news.google.com/rss/articles/CBMimAFBVV95cUxNQmtWQkZ0a05vbHU2ZkEwcmNVNkhXcjIwelBTY1Bnel9DUndYelpONlVvODZtWnhVaHhQTlRMeDh5cFptSVpjNDZBemFuTWlwZ2tCV0NLLTh0WlA3VjRpMmZCcm9fRmJMUWU3ZHBkSGkwcEJ1cmdGUkx5eF9aUUs5dVpJWjBZN3V3SjBVWmEyUldYRVRueFo3TA?oc=5,-0.4404,negative
2026-07-13,2026-07-13,MSFT,"Why Retail Traders Couldn’t Take Their Eyes Off These Stocks Last Week: AAPL, MU, MSFT, META, BABA - Yahoo Finance",Yahoo Finance,https://news.google.com/rss/articles/CBMilwFBVV95cUxQaklJaUUtbTBqU1c5N2RuQmdoODlZM3JFa1lia0lJck8xUWMyNmRQX1ZlV3pkdUIwZVRyWGJVNnVVT1FCOU9qajRJaDY0RUxYWHczcTk4TlJlSFZyanEwOC1HSzV1WENTOWJNdGV3eTU5NmZPejJ4Q19RR2daNUNnOHI2ckVxSmlYbEh2ZkxPUml4WTg5Q1Vj?oc=5,0.0,neutral
2026-07-13,2026-07-13,MSFT,MSFT Stock Holds Up Amid US-Iran Geopolitical Jitters: Retail Calls It ‘Safest Earnings Play’ - Stocktwits,Stocktwits,https://news.google.com/rss/articles/CBMi6gFBVV95cUxQWWZWTmZ2MUtUeUU3VDJVTkRTejNUcWNEb0Fvc3ZXWUk1OHM5QnN6Q1dUNzdYUlFnU0tueHYyblZvZnVMMFhpVVZBa1NSOXdzNmRtU2FiYVRzWmhzUUluejVsZFo1dkhKbzQwMFdTQVNBeXhQdHhmUGdydXRkLVY5QWVGcElRVVFwS1RSak5ScmVxeUpyc3hKSXFYWmd0THp1eW1EQVVFbV9kWVQwZFJ0RExtT2FRdnpXUGRLMEQ3TkYtdkZ3eXNGc3p3ZS05R3Z0VnJOaU45R0U0Z0R5OW5aSWRuWC1nZl9sc3c?oc=5,0.0,neutral
2026-07-13,2026-07-13,MSFT,"Nasdaq, S&P 500 Futures Slip As Iran Tensions Rattle Markets Again: Why MU, TSLA, BATL, SKHYV, MSFT, TSM, SLS Are In Focus - Stocktwits",Stocktwits,https://news.google.com/rss/articles/CBMigwJBVV95cUxOblNnMHlRNDZKOTYyREowcEF2X3V2bGdvY04yTEY5SThtXzFnQUFFRnVFR2stVVo3VG5ndjhrekxtMFNoZmNwMS1FWWxYR2kwMnA5alpQSjJwRzhRZ0FZMVl2bnduR3QzWHN1XzNoLVRUUThQLW1lOWo0OGtQX2F3NVB1eEVqbjJRNUc0UnJONHBwOTEwdWdhd3dsR3c5UHB3Ty1UelEzTjZ3TmZjVzhUem5XTzkzVkNZU1V1U2c3aU9LZjJZdFRDay03U0NMNGJ3c19YYmI4Y0JFSGNtQ0NVMlJlZXBHSjM5bFIwM1Q1OVNSQjRySEtDa1R2RDJhOGFSdkF3?oc=5,-0.4019,negative
2026-07-13,2026-07-14,MSFT,MSFT Stock Has Bounced From This Price Before. Now What? - Trefis,Trefis,https://news.google.com/rss/articles/CBMitgFBVV95cUxOT2d4ZlJOci1mYmN6c0xkak1naWJxanBwOHU5cW10M3FScExmQ3lpM2U2a0VEMXVYM1Z2RDBjOTU3b2x3dWFyS0N6MzM1RWlmcF9Qd0F1N2MxeDFmUlNvMWlyaHNobm5ObkVNZmV2SXhXQnY2V19oa2RvX3R0YVEydTBJQVNrdTJUNHlZQVJNblY1Nl8zZndxNDlpTlZvWU9NbkZwNF9KOVN4UzdKUmJrb0VPZ0pvdw?oc=5,0.0,neutral
2026-07-13,2026-07-14,MSFT,Should You Buy Microsoft Stock Before July 29? - The Motley Fool,The Motley Fool,https://news.google.com/rss/articles/CBMikgFBVV95cUxOa2IzeGU5OHVEZmdkOE5LRU15cDlmekxUdGZNRkNrZlJaRWdORnNXQUpLem12WXVSaldKaWVjT3BPaG9nTW5wM3JyNE95T0VHRFNuSVNfaEZnWl8za1VWSzVwRUctZEZOVENQUDh1R0Z4NUJrWms4NVh1WVNTcThOM1NSQVNmdzFjUDcyT3YwcUpydw?oc=5,-0.4404,negative
2026-07-13,2026-07-14,MSFT,Why Is Microsoft Stock So Cheap? - Forbes,Forbes,https://news.google.com/rss/articles/CBMilAFBVV95cUxPdTZaVHk3N1czdlpWdE55OGF2d1loOTBsUkNLQ0JLRVFjS3RIRGcybHVwc0NpSHZwQ1JxMnU0YVBoUzdYU3hsTXRwVzVYSjFYWW5BYktpcWEzY2RmSm9RUTRoNWpnVjN4SjgtRy1VSnc2SUdOdF9Fel9uWEJ3TmRQbFE5bWQ4VExwZ3pKTFdHRXQ5TzQ1?oc=5,0.0,neutral
2026-07-13,2026-07-14,MSFT,"Why Retail Traders Couldn’t Take Their Eyes Off These Stocks Last Week: AAPL, MU, MSFT, META, BABA - TradingView",TradingView,https://news.google.com/rss/articles/CBMi6gFBVV95cUxPZU82SG9IdGlrbDN0MG5yU3VBQWVqSEdNNnBwTWxfUDcxMXBGemxLbUZNdG5pR2J6NmRXRDA0SXQ2T1R5Wi1ieG11d0xUMWJlZlVWd3NMSTVmY1JLWVhKMktibEtZWVNoNUhsWU1xUzBOLTdUYmY3ZUZzdmE0WjVJWmhBaVFGUmdkMi1PNEVaalRyMS01RFlsajFxX2kzeV9RcVhzekNzdFlSUnhsMF9xWnljQ01aVlBvSXFGR2JVWll1Qk1UMzRLRExfV2tUVjZ6SjBtRUtuZl8ydXIxR28yNUR6b2FNWndPWUE?oc=5,0.0,neutral
2026-07-13,2026-07-15,MSFT,MSFT Stock Holds Up Amid US-Iran Geopolitical Jitters: Retail Calls It ‘Safest Earnings Play’ - Yahoo Finance,Yahoo Finance,https://news.google.com/rss/articles/CBMikwFBVV95cUxNYkVLT25NbVNfM2dJbEdxUDJxTFg4RkFrRUlTa3dDd1dkX0ltRTlCOXFkd3BSeG5fd2hIZWhGdWNoWUZlTGZwaTJFeEZYVHlPb2Y4Q0F6MG0tckNYMktYQ0ZuQ0xRMWtnSXlMYkZzWF84enZaMHZrRzZmc3BLaWRiWnNvaEhSY3BwdEhsZWNTYjZIaWs?oc=5,0.0,neutral
2026-07-13,2026-07-15,MSFT,Should You Buy Microsoft Stock Before July 29? - Yahoo Finance,Yahoo Finance,https://news.google.com/rss/articles/CBMilwFBVV95cUxPTkN3NzA2a01zXzlUc0pRclBVVm1ZX3ZpTXhMRjZia3hrWHB6WXc1c2tCZHB6NVZrWGp3enFQcjRrMkJVSmZ4Q3F2WHE3Y3p2UVVnbjRLYmVzZ2JxaUo3U3k2NlJsQU1obWRzb2dTRWZnQlh4MXRqei1iSlJyazNybTFtSkJnMmRUdWVFSkpHVlhlZ1U4RDEw?oc=5,0.0,neutral
2026-07-14,2026-07-14,MSFT,MSFT Stock Bucks Iran-Linked Sell-Off: Microsoft Releases Mac-Style Search On Windows 11 - Stocktwits,Stocktwits,https://news.google.com/rss/articles/CBMi5gFBVV95cUxQak1TT0hnT2RaUzFDSEZrZzloSG1uMjhHV0pybGtxYWdqRUtnUWxvRmJYOENCNXQyejNrSkJNY1NOZG9BWjRpY3NnTGNQNjZqQkhZdWVNaGc2TnNfM1JRSldhM0FtdmpiMThWUGluTnpWbHByanJxMUpBckVWMHh0WGJISDZYeXItVldUUTdUSEtRY2ZMTEtLSWh6dXp5Vy11dWNka01vMTNGWnlHaWdXOUZsVWp3WnRhXzRpOEFPbzVpZzMyQW93aHF6Qy1SWTdvSl93YmQ5V0hncUFPQWtPLVowQXRnUQ?oc=5,0.0,neutral
2026-07-14,2026-07-14,MSFT,Prediction: Microsoft Stock Could Go Parabolic After July 29. Here's Why. - The Globe and Mail,The Globe and Mail,https://news.google.com/rss/articles/CBMi7gFBVV95cUxPR2ZVOXpiT2ltZEMyS083dmV6ZDFWNTV2ajI2VC0wckl4cnRtVXZVUHlJYlFrRlpDQXNMSHFFRzVUeTVHTTFIWHQwa2hHMUI1dnhEM0NYY3lKZm0wSkUtSF9Qa0tsWl9hSDB5di1DUXhKQzdSY0tmaS1za0FQRkZOVmFGMk1GUkpRR3VMVXlIaS1XNkRCcnpaS1U2QmswcGhfZTNyY3NWeFg5cnd1ZTZ2bkNGT2hIM3ZqXy1pSDA0b1d0UWpGa3NhM00zVVppTHFHNlRzZXYwcVEyVVZjOVdOUllaYXp5MEg5MnpNV2F3?oc=5,0.0,neutral
2026-07-14,2026-07-15,MSFT,How To Get Paid To Buy Microsoft Stock At A 30% Discount - Trefis,Trefis,https://news.google.com/rss/articles/CBMitwFBVV95cUxOWTFfakowTHZEcmZtM1pnNUdKaGhEMVlUc1RrczJKaDJLdXhhRWR2VnlOdzJYZUVkZkJWZ3VWWHZCLUZFVkdIQUNEZ0otUGtLbk40bFJ4QV9rLXJ3cVFWanhTMmYyVExXdzk1d2NLcWVXbzVFMEp2Zk9POEl0dm9tNVhnem43NHREQkcya2tIVDBydXRSQWhDWkdGRzl1b00tazVKVkNjTmdhT0FqTGtVcWhVdXV2U00?oc=5,0.0,neutral
2026-07-14,2026-07-15,MSFT,MSFT Court News: Microsoft Class Action Lawsuit Alleges Securities Fraud on behalf of Investors with Losses - TradingView,TradingView,https://news.google.com/rss/articles/CBMi-wFBVV95cUxOWDl4QnJmdTN0TmhIRUh3Z1gwbGZ4T1c0ck83QW1PTkNyck9ER0dUVFBnMm5wclpaUHEwQTJuQ3B0al9RUHAyNFAyMUVoX0hLdmw3UUNjSWQ2RmllRkZSRTd5Tm44MjNiMWVDNm84SjQ1bUhMQ1puRmNJbWtSQ1ZkS01vYXZ1MXRVVk9BanBxRVp1dmNoeFpGWUxtcEk1R1FESHpPUHpMRmgwZlczWVJJb3ZBb2hCaVhXdmotbnNaQ29hdkRIMGZrOEhwZjdSa1g1VVNyMGZlamx1VnpUMkVJRThUem9oTHduald5eHdNXzJGU0prMWxmSXZiaw?oc=5,-0.7351,negative
2026-07-14,2026-07-15,MSFT,GXPT and ACGR: Two Best ETFs with 20%+ Upside for Exposure to Microsoft Stock (MSFT) - TipRanks,TipRanks,https://news.google.com/rss/articles/CBMirgFBVV95cUxPbG40VlJDRmhMT3dOb2VGeUJEMXJzM20xMmo3cVAyTTlOM0lmMkVkUTRPRzVfNnBIU0ZiM0dwX0xualdyS2JLeHgtZ3RLa0NNWWJOOGFQZzlCendkMmNnZUdkWEVtdGNLU3ZEZmc0T3dWZ1o2am1vLXo0UDl2b3d3aTNDNUcydXVaN2xCSjVES1dOaVVNaFBQdTdzT2hWMlMwMlM2M3VzMXVtOTY0M0E?oc=5,0.6369,positive
2026-07-14,2026-07-15,MSFT,"Microsoft Corporation (MSFT) to Cut 4,800 Jobs - Yahoo Finance",Yahoo Finance,https://news.google.com/rss/articles/CBMingFBVV95cUxQMks1cUdIYlBpd0lNNEd6MWI3UkhsNnVVXzY1SW5hYnhVUnd4ZWd1d3lRVzEzZy1nbW81U3Q1Z1VCX3FEc3A5MkF3OXFTS09ITzM4U21TZHZrSnp5YllxWkVodGNkN2dvMmxiUkVvVFdPTDlkZ0YzV2plRFFmUEJYTjBmQ2d3Y1FZRGhvaG94aDRHXzdRMmR0X3VnSGJLdw?oc=5,-0.2732,negative
2026-07-14,2026-07-15,MSFT,Microsoft (MSFT) Stock Declines While Market Improves: Some Information for Investors - Yahoo Finance Singapore,Yahoo Finance Singapore,https://news.google.com/rss/articles/CBMijAFBVV95cUxNUUYwTlA0Y0NHX09TTHdTaldlZER2UndUSko3N2UwbmNlUC11LThqLTJfM1B1VTRZZ25VZmF5YTg0SUlySlJySHA4MC1Tb1c3RzRQM3kzblFYSFBuYU81QUN1eUlQUUM1Z1VuT2xLUlVidEFVeWdtbUo0TFFQQkdaYVJHRURVYnhXNC1OTw?oc=5,0.4215,positive
2026-07-14,2026-07-15,MSFT,MSFT Court News: Microsoft Class Action Lawsuit Alleges Securities Fraud on behalf of Investors with Losses - PR Newswire,PR Newswire,https://news.google.com/rss/articles/CBMi9AFBVV95cUxOT1dWeUxoUkJoUHJjSWZ5dkR5UnFYSmFEemM2bWxZd2VadG5ZTkZDU1NOLWYxZjlFb0luYjlQYjJZTzZDWGt6emw0M0ZweWczS2xDOGFkNi1QYmR0Y1BLYkJRRkk5M05memdtc244R1NHS3hna0FRY0M5QjFBUWlHdDJ6R3hNbUVpallKQ2xpZDZLOEZCYXg4akxyaFNMcV9qbTllV3dpSElQSklIeGVEdHdRYWpoaTlsSGRQcVUzWktBU18yV3FIWUhoSFpiUzNkTmdlLUV0eUxYSlJ2ZHNUcTdZNk9EaEp0UTJscDVxMDZfaWYz?oc=5,-0.7351,negative
2026-07-14,2026-07-15,MSFT,Prediction: Microsoft Stock Could Go Parabolic After July 29. Here's Why. - The Motley Fool,The Motley Fool,https://news.google.com/rss/articles/CBMimAFBVV95cUxPRUhNeUpEcGNEUUx5VFp1OHlnOGwwYU9zRWFLTFU1YmJ5b21OMjhGamlQUzNVcUdYTV9wMVhQOFV0UUhIekh6U21Ucm1DN1FrZDJMLVJHdWZqeVRHbGVZN1ZYWFZ3RXB4c1FINDNrdjB4SEswU2JUeFFRaEIzeFI2dnZjdFBJQUMwU1N4aVFwdTdRcHdTeVo2aA?oc=5,-0.4404,negative
2026-07-14,2026-07-15,MSFT,MSFT Stock Holds Up Amid US-Iran Geopolitical Jitters: Retail Calls It ‘Safest Earnings Play’ - Stocktwits,Stocktwits,https://news.google.com/rss/articles/CBMi6gFBVV95cUxQWWZWTmZ2MUtUeUU3VDJVTkRTejNUcWNEb0Fvc3ZXWUk1OHM5QnN6Q1dUNzdYUlFnU0tueHYyblZvZnVMMFhpVVZBa1NSOXdzNmRtU2FiYVRzWmhzUUluejVsZFo1dkhKbzQwMFdTQVNBeXhQdHhmUGdydXRkLVY5QWVGcElRVVFwS1RSak5ScmVxeUpyc3hKSXFYWmd0THp1eW1EQVVFbV9kWVQwZFJ0RExtT2FRdnpXUGRLMEQ3TkYtdkZ3eXNGc3p3ZS05R3Z0VnJOaU45R0U0Z0R5OW5aSWRuWC1nZl9sc3c?oc=5,0.0,neutral
2026-07-14,2026-07-15,MSFT,Prediction: Microsoft Stock Could Go Parabolic After July 29. Here's Why. - Yahoo Finance,Yahoo Finance,https://news.google.com/rss/articles/CBMiqwFBVV95cUxQOXRkdUVjR1pXMERxbjBETUJjblMyQi1OWi1hSV9tMFBGMkVDV2pPcHNqNFp2ZW9pOTRiaWhPSTY3aTR3dGdSM3VITmxOVjBhbkJlajBsQUdZSC1vTXFwX203WkZsR3VqM3BpOS16NHVYTFlFengwOXVYUTR6ZjZ6Y2hnUnp1WFFvcjhoRXM0cnlwRWY5NjdraEFqb244b0RhakRfcnF6dHBTSVk?oc=5,0.0,neutral
2026-07-14,2026-07-15,MSFT,Microsoft Corporation (MSFT) is Attracting Investor Attention: Here is What You Should Know - Yahoo Finance,Yahoo Finance,https://news.google.com/rss/articles/CBMisAFBVV95cUxPbzhSMGRIa3FJNHl1Q19xYmVqWWpfTmExNFgwT3dNaFJHMnV5dGdBRU9wRXo5WG4xU1hFU0Q0T3V3aWlyc3RtQS1SanlORnFmMFBPSGdQRTIyV3ZpWmxCN1JNbjMyamRDLXlQX1diRzhTSHRpOUlLNU01eHJBU0VYZll2SE1DQkgxQS1rc2tOdllHMk9xcTBocjE5cjd0d1lsQUZRQTU1REpVM3RtNXFlMQ?oc=5,0.4767,positive
2026-07-14,2026-07-20,MSFT,Microsoft (MSFT) Stock Declines While Market Improves: Some Information for Investors - Yahoo Finance,Yahoo Finance,https://news.google.com/rss/articles/CBMiogFBVV95cUxNaWJXUkJBWFI4S3ZDT0cxNkZ0bTFDSTRuRVlnRF83MUxSWjM3ZXJkSnh0YWdWdWhBclIzd1JTMkJPa0VWOEtLMzlpWC0xbEYycjdOQVVHUWoydGZLMTNFZzNTcFBab29MZVBYYlpnOUJFOFhBXzNCcGJwTFJWR09pM21xbWpJR2EzSEdwZU5zVHdxaUVxRm96T18xWnhxSnVYZkE?oc=5,0.4215,positive
2026-07-15,2026-07-15,MSFT,"ADBE, CRM, NOW, MSFT: Software Stocks Fall After IBM Warns Clients Shifting Spending To Servers, Cybersecurity - Yahoo Finance",Yahoo Finance,https://news.google.com/rss/articles/CBMilgFBVV95cUxOM081bHM3MGhmc19ZZkxub2cyNHZTU2c1RjNUSVVvMmpCY2I0aFEteTV6TXZreGxTR0FFMzFUcXpwWUJJdEVDX0hCYWFmMmxObDVqQTFHQVphV3R5UnZSb3RZc3dzVUJGT1NBazVDVUgyeHhnVjR6U3VyQ0h0OWEzRHVxSEcxSTBLNHdoQVBTRTU3VUdGZkE?oc=5,-0.1027,negative
2026-07-15,2026-07-15,MSFT,How Microsoft (MSFT) Is Deepening Its Enterprise AI Moat With a $2.5 Billion Customer Deployment Initiative - Yahoo Finance,Yahoo Finance,https://news.google.com/rss/articles/CBMipAFBVV95cUxNTDVoazctSXVxRFF6ckluM0FlRHpkdTNyc0hTWV9kWlRYTy1zdlBFeFB3MG5vZnhiZEZaMWcxZGIyblVseFZia294RmszbmJYVXV1dkd6LU53RWZIVk9Qa3hja2JFeFkyRWlmVFlZREFYdG5KX1BvTjJJSXlZWl8zSHJBM05aYzNRaGtXREJ3VFZNOXJxWnc3Wi1KXzY1bGU1NFBEOQ?oc=5,0.0,neutral
2026-07-15,2026-07-15,MSFT,"ADBE, CRM, NOW, MSFT: Software Stocks Fall After IBM Warns Clients Shifting Spending To Servers, Cybersecurity - Stocktwits",Stocktwits,https://news.google.com/rss/articles/CBMi_gFBVV95cUxOTnA0NXRVeFlFT0U3TGJUbGdLa3R4RHVxUWFkTjFiVGxMNFpKUzRfNEpWQzhCWTl1SlpQaHFRMEFMeWJwMXk1SC1BQ3pjMmZCLWlfQ18tNFJIc1h1ZzdET0laQjR1ZzhlaXhnbFhZVG5CZWJnOHVrbExCeGFoVnlFSmNvS3gzNndNNi1wWWNnSVVZUXlUZGgzZTY5cFNTQ3BnYVNzdjNnc1Z1UzRBTTlZdUx0Yy0xOFhBZjRyRlpWZFd6dE9aaU5YZzRtekNIcDdNdFY3WU0yczh0aldORFdLVy1XWUd2REpTUFhTOWoxbzN6SjRoY0FpaW9ncl9mdw?oc=5,-0.1027,negative
2026-07-15,2026-07-16,MSFT,MSFT Sees Fresh Price Target Cuts Days Before Quarterly Report – Citi Sees Strong Q4 But Expects Higher Capex Spend In Q1 - Yahoo Finance,Yahoo Finance,https://news.google.com/rss/articles/CBMimAFBVV95cUxOX3JtUWloajNKTENJLUNzV2xQY25tMDlyLXBsNVZQeS00a0xSUzFmSzFKZktJNF9VRG9JUjBvaS1DUGI3RW5MUWlmOWhNX1djQkVfTzBLRVVOTlFmUmMzN05vZlplTWl1ekJ4aUotMTBsQVVxNUNEWUlvTWdldDdQVHRDdU5kOGpnemJ3VExKWGd4U2hBNjFucA?oc=5,0.296,positive
2026-07-15,2026-07-16,MSFT,"4 stocks to watch on Wednesday: MSFT, NBIS, CRWV, SKHY (SP500:) - Seeking Alpha",Seeking Alpha,https://news.google.com/rss/articles/CBMikgFBVV95cUxOdDc5ZkFqNDJySmFKUHpvQzdRYjZ3Q0JDcDVBRGFmazVhekxxVHV6SGJMMHlPcmUtc29LXzlzLXZQT0ZGQXRHQ21XQVhiWWtLSUdHRXRSazlvaEZSblNJYlQtam81SFhxamZPemVIRU1kT0czXzYwMmtsWU05MlE2eGhuU3BTMWlza3g2bTgtZW5CUQ?oc=5,0.0,neutral
2026-07-15,2026-07-16,MSFT,CRWV vs. MSFT: Which AI Cloud Stock Has More Growth Potential? - Zacks Investment Research,Zacks Investment Research,https://news.google.com/rss/articles/CBMiogFBVV95cUxNY2xYMFZoNm92WWNFaGdmOVhJMnYzMXNuTnJyREhlY3pQUzNCNHdadExqRDdWUW1UWV9obDg4aC1QR0VaTU5DSDhtWjd4N0Fzb1FnSnZON3RydzhMY0Y4dGxsXzJ2QnRCTlE4MUY4T1Z6d3hlOGgydWlFTVkzdTJjOTJyRENKTjNpclhVdHhmV215ZGltVFpZMkN4d1pUcnNLb2c?oc=5,0.4391,positive
2026-07-15,2026-07-16,MSFT,Direxion Daily MSFT Bull 2X Shares (NASDAQ:MSFU) Stock Price Up 6.4% - What's Next? - MarketBeat,MarketBeat,https://news.google.com/rss/articles/CBMixwFBVV95cUxPVHBQWGlibmVFX3F5TFpWNEMzYVFuZUpvY0owTzllV2RGVHVhYWdQbGk5Q2N1a1I1b0R5aV81dWZvcjhDUUVVX1lheXZVRnJvbFl1RlY2MS1DSWJhNG03bHFyZXliNzYtVHlFbEI2MzdVc3pXaEZQTUxHc0JxdzB5QU1iSm9EQ1NyZVBibmotWEkwSEQyZmNmaU5LcU5sTG5XZGV2WkxYQ09zV1RmSVZubHNMOVRjSFI0dG1KTGFJVzRxaVRxand3?oc=5,0.296,positive
2026-07-15,2026-07-16,MSFT,The Company Behind Wall Street's Plumbing Is Looking To Tokenize MSFT Stock: Report - Yahoo Finance,Yahoo Finance,https://news.google.com/rss/articles/CBMiowFBVV95cUxNRm51ZFFzSDJYM3BMYnhpTjA3bWFfWGRxSzJsSm9qM3RmR2Fncjl1Zjc4dWxWTjhUWDgzb3BSWEFSTnlOZHc0Y2s0TDEzb01Yc29qcmM3TWxBOXd5M1R0THBGaExjckg1VEhZLVNqbnBVWjZ5ZTU1UXZGYklnR2daQmpjRUY3X2FPN3VpOXdxbldxbWVWWFZRUkpqX0ptaDhrRlJR?oc=5,0.0,neutral
2026-07-15,2026-07-16,MSFT,Citi Finds Microsoft (MSFT) as One of the Top AI Vendors - Yahoo Finance,Yahoo Finance,https://news.google.com/rss/articles/CBMimAFBVV95cUxNUTJoWlU0RDVwVVVSeEVnb054RHpLX21Vbi00TTh0UW4yQWVEMWZteE5kaGJ6TFFxbWJNQ09ndVZqU0lBRmFzT3QtTWotZmxZbnRYT0QyZ1MwSmdmWV90aWEyUUdlRERycVFTYUJQaXZZS1ZFRjVFTUh6Vm14QWs5QWtGeGp3TjRLN3FaQzRPQTRkRWJRbVdicA?oc=5,0.2023,positive
2026-07-15,2026-07-16,MSFT,[Form 4] MICROSOFT CORP Insider Trading Activity - Stock Titan,Stock Titan,https://news.google.com/rss/articles/CBMirAFBVV95cUxNZWVZbDJ1Z2FudXllVE5xeWViMWwxVWtha1lYNHhHc093aWFaY2hUYXoyaXRtbnhiY3NpTUxLNXRzZ3o2U3FTSnpYbVR0b1FINE1FR2E5SjdiVUhvM2lpeTU5blppQ1VINXZnY1AtRjNVaEZsb3RaSXFKa2NUdkw5aEttb1RZbXVfQi1STUlVR09ZdXdhZnBiVkpnUGlSenI0SHBFRmkySFFHTkV6?oc=5,0.0,neutral
2026-07-15,2026-07-16,MSFT,Prediction: Microsoft Stock Will Skyrocket After July 29 - Yahoo Finance,Yahoo Finance,https://news.google.com/rss/articles/CBMiqgFBVV95cUxQSWpGanZpYzh2aGdYeVdxbmJpMTJMRDlUeUhiazF5WGt6TmpKSmM4RlRBbDBVc3M3NTR2VXJLRGxLSmVqcWtFbmxXaktGdGd0NHJIYVJ3eHUwUEZ0M2xXbzN4LTNmZEpqbFNobEVPTGpRVndjbFZ3dGpGRkNhRm5uNGlERFY5LVlOWnRDaDVBcWFoVzZBbVRLSTRQZTQtdjlmTmJCNFVQeU95Zw?oc=5,0.0,neutral
2026-07-15,2026-07-16,MSFT,Microsoft Stock Looks Cheap. Here's What's Really Going On - The Motley Fool,The Motley Fool,https://news.google.com/rss/articles/CBMimAFBVV95cUxObEVhM0FZMTNsTWFiVEVfWjNXTjRvWkdVRDZRSTJ6aV9QNWRRSE1Yci1POFdHYzR5N1RYTGZPRFoyVUxEMTIwMmpobG4zZzgtMUtTM1NjSTFydENZb3VtclRoZjAzbmxxTC0yUzFrYUpjYVRfd09NQnIyRVo0ajc4MnRiZW1BMDVyMlc3QUNvWTNJQWtmMkhYTA?oc=5,-0.4404,negative
2026-07-15,2026-07-16,MSFT,Citi Just Slashed Its Price Target on Microsoft Stock Ahead of Earnings. Here's Why. - Yahoo Finance,Yahoo Finance,https://news.google.com/rss/articles/CBMimwFBVV95cUxOTTZ6VXN4S0s3elVYcnZ2RzNrajh3WmFwTW1Ga2FpVnZnMGhzTTBwb1FXa0J4QVFpZjF1d2NIeWRTcmNzVUxxZWMyY3djRnlJWGk4SVNqT0hZSDVEWXFRM3RKMTFlZUVpVHZCMnlkMnFlZGJ0dk5BUTlaTnloWG5pRFpOdVVJaVYxckt1LWZwZmNRSFdCTkdzYjNyMA?oc=5,-0.2263,negative
2026-07-15,2026-07-16,MSFT,INTU vs. MSFT: Which Stock Is the Better Value Option? - Yahoo! Finance Canada,Yahoo! Finance Canada,https://news.google.com/rss/articles/CBMif0FVX3lxTE82TEZkcE54aWtDSXpTeHlkY3A0UHBpekF4bjNIR1liWE5MTHlhWUdBNUtMYlcyemZNYmdCWDdVUEdOOFdtRG9yLWRBWE5WcWVBZnJEbVFLUTNnakZ1MHUwYjFpUEpzMUFuaUZYajFaLVN6N0d0bHdab1VZQ09hQ0k?oc=5,0.68,positive
2026-07-15,2026-07-17,MSFT,CRWV vs. MSFT: Which AI Cloud Stock Has More Growth Potential? - Yahoo Finance,Yahoo Finance,https://news.google.com/rss/articles/CBMijgFBVV95cUxNMFY3R25EdUVidGdlQzBKZnF2cDV1Yy1ZQVNBcTdxVDFBT0hYRFZwT0pZeFNQZk9fUWRrNGRKNzlWOVBHR1NJTUMzR1B6aU9DS3M0Y2N2NEZsTHgzT2txQ0VvdzQwX0tLMzcyYXBYbGlPdmhxUkNSY194dXlxdlRFNUlZS1JUd2R1aXhtUkVB?oc=5,0.4391,positive
2026-07-16,2026-07-16,MSFT,The Company Behind Wall Street's Plumbing Is Looking To Tokenize MSFT Stock: Report - Stocktwits,Stocktwits,https://news.google.com/rss/articles/CBMipAFBVV95cUxPRE00N0VPXzgzTlNtamU0QVk4c0cyMEo5eFFtLUx6SVJkbmRSVjk3WUJMSFJsNnJlWHBBdDNlbFVLbTM3dXdfeDE1bHA5T2Jqei1fRU8yYXhELU1uMzg0VnVtUm9TSllFYU0yR2JfQzczRHlYTkMtdm5HaGJiTHlEUER3ZHU3MXE4ZHBTNlM4WlZvRnhvMjBUVnczdGthZV9xUE5Bdw?oc=5,0.0,neutral
2026-07-16,2026-07-16,MSFT,MSFT Stock Holds Up Amid US-Iran Geopolitical Jitters: Retail Calls It ‘Safest Earnings Play’ - Stocktwits,Stocktwits,https://news.google.com/rss/articles/CBMi6gFBVV95cUxQWWZWTmZ2MUtUeUU3VDJVTkRTejNUcWNEb0Fvc3ZXWUk1OHM5QnN6Q1dUNzdYUlFnU0tueHYyblZvZnVMMFhpVVZBa1NSOXdzNmRtU2FiYVRzWmhzUUluejVsZFo1dkhKbzQwMFdTQVNBeXhQdHhmUGdydXRkLVY5QWVGcElRVVFwS1RSak5ScmVxeUpyc3hKSXFYWmd0THp1eW1EQVVFbV9kWVQwZFJ0RExtT2FRdnpXUGRLMEQ3TkYtdkZ3eXNGc3p3ZS05R3Z0VnJOaU45R0U0Z0R5OW5aSWRuWC1nZl9sc3c?oc=5,0.0,neutral
2026-07-16,2026-07-17,MSFT,Microsoft Stock (NASDAQ:MSFT) Ticks Up With New 3M Partnership - TipRanks,TipRanks,https://news.google.com/rss/articles/CBMikwFBVV95cUxQMGJkNGFmb3gyRHloUWFzcFBNYl9EUlZZQTltNGhhRFFta29ESGZaYmM1dTM2SnhUNVhKSnNLUTF4OW5JejZIWTdIeEhHTHpvWW1sQkx1VlFiM2lrU2t4dlNNTXZScTlxN2lVTjFrbGRmV19pbWg5Y0ctZ3VSWW10ZnVCYXhNTm5pUlVXWHpNcTVuTHc?oc=5,0.0,neutral
2026-07-16,2026-07-17,MSFT,The Hidden Turbulence in Microsoft Stock - Trefis,Trefis,https://news.google.com/rss/articles/CBMiowFBVV95cUxQS1pGRlhyNDNxTzdHQ3h6cmZScGo1VlVWMzd3VUc4ajZTcFVrM3hDNzFLUXg1LVdmbVZnUHpDamZZVUlNWEJsTmpFVHIzU1FCcV9VOFI0NHJ0QWpnT2ljVXc0Qm9yY3VfMWcwUzV0TUlJNE9vLVNRQ2RaUFZLZjdBV2FhbTR1MXpFTXp3MXVnNWRkMUFqQnhLcTQtQlBZYW9qc053?oc=5,0.0,neutral
2026-07-16,2026-07-17,MSFT,What's Going on With Microsoft Stock Thursday? - Microsoft (NASDAQ:MSFT) - Benzinga,Benzinga,https://news.google.com/rss/articles/CBMi4AFBVV95cUxOUmFHTGZoQmtaVm5ENndMR0g2MW43OXU5UXlxZzZfdS00X0VnNVEzaS1HRzJxeENwTUZxSmpwdkFyMGpWZUJfTGV6aUVaWko2WW9wWkZPZzJleVVtSDNCS3hwTGd3S0MwWDFKQlJhbkNEWVRZVExEVlZrN0lxWTRWcFZuXzNvSVZhNDIwLUdVdVc1cnFjRXpDOGp2dC1manVjT0UtbnM5Ql9heGdGeDVBdUkzSUVBb0JWX1FLVEdMYU1qN1BmOHZ2LWsyX19YdVVPanNIQ2FYWGlmQkxUdGdDMQ?oc=5,0.0,neutral
2026-07-16,2026-07-17,MSFT,Microsoft (MSFT) Turns to In-House AI Models to Cut Costs and Reduce Reliance on Rivals - Yahoo Finance,Yahoo Finance,https://news.google.com/rss/articles/CBMimAFBVV95cUxObkJDYWNTRXl4WExpRGpmRi05OVRHdGVhT3dXZFUzaWN5TUc5RGFtYWtFOFZFN254aDE0ak1acExTU1BTZEphOGc2dW5ZSW54N2NmV2xaWHRwbG0yaFFEQjBsS0ZqQVJwRDZLeUF6eGdrbUJnczJITkVPT0wzNDF2eTZxTlVTUUlCdUFRTVVfTnp0NmhubllpTw?oc=5,-0.2732,negative
2026-07-16,2026-07-17,MSFT,Why Starbucks AI Tools Could Threaten Microsoft (MSFT) Stock - MarketWise,MarketWise,https://news.google.com/rss/articles/CBMiqgFBVV95cUxOQ1JURGEya2lHRWI4VXRKbWVvdmJqY1JldjNVRU5kVjJjLTEzYlJLWUZPZFpnZy1SaVJUSGRDbG0zV3luNm42U0xiSnpUNTdYakF1RXlic25KbjdNTWpnbGdLbkllVU53Z2dCbHY5UFZSOWwtQjFlZGFhaXFoTEEtSHpIMFJpU3A3dTcyeURLWFdhcl80ZnZWMUwycXRGYkFCT2oyWEpyNDRKZw?oc=5,-0.3818,negative
2026-07-16,2026-07-17,MSFT,Microsoft (NASDAQ: MSFT) Stock Rallies Against Nasdaq Slide Despite AI Spending Discount - TechStock²,TechStock²,https://news.google.com/rss/articles/CBMiqgFBVV95cUxOTlpLSEVkTm5kWkZCbHFJN0JtUmpNN0FYWDhuQkluVm96em5uYWp6U2E4bXBEU05yM3RvRUhIWWowaVFsWjFZMVdDYjNRSFkzNUhIWUFlc19BTzBHZE12dGFWaEU3OEFZamRMWkJoaE10ZHl0UHhzM3JnWTFUNndvS2kwQ2cydktib2VWSGlxYm5QWnRXT0dVSWNnWW83M3JodjVKNmdvelNEQQ?oc=5,0.0,neutral
2026-07-16,2026-07-17,MSFT,MSFT Stock Bucks Iran-Linked Sell-Off: Microsoft Releases Mac-Style Search On Windows 11 - Stocktwits,Stocktwits,https://news.google.com/rss/articles/CBMi5gFBVV95cUxQak1TT0hnT2RaUzFDSEZrZzloSG1uMjhHV0pybGtxYWdqRUtnUWxvRmJYOENCNXQyejNrSkJNY1NOZG9BWjRpY3NnTGNQNjZqQkhZdWVNaGc2TnNfM1JRSldhM0FtdmpiMThWUGluTnpWbHByanJxMUpBckVWMHh0WGJISDZYeXItVldUUTdUSEtRY2ZMTEtLSWh6dXp5Vy11dWNka01vMTNGWnlHaWdXOUZsVWp3WnRhXzRpOEFPbzVpZzMyQW93aHF6Qy1SWTdvSl93YmQ5V0hncUFPQWtPLVowQXRnUQ?oc=5,0.0,neutral
2026-07-17,2026-07-17,MSFT,The Overlooked Tell: Microsoft Stock's AI Story Rests On The Giant Business It No Longer Touts - Trefis,Trefis,https://news.google.com/rss/articles/CBMi9gFBVV95cUxNQ2taOElxVFJaREpuOUxTMmxwcGcwV1NwVElhTk9mRmxMSU8tZTFoQ3RXUGhxSTlrYUFsakxOc2RldV9oRXotb1ozREN3NThIRjA1d1BTdDRXT3VGLU1mamY4dWk5UHZSTllZZ1YyNFNCbmEta2R3ZlRUVm8ycDFuWVlpTy1YeVNiY3o2ZEZqeUR2OHB3eUNhc2R3YXlCNzlIdjJvMGdKWWhPTlFKTUxTY2ppYlZyc0VGTXFuanJBT2ZwOHJQRDBWT2J1WkMwMXRVZkpDYlBIbEZ4WTU2MUtaaDNVLURkNWRnZWVNeHNEUGduSmktVmc?oc=5,-0.3018,negative
2026-07-17,2026-07-17,MSFT,MSFT Stock Dips Overnight: Satya Nadella Calls Anthropic’s Fable 5 ‘Editorially Controlled’ Amid Backlash Over Safeguards - Yahoo Finance,Yahoo Finance,https://news.google.com/rss/articles/CBMinAFBVV95cUxNbnhoN3piNnRQdHJUNnNmWjNOWHFlR1ZpNWJnbGM0XzNnVXQySE5qYU5LSmFLZTgwd05YVzd2MllBOTlnWkgyVzNUNXhncVIwSVp0cEFLYVVUVHljTmRsYkZWOHo2U2oyV3NhczdlSVJxaWUyR2lkMDN1Y0RnY2JhLWlLNjBFdG9jZzNuYjRKbXhwRFRzRXd3U09WeU8?oc=5,0.34,positive
2026-07-17,2026-07-17,MSFT,"MSFT Stock Drops After British Hedge Fund Slashes $8B Stake, Almost Ends Decade-Long Holding - Stocktwits",Stocktwits,https://news.google.com/rss/articles/CBMi6wFBVV95cUxOM1RQaE1pTk1icVlKOUdMZDN5UDBMa05qTGlJeEd5M2M4SGNqWGU0V2gwd1J2NmNIaEVndk5DZnd1T1JDMkcweVVDZnh1cXBVejdNRUQxUThWQ0xackhfZEl0VC1oTjFTTXV1QUZfU1R4b1dYV3RtQjk0TU00QlkyUm9UNkFiNC1PVnBFM1JkdXlGUW14YjdnR3NkYnIzUlE2YjF0ZGtDY2QwdGI0ZUFnZEJVeUFmRkpUal9WYTUyVHY3d3VQeElqSmpQeVBsTzQxTWQyd2h6MGVmYTFTbDh2czVjSmhTZ0VnWExz?oc=5,-0.2023,negative
2026-07-17,2026-07-17,MSFT,"Microsoft (NASDAQ: MSFT) Stock Price Surges 1.8% As Nasdaq Drops, Valuation Discount Draws Investor Attention - foreignpolicyjournal.com",foreignpolicyjournal.com,https://news.google.com/rss/articles/CBMi6AFBVV95cUxPWnZ0d3B5WFRZQURWaVNlWldsSXViNHR1VW13bHg4cDNrZVQ4Q0NrdVMyYTk1YjRFNVpIMXZQNW9GT1VQeFBNSVVaU3lGLU95d3ZFRkZNeGVxdWtncVBTV2VvemttWFpMWVJIUzlrNVU1dF9kbUR2TUhiT1k5SkdkME04U1BpWDZUdWRaUU5HcFJ2c0ItajdqYVRfMEhFSy1nYUxkSFdwWjh3a1cxbUdJY0kySEpxamRjUWUtT1ppQi0zOG5fUzVoZ29PajhhWk13OXUyNzlvUDhVU295YTNWYUVyRGxKbjlu?oc=5,0.0,neutral
2026-07-17,2026-07-17,MSFT,MSFT Stock Dips Overnight: Satya Nadella Calls Anthropic’s Fable 5 ‘Editorially Controlled’ Amid Backlash Over Safeguards - Stocktwits,Stocktwits,https://news.google.com/rss/articles/CBMijwJBVV95cUxOeG92VzhrOGhub245THpqQTVoSmw4cUVxckpNdGlxQlJHc2IyYzVqbnNaSHlmUFJjakZmMWVfNmdDN3NxM2ZZd1YxblhkaHZGSlZpS0VVLUZGX1ZLaF9iZDk2dGt6dS05UmhFYTh0R25oR1M3SFNYejEwUml1elE4NFZkUmFveUxKTHZSV1JqdmNsTWhnM09xZHhQWGZaSUhqS3BtcnFyMlB1ZnF2bzdNM0FEVFdUT2I1MERpNDdSVV8tX2NIam8xckxsSzBKMThndWtvNkFhQl8wUXp5cjNCRkpDa2lEODNrLW9NdE5xWGxRbkpmT0VGd3R3M3VrZmhEQXF4dXRQYUFpY1A4OEJJ?oc=5,0.34,positive
2026-07-17,2026-07-20,MSFT,Microsoft (MSFT) Stock Dips Alongside a New Rumor About Xbox’s Project Helix - TipRanks,TipRanks,https://news.google.com/rss/articles/CBMipgFBVV95cUxPMXJHODdXcC1ydFRkS0wxRkZCY0g5R2dhM2JTOV80TmVXbmF5TEJzSElONXA4amM2UlJ1c3dKVmdtS1NiSzRLaVczQW04UjFVTlZxMi1fS3lFTlVseGo5NXdVX0tDQWlvNVliVTBTZmluamFJMEsyY1FlU3BRdGIxNWlrMEgxZlA5TGVNQjVHRUltMWk4enJFc2xCa3BLVk9Wa2pVa3Z3?oc=5,0.0,neutral
2026-07-17,2026-07-20,MSFT,Did AI Just Cannibalize Microsoft’s Greatest Narrative? - Trefis,Trefis,https://news.google.com/rss/articles/CBMitAFBVV95cUxPNTVIeC1QeW96S1VVRnZIX1BJNzhiT1lGM3M5TEVsZm9acm9qZFE5MWVFdTFQX1ItYVJCbXpLeG9fSG5PeE40VUpjLWJfY05wTk5Mem0tSHJQZVVDa3JmaWpyLXJwV2NHOVg3dXAxcVhYOE91Q0lrRWM4TmFVT2RBVUtGYUhjeWJ2RU41dDk1YzNHaFhqbHdraVdCYlBqMGZkS1NfQk1ZUFg5ZUJheEkzNi1ZbzA?oc=5,0.6369,positive
2026-07-17,2026-07-20,MSFT,Over 60 Analysts Say Buy Microsoft. Here’s Our Price Target - 24/7 Wall St.,24/7 Wall St.,https://news.google.com/rss/articles/CBMiowFBVV95cUxQd09hQUJZbHhHaTFFQ3hGcF9VM1hjb2dDLXlfQjZWV2JBbV9saDFCOVZ6QjV0QmszNmJHSGx0aVFfeDRJQmt5Ty1ST1pPd0xaVEJjWFA5NG5OZGhRdjZRZ2tBdlpOWGZQak5VMk9XTEF0TXdKeS04ZDJ5anl0bldpMG01anZWeURkdGlxLUJhbXVnMG9mbVlfUmNMa2pIdnhEQnRB?oc=5,0.0,neutral
2026-07-18,2026-07-20,MSFT,"Buy, Sell, or Hold: Ken Griffin’s 3 Mega-Cap Picks at Current Valuations - 24/7 Wall St.",24/7 Wall St.,https://news.google.com/rss/articles/CBMisgFBVV95cUxPZTlLa1B2ajVITDY0YkhVS1RNa2o2b1VJZjA2ZmJPT0VEQXNSeWlKazJzWHJOZ04yZTh6bmE1eHVFX0UzNnNtSjQzeG1YTFdYNExqOUNwdDNCUk5IQVdnZFRKd1RFLUlucUVJcF9NcnFvT0ZUQ2R1MUFKOG5OMlkycXlYLVdYUW1paW1oQnduNzV2dkVNdGtna0dmTGhRclZZVktsY09rUmQ1VlhiUm0tYWdR?oc=5,0.0,neutral
2026-07-18,2026-07-20,MSFT,MSFT Stock Dips Overnight: Satya Nadella Calls Anthropic’s Fable 5 ‘Editorially Controlled’ Amid Backlash Over Safeguards - Stocktwits,Stocktwits,https://news.google.com/rss/articles/CBMijwJBVV95cUxOeG92VzhrOGhub245THpqQTVoSmw4cUVxckpNdGlxQlJHc2IyYzVqbnNaSHlmUFJjakZmMWVfNmdDN3NxM2ZZd1YxblhkaHZGSlZpS0VVLUZGX1ZLaF9iZDk2dGt6dS05UmhFYTh0R25oR1M3SFNYejEwUml1elE4NFZkUmFveUxKTHZSV1JqdmNsTWhnM09xZHhQWGZaSUhqS3BtcnFyMlB1ZnF2bzdNM0FEVFdUT2I1MERpNDdSVV8tX2NIam8xckxsSzBKMThndWtvNkFhQl8wUXp5cjNCRkpDa2lEODNrLW9NdE5xWGxRbkpmT0VGd3R3M3VrZmhEQXF4dXRQYUFpY1A4OEJJ?oc=5,0.34,positive
2026-07-18,2026-07-20,MSFT,Bank of America sends strong verdict on Microsoft stock - thestreet.com,thestreet.com,https://news.google.com/rss/articles/CBMingFBVV95cUxOcGFrbXdWWk5oTVpMdHlYTkNCUm9rZDlTdnA4V2VlNW0zR29UeEFzRmpabnJJanQ4ZE83LV9Cc1hmZlR5U0IyVHNXeHJaQ3hfZ0RPbXZYYkNwYTB1TktvVUFEQXdqTlFPWF9MbmdicW9GUWZuQ2VtVGZhOThRd09oc3lSOVZtbTN1YWJGc2NIMFRjNTFQQklTa0E4dWJYdw?oc=5,0.5994,positive
2026-07-18,2026-07-20,MSFT,MSFT Stock Holds Up Amid US-Iran Geopolitical Jitters: Retail Calls It ‘Safest Earnings Play’ - Stocktwits,Stocktwits,https://news.google.com/rss/articles/CBMi6gFBVV95cUxQWWZWTmZ2MUtUeUU3VDJVTkRTejNUcWNEb0Fvc3ZXWUk1OHM5QnN6Q1dUNzdYUlFnU0tueHYyblZvZnVMMFhpVVZBa1NSOXdzNmRtU2FiYVRzWmhzUUluejVsZFo1dkhKbzQwMFdTQVNBeXhQdHhmUGdydXRkLVY5QWVGcElRVVFwS1RSak5ScmVxeUpyc3hKSXFYWmd0THp1eW1EQVVFbV9kWVQwZFJ0RExtT2FRdnpXUGRLMEQ3TkYtdkZ3eXNGc3p3ZS05R3Z0VnJOaU45R0U0Z0R5OW5aSWRuWC1nZl9sc3c?oc=5,0.0,neutral
2026-07-18,2026-07-20,MSFT,"Microsoft (MSFT) Analyst Ratings, Stock Forecast and Price Target - Moomoo",Moomoo,https://news.google.com/rss/articles/CBMipAJBVV95cUxOUnBxWEQtNG1MU2JFRkVBMHEzYl82d3VBbnpGcHFOVTRTVlVFLWdlUXVFbFh6WkhqaUg4dm9JNFdsRFMxazlVRUJLQjNsaDFFcm1Sek92dzVteGxlWnlSMVRCRmYzMzE3bFFscGEwWl9rWGlHY3hoNnhCT1J6UzVTQlgteUx4SVUtMjI1ODVzUEwxZUo1aU1GbElhT2JVNkhKQ1BNRzM4aHhtYnZaOVQ3TzJFT1dFYzdDNDZ0RlhzY3oybVJjT0ZaMzNBQ3Z5TVR3M1pIMlllSk11OGtBWkVQQ0hUbzRRVmRZM2drM2tXZHdTbGdBMll1MkNIeTcwQUFEMk1hQXM1bGxmXzZTdXpUejQ1U3NOenhBTWNzQ3BacFlmRGpu?oc=5,0.0,neutral
2026-07-19,2026-07-20,MSFT,Microsoft Earnings: The One Key Commentary I Am Looking For - Seeking Alpha,Seeking Alpha,https://news.google.com/rss/articles/CBMioAFBVV95cUxOeXREdjNLbDc5dXVNak51ZFkwV2hZT0NhUG5qS3ZCVlhLaWhINGI4V2ZHcGZTLTlDTFlFNEdFM3FxeVpsOVJ6WDNoVHI2dGVFcy12Q0wwVTM0ZlRSZUZhU0dYMUV5Ynd3VVdNVUZWR1g4M3hiNnJMUDJwd0hEX05xOFgwU2ZIekVTX0hCb2J6Q1JkRjFBbmdCTzNVcTV1Tm9N?oc=5,0.0,neutral
2026-07-19,2026-07-20,MSFT,Microsoft (MSFT) Stock Forecast & Analyst Ratings - Moomoo,Moomoo,https://news.google.com/rss/articles/CBMiqwJBVV95cUxQcjVRT0VwRnZLMkc0ZzFleGJIRzRGUlZ1VWYza3hvb014TE9OOVcxckZhbnM1Yzgwc2Jod3VSbC1YdUhhMGhfVDRMWS0xclVBb3VOdE4xbXZzVV96dGZIenlmcG00YkFKNzN2UFVIVUdCcGVrMURUaEc1QzgyWVJ2SGY4TnVJR0hrZDdLRFdEQWN6YVVqVmh5eGNncFhmWjZXUzQwNy02dHoxbmt4ejB3bmxVYXNtM3FHLTB2emdlWGRNX0RVSV9jNEJreXRnRU52OU4wRzc2aHJfRGgwUHB3WWtaYURGQTRiWHNwaUpmZkhzS1Q5OW16S1BVcl9mWTlfTDRYTWRLb3NVSEF3Tll1RGlkbmFWblZDemdocFJvTndfRDZYTHNweFZfRQ?oc=5,0.0,neutral
2026-07-19,2026-07-21,MSFT,Microsoft Stock Is Down 27% From Its All-Time High. 2 Reasons It Could Double by 2030. - Yahoo Finance,Yahoo Finance,https://news.google.com/rss/articles/CBMimAFBVV95cUxORXF0b3RvQ1ZwUTNLb1Mxb0lsbmZLa2YxcXpXeXhSUEpqeVRTOGFrZU9OZjFkVUkwcFVVTk5yUnY0enQyeU1fVUQ5SmhYd3BKeDZzV1hSWEJJeUlrRGRZM3Blb0RfMkduM3NXcnNjSjc5Wmp4ME1CbmQyMEZkXzZZVWNJakkwcUhoOGxOUVdXMHJ4WlFKbnVWZQ?oc=5,0.0,neutral
2026-07-20,2026-07-20,MSFT,"GOOGL, MSFT, AMZN Stocks Rise Premarket: Analyst Says China’s Kimi K3 AI Fears ‘Misplaced’ - Yahoo Finance",Yahoo Finance,https://news.google.com/rss/articles/CBMilgFBVV95cUxPamJ2aUNJM0UtdW9lXzg1M0d3Z1h5cDNtOGhlMEdqOHZDNXo2dzdneG1nYkloeXZYYlJUdkRyTDNtcVpRa2RqU25mMjJqTzg1dDNPdWJzSzQ1Ukk2TTFBaDhDQmhMNVE3bnY4QXZZLWhEMkE4Q0RZV1FQeWxJcmx6dHA1a2JBVlM0a1FUVjQtQWlkVE1ITWc?oc=5,-0.4215,negative
2026-07-20,2026-07-20,MSFT,Microsoft's Earnings Should Change The Narrative And Send Shares Back Over $500 - Seeking Alpha,Seeking Alpha,https://news.google.com/rss/articles/CBMirwFBVV95cUxQS243c3Ataklybnp0WEZmaTVRSW9jMFR1cEVwNHloLWJTQWtBcVdKNUxzNjY4S3hOU0ZtZE9ZQTY1WkNaa2ludUlSMXc2bkRpOUtEdFNrZXhTdlpKWGZpZUVJOG10MmZnR2I0QkJ2SnFfWEVYMktENnllUGNhcGhVR1Etd2lfUUZvU0ppNVYwck01eWZzcnBOaldFX2xhbDNnSE5HZ3hGVm1qM3ptcU80?oc=5,0.296,positive
2026-07-20,2026-07-21,MSFT,Microsoft (MSFT) Ascends While Market Falls: Some Facts to Note - Yahoo Finance,Yahoo Finance,https://news.google.com/rss/articles/CBMiogFBVV95cUxNRUI4bzY1VUJSYXNkU3ZIOThFSHVpbWxheHU1VE53TkJSS2h5dDg3QzVDSVo5elpVcmRuZGp4aGpRclVLLS0yRVBpNGZ3UzljaDBUeWlJQWdJOWtabUxfbW1VdXpMQVVMSGpOR3llVjczZmMtbEs4TnNIOGFhd3VJTHlXV3oySDFRNUV3WUlnUTA2RmVfbG9RUks1VmtqZ2pWRkE?oc=5,0.0,neutral
2026-07-20,2026-07-21,MSFT,Prediction: Microsoft Will Reach The $4 Trillion Club Again on This Date - 24/7 Wall St.,24/7 Wall St.,https://news.google.com/rss/articles/CBMipgFBVV95cUxORk1wN0NILWh5THptMmlJMFVsMURSM3BLUF9PY3J0VmhnaVpFUm82QnNkREM1am1oS2k0RFI3T0xXT2hPdVhsRFEwN0JBYlVaM3FIMWZlNzFfWjNkRjJDUWsxSlc1dnRvb0ltbUxSY1NRaU5nYk5sUGl2TlZnOFMzeERPRkQxRFA2bDRld2MzUXBSdVM1QWFmVThDLVBGRGxBUmdyMFZ3?oc=5,0.0258,neutral
2026-07-20,2026-07-21,MSFT,Microsoft Is A Value Stock? Morningstar Says Yes — Here's Why - Benzinga,Benzinga,https://news.google.com/rss/articles/CBMirwFBVV95cUxNR21IM1g3NkZSMlpYZmxlMVNXWDlvNFptTl82UjJ5WjRaTXlKTkVsRGlrdGt3N2hTSlpiaEdkUW9ubGxLczJsYkJpMGxrelpzZ1Z3RWo3YnJRRm45X3l4Ty1oYUdnUHpkS1NfdHRXNVVNUlNrbmNQNjhpMUZPaGxwSE9hekRSQlAtY292cjYtZW5fQ2RMcFMxWUxnYk9VbFk4NXNwRVlKbG52U194TWNB?oc=5,0.6249,positive
2026-07-20,2026-07-21,MSFT,Microsoft: Three Questions In Upcoming Earnings (NASDAQ:MSFT) - Seeking Alpha,Seeking Alpha,https://news.google.com/rss/articles/CBMikAFBVV95cUxOc2NMcE12RDFHTlcwUDlvZDdoWjN4eUVGSUcwN3NhSkZsSmNTdk5PNG4yb254dHNmNWJHRkhWa2ozR18xWk5TczhiajA2b19GWndvR1BGSUVjbUxTNTRlQjNpOXpFZWV3X0I0U0I4VnFtcm1lSnJQUnYtc3lmc0dLakt3YTRJVU5lc18wYkFBUEc?oc=5,0.0,neutral
2026-07-20,2026-07-21,MSFT,Microsoft Investors Brace for AI Reality Check As Earnings Near - Benzinga,Benzinga,https://news.google.com/rss/articles/CBMi0wFBVV95cUxNZ2F2bURoeVF2dzJEVl9SRDVYOUFMU05LcU5RLVduc2hmVWRfUEk5aDVyQnk5Rjl5dl9QRWZWYkkzSjNSTlplbWsweTBMSXJMdHRFeGdYTXJEWExsTnVWaFYyY2FSbTdfdWtoS0NVMk5GX0NuNEpkNTd2MW96ODJHMGJfRFcyd0ZYQkdmazZrNHgwdVRRbVNnMEx3bXlrZDF5TFIyUDFZc204eXJUXzFnTXlEeXJKbGtVQW5ZTlRiejNNMGExOUpac3VQX19kRHh3S2VB?oc=5,0.0,neutral
2026-07-20,2026-07-21,MSFT,AMD Stock Rises on Vote of Confidence From a Big AI Chip Customer - Barron's,Barron's,https://news.google.com/rss/articles/CBMidEFVX3lxTE1KdVV2eXJxWnctTGVjcGp2VEtQUTF2Zl84U1ZpSGM2SG56dEpMa1M5djR1bHBXblU5dU5obWRLSWliak5QSVRDN0tOLVZMVGtkUTQxSHE2YVVIQ0ZSVHE0VnRCOWNyVnB1cHVvb01SSVFWR2dt?oc=5,0.5106,positive
2026-07-20,2026-07-21,MSFT,"AMD stock rises on price target bumps, Microsoft deal - Yahoo Finance",Yahoo Finance,https://news.google.com/rss/articles/CBMisgFBVV95cUxQOGJOOU12UUdJS015NEVOaThXWXhIWG9ZbWEzNGZodGtZTmtmN3VySzZPcVBmSXd4TTl4T3hOaTQ2QnBiVllRQXphV05CaEJyWjRHb1YyVS1hNE9TNzRYejdtazZZS1VQZXV5OTd1TnJsaDBKdi1fZTF6UGRvZVZ4RTUwYUVGcTJDTmo1NG9DdVF4dVIxZF9oQ0pKM0hVaXZDSV9zUV8wN0V3bWhUd0x4dHpR?oc=5,0.0,neutral
2026-07-20,2026-07-21,MSFT,Microsoft (MSFT) Ascends While Market Falls: Some Facts to Note - Yahoo Finance Singapore,Yahoo Finance Singapore,https://news.google.com/rss/articles/CBMijAFBVV95cUxPTHV2SzhjWmdhS3VUUVNkM0lfX0cwM0lYaU9NOEM0bXJQRk12T3BxQkZ2YjRtcjA3MWRHQ25jTkxCam5CeXFnVU8zMGQ5SlRFVV9XajhIalkzUUxMU2ItZ2pTUV9FbkJWOVh0QkdHUnBuWDgxNlpVS2RzQVRJdkZHNEk1b1lnVzhYMFExLQ?oc=5,0.0,neutral
2026-07-20,2026-07-22,MSFT,"Microsoft or Alphabet: One AI Stock Is a Buy, the Other Is Stretched - TipRanks",TipRanks,https://news.google.com/rss/articles/CBMiqgFBVV95cUxPSnVkb2tyTlB5bEpLcU9qelJWV3JpbG9sXzlDUWxzSlVrUDhuN2N2TU5sN3hTa2FIeVdlWmpkSjlYVV80aW1lNERKQ1dzNnZ2TmhLY0d5cmlBckxueGs3anZmOHU3TEZENWoxNUtpbFZlTEpPVDFfNWw1dTQ2RVJraFlNWGVGajkzRTNjaGVEemtXVC03RE44MDNjMm1xSlF0QmVZcmk2eUxiQQ?oc=5,0.0,neutral
2026-07-20,2026-07-22,MSFT,Jacob Andreou: “Microsoft (MSFT) Needs to Lift Its Game and Execute Better to Clear the Higher Bar” - Yahoo Finance,Yahoo Finance,https://news.google.com/rss/articles/CBMioAFBVV95cUxPMzNNaHVMaGZwQzh2NXhYQTRTcWgzd1RnZnp1N2VwWFV0WXl1NkpzSzcxWndXRFpZSE1qQkJ0N2NIYWNVcjFLWDhWanZqVHVCX1N1UkMtLVB1WER2cmhGSFZJM1lVX0p6QktFQWVrZ051QUJ5bXhvNVhDY1JGdUV0SnI2RmEtVklOZkVVU1dXRTRXbzBJZExVR3oxZHh6LWxj?oc=5,0.6705,positive
2026-07-21,2026-07-21,MSFT,TSLA Stock Falls Behind MSFT To Become Mag 7’s Worst Performer Ahead Of Q2 Earnings — But Retail Is Betting On A Musk Surprise - Yahoo Finance,Yahoo Finance,https://news.google.com/rss/articles/CBMimAFBVV95cUxOczRqNnZSU3ZFRmNuVXl2Yms3V0J5enVzelFnYV9CVzdpZWRYdC1JeXpDWkprdlhsc1BlXy1FRlNUVW12RzR3MmM4TlpCeGEwSnJfdUs3cGhsencyUWhxeEp3VmR4MGJtd2tKOS01SDdYc0lPWWJaeWxBMUZFR0RlaWliWkVndk9reUFZa25NUzBrd0lFX1huMw?oc=5,0.0258,neutral
2026-07-21,2026-07-21,MSFT,MSFT Lawsuit Notice: Microsoft Copilot Functionality Issues and 10% Stock Drop Trigger Securities Fraud Class Action - PR Newswire,PR Newswire,https://news.google.com/rss/articles/CBMi_wFBVV95cUxOMmxlWFpkZ2k4TnllR1l6WjBNcWxoQW5aeFZYOHdMZjlZYlgzTENwZDk1UmtYRVo0dV9PQ0FYLUpIMmxvYWVhXzNMZVhONXViR2ZsZXhvUndXcmNlYnZKb1JBSFZFUDZqWkJhUzAyemhYczF3SlVtOVpVaFRYVzZRVDZVd3lUa0E3UWxtZHlYbUpyOHFybGdGTWZkSzVVSXBPa19iTlNsXzFFdjBHcll6dFJXZ093MGtQSWJhRkFqMVVxR3I0Z2FiTjRHZlFXMWFmT3p4cE1RdXVNRDF4ckp0VUh1UkpKbEVOVTFnZkNCOU5FUG1MUkg2dHVQblUzX1E?oc=5,-0.6808,negative
2026-07-21,2026-07-21,MSFT,TSLA Stock Falls Behind MSFT To Become Mag 7’s Worst Performer Ahead Of Q2 Earnings — But Retail Is Betting On A Musk Surprise - Stocktwits,Stocktwits,https://news.google.com/rss/articles/CBMiugFBVV95cUxNRFY5NmJhMmM0TXpudEhTcE5FaVRkMmFvcEdiMzlVcDdmRVpIeHJMYThaQ2VzWHZ1Z2pfTUtCZW9pbU1haVVVbjRtWGlZTm9MVkJsbEhtcWRtaTY3LUVlc3NRbXJzMmVKZWYyU0NKWEZlMmxPYlZpaFpLU2hsYTljUUJmZVNPeFZ2Qkw1dndIa0RrVG1rNkJ5YzNEYW9QUmJDU09XS2V4aEZrNGFRbUc5N2EtN3h4SkNNWGc?oc=5,0.0258,neutral
2026-07-21,2026-07-21,MSFT,MSFT Investors Have Opportunity to Lead Microsoft Corporation Securities Fraud Lawsuit - Morningstar,Morningstar,https://news.google.com/rss/articles/CBMi4AFBVV95cUxOX0VWZWxCV2dwV2ttNjVlYWxvU3VueFBwaGN4WV9oWUhoamwxb29WYWNKdUlTUG9VcXQyR2puOS13NEpZUEVjTjFocVZTeEN6QnZkbVZCQW5CejZnaDFVanBmZU5MY0RuZVA4eVhBeVBXMVFJOEpCOERxWXRBaXVoOVBGNjhhQURMUjJJQWJabVhQdkMxTURmR0JXSDhnanotNVpvOGpySGllMjdlTFJQbzNUdEhLeTd1elF2MFNrVGJfcmVxVzVBbV9iWnN3dEE0Z2tfbUhWeEJWRDFrdnFXeg?oc=5,-0.1779,negative
2026-07-21,2026-07-21,MSFT,TSLA Stock Falls Behind MSFT To Become Mag 7’s Worst Performer Ahead Of Q2 Earnings — But Retail Is Betting On A Musk Surprise - TradingView,TradingView,https://news.google.com/rss/articles/CBMikwJBVV95cUxOWldyaTg0U204SjZjYkZlYnVpTm82UHRfR1lCLWlIc0Q3RHdDcjVDUEhWRzROa3BXbm1BazVlcmJRMHBibHBLQXRGTng0UEljeTlvTEVBQUE0Mk83VjNzUU1VWTRkQTVKcjFHTVhNeG5zUUdFVlZoNm1CWTZ1clRKek1SenJmTGpmZ3BYUHhJZlplZldqTUhpWk05YTdrQnB4aEZhaW9MbVlRTkJjSDFZRFZOQk9aRUZvUTdMaG5nWE1POHVGLVVRdnZyaC1oZG5ONkc5emY2VjZHNGM5RXpoYml3NkNGZGR5STRSMm1aQU5Fc1h6bkQ3Z3k5enhSX1lrZ1d1T3BpZGRBdFhrbDd2R2R5VQ?oc=5,0.0258,neutral
2026-07-21,2026-07-21,MSFT,Oracle Is One Step From Junk—Can It Afford the AI Boom? - MarketBeat,MarketBeat,https://news.google.com/rss/articles/CBMilAFBVV95cUxPNnVKYnBtTE9XczhHam9ueV9ocVJ4YjNPTktVeVowcGIxUXh1bnZEaWlDT3ZoOHAwRExoalB5b1ZuV3hqdHpnaVdyNHBUenJjN3NpY3l6RjRNZW12THBVcVNhZDF1RlhjTWZHUmpCaDlGZ0kxTzFDN2VZYnNFbm5OWGFDR21uUEFRdjlTS1kyRTZqdWU5?oc=5,0.0,neutral
2026-07-21,2026-07-21,MSFT,Microsoft (MSFT) Could Be 14% Undervalued Following AMD AI Expansion - simplywall.st,simplywall.st,https://news.google.com/rss/articles/CBMixwFBVV95cUxORXdDVm8zVTd6SUROa2huLXd3WjhoREhoUTRYT2tpTURRTjZLeFhkV1hfRWppSDNOT2x2bGpaY2huX09QbDJpWktYMlJtYXNudUEtNXY5X2NZVGluLUtrcUVvQ0hXY2ZSUUV4dFFYeGhsRFNMTjd5clJpcXFKbmFsS1p4Zk9aWEF2X1NPcWlvdTI2aTVldi1nS2FGZmJNZDd1Z0NMNVBFRjZvUnNfZlBDcFRHdnNjZktDa2dyMkR6aHExVWdFSXZJ0gHMAUFVX3lxTE9RTDBYSV9NaEdHcXJXa21nem9OVlJUWFNaX0ZXdzR1c3o4ZENnV2xuWHNaZlhXcVJvS2FsaHBtd3BZMkNNNEN0dFV5VDBmbWFiNmRCbGRKXzhfUG1JVmg1ajc4MHplaUxJd1l0d3BvZWpkaEJXOU9OTEpVVDJoZmRnbm9OREUxUXZvOERPV0xTQS0yVDlHYXJkM3FkZXBqWlc1eXBGQ1lFcjJEQUNUYXZSVm9mbFZJTEU3UWg5RV9IRmVpVFpIY2hxTUtkMw?oc=5,0.0,neutral
2026-07-21,2026-07-22,MSFT,Prediction: Microsoft Stock Will Go Parabolic After July 29. Here's Why. - Yahoo Finance,Yahoo Finance,https://news.google.com/rss/articles/CBMiqgFBVV95cUxPbWY4SkJjZDA3WVpELTNVeGpCTVJoeVRtc0lUVkVpNlBKbkZiWXNaVWtxMVBtb3Z5Umc1SHBxS09kUV8tOUs5QlBtWTRZbkd1WXcyVG1kVl91c1NfZnNGMWsycGE3bDZubkpZb1o2OE14LUJFX2thT0RhSXhreGh4OEx6dmNiRUM5NnI0U3FucUxzQlFNMzV4ZkdNVFAwZTJlMzUtVTBKQjdSUQ?oc=5,0.0,neutral
2026-07-21,2026-07-22,MSFT,Microsoft's AI Transformation Is Misunderstood (NASDAQ:MSFT) - Seeking Alpha,Seeking Alpha,https://news.google.com/rss/articles/CBMijgFBVV95cUxOUVpDX3p1ZWJZMVktdkwtSVFfREFoY2FzLXExNnFyRENhTUtXVXFvX2FCVTFXX1RfUkRtdDhFeEhTdnpfbnVWQjVNUlN1dUQ3SVlLRGtQSDBVUFRYOVdlYjNKT2dzQWgtdHVjU0VzRVlJak9ISVYyMFZ6aW93YklCNkNFNTVUSmV6dmt0R2Jn?oc=5,-0.34,negative
2026-07-21,2026-07-22,MSFT,"Fund Update: New $89.0M $MSFT stock position opened by J.W. COLE ADVISORS, INC. - Quiver Quantitative",Quiver Quantitative,https://news.google.com/rss/articles/CBMivAFBVV95cUxQNktJOXllb3NyMVlIQzZiWkE5ZzE5dDlCUVFQdWNiX3B0SWx6TTdhelRaclVjeUhVaVB3OUwtZjR5UHAtRUpYR1RKV0lqMHhlZGx0YS1meFpURldNZlFpNkVLT2JRakhZbDZYU1hOU2JqQzVjTHVsUWtwSjE0ZHlJQzlodWtDdGxFWDROU3YwelNLbXUtdW5LOWdrMmRuQWlqX1FhQWR4UTFyZ1BhcHZJbzJzb3dLQ2F2VDVmQQ?oc=5,0.0,neutral
2026-07-21,2026-07-22,MSFT,"$Microsoft (MSFT.US)$ Reduced share buybacks significantly..Microsoft in Q1 2026, at just $3.4 billion, the lowest level in nearly a decade for the company. T - Moomoo",Moomoo,https://news.google.com/rss/articles/CBMiwgFBVV95cUxOdGRDYlBCbG1QY1pNN2VfQ0s3UVRlV1Rsc2pMRE14V25Edm1PSUZVRUpTVUlULWJiUTlpUjdNLXd0d2JzS2hEaF9ua0U0ZEtsOWhFcDM1VVFZSWdYSFNURUN6bDhCVzBrSU9RWGpnUXFZRV9IYm5OTjh0RmlTenlqWTBMMWJWMW41c2ZROGhRcTNiSHUyUmtNVjRSRkR4ZGNFalBjU250S096NXZBQkttNG16Q2ZDclJvWG9PT1NiakZjUQ?oc=5,-0.1027,negative
2026-07-21,2026-07-22,MSFT,MSFT Stock Holds Up Amid US-Iran Geopolitical Jitters: Retail Calls It ‘Safest Earnings Play’ - Stocktwits,Stocktwits,https://news.google.com/rss/articles/CBMi6gFBVV95cUxQWWZWTmZ2MUtUeUU3VDJVTkRTejNUcWNEb0Fvc3ZXWUk1OHM5QnN6Q1dUNzdYUlFnU0tueHYyblZvZnVMMFhpVVZBa1NSOXdzNmRtU2FiYVRzWmhzUUluejVsZFo1dkhKbzQwMFdTQVNBeXhQdHhmUGdydXRkLVY5QWVGcElRVVFwS1RSak5ScmVxeUpyc3hKSXFYWmd0THp1eW1EQVVFbV9kWVQwZFJ0RExtT2FRdnpXUGRLMEQ3TkYtdkZ3eXNGc3p3ZS05R3Z0VnJOaU45R0U0Z0R5OW5aSWRuWC1nZl9sc3c?oc=5,0.0,neutral
2026-07-21,2026-07-22,MSFT,"Look To Profit From Microsoft Earnings With A Short-Term, High-Risk Trade - Investor's Business Daily",Investor's Business Daily,https://news.google.com/rss/articles/CBMi0AFBVV95cUxNYUZXQk43dEVNWURmNUtHc2dvV3dtaHJVNTFxd1pYeHFhdnB4SERwcHExdFdtRVpLNkN2bG9iTldfUlJ4RTd3a0NveXc0Z1hqR2FBQnBBcVhKcHYyTndUSDZHVEZ0bXdLVXAzQmt5Wm1tVVVLaE9GdGJLZWkzdFpZNDZCcm9XcWVqOHVXcnNUaFIxdEE3dkMxYjJqLUQxdnY4V0J3WmUtQmJvempRdmRNTGk2WkhLbklvU3hxek5mT0x5UFlDQkhTd1N3UVAxMklp?oc=5,0.4404,positive
2026-07-21,2026-07-22,MSFT,Is Microsoft (MSFT) Still Undervalued As AGI Summit Focus Puts Valuation Back In View? - Yahoo Finance UK,Yahoo Finance UK,https://news.google.com/rss/articles/CBMijgFBVV95cUxQZksxT3JWaFJSX1RBZmdMYkdaOFRQQzZVODhlSm9KUFFTcGxiRllhUEFyTUQ1VUVUSEh1c3ppODBQMmtHRVMtWjZyVHBpMXljM0ZvQ1NkU2FLbEYtV2hTYXRqaHF3QVRKcmNOV1hRUmZ5X1FjdkJLLXNDZzQ1MHdWaXpCZUpvRm1jZzBKd2lB?oc=5,0.0,neutral
2026-07-21,2026-07-23,MSFT,Microsoft's AI Bet Could Rewrite AMD's Growth Story - MarketBeat,MarketBeat,https://news.google.com/rss/articles/CBMijwFBVV95cUxQR1pyZF9UUTZ0SmdSb3dDTXZHZW9QYUR3bWZ0SmJSNkdUY3FqUC1pNVRxWE9JZVU5S3pGb1hlOUFsNHdCSmtpNU54TjR3M3FaVm1jaEE1MDBBQ1RfZDh4TEZMWm1WVlZVallvOXE2VWJXLURqNFdETHRzZ3dSZ19WSXMycnNncXFsOWhDbVBsOA?oc=5,0.3818,positive
2026-07-21,2026-07-24,MSFT,Beyond The Sticker Price: What You Are Really Paying For Microsoft Stock - Trefis,Trefis,https://news.google.com/rss/articles/CBMizAFBVV95cUxONzhpZ1o0R05icThjRGIyUU8xelhYa3BDTko4VjBoMEpiNlpiQVhvY3kwQ3IxZldKWTI2UGlOdXU2ci1hVFZuVEtrT2xKdnF3Z0ljWTI5cF9GQWN5My1sbmcxWnIyRUhfQXFPQWRSaXJJM2RWVTl6Si1YbGtVclpVV25zdXlMcVJWaVJaOWlIcnZjYlRKQ0htWTJKckdhaFpNVDBjdlJVR0IwLTZHQndDNldZT0R1S0NQdnBxSUU0Sy11SklkYWRlcFdlVVE?oc=5,0.0,neutral
2026-07-21,2026-07-24,MSFT,Microsoft (MSFT) Stock Forecast & Analyst Ratings - Moomoo,Moomoo,https://news.google.com/rss/articles/CBMi4AJBVV95cUxQQnUtSXV6THpWRFJURXIwNjRjNjdjYXZJMV9YcXZrb0Y1Z3Vrd0szNkl3R1hWT2Z6U0FXNVpFSkJhbWl4Q3VyRGlDaFl4aVNEWTgtM3JyZV9nVDdPZlJWYko1OVg5Mjl3STIwbEtkYjZKRWlyNF9xM0NfSFc3Zk5WQkpGazdONUswdzFyTzRTd09ya0piLTRjMDBGVG02eGdJR0dBRF9sM1lRS0wxMmRSdExZYjNrSXdwcGZzb3BLc3lZVjA2cWRTN01QVGtlaHB3QVNUNlIxeXhfdm9rd01Gb1J5NmJLV0Zmd09ERmhKNjN2dm43WHFxZ2dXVGR2bERqajZwUG5mSGxaU2s3RjEwQ3RicVhDWTRmMkR0ZkI3cmNlM3ZVUmpXRk52VHh3a0ZOeUIxdzc4S1lJYTJCYWozdlZzV0g5REJLQ0o2Ymh5Nmo0alBVSm5JaXF2T1hoZmFK?oc=5,0.0,neutral
2026-07-22,2026-07-22,MSFT,"Going Into Earnings, Is Microsoft Stock a Buy, a Sell, or Fairly Valued? - Morningstar",Morningstar,https://news.google.com/rss/articles/CBMirwFBVV95cUxQUzNBTkhXakNuQnR3aHhOd3NWbWhRZnlkVEcwc2lEQm0ybFJ4U0NQaS1wMG9JODBtbi1XdEw4T0VlRF9oTEcwYzJIMlBCTW0zV0FMdTQwQWVXbTF6QzJQS043UXNTWTVzTm5sejA4S2dZTnBQNnVKOVNSOFBHZUl5REhwMWZIWm1CR0RfTFEyZ3U2Vlh4ZTdEcWtaaHAxSTVEbExpZnJxMkJzTWNyZml3?oc=5,0.4404,positive
2026-07-22,2026-07-23,MSFT,Microsoft: How To Deal With 2.5 Years Of Dead Money (NASDAQ:MSFT) - Seeking Alpha,Seeking Alpha,https://news.google.com/rss/articles/CBMilgFBVV95cUxNY1hlX2x0b2R3SEY3UnoybTl4dzd1bkVENm5tQkhMMVQ1TXVuWGJLVTZwSDdvdHdCRWM0dFVaMmVzODl5OU5Qb010a1NGbVQ5eUppWlVFREVvaVdHQzVKcVF5c0lQOFlOanNLSV9Qa1N3dV9ZaGRVdmpnd2xfZzZyX1lxN3R1NzF0SzZsTkRsMnJ0ZEdvemc?oc=5,-0.6486,negative
2026-07-22,2026-07-23,MSFT,"Concerns Rise as Copilot Loses Free Features, Microsoft Stock (NASDAQ:MSFT) Slides - TipRanks",TipRanks,https://news.google.com/rss/articles/CBMirAFBVV95cUxPYnZhQVBoaDNXeGtHZzZtYVdoYUlCS3FiNVVXYW1mc1pzQlprZnNEQXZ3bTM2ZFVqZ1RqTFNOQnA0RGplR0R1Q2xYUTVxWDU1RVBOdlBGN1d0eld6WmN5T25UOVh5YWNNU18yVUdsLWRfQldESUdQcXZHYXprNVpPVzZvNkJ2VjV6VTFYaFQzaHpVbjFpUG9FM0tZY3FYMFFxMGJ6QXZXUEhjZ244?oc=5,0.25,positive
2026-07-22,2026-07-23,MSFT,Microsoft (MSFT) Reports Next Week: Wall Street Expects Earnings Growth - Yahoo Finance,Yahoo Finance,https://news.google.com/rss/articles/CBMingFBVV95cUxQYXVFQWpveEM5V1ZieWgtUm9GMUJVTE5Wb2dtSGhVRDBmekU3bW5qNUhCaDBJc2tReVVycEFzdkFIYUJNVUNjdjRqM2F1QVZ1VnM0UFprdk1PZHZZdS1hUFBsRFd2V0dRZGhROHl3S0tPWWF6cy02ODJudWlPTXJINHNhVXZuTE1RQmZMYjZ0VHlydTdzR0kyd3JxM0NMUQ?oc=5,0.3818,positive
2026-07-22,2026-07-23,MSFT,Microsoft Stock (MSFT) Dips as Manulife’s Expanded AI Bet Fails to Lift Sentiment - TipRanks,TipRanks,https://news.google.com/rss/articles/CBMirAFBVV95cUxQVmZVUW1vS2VEWmdUSkZaaEl2Yl9WM3dMRDNXcGVUYXp4eXdQc1h4a3dnWFFuU3dJMzRjN1VvYy1DTFZJZlU5QUg5RmNFUklKNWN5R1lpWnZ3NzdzVXlNaktYNXFCVFI4RXVodjduMlk3WEQxZWpvSWZDT200ZVJxMEVPZURlYWRiQURGVURtcS1vRGhNU3ZIcXU3NlF2YUhEcUdBdGhBQ25ON0hK?oc=5,-0.4215,negative
2026-07-22,2026-07-23,MSFT,Microsoft Stock Rides a Familiar Current - Trefis,Trefis,https://news.google.com/rss/articles/CBMiowFBVV95cUxQTGk1X2RWbjNoZnlscV9oYUpKWlVsaklBQk5nazFHbkJtRy01QU1lVEQtVDFyQ19KR3lkVkhOdk0yWU0yWTZsQVJuUzRZZktKRmVKMHdsRjUyaGYzYnlObkxjVFhXZXRodHZRc1d5QzJlQ2NiaGF5R1F5SWdDNzc4dWVJeXVURDVuMEpwakxWSlNPYkgyZXZkbTd2ZDBCaDZZLXpF?oc=5,0.0,neutral
2026-07-22,2026-07-23,MSFT,Analysts Say Microsoft Stock is Deeply Undervalued Ahead of Q4 Earnings - Benzinga,Benzinga,https://news.google.com/rss/articles/CBMizAFBVV95cUxPU0dLWXZXaTBUbzR6STE2VjllYUtaRFNKU3RjdVYxdFBHV0ZJdUJROGJxWVljVlB2VXZSdlVzTElBRk15ZFBUV05PUmw5dnNQY3RBRmF6Z180NURReWd4UzZfNEhoYjkzcVJrRHlaVGdPdjB5MzFMTkJobWZxbE1lQmtnSl9pY05zNnk4TFR1SFYwUkF2cGVHU3hlYW5mQ1VZTS0yZndmX21tMzRMRFQydVN5c25LQ203aDR3Vkk5bnRGREs5MmF1ZURaZTU?oc=5,0.0,neutral
2026-07-22,2026-07-23,MSFT,Microsoft Is Deepening Ties with AI Giant Mistral. What That Actually Means for MSFT Stock Investors. - Barchart.com,Barchart.com,https://news.google.com/rss/articles/CBMi2wFBVV95cUxPalFLZzZoOUpFbFk1dUVaVmllamE5ZVhzQ1pyOWtKVy1BNGM4Y0tpTzBQRmMwc3Vzd19BLUdlbi1ZTjJzeXJRSDFob0poNTNmOWFnRE9PZW05NFZDdk8tbHQyN2p6Z2oyVzUyRjVpVDVObjdZMzNvQ1FpMDNzQU5pMVN6elplajV2X3lPc29naHhoeUNnaWhoY3FOYVJoSnFVT2prSEVzLXlobW50bUkzcjd3M2FJSy1zRV9SREtTZFp3NlA3QnhiZkg4YXEtMTU5ajl5dWU4aS1rUDQ?oc=5,0.0,neutral
2026-07-22,2026-07-23,MSFT,"CapEx Is in Focus for Microsoft Stock Ahead of Q4 Earnings, But the Bull Case Remains Strong - Yahoo Finance",Yahoo Finance,https://news.google.com/rss/articles/CBMinwFBVV95cUxOc2pBSTRnaVJ1S2pEWFpJYlpJeEdBV3ctbVFMaEZaQ0VKRUlDekY3TENEVzRLYmNlTmhqT0dsdUktTG5pc3BVRHZ2RlFzR2RIX0xrb2lYSm9yaFNRY0hsdmh3aVo3UmpNdjludW5pZEdCamliUUl4bFlQRUE4ejdBdlhjOXRsZVFFU0twRTBoLVlZWHYyN2pLdjM4c3FSVUE?oc=5,0.6652,positive
2026-07-22,2026-07-23,MSFT,Here’s Why Retail Investors Are Buying Microsoft (MSFT) on the Dip - Yahoo Finance,Yahoo Finance,https://news.google.com/rss/articles/CBMipAFBVV95cUxOVUV0Q0Z4bU9UTzN4ZjZMMHh5cl9ZQ2RiNVI2OVFOQ2dJZm84RHNGNjBCSVRDNFJJdzUtSlR4ZWd6X1B2V3NYeVJ5MTd0MC1vTXlBUmFtWnRTcWRKb3lySDJWUmtPeV9RdDhZcUdqZ29Od3IxY19YOG1VakhFdFkwMXhPU3QzcnNUYkVaXzBMNVZLZk1kdVBFOFZtZ0FRZE5mdEhHWQ?oc=5,0.0,neutral
2026-07-22,2026-07-24,MSFT,Microsoft Is Deepening Ties with AI Giant Mistral. What That Actually Means for MSFT Stock Investors. - Yahoo Finance,Yahoo Finance,https://news.google.com/rss/articles/CBMingFBVV95cUxNaDZGZUpQQWg0d3dpWHYzbjJMc2dGUnhhWjNmeU10aHg5YjFGUlFWVTR3eThiS2xhNGtnVG9YSWJJX2NyMVp6aXdvaXlPSUROY2pPMzdpM1A5cEcyTXM4RnQ0M05ZREJfc052ZEdfQWw1ZDJYVzcxYUJsd2tWMXN2WDdBUUVfT2puUzN3MnFaUFRoS2lQRV83OWdMelhSdw?oc=5,0.0,neutral
2026-07-23,2026-07-23,MSFT,2 S&P 500 Stocks Worth Your Attention and 1 We Brush Off - StockStory,StockStory,https://news.google.com/rss/articles/CBMivAFBVV95cUxOaTgxRmdzRVEtczU3VS0zaXItYmdPa0ZDb1BOU0tZdVVHNWYyS2o0ZVFpM29LY1RpaVZjQlE3bU1TNWZUVV9nVTE0WGpIb2pfT0dnRUpacExlREE1cEUzekNhSEZoS0xBaXpFd3p3Szl0dGt6M0RlNXlBWG5jLTVMeS1Lck9neTQwcURjWHo1WjI5YXVmY1F6cnFfSEs1aW1KTnByYzNPN240LVdybGt6N2Z1eTBCbDI0MjhXUQ?oc=5,0.2263,positive
2026-07-23,2026-07-23,MSFT,Microsoft: A Better Entry Point Before Earnings (NASDAQ:MSFT) - Seeking Alpha,Seeking Alpha,https://news.google.com/rss/articles/CBMimgFBVV95cUxNOHp6SkJvaUNkc1RSSnVJVThMZklpUWNjZlJaa0U0TzdHVXpSaHlxQUVqWUVLektTaTBlUklBSDEtTVY0LTJMai10QkFxQUdndnJDZnFab3R4ams0dzBmZ0d2eTUzVmJRVGE0NlJ0S21jcmJXSWV1aVVLZWpPQlAyU25hOFFLVVFxZTJMUFVjX0tyT1l6RUNPUmxn?oc=5,0.4404,positive
2026-07-23,2026-07-23,MSFT,"Morgan Stanley Identifies Top Software Stocks for AI Era: MSFT, PANW, CRWD - GuruFocus",GuruFocus,https://news.google.com/rss/articles/CBMirwFBVV95cUxOX2R3bDZPdml0S2VMbTdVOVNlTjRTTUoyTmdpRExDYU50SmlBeEszcjdYcUxRSUFpWjUwVmd2cW9WTmlNbjdIWFM1S21jLVZFRW9sZk1oVjdHNW9uVEl0bHJpemNkWEhFZklkZVppcXVDbjcza20zRGt5LUJiNG1ZWTQ0MERLdlNNeWJ0bGJfVnJSYlNybGlsNl8xRmZ5SkZ2WnhqRUdXRHNVM2MzUk1n?oc=5,0.2023,positive
2026-07-23,2026-07-24,MSFT,Microsoft Earnings Preview: Get Ready for Soaring AI Spending to Sink MSFT Stock - Barchart.com,Barchart.com,https://news.google.com/rss/articles/CBMiwAFBVV95cUxPZW9QbjlTUlVpemFPbWRUZTNrVUJ1WUN0NnVjcDRSUkFXVGlYbHZ0ZE1lcFV0ZXZqSmhxZmRrY1gteWF4SWQyUHF4MXRyay1KcWw3OG42VWRwZ2J4ekllUmdqay1ydFp0MENlYWtIUjUta2F0aldkSW56ZXNKVjhJc2hZMFp0S1U4WmNHMUVtNmVGMFl3cG9IZGJULTVOVjB1SlQybUpJTGdUT2RDZng4dHBFSEVLcFE0UHIzQ1BsdTQ?oc=5,0.3612,positive
2026-07-23,2026-07-24,MSFT,Microsoft's Azure Cobalt 200 Offers Up to 50% Better Performance - Stock Titan,Stock Titan,https://news.google.com/rss/articles/CBMiugFBVV95cUxOTTBpcExzQmhZTnBPeDRBMk50bUtubXJjbXU2SHY0TERMYWZNaG8zX2RUNnZkS3dkeHVpekdmTk9hZndNd05teUN6U2pHU0JaRkNGaGxfQnN5UVBoWGtQaUxnZHRGUl8tTmc5Q2tQM253emdPbU1PTGtER0xxR3ZTTng1UlNjX3Zsc0dfcHlLOVdXQURrb1hVamhjUGpqdkdjbWxqcnRHdGRtYm5CTEpsV3ZGYzZHT2g4RUE?oc=5,0.4404,positive
2026-07-24,2026-07-24,MSFT,Microsoft Corp (NASDAQ:MSFT) Stands Out as a Quality Dividend Stock on the Best Dividend Stocks Screen - ChartMill,ChartMill,https://news.google.com/rss/articles/CBMi5gFBVV95cUxNYkNZWkgyWF9GWERzek5tQzBYc3FrWXRtNEFSeHVpdS1WeW1RV2hhQzdnT1BIVDFWZTlpNXowbEswYnhFZlBOcy1xbEJJVWVod2JZa1EzZ2tOTmNUeFBYZ3JKeDFFSGxWcjhqTzVXQ1Vac3NWMWNnWng1RXdaYThXTEJ0S25JSUVnUEZWX3dOMVRFb0drVU5yVXlFR1puSHhJU000dFd0YnBrZlZyQ0doLXZyT2pYeWlfa0I4b2kzMGs3bnlKelZjNldxRXFMRzROT1hGLTBrR01JNi1aSXY5dU1HMkZDdw?oc=5,0.6369,positive
2026-07-24,2026-07-24,MSFT,Microsoft Earnings Are Coming—But Azure and CapEx Will Decide the Reaction - MarketBeat,MarketBeat,https://news.google.com/rss/articles/CBMirwFBVV95cUxPSmxPcjMwdXpIcDhXUGcyUlZ0R0drZ0xvMXMzbTlKZ2F6dTNhc3dNUFRKSUwzSmZoekVYZ1Z0MEdGdlhqX09JTUVoZlMzNWxWdGJ2YmM0ZUdROThaSGFvbmtudmFQUU5zSEZhLXV6NmgzQmtoVUlNcjBkRkppUlJHMVZPdDl0anZkaDZOQ2l5MGRJaW94T0lLVlVVT3Vaa01RUGRweWdBTXFYanFUclh3?oc=5,0.0,neutral
2026-07-24,2026-07-24,MSFT,"ORCL Stock Rises After-Hours On Pentagon Deal Worth Up To $7B — Why Retail Sees NOW, PLTR, MSFT And Others Benefiting Too - Stocktwits",Stocktwits,https://news.google.com/rss/articles/CBMi5AFBVV95cUxQcUhDVDZhRi10b1dtRmc3VUhvTlRTdzM5eU5saXRfY2xQbW4zM3VNZHhLZ0FlTG1SUmJvNUNxdXFaV09VU05rZFhBV2RDdWZoZndyY1FWOTdLaUxualhSaUJySmVPdGVEeHU1akxWQ0tTNEFFTHdfeGM0ZG1zQ0dzY3E2eS0zOElVTlVNdXB0c3lHM0ZPN0huMTZWTHhxS2g4a212YnFzd2xPdzNpYnl0VmI2bjR6ZndLNXByQ21yUWs1RU1nM19OLXd2dDhCZzhJRlQ4UDA4Rm9mU0UxbHM4MHhGWF8?oc=5,0.2263,positive
2026-07-24,2026-07-24,MSFT,Microsoft (MSFT) Extends Databricks Partnership For 10 Years To Deepen Azure AI - simplywall.st,simplywall.st,https://news.google.com/rss/articles/CBMixwFBVV95cUxOZnlKQ2xweFRZcTY1aGR4am9hOXBWS092MmhOM1dFU2sxczZTdXRNd3lWa3NiUWVvUEVPZG1qS3dUUlRoS0hyUUhYYkZiSFVCVm9TcEZuNjdZVnVrTnNzbmtsSlgtSFhQZ2tUNmlsTEh3TGpjbW04eklaSXh0LVhYdDFqbjFxakhlNFdrVHhDclV1WnNtOGpPT1ZPZFVHYko3RWdsMGNNR052T2JuUmZ2X3dVN09mcklkdU1SVmRyNUtVd1F5WXdj0gHMAUFVX3lxTE85TkdmbzN0dFhmQXVYNjdnaDFFbDFrQ25Ca1p0b0tSZ3Yxc1VYRVZIdjZ4YTNCemxqY3h2YTUxbjdtcHBoS2hHZXVhamEzNUoxR2IzLXhzWEt5MmFKTWRiRS1hSWhZUmpfclZBQjVkLWQyVkdtOVBfQW5TWUFuZnhHa180aWFkVXdtcHlUVjNObHFWU0NVM19WdXFxS0o1ZjNyUGRCbVBWYlRNY0pyOXdCbVVTUnRVX1BLa3RXTWJCbk92VmlZNTlCQnlScw?oc=5,0.128,positive
