published,fetched_at,ticker,title,source,link,sentiment,sentiment_label
2026-05-11,2026-07-29,NKE,Nike (NKE) Stock Declines While Market Improves: Some Information for Investors - Yahoo Finance,Yahoo Finance,https://news.google.com/rss/articles/CBMimgFBVV95cUxQd0k5VDZ4d2NyX25UNzg0dE1ocGNsVlhWMkVMUGJiU3p4UW5KdkhkajJkc1VXdTJYWW81VE4tMXBQbnZSbmZ6V09kVWVBTU9hcXF1b1pKalhCQjBCWVR4VUtzSE45eHhYNUl2ODhjbUJZNXNmWk1lWjBBX201RjE3cERVa3hXNlNpYU9aQXBTN2tGcTJWLTAzZmJn?oc=5,0.4215,positive
2026-05-22,2026-08-11,NKE,"Nike (NKE) Stock Is Up, What You Need To Know - Yahoo Finance",Yahoo Finance,https://news.google.com/rss/articles/CBMijAFBVV95cUxQcVhVcHNVR0lzU2ZkT3lQbGIyS1NyajZhNldhamoyeWNleUFvRXAycDF4ZUlZS1dBc25NNEloWmNwYmFZazFRc21yUWw2SldiY3Y1ajFlN1dLejQ1a2VkTTlhZlV6Xzc5OGZKR1ZjdkhUQ0dtS09qc3lTSzJ0bGJBcm1QRUZfYUxsOXdWMA?oc=5,0.0,neutral
2026-05-25,2026-06-24,NKE,Jim Cramer Shares Tip For Nike (NKE) To Turnaround - Yahoo Finance,Yahoo Finance,https://news.google.com/rss/articles/CBMilgFBVV95cUxNODVLREVzUjItRmFMT3dJSUx2XzY5T2l3b29uRmxOQjNzRUplWVE1dGthcnc4VVNFS2tvS0ozbHdnVTB5NlhvUEg2bHpvNzA2UVZydXBaZ0x6N0w5UWE4TXZ3X05lT1h3TW1hUjVySzRtTkpNaFV2NGxqYURGZXZFV0ozUlJPNmM1X1VWdWlLcFRkTzI4Rnc?oc=5,0.296,positive
2026-06-02,2026-06-29,NKE,Nike (NKE) Stock Declines While Market Improves: Some Information for Investors - Yahoo Finance,Yahoo Finance,https://news.google.com/rss/articles/CBMimgFBVV95cUxOVTVWZldOSGMyeWE5NTRxdHZNakREVE8zaXZlV3Bfd2k1a0NPLUNfNlZrakJYQ0NncFBlcEozaG1uQ1RtZ2pqTFVKVjNQRjhJMTNndng2djk2ckowTFl5OXl5R0dSOWFhOTFMVFMwZTJfamt4dWRLN3NEZ2NUc3R0TnNOa1dwZnJYRWRjTHpEX2dNZjFoRUt6SlV3?oc=5,0.4215,positive
2026-06-03,2026-06-24,NKE,NKE Stock Slips Below 50-Day SMA: A Warning Sign for Investors? - Yahoo Finance,Yahoo Finance,https://news.google.com/rss/articles/CBMikwFBVV95cUxQMjZOWjRNY0VsU0FGMjRLQXFoaktxeVVLSm5JVHZrQ29ZVVVBdWhDUnZpV3Fsc0p2QVM5WXNZU2Y1Qnl5VC0taUVJT3NIYjIzcF8zeHJnSlRmTkxyYXhFRFFaQjc3aUQwQ0d6QktKNnN3cmgzQzk2dnAyYU9LWnFPYkIxT211Zk9pV3otLVdHeUg4TFU?oc=5,-0.34,negative
2026-06-10,2026-07-20,NKE,Nike (NKE) Stock Moves -1.55%: What You Should Know - Yahoo Finance,Yahoo Finance,https://news.google.com/rss/articles/CBMikAFBVV95cUxOOF9wLXg3VG01SnU2a2hmX0I2ZnZqMmdERWE2OHhCb1hnbWc3Z1NIQllyTVBrbHZxenM2S0pHbExIaVliaENUd05iQ3BycVFBRjNwaGZ5dFg2Vk5RRTQ0ZE80dXo1SXFoVXFnWkYxNnA4RkNjV0dSTnRTWVJVVjF5TXNoMkJuRUZ4Sng0ek9MOFc?oc=5,0.0,neutral
2026-06-12,2026-06-24,NKE,How Nike's Running Revival Changes The Nike Stock Story - Yahoo Finance,Yahoo Finance,https://news.google.com/rss/articles/CBMioAFBVV95cUxNMUJZa2U4dkh2elBXeG40VDU5cU1KbjkwUGtVY1hUVXVMa3hKTzFUdTgtTHhlLUtUTFpDYjVfVmg3WGlZcmdqcm5qY2UyZnlwWXNjOTU0bnJCU0M0ck93LVBhck41ZmpMaTlyRU02cWFHMzNYZUQ2d2NKRTN2cGhvaGYwdUwzU2JMVDVMMGM1NEZFTU9YRUQ0MHVaTTA0SjF0?oc=5,0.0,neutral
2026-06-12,2026-07-30,NKE,Nike (NKE) Stock Dips While Market Gains: Key Facts - Yahoo Finance,Yahoo Finance,https://news.google.com/rss/articles/CBMilAFBVV95cUxQQTBhdndyQmR2OVFCZjlLMm1lR3RPUHFfMmhyaTAwRlBUbmdBOGt1ZnpGanRzUVVJWk9La2hMSklKZ3d0ZlNTaVBmbVI2S1RLTXZERlJYVWpnTGxULXgtbHRDb3VrdkR4TzNQUEppcHhDUVI4ZzhtMEw2UzIwTG96RjM5aFZzZDY1YWU4YmdkR3h1aFVO?oc=5,0.34,positive
2026-06-13,2026-06-25,NKE,Here’s Why NIKE (NKE) is Among the 7 Best Turnaround Stocks to Buy in 2026 - Yahoo Finance,Yahoo Finance,https://news.google.com/rss/articles/CBMijgFBVV95cUxPcm9oNk1rSmVzTWhpcUhWSWVxYmZsMUZHM0NqZk5tRGJnY2JUN1ktdVQ4M3NWUjd4NXFWc2FRU2wxbkszNjBERVJzclNIQ0p1M2ZMZXA4b1NYU1B0RHgwaFNtRl9TdnlZbWI0eWdOZENhalpzVXhHUHZMalQ0SDFVZklodUhsS0d4V2tkVnB3?oc=5,0.6369,positive
2026-06-13,2026-06-30,NKE,NIKE (NKE) Downgraded at RBC Capial Amid Slow and Narrow Progress - Yahoo Finance,Yahoo Finance,https://news.google.com/rss/articles/CBMimwFBVV95cUxOWkc2SUVOZnZWWVNJaXJQdFVJSThFTEVOR193QUJ5dlJMMW56Qjd3UG5iQlRSVDJBSTh1emFfRFJjOEh1bXViXzVhaUN4LXZjcDVSVlFoS29QTENNUG43c3dMUnZGbmdqSXU0SnRISmh3djRkTlVHalVoT3A4ZF8yQkl6eW9PaXUyTi1TNHdRTFpqQ2pJWm9SRGpxMA?oc=5,0.4215,positive
2026-06-17,2026-06-30,NKE,Nike (NKE) Stock Price Looks Fair After Multi‑Year Slide And DCF Check - Yahoo Finance,Yahoo Finance,https://news.google.com/rss/articles/CBMilgFBVV95cUxQSWN1V19WNlJjTVBkU3VIS2ZBS3gyeVgzUUp6UTNOUEdkdUpmMVZKN2ZLS0prS1Z4WFN0dHNQY09BWU1VN25rMEZiZUd5djJtZVVQVEh1RkJhZ3lsRzh5OVJybWh6cHpxNXA1bzRTUmUyQ3M3Q3lIWkhzQzhoVU9ieXZKTEY2cXdRdHpCTmpNRFZxc25USVE?oc=5,0.3182,positive
2026-06-19,2026-06-24,NKE,"Headed Into Earnings, Nike Stock Is Trading Lower Than It Was a Decade Ago. But Is the Turnaround Finally Working? - Yahoo Finance",Yahoo Finance,https://news.google.com/rss/articles/CBMioAFBVV95cUxOdDRrLWZLYVNmQjVneURpTzBURk9GUlg0WVU4RDlaejUxNjEwaVNSam1iMjJocTNsZXYwdXpULUlnd2tNRUdKYnpkUUZ5dS16d3ozZy1DY1BiMFFPbVgwd3BqYmw1NnUtcm5PNGJCeWNLbnlWeENFUk5IZWFMR28weHZJSzhrZ09ZaVVyaEVCRHNmVlZYZHhXblM0MHZHdTV1?oc=5,-0.1531,negative
2026-06-22,2026-06-24,NKE,Is Nike Stock Undervalued Right Now? - Yahoo Finance,Yahoo Finance,https://news.google.com/rss/articles/CBMilgFBVV95cUxQSUdzMEhUb0Y5V0Rzd0dZbEp4WmNBRjd2YVJ0UkdMdW1xQ3hMZlFHX0dJaktraG1oNlF4N0lCMDl6OVh0YjJWNGcyYk01aTdvM2pTNTVVcHNaT3VicVJaTzZEckp5N0tRblZTQWJuTV9tQ2hfVGxobG9wZ3ZjdC1FWVZ2TlJlOFdjbWE0Y3UzSThYTFVJc1E?oc=5,0.0,neutral
2026-06-22,2026-06-24,NKE,Is Nike Stock Undervalued Right Now? - The Motley Fool,The Motley Fool,https://news.google.com/rss/articles/CBMihAFBVV95cUxQRmllWXpLZVBWS0x6cUItMlVHdTNrQXBvU1BFNldySjRJQnNRZ0NWdFowZjV4eW1qTFp0WC1Xd2hQMENqRTdTSmVqWWxRNHBYYXdUdkZpelQxS0g2aWQwblYwZ1JYWm44SG9yYTZPOGlBeEMzYU1VcS1JNlE5eUF3Vm83TGs?oc=5,-0.4404,negative
2026-06-22,2026-06-25,NKE,$NKE stock is down 3% today. Here's what we see in our data. - Quiver Quantitative,Quiver Quantitative,https://news.google.com/rss/articles/CBMinwFBVV95cUxORTk4RnpzbFc4SUJNeHdhNHd2b0JrSDBRTFhMNEs2QS1hY2JPZHBhZnlrZVJTYngwUHN4LWg4Y1VJQlZaZ1RBYngyS3dxekZwT29temotRTgzSzUyN3dLMWlCMjY4bEJpQnE1YmM2c3pKdi00bDFuSXFaNE9FeHRXYXBLSHIzdFozbWxzcklmNDhUcjNGdlZGREtxLUpldUE?oc=5,0.0,neutral
2026-06-23,2026-06-24,NKE,"Stocks to watch on Tuesday after hours: FDX, KBH, and NKE - Seeking Alpha",Seeking Alpha,https://news.google.com/rss/articles/CBMilwFBVV95cUxNSGJvVDBfVVVvZ3UzbEViNjdBNVdCTVdoaERscUFCa2NNOTBaRHJvcUI3OF81MHpad3UxMHJuYnM4a1o0SlhaRExOX2E3OXh1ZDRQS3ZDN3IwNDdlOVdTbVFzNUtreDdaMjUzdDY2bXpEMDI0ckJaMGRkMXRnNkQwUE9ISmViUVIyOTg5Q1JURm15M3lBVFZJ?oc=5,0.0,neutral
2026-06-23,2026-06-24,NKE,3 Reasons to Sell NKE and 1 Stock to Buy Instead - Yahoo Finance,Yahoo Finance,https://news.google.com/rss/articles/CBMijgFBVV95cUxOV0t5UkxzNUNaX1NpVk80YnZNN1hzRl9XTk9DYkpGV004a0EwRlNpam0wUmpBbmN2ZVBzb2c3QU9lTXY3QzJweU8yZ2FZNVJtcVpKaHB1WkNPVVp1dGx4VHcxVmJneWZ1aUkxdVFFcEx6eTNpeUxCdmhiSTBDR0gwX0ZrU3ZGMkpRTkh1X1BR?oc=5,0.0,neutral
2026-06-23,2026-06-24,NKE,Nike Stock (NKE) Slides as Analyst Flags ‘Minimal Needle-Moving Innovation’ - TipRanks,TipRanks,https://news.google.com/rss/articles/CBMiowFBVV95cUxNVkUzWjIxSW9jYzZWRG1jUnZKX3QwYUstc1ZrMUdWM0xYaERPOHl0LVZRWlBqTnlzdzNNM0ExbEZ3NVNFbG5KVTBBbTdRTkY2NzlVZnNBZFhsdnJ2UnJwWmVBT0NoZ3ZBMHBWQkRNOEc2UDZ5T200Rm82a1AzZ2RxQmtOUXNydmVva2NuWU5BZUhXMzBSREMxejkxaUN5NF9feXlF?oc=5,0.0,neutral
2026-06-23,2026-06-24,NKE,"NKE Stock Gains 2% After-Hours As Nike Names New CFO, Reaffirms Outlook — Retail Calls Leadership Transition ‘Promising’ - TradingView",TradingView,https://news.google.com/rss/articles/CBMihAJBVV95cUxNVU54Mjd6Q1MzRjV1dnBDQmx2R2w0azEyQnBfYlg5cHBWc1djai1rVWlaWi1SbGRDUWN4a1ZnMTFqX0tIM1dId2tOY3Yyck1NVWwwb0lvR3pjZEZiRktHcmtPQ2JHemgyVGJuYkxuY2VKT2k5dE9zNDhLbW1hZ2JfUTFjdW5uUWNFalhUVXRGaE9TQzloenBnamhBaGtlYk1laUY0RE1mamtDbGllaU5iOEMxRUYtLVU3Y0xhRW5INXplanRtTk53REh5LUZ4NFgxSm1DWThPQ29VLUlEaXliMzVYOFdLdHo3d2xtTjlfNEM4LWVHNHg0OE5sVWxDR2lZb1BXRg?oc=5,0.34,positive
2026-06-23,2026-06-24,NKE,Nike (NKE) Stock After 32% Slide This Year Is Valuation Now Attractive - simplywall.st,simplywall.st,https://news.google.com/rss/articles/CBMizgFBVV95cUxNS3ZLXzZhWXZmdDBTYjlocEhZWUNhTjNLSHc0MHFjeFRXdnhRQ0NsU3FteXpsN25ibmVzMmtoaGZEREo4QXh5N0d2V3NaUjl0TUFNSWU1VTNUMGJtVXQxMmFLenB6b3hVSVJ1U1lUQjN1eUdyTThrbmRoZ1NmLXlsdk9laEdvMF9KUzdza0dZWW1Yb3l3aXhIY2hxR3g5VERSTkN0OFp0UFdmWnNiRTdJaENNTkxCSVhNSWExS3NWWTdPWUx6X2ZPRWJ3azVJQdIBzgFBVV95cUxNS3ZLXzZhWXZmdDBTYjlocEhZWUNhTjNLSHc0MHFjeFRXdnhRQ0NsU3FteXpsN25ibmVzMmtoaGZEREo4QXh5N0d2V3NaUjl0TUFNSWU1VTNUMGJtVXQxMmFLenB6b3hVSVJ1U1lUQjN1eUdyTThrbmRoZ1NmLXlsdk9laEdvMF9KUzdza0dZWW1Yb3l3aXhIY2hxR3g5VERSTkN0OFp0UFdmWnNiRTdJaENNTkxCSVhNSWExS3NWWTdPWUx6X2ZPRWJ3azVJQQ?oc=5,0.4404,positive
2026-06-23,2026-06-24,NKE,How Will Nike Stock React To Its Upcoming Earnings? - Trefis,Trefis,https://news.google.com/rss/articles/CBMisgFBVV95cUxQYXg4QWJkY0QzQ210LVYwaEZqM3B2cGU5SW15eHBxM0hDNzVIbW5wTEVJaFpUck5zcmNybWlFaE9QV0RYRG1ieGpIaVFlSHRZTHpBRkJvYlgzcFpSRkl1dkx6WkNwT1hDdnMyNWF3MHhYb0YtSDlBaXhFQTdFUHlCRzhORFE3MGtlajBSYnUxNE9XXzJkVzFJdTN3dEpqNFk4b1BGdzlRTDNLOVozY3Uxci1R?oc=5,0.0,neutral
2026-06-23,2026-06-24,NKE,NKE Stock Gains 2% After-Hours — Nike Names New CFO And Reaffirms Outlook - Stocktwits,Stocktwits,https://news.google.com/rss/articles/CBMixwFBVV95cUxQbElzeDNHcVpZMFFDVzk0ZGE2NTB3N3NqQy1Oa3BCZktjOTJzRmh4aV9BWHdRUE9YSUp0WTJPaTU4ZGJDcEFfLXowbm5SemNEanFsWHg0dC1DcklkcVN4aGRnNERqNVdYYTlSTmlJSExUWjFYemFqcFRNR1d5dEpkcmVpMzFVRnRQajg5U1JyZFlyNmdFU1kzZTRWMEdNZWlFV2sxM0VEb1JvazJkb2VGbDhqOXdxNy1aWkJ3OWZzdVlYZWhrUnln?oc=5,0.34,positive
2026-06-23,2026-06-25,NKE,Nike (NKE) Stock Forum and Discussion - Moomoo,Moomoo,https://news.google.com/rss/articles/CBMiWEFVX3lxTE1xMlg0OExQUlNnZm13WVlzcjZ3U2hHTGdmcXk2VEFpZ0p5T0p4dVBFeVBTNEtNejM5ZmJfZ3hTNU9wX1FoT0NHOUp4S291cTJPU0E1TzF2dzc?oc=5,0.0,neutral
2026-06-23,2026-07-07,NKE,Jim Cramer on NIKE: “I’m Going to Give the Company One More Quarter” - Yahoo Finance,Yahoo Finance,https://news.google.com/rss/articles/CBMikgFBVV95cUxNMTZCWU9KU3dHeEtjbnlSREVSNmxOdlY4dUFldXdnc1VkallsYjdBNnU3dXQwUHpSRGNzRmp3MG9acms3dUhMNndlVlBkWlB4MWpVdngtNTJYa0pKV0hrdDVTQkhESG81MVdBMDM3ZEdsRUZ2cWVrV1haU1JKSDBxZDA4US1pc1VqbGQ4NTdfTXFqQQ?oc=5,0.0,neutral
2026-06-24,2026-06-24,NKE,"Nike names a new finance chief, but our plan for the stock isn't changing - CNBC",CNBC,https://news.google.com/rss/articles/CBMirAFBVV95cUxON2dHSHZXUVAzY0pIX3NlVHZNLVY1SC0tM3BXdFIzTmppa0JoNGdOeXV1OXd3TXRCMVpkYXI3SUxrQjgtUmpoOTNMeTdfYXRfaVNIYjBZRDJqMlhwNHFwYnVFbGpvRks3ZVZCb25yTlA2Q3pNblRwLV9jcFdrRUhoOEJSQzg0SFpLM2Y3bWQ0d21yUWJzYXpLTGlfRzRpd2xhbnIxajNZd0lybFV0?oc=5,0.0,neutral
2026-06-24,2026-06-24,NKE,What's Going On With Nike Stock Wednesday? - Nike (NYSE:NKE) - Benzinga,Benzinga,https://news.google.com/rss/articles/CBMi1AFBVV95cUxOaUZCS2dsR19ycFpGMWVib3FhR1pfek1TcW9IcFF1Z1NtejJNeTRCak43NEhPamZlMVVGc3o2ZGg1Z2ctaTU4SWhaSFljZHVyWFNlTzVOTlNiSnU4ZlFjNDcyT1EwelFtOG1aUDFEWWRuX0UzN1ZkRUpfbUNkQW9NZktsalN1Nnl6Um45eTlrZGRkbS1nazkyd3MxUWlCSUszcVZUU3BtRVFMeDNhYXhMVFZSRll4Y1FiV1JncDFER0pyOEJxTWtSdE1yeDk3TlB1U2NzaA?oc=5,0.0,neutral
2026-06-24,2026-06-24,NKE,Nike Stock (NKE) Hits 52-Week Low as CFO Departs and Turnaround Drags On - TipRanks,TipRanks,https://news.google.com/rss/articles/CBMiogFBVV95cUxPV01YTEhKZkxNWUNrMXJ1UGpPek9pYnBYTUcyYlVQR2tKeUMxUk9takV2RldraWNyLVBON0FmZXo1YlVvc2ZJSXlHcWR0cHYtcDAyMkRRZDhhTzNfTm9iaUZiLVZFNWcyRWY0cHZmZzlCcU5JR2pMMGRyZGp2SnBYZnE3WlRaNWVpdWlJaVhDTFJtTFREY21pOUN3b0MyY3FjRVE?oc=5,-0.4215,negative
2026-06-24,2026-06-24,NKE,NIKE Earnings Preview: What to Expect - Yahoo Finance,Yahoo Finance,https://news.google.com/rss/articles/CBMimAFBVV95cUxObHgtOHYzenc1TVlVUmQ4NjRMdU0xMVFVT0VvTWlDMWJpLUNycVlfbWo0T3kzOHlaYzVyTVAtOVl4dXdNWUUteFlxZW1ONzRDQVlPdlllSzFRSG1OQ0lBV2FyY25id0hEOTBUQm1XWkJxV0dIOS1lS1Yxd3JsYnA1RDBPWndkT1RqRHdoTl84NHd3dHlBSnp4bg?oc=5,0.0,neutral
2026-06-24,2026-06-24,NKE,Nike stock hits 52-week low at 41.32 USD - Investing.com,Investing.com,https://news.google.com/rss/articles/CBMimwFBVV95cUxQdzVQb2tXZGRZZzN6YndISk1UZzdUU3VjMzBLR25KQ2M0enpSOGJsVHZhTHozVGZOMHkwWnFHM0RVTl9EM2hnY0xYTGVzdWFYVVJjcS1GRVZFNlkwR0lDY25Lb2ZTQTFfNEp3aXpsaWZ0VDRmWFFyQmZCcm5XT3NkeW1OVG5YUHFXMENLTnltSUc5empCZS12X3JFMA?oc=5,-0.2732,negative
2026-06-24,2026-06-24,NKE,Could Nike Get the Boot From the Dow? Why Berkshire Hathaway Might Take Its Place. - Barron's,Barron's,https://news.google.com/rss/articles/CBMijwFBVV95cUxNNEgxTXR2MFlKUVNWaE02NUlzNTJseERIamF1dmpTZE5SLWxUTDBtSFJIVS0zS3VlUFl5T0gtRDQwTnR1X3czU09uVkw2Vkt3SzVSTXctdnhVRE9NY2daRm9vZWFEXzlYUUo0dVdhQnVGc0dUNmdaeTgwTjh0Tm5RUklBM3lvbmJteEhTdWx1WQ?oc=5,0.0,neutral
2026-06-24,2026-06-24,NKE,"Rockefeller Capital Management L.P. Sells 47,694 Shares of NIKE, Inc. $NKE - MarketBeat",MarketBeat,https://news.google.com/rss/articles/CBMiyAFBVV95cUxNdkE1aUtuNUdHbG1fUS1GZ3hkSVc1SDJ4R2Q1UHJZaXUyWVFqRTJDY010VzNnS1pKNTJ5YXdSWkN2TDVWa2J3eGZ6Y0Yydkg5cDcxQm15bDlocHRMMG1QdlVBM3ozUDl4WjNLQ1dhUXJMWDhPYW4wM3RPcVJ3dUlwbG9tZ3dyWURpSGJhUHZHTUpOX096QllTR0h5TGFubEVieUtfbFo3MmJVc2NmMmNQcU1RYmcybWk4Vm1Zd0tRMVZQS3ZoMFRrZQ?oc=5,0.296,positive
2026-06-24,2026-06-24,NKE,NKE Stock Gains Pre-Market: Google AI Shopping Rollout Targets FIFA World Cup Demand - Stocktwits,Stocktwits,https://news.google.com/rss/articles/CBMivwFBVV95cUxNUkU4Z3VPUjB2YTVFN0hMMnRXZldpSnRDTUhtMFhDMnJueTVlR1hLM3dKUk0zblFqTV95eWFiMzk2SjZET0JmMWFFNE1aM3VWMGxqd3o1amJKZkdmUjFEX25EemctUnd4Mk43NnBiZnJhX0VpUjdNWkdrc0gxT29DZi02SFBhQnRsLVRicnJDY1NrRU5RVk02TjRET2pJUmgza3FvM3pPR1Fmemt2YWQtYWxxSFByVzZESEF0ZFJkMA?oc=5,0.2263,positive
2026-06-24,2026-06-24,NKE,Should You Buy Nike Stock Before the Huge Investor Update? - The Motley Fool,The Motley Fool,https://news.google.com/rss/articles/CBMimAFBVV95cUxOXzNPQ0JKODdlQkJjTG0zSXpmVDl1ejNZYU8xV2x3RUp1TmFfMVJ6YUdMRERrTTBKN3pZeUdCa1JKT2RCQlhiTHo0cF80cWg2a3hqR05pLU05TWpSYnFyOXMxUGZ2dzgzbEhBSFZEUzFDOTI4TUR4VDVnNjhMMGFrdDdVODRrT1dHdnhRRU1takx3d09PMEhKcw?oc=5,-0.1531,negative
2026-06-24,2026-06-24,NKE,JPMorgan (JPM) offers auto‑call contingent interest notes tied to NIKE (NKE) stock - Stock Titan,Stock Titan,https://news.google.com/rss/articles/CBMiqgFBVV95cUxOOEFkMm54ZlJQR25MZGNEZjNEOXZreHNrV0pReFpDaHhBNTF4T09aS0w0eGFudHVMX0J4UzlpN2c0VDZ3ZjBmcFdrRlpFV1JNT0hUM2pNSnJFeC1zczhHazZfT1RrbmFITnZDWTluVVFhMWZReWdUSGIyLUJyUENqMmQ3WjdoSnhsWmNyY05GM1dkSGcwRE51Tl9kdGNVSUhOYlh2bklpODFGZw?oc=5,0.4588,positive
2026-06-24,2026-06-24,NKE,Can a Former Pfizer Executive Catalyze Nike’s Sluggish Turnaround? - Barron's,Barron's,https://news.google.com/rss/articles/CBMiigFBVV95cUxQdng5QjM4MDZndXFQQkwxcnZKTldIMGJUYWo2ajNXYlNkQVc1RmhQOWpBTHgtcnFWTjlWYU5YUWpYQ2VrQmlFRXJCTVhsNFVIMGpiOTFqWWJBS3Q5Uk9mNzlmNXBIdUJyUElHMUtobGcwSUlBQ2RMTi1oal8xeDlMR1BNdlVSZWZIS0E?oc=5,-0.4019,negative
2026-06-24,2026-06-24,NKE,"BofA reiterates Neutral on Nike stock, keeps $55 price target - Investing.com",Investing.com,https://news.google.com/rss/articles/CBMiuwFBVV95cUxOWnVsQ3JpX1J2UkxFcmpDQ05idG5zeFhwMXBMVF81NDJFNkF3MjJFbFlhdGppWVV3RTBHeVNyMGpLdkpxUWEzMllYeHNJbnN2T2I2UHY5dnZXYW9MWnBhVzZqMlp3T1pGQ1FpbHVkMGZzWDE1THFwYmdHcWJJYk5mcnNHeUQ2OFp5c1R1OUFNYVNMR0VGdGRvbldvWkNiTnFRM25KZUJuUHY5ZExjNEdVYms2TGJrNWtDUnRr?oc=5,0.0,neutral
2026-06-24,2026-06-25,NKE,Nike (NKE) Falls More Steeply Than Broader Market: What Investors Need to Know - Yahoo Finance,Yahoo Finance,https://news.google.com/rss/articles/CBMilwFBVV95cUxOMGVOM2dmUE5SdWxvUnJuQk1scDRQbll0V09yNlVDTks1TjB3cWN0cDAzUU1wREpsZFBKMUhpc1dfOEhhNjNSXzdLcUJuQXg2aHplTHY5eFBnd1hZeHp0NVNsN1VlRG1JUWwzNEsyTl9LYU5QUm1sWEdfbTdLTGpXRWpvdl9xZ203WW1PbHREUWpaUEc1WVVZ?oc=5,0.0,neutral
2026-06-25,2026-06-25,NKE,NIKE (NKE) Slides As Brand Strength Narrative Keeps Valuation In Question - simplywall.st,simplywall.st,https://news.google.com/rss/articles/CBMixwFBVV95cUxNZFdRa2g1WW5DWkN1Y19jc2lXX1NON1I2UlZsLVdrYUxpTGdMVHRqLVF4QlRPR1BIb1BqQzdEYmZxaDhWZFA1RklfVTFoOFoyOF9kelloV3Y5NEdYMXpWNkQ0WUd5bzFYMk9Wc0lYVlQxNUU3bmxlMXNkMFIzTlRXM3VTM3pJdmltUWxUeTE3TElSaUZSTzRfb2pnVmpHOThfQ2habkdvU1RZMXhEUHVYUE9tU3QzR2xXa1BpSXJtcDRRSGdqYWxR0gHMAUFVX3lxTE5ucUUza3liWkpXQ0l3c2xzRm5zcHUxWkRqRnBYMk9KRjVWSThzc09oa0NmTHBtdkQyWGczUjViREdhcWpFTHFxbTl0NG1ocnF1c01ZQU9aaGtwY1hIUXljY2ZCWDRTcUlQYkw2MWlsc3NJcDJsU0VaZGVnX3d3cFIwOVkxcmlscDRrbXhyRGVhMWZ2dnhuWktNNTVqeUgxVHZ0SG4zZFNuQVo0RVc3OVdSbE90b18tX3J2YjFBNTUtQW9vdjZNNWNGZVVLTw?oc=5,0.4939,positive
2026-06-25,2026-06-25,NKE,How To Earn $500 A Month From Nike Stock Ahead Of Q4 Earnings - Benzinga,Benzinga,https://news.google.com/rss/articles/CBMixAFBVV95cUxNUlNGMGtHMlFsVEllck80RWVOVzJDM3k4bThoc1hSbWhtWlZJR3F5dExmX0JTSktRczgzN0pObEczaFNjQVdyUlZ0bDZCWFh3NEw2dlU1bmxpLXRUNHhFXzVCdWc2T3pYTUhOSnhlX2dfU1R1bmsyMVMtZGp2QUg1R2ZYWGxEdkpORmNGd2FFZi1MeWpKcEc1ZEtHSTJaaHJ2WTNDM3FvcGE3di1sRFY1a0NwS085M1ZNRDl1RmNaanVHT20y?oc=5,0.0,neutral
2026-06-25,2026-06-25,NKE,BTIG cuts Nike stock price target to $55 on China headwinds - Investing.com,Investing.com,https://news.google.com/rss/articles/CBMiugFBVV95cUxQaUVwSkROS0FxR1RhM2tHR2VqcEFHMjJqekJ4NUVUTFVHd2FSTlRGaWpGUG5IQVVsN1QxVjRrTTc1a3RjNDNNVHQ4QmVfN1liWmZCX2pFWVc5aXRBLVdseFZGdkxNOXUtczBhdXVsQzB5YmhFMWNOWnJUSlc5ZWFIYlhzLURqV0ZhQ1NRSk8tNWJwdkVVS2kzRk1tTy1QYzhYOHRRejFBdUtsOUkxQ0FOVl9mdmtWbzFZV3c?oc=5,-0.296,negative
2026-06-25,2026-06-25,NKE,Needham holds Nike stock rating ahead of earnings report - Investing.com,Investing.com,https://news.google.com/rss/articles/CBMitwFBVV95cUxOX29aSGNKR2ZieXBuRFluZHdQQ3NzcXg5SXZGYnlncjdMdnljY01ubkI0c2pJaXVjOHp0dk1iZFpNODM1Q00wV3Y0dlBUUWZmRTEwMlhwSTV1VlAxVUVyOWw3VkUyaHZkTGN5cldZSk1EaGwxNGpheEZEUWNtbVk1WEJyNjFzajdkM1hMV1JRem5zb0Jvc0dBemR6QVdEanAwRGdia0NDLUtNYUV3Zlh4UlRqRHhlV0E?oc=5,0.0,neutral
2026-06-25,2026-06-26,NKE,Nike Wants to Make a Comeback. Should You Buy the Stock Before June 30? - Yahoo Finance,Yahoo Finance,https://news.google.com/rss/articles/CBMimgFBVV95cUxPaXB0LUpObUlscjFyWkU1YnUzN0VaWEFNa3F5d25LOERLWmVGdUdNcF9qWGNoSEVDOU9jc1d5NUVteVhJbEdwYXAwZ2tpUWZNQnlIdFlRdU9xV0FjSG0wWkNLbzZzbHFjWXBuUDlmcWxZNnd3emVBTWNPczJUaFhSV0wyMXBQLTB5YXkyOTFmOVFaZWsxU1lsNFhn?oc=5,0.0,neutral
2026-06-25,2026-06-26,NKE,NKE Stock Slips On China Business Strategy ‘Misstep’ And ‘Surprise’ CFO Change Before Earnings - Stocktwits,Stocktwits,https://news.google.com/rss/articles/CBMi5AFBVV95cUxPaVFRUjk4ZXQxQ0NPb2ltSUptdnNhWW9aWHVDd1YwbVlmY3oycWRvampfUzhCU1czRzlOMF9YVDljZHJnNm1GTElTbWZqem1MREl1N1B0eFE1NHVVZFJjREdOd3NzcXE5dm5lYXRfZl9jeTI1cUt6dlFFN0NwODFLZEJKNmF6MFZsd0RVd0ZkMFlJd2cwQy1XWHMwcHpIWXhFT1plSGpRUEh0WFlzUEdnTExwanJUQzVQeUh2cEN4cklrWHBMdGNONUxJUFdLWTJyQlF2aUgxZWkwSnlEbHNOeXhRbUQ?oc=5,0.0,neutral
2026-06-25,2026-07-08,NKE,Nike Wants to Make a Comeback. Should You Buy the Stock Before June 30? - The Motley Fool,The Motley Fool,https://news.google.com/rss/articles/CBMilgFBVV95cUxOOXMwdzBpbHI4cjNIaG9OTENOLV9nUXE5VG1TcFZWb2pOd01tZWRIdmR4U3BYNF9Fd3BGR1M3aWtULXFNNlBWVExmOWd4d3NsdTI0T1c1a0xGb3NIRVAwejd4eU5mVm9fNXBxdVhJRUZSMGo3ZVhUbFl2cEc2X0hXOU5pTUVYX3dtcEU1SE1uV1lIRW1CbVE?oc=5,-0.4404,negative
2026-06-26,2026-06-26,NKE,NKE Stock Heads For Its Worst Week In Nearly Three Months – Wall Street Sees Encouraging Signs But Not Enough To ‘Remain Optimistic’ - Stocktwits,Stocktwits,https://news.google.com/rss/articles/CBMinAJBVV95cUxPMlo4RUFaMlJMQjc0SlNJV0ZsMXlLcC0wSjEzVlBWUVhUbnJwYzBRaW5Oc0llRUtkMjR5MkZOTmRYQzAxZDFnb0Nnb3hSMkN3dXl6WHh3UDhhLUMxdE5CUWlBRkt5RTdOU2V5bVBuZVRTVGZsWVVaektMMWd0cXJrS0hJMmxncGdlSVlmRmpLRUFwWUVwREZXRTFwZnBkeDRpcmVCWjFFM2xiS3ZtS1NYcUlJWjQxcU8ya0ptQlFaNGUteXlvTzgwSWpPYndqZVEzQzhfb203bVNYcWs2c05KNF9zLVlJcl9Mc2xZeDFFbVZoWHQ4RUkwb1ZCZVBnY25WNGswLWVOY2FqanFNVnZJYWF0REVxc2ctbjdaag?oc=5,-0.09,negative
2026-06-26,2026-06-26,NKE,Is Nike Stock a Buy Before June 30? - Yahoo Finance,Yahoo Finance,https://news.google.com/rss/articles/CBMikAFBVV95cUxPaERUTmJacXNBRmhGbVhWVUd6YkYydHFiZlFwb1dfTmJkWURWOUJFOU9zOTk3eGxWcEJYcFR4dXVBUS1TUWFsNTlUMlhXVUgyLUNEcHZNa3RVaE40RUNEVU9VallKWkNFMlJRVmgzRGNsT3YwMEd6T3ViY0RMdGN3Y3I1a0tBX0pTbmNZcGRUbVg?oc=5,0.0,neutral
2026-06-26,2026-06-26,NKE,Is Nike Stock a Buy Before June 30? - The Motley Fool,The Motley Fool,https://news.google.com/rss/articles/CBMigwFBVV95cUxPUTF0cFp3NklMakZQeTZRNEdMOHlsQVEyVGRodnVCUHlUei1jRGVGclZlSWRjZ0hsaTUtakpTZUJkMmFVZFBaR2VxcmNONEpwcjlaZ1o1c2tObkpzNVI0d0lJUXAtb2RqVmF2dzBrOVRsU1piOGgxVTJCS3pPZGdnRXJkWQ?oc=5,-0.4404,negative
2026-06-26,2026-06-26,NKE,Stifel cuts Nike stock price target to $50 on weak market share - Investing.com,Investing.com,https://news.google.com/rss/articles/CBMivwFBVV95cUxQY1E2QjFUQmprWDhVVldfVVF3RUd2c1hLd2h2REV6Z1FFNWx4QzlSMmZvd3NzQkdmRUljY2VrT3hxSkpwY0V3UzJPdnFveDBNSjVSTko3X195amFUc09VMk9FV2xJOHM3WHFGVy1fMkNfaDBEWHJWNTJkOUVzRHFRVWw4aDZkbzlGRDAxTFVQaGxPZjhIOTgzaWVTS01PZi1UWnVidFE4b1UyOEFjU1Nqb3U3YWNqWElSLTloWjQwMA?oc=5,-0.4404,negative
2026-06-26,2026-06-26,NKE,Is NIKE’s (NKE) New CFO Hire a Turning Point for Its Turnaround Strategy? - simplywall.st,simplywall.st,https://news.google.com/rss/articles/CBMiyAFBVV95cUxOWmNYQ1pudm04SEhnYS1ETzF2dlpWNjhRN0xuVzU1V0lNUWIwQ05GYkV2aTd3WG9TNy1OME1SeklvSjlkUUJNMmM0NE9MTVJNUmREdE1jay1Kc0EyWTFTS1dkQVYyVjFVSWZ6WlhIUlBXMGVpMnRkdFhJZllKNzBxckNtV1liRXBFWGxwSDFvVWdTLTlVcFdCeW1SOUhpWHk4dU9rdjUtQVNsV1hJY2RHWUpaY2Q1Y3hXY09yUWM5dEhKLUZ1b0F2StIBzgFBVV95cUxQRkxaZnY0cVhQWFpIRmJwVmJab0k4NGFqdlRJUWRnNUxNQmpNbHBHZWVQUkJIWkJpaTVyd1NZdGNpd3hHRm1wNHVJUDV5T3l1bF9mWUM1UU9zd3dEemVEVkttU1pmSkxoaXNXWHhTQWN3QkNOMXByWlRqdEhwR1ZUV0hpTGZyY3NwQ0ozY096NXlKaVkxa0s2NzJGRmwtY0JIUXh0a25aRzZCX2FlRmtDTnJRQUNKeGs3Y3d5SDd2U3pienBydGtMMXZOY294QQ?oc=5,0.0,neutral
2026-06-26,2026-06-26,NKE,Nike (NKE) Downgraded by KeyBanc Amid Slower Turnaround - GuruFocus,GuruFocus,https://news.google.com/rss/articles/CBMilwFBVV95cUxNcUtjZjNuWGQ1Y3ZmanBHeGgyRExENW9wMmlwX3I2UzFoNXVYNkJDSlpYM3ZselZhNkdyWFFUbDhMUU02VFBmZ0lZOTh1RmgzYUt0Y0NHNWQzaEw2RGUybXlPdTd0VmxfOU1QRXZrYW5Xd3NNNWJyeGdSQmxpTzhfOEVjNy11SC11TS1JUEZMbFRGcG13LTc4?oc=5,0.0,neutral
2026-06-26,2026-06-26,NKE,"OP Asset Management Ltd Takes Position in NIKE, Inc. $NKE - MarketBeat",MarketBeat,https://news.google.com/rss/articles/CBMitgFBVV95cUxQSEVCRGxJZ0hIU0wwTWpUZk1lcGF1cU1ySzBaOWJ0Y3FDZl9IMm8zemRXQzFSc01YVEVZVlh4NkRXODJZVUlEM3A3Y3N1cmtBRk9xRnYzS3o5anBhUnBTV3FWbjZxTlFCOGlqYkp0SzJLaFFkVm03TEJHLVlNQ2lQSUx6Wk5Rc1FjYVYzN1NLNFZNRVBDMktoZ0xoNHBrU1VXOHNBNnJvQTdjWnFiXzkxVFhYbVNpZw?oc=5,0.3612,positive
2026-06-26,2026-06-26,NKE,KeyBanc downgrades Nike stock rating on slower turnaround progress - Investing.com,Investing.com,https://news.google.com/rss/articles/CBMixAFBVV95cUxONXQwOGVqMGdLV3hzN3liTHllSUdaQXBvVjQ0bHNCS280V2taMTFzd21EY1Y0OHhGVk9ZZTdEaHQ1ZXF0UWtNbmZKWk1xZ2p4OXBjZF9JTmZ1NXdxa0R1N2VRRGNxUUszU0JxeF9VS0c1dXhfdzRpakdPN3BwVGtlY2h4cDZzSlpubzR4X0s1YmcyeUdtaE5SOWdHUzdoSmt6djZadVd2TVV6SllBWTNScC1oSlB3UUZQVHI0d3Zuc3VCM3B5?oc=5,0.4215,positive
2026-06-26,2026-06-29,NKE,Nike Reports Earnings Tuesday. Here's How Much Traders Expect the Stock Could Move - Investopedia,Investopedia,https://news.google.com/rss/articles/CBMizwFBVV95cUxNdjFpU2MwTDNXb2RzUEVINlFSczFwcnhxcmJXdjM5VGFWMklEclhmOE9oeWRuQTB2aE1BNm9FU1pmUTdGd0pZaHVTc1BjT3hJVXljUXd2azhUd0c4VXU1YlhGS3hxQ1hHd3dZUVJVTWUzTTU4SUhNemFJanBGNWpOZlpha1F5WWdpS3lzMGZGN1pBOE5tV2RHX3pKdVpIcXp0enpOVS0tU0pxX2dPWVZfdkhGb0Y0cEVQMnZLcDE3c0tCWmRScXRCQWwyRmx3Rms?oc=5,0.0,neutral
2026-06-26,2026-06-29,NKE,NKE Stock Heads For Its Worst Week In Nearly Three Months – Wall Street Sees Encouraging Signs But Not Enough To ‘Remain Optimistic’ - Yahoo Finance,Yahoo Finance,https://news.google.com/rss/articles/CBMilgFBVV95cUxOeU5iS1JpSjl2aWZUdUY3bzFxXzlVUl9MWnJneDRGOXVxcndoZ2oxUlR2aXh1SGxMOGdPdXFnNHhGcllkYkM5cUZRX2hUckw2UjlVZWo4Y0w1cGlVdWtINVEzSTJFTTBwRnJJdVhhblRkWXU3VXJZbEhGcFJqem1vX0JVSDVXWi1XVE90ejBaZEE5RjAxTnc?oc=5,-0.09,negative
2026-06-26,2026-06-30,NKE,"Nike Stock Languishes, But Looming Earnings Report Fuels Turnaround Optimism - Investor's Business Daily",Investor's Business Daily,https://news.google.com/rss/articles/CBMiowFBVV95cUxNaTFMMzRBYUxobEpqNlk2bzlyQnBHc0F0WW5rUU1PQjVlUjNjQ00zdnJ2Um11TXAzbC1aU0hZRGFXMk81VUtPdWlwdmFZMDlMTmJUNVV6Y3EzR3Fyb1dLRTdrSFFPN0xxN0tfTVpQQzRyYklJYkhNYlJXUWpuR2VoLUEzZ1dVNVVQRE55QWw1V01SVmVnX29GQUZ0b2tZN3Bpa3dB?oc=5,0.6124,positive
2026-06-27,2026-06-29,NKE,Nike Stock Gets A Rude Awakening As Technicals Point To More Weakness Ahead Of Earnings - Benzinga,Benzinga,https://news.google.com/rss/articles/CBMi3AFBVV95cUxORWlOYmVKdGxISmZKZUsyVVNBTFM0TWhCbkFRLTR2aElvSFJFTnBaQThyTmwzRHJlcy1BaXlzSzZ5ZTJVVVhLRWVfRjVSN3pjUzZ1RGtlR0NHNmM5WG1qemVtOEVadmpPMm1LY21OUDhYSkh5RzdRb1ZDc3R5bVFtdktSakVlT05TQ1EzRVR0ZlBUUWxMZFVsNmJ5MFc5cUZuWWE2bWNFSWhYV1JWVkREVmx3RWw5RFBTVURrNVdJLVpTRkxxR1NDVC1yd2RYcDctTkVUQUZDM3BzeWRD?oc=5,-0.7264,negative
2026-06-27,2026-06-30,NKE,NKE Stock Gains Premarket – Will The Dividend Confidence Reignite Growth? - Stocktwits,Stocktwits,https://news.google.com/rss/articles/CBMizwFBVV95cUxNTkp2QVpDYWRONTk0Z0ViVU5jSXd2NFY1alVFRUp0QVl3eU43R19tNmJyaUVQR0RRS2hyRTJXbmJIci1iNmw5NDZsZ0F4TWhYSWFwMDdYbzg0Q0F5NHB5LU85TjFodG1EY1hxQ0hCVnVodE10S1JkNUFYNG8wcWs5UURnZXk4cHp6cnFEVC03RlhQaUtTRzU0LVpNWmNMVE5iSnEtQzNsMko2Z1F2V21XOWZUeWUtQklpYndJQ0tWMnFOcllxaHhuTDEwdFhHWVU?oc=5,0.8074,positive
2026-06-28,2026-06-29,NKE,Wall Street Brunch: Payrolls Hit A Day Early (undefined:NKE) - Seeking Alpha,Seeking Alpha,https://news.google.com/rss/articles/CBMijAFBVV95cUxNSWV1ODNPWXFVeHQ5T1dZN2QyallvQmFDUDB1eUdxeGpDdHpwdUFGdlY5ZFFQczY0WkhxakR2RWtiQjJJVVN2Qnl4UzRzbWYyeTZwdzI4RE4xY1NzblBZNVY5VGp4UHJRYzk1eFVPTlFtZG5CT25teE9tOVdQQ1c1WmxYSUxwM3c5eVRlUg?oc=5,0.0,neutral
2026-06-28,2026-06-29,NKE,NKE Stock Slips On China Business Strategy ‘Misstep’ And ‘Surprise’ CFO Change Before Earnings - Stocktwits,Stocktwits,https://news.google.com/rss/articles/CBMi5AFBVV95cUxPaVFRUjk4ZXQxQ0NPb2ltSUptdnNhWW9aWHVDd1YwbVlmY3oycWRvampfUzhCU1czRzlOMF9YVDljZHJnNm1GTElTbWZqem1MREl1N1B0eFE1NHVVZFJjREdOd3NzcXE5dm5lYXRfZl9jeTI1cUt6dlFFN0NwODFLZEJKNmF6MFZsd0RVd0ZkMFlJd2cwQy1XWHMwcHpIWXhFT1plSGpRUEh0WFlzUEdnTExwanJUQzVQeUh2cEN4cklrWHBMdGNONUxJUFdLWTJyQlF2aUgxZWkwSnlEbHNOeXhRbUQ?oc=5,0.0,neutral
2026-06-28,2026-06-29,NKE,"Headed Into Earnings, Nike Stock Is Trading Lower Than It Was a Decade Ago. But Is the Turnaround Finally Working? - AOL.com",AOL.com,https://news.google.com/rss/articles/CBMihAFBVV95cUxQaXgySnZFZl9SR2V5Z2dUMzJRbFpqbTVlMDB0Y0JBNHc3QUlxdGRadkpvM3pOSjltNk94d2tDUjRRdm5XWl9jektiaU5FT094WFhDZ1ZJNmwwM3RPNDNrT0k4b1ByZU1IcUpuczMxM2hDZ1Z6M0h5bHRXMmtEWlBYSnhuZW4?oc=5,-0.1531,negative
2026-06-28,2026-06-29,NKE,NKE Stock Ticks Higher After Hours on Second Round of Layoffs In 2026 - Stocktwits,Stocktwits,https://news.google.com/rss/articles/CBMiygFBVV95cUxNTHNjTU9raHhwdUtpamJRODJFSk9pbHVCdDJoVUg1QzFBalAtaGxyZkFMT2VxcE1OSXhjVUhLUnVpb3RpVHJzajI4ZUc4d0FUR0NnaFNwVUxGbHMxMHl6OFZqSzVqSEM0eHF1UWxWUnEtcTZNUUtQUzlOekxuRlU2ZEp4b2kwU3lIUjFvRjZtdENsWWVuaHUwWjNCU3BRUERLZjkxY3h2TXdWSGdrd1hCcnU1OFFrTkRVRWEtWVJWejdkVFd5OUdPQm1B?oc=5,0.0,neutral
2026-06-29,2026-06-29,NKE,Earnings To Watch: Nike (NKE) Reports Q2 Results Tomorrow - Yahoo Finance,Yahoo Finance,https://news.google.com/rss/articles/CBMinAFBVV95cUxOdHp3cHJod0dTNW1YRTNKZDhzcVBQaUh1ZXI1S0hxTGtSU01Ba3dGREJHcDRKa0lkeEZZdG1RQzlncmNyVTdPV19VY3R3UnhyUmhaa3R4ZUhqb0NMWHQzamREWUxLLWZITldwa0RrQldEekJudldkamZDRS1wN0dpbmNvTEJLTXZHaUZwalRJaWhwSzFLV2Z0a0hwVko?oc=5,0.0,neutral
2026-06-29,2026-06-29,NKE,Is Nike (NKE) a 'Buy' Ahead of Its Upcoming Earnings Announcement? - Zacks Investment Research,Zacks Investment Research,https://news.google.com/rss/articles/CBMipAFBVV95cUxNVGJEblZwYkJUcjZqZnRSZGRjZGxXbHJORnJEd1FmclpnSUVSVkVlMVNwTmwtSTU1MnNyVHctNVREeXE3ZGNzTWN6a0NqVkZVMDRBcjZvb3N6VkpvNmVwVzdCYTFScnQyN200X0k1TXpZVUIwUHdaUVVEaWgxdXJuM3VpSGV6eERPNGlKajVYZ3ViQmNXMll3dkNJd0pvLU52dHN4eg?oc=5,0.0,neutral
2026-06-29,2026-06-29,NKE,Nike (NKE) Will Report Q4 Earnings Tomorrow. Here’s What Analysts and Options Traders Expect - TipRanks,TipRanks,https://news.google.com/rss/articles/CBMiuAFBVV95cUxQWExwSjk5QUJLZVBaMXQ3UDRSY2Y3Sl95U2x6SWJNOVZkSk5HQ1JzSzRpb1VhVjRRSmZTSDhDcUxEREc0T25RWEpiZW5jY0JpTHZtdVJxaktlTU0tRkc5T3NRc0xCN3RYZzM2S24tWVRBYVpJanRNMV9raGdkRC1OSEQybU0zbEpIQkFGNlBfNWpNVHpxYmZvWnFCdW5nNnpsSGd4bTVTZTJPZU94Z2FuMW8ycWFaZUFJ?oc=5,0.0,neutral
2026-06-29,2026-06-29,NKE,"Why Did MSTR, BABA, NKE Stocks Tumble To 52-Week Lows Last Week? - Yahoo Finance",Yahoo Finance,https://news.google.com/rss/articles/CBMijwFBVV95cUxORmExNG5ZN2tmaHI5TFV2aXF1X1BieVJscXVHaGR0RHlVSVRfajZjSmNjNy1hQk5FbzRvaGJETURpWWZhMUY3S2N6R2Y3M3FrNnhRNWFzYm52M0U3X0piNXJ6M1BBVkdvZ2RRVm1aTFNqeW1FX3FrM3lCcVEwYnRCVWxWRVRrVzFMYVFwV3FBMA?oc=5,-0.2023,negative
2026-06-29,2026-06-29,NKE,Nike stock has cratered to its lowest level in over 11 years - Yahoo Finance,Yahoo Finance,https://news.google.com/rss/articles/CBMiwgFBVV95cUxOZ01kQVFjbE5ZaE9wU2JLTDVBWkNTTDc1YktlR05wRTFVdHgwVXZTTTFFWHdvUzZuS2t5OXZid2F5dVJHc1JuTERLOHEwcTU3Tzkta0JUaG11dVMyamZCQXlwbWJ0QzQtWURPQi0ybFo1cnJXWnBmbmpNeEgtWnJ2ZVd0bXRzTFVKQmhycDdIV0xJWFdMQzA1Ri1YTDV4LWhhSzZtbUJYbkdJX0VWeHE0ZV9JLTctdVB0dVN4eTMxSTlZQQ?oc=5,-0.3818,negative
2026-06-29,2026-06-29,NKE,Nike Stock Is Down 50% From Its 2021 High. Here’s What the Restructuring Means for the Recovery - TIKR.com,TIKR.com,https://news.google.com/rss/articles/CBMiugFBVV95cUxPLWFRTWx4c0tROERsMW44Y1Y3WWY3c1V6R3Bpa2d0VHBickxQX1RoZlp0SDZsTEEybDhnRmVMcWE4Ui1BRnh6Z2swM2hCMlR5eXNPcXNnT1pFTDhTRVoyZmtLVkRvVmpHT3VNTlNkMjhVUTN1X0pjSnpqZEtlYWYxa3kwYkJhVktCWkh5djU5TWN2Z0JlR2N3a2JLRmNBa09DeWJEWXdZMG00VVViN2IwYUItaXlRV3NVMUE?oc=5,0.0,neutral
2026-06-29,2026-06-29,NKE,"Strategy (NASDAQ: MSTR), Alibaba (NYSE: BABA), And Nike (NYSE: NKE) Stock Price Hit 52-Week Lows - foreignpolicyjournal.com",foreignpolicyjournal.com,https://news.google.com/rss/articles/CBMizwFBVV95cUxQazJ0dUFWd241eThxYzAyTXFpd0Q2anZwRy1NVWR5RUF2NHlMckRaZW9vS0tqbEdKTWJOQURhaC1JQ1BaUlhQc1F6YS0yOUZzWEF5NVVpaTZTaGdaQmdsT3ZsSHJ3bTlxLXp4S3M0cFhWV3IyOUlYeVZQamNCUDJyVWh5M1IwRkdzNHdlNXIzWExTUnJvTXNrTHNZMmZKTWEzVmQyTHBidXQydHhMR3NzbThINFNjdjFpdkVGY3Zxelk3X0hzbml1eGhVcVhvVGs?oc=5,-0.2023,negative
2026-06-29,2026-06-29,NKE,JPMorgan lowers Nike stock price target to $47 on slow turnaround - Investing.com,Investing.com,https://news.google.com/rss/articles/CBMiwgFBVV95cUxNaDBwWGNLZ1BseTJQZ1RzU0F2ZjA1RHJRMjloZHhQY0JoN3NCR01TWEJ0MFAwTnh5bXE3STBPM1YyTEJIMjVSd3FSMXNBZ0lsRUxLSklhZHdFQ3d4eW5KNFBiUFJWblloal9xSHc5YVdCc0dCdjJRTVpGOHo1eG13eWI2NEJOYU51Si12ekZiSDEzVzR6WmhlVDJqY2pyczFJWE0tRm1PLXRiT0tmQUR5d1h2N0REUEwyWFdxQ3lxbHhZQQ?oc=5,-0.128,negative
2026-06-29,2026-06-29,NKE,Nike (NKE) Wins World Cup Ground As CEO Buys Stock - simplywall.st,simplywall.st,https://news.google.com/rss/articles/CBMiuAFBVV95cUxQQW5xUnpFYkVMTHZrUDQwekEwb2RSSVZheEV2N2ZqOHc2YlhMc3FPWWM2LXlsQ3ZmUUlkMWNMenhsaHFkQlpGbGYzRVd5WFQ5Ml9FcTV5RDl4bnJtQW9EY2tqdW5WdGNyd3UtQjQwcE1fOEkxakU1OTVUNUNRdlVzLWdobm8wTExCdktEcVlnLXdMMGUyYUlrY3pPV0JOaXNQZ1R3Z1dvbXYyOHFuVGZHVERMOC04Rmt00gG-AUFVX3lxTFBKOFplUkxhajYyMC1XUEh2UUppcmFrdnpSbU9PMy1BbkRJRkk2ZlJhMVBta2YwX21WYmRXZkRoV21EWXdROGtiUU5SUWNjZW1FazZBb2VvaHhYOWZDdzZ5Q05kNmVHdXBGN2lGaTRPZUtsZjFBMUtZWEtkcEdiRDVIQjJlbXdsbTlXZXhicE9NVUo1VmJ6VUtoeFZSdWp6OWk3Sjk1dnBsXzJiR1BtRzdUamJGSUdxNzAzZ1JrbHc?oc=5,0.5719,positive
2026-06-29,2026-06-29,NKE,"With Nike at 12-year low, what do options say before earnings? - Seeking Alpha",Seeking Alpha,https://news.google.com/rss/articles/CBMinwFBVV95cUxORFNEeGpWQkR5Uy01S1VRVzZnX1pTbXBUM0p2NEFlSEZDSkRsQmJZQjEyZUdyYjBxSnJSRW9FcXZ6ODBBZEFOUE9oXzQ0cXpPY0Rmb01SdS1NekFISUFYbzZDZjdLYVBmb1JNYnh6bVRjakp0MUVPdjNGMy0zMTNkWm4xZFZiZkJyQ0gwYW9qYWRZajJSR01xQm93RlRSR1E?oc=5,-0.2732,negative
2026-06-29,2026-06-29,NKE,Nike (NKE) Options Market Signals Caution Ahead of Earnings Repo - GuruFocus,GuruFocus,https://news.google.com/rss/articles/CBMipgFBVV95cUxNaU16VXBvZEpiV3Fjb1BXVEhGWDd1b2Jub1dOb0xYcUlHWnZ2SUc0UE1rNHVPWmphdzgxNEFZVFRDemFBTFpZbnlQQWczbUZCZGo5ckwwTC1EbmNqN2hoT3FLUG5nbmxzLUlGeUQ1Ylh1LUxCZW1qQ0prQjE5NGNBalpiU1BhQlotNUI3VkM2ZUJkdm1tc1RxdnRvM0V0aExYcWRPUFJR?oc=5,0.0,neutral
2026-06-29,2026-06-29,NKE,Breakfast News: What Does Nike Need To Just Do It? - The Motley Fool,The Motley Fool,https://news.google.com/rss/articles/CBMiqgFBVV95cUxPNFlBY3d2cEloQU9IZEtScmQ4OWUxMVE3UWYxdXhtUzJhSWsyOFdwWDRhVExZWVViSzFRY29xODV2cmtYaHd3Q0YyLUdDSFpHQVVPVEFMa013Qy1uSW54em5rd0trVjBBeVBPQ2hncTVzQ0NXT1FqRHZtUUl0b1EzTG5HOXBXZVpDal9ELUN0RUpzTm5GbEpWZFpSdWhhWWM4d1RMZ05YYjRRZw?oc=5,-0.4404,negative
2026-06-29,2026-06-29,NKE,"Matrix Asset Advisors Inc. NY Takes Position in NIKE, Inc. $NKE - MarketBeat",MarketBeat,https://news.google.com/rss/articles/CBMivAFBVV95cUxNNHpLd0tSdGJYSWExdUxjc0NCWnFCX0xNai1vRDF5a2FqcVI3a1JjYmxRZWpxRVhvZEU5Yy1seG5xZ1ZrNWxBS3J3VHRPUzhEN25CUnpCTzZubFFCTWxrQWtVTW5kYlNFUWg5enFoeW80UFpwdEJwTVVCdFpwaFA3U2ZWeXUtTThIVjBnU20wQjIyTElET1FWaDc3Rnd5eVYzdWFKOGV2TlY1OXZhQk5xbVV6RktZSGZkR2hHSw?oc=5,0.3612,positive
2026-06-29,2026-06-29,NKE,"Why Did MSTR, BABA, NKE Stocks Tumble To 52-Week Lows Last Week? - Stocktwits",Stocktwits,https://news.google.com/rss/articles/CBMiwwFBVV95cUxNNlRFa1pSaXdLemduSVZOOWdRTDg5NkNBcmJ1WjJKeENMRUd6dlBLRHc3cmN6M2syNXE3d2hUVFdNZ0xrbW9WZFRGSzBQRC01cWRUVC1pdmROU3RMT2dhVGJXVnhiZ2tWNHNsbnRfWld3d1FTRjc2LUxOV3dOVHlDN0ExNU1vOTFSYm12enFzclZNREVJVlBKLUlGSmJIdHQ2TGY1R2cxb3dBdjBVcG9Udnk4MWFiOGZWMWVQQjVUQWEzdkk?oc=5,-0.2023,negative
2026-06-29,2026-06-30,NKE,Wall Street Has Entirely Abandoned This Absolute $11 Billion Dividend King—Here Is the 1 Aggressive Bargain I Am Accumulating on Repeat - 24/7 Wall St.,24/7 Wall St.,https://news.google.com/rss/articles/CBMiigJBVV95cUxPdTBZUDZ5S09OWU1PUnhzaDV1aldORnRzWTRvc2dqWnhmMDE4dzdrWXZHeDFPSkl4ZVFnNGFDdkNELUpYa0NzMnJ2MDlpSUF0UnRaRFRaNklEelVyZ3pJZEFpV1h1MkFXOTNZVlFHT19oTHN4Xzl3bnhzWGtSNkxTY2lPOFQ0UGVvYW1JcFVIOVNoLWlUNW50Y2U2QTRwd3A0b0J1a2FEb0ZZQ2ZHVUFFSExSMWRXZ0dVc0lrZG1uaFpIU0hUaUVJaWxYc2FtcmZMSVBidU1EVmJ1SFNQNm82TWxtTDBXcGFjaGJpOU1Ub1Q0RmpGR0FIZHp6alY1dnhMMEVuWTV5QXRuZw?oc=5,-0.4754,negative
2026-06-29,2026-06-30,NKE,Wall Street Is Terrified of Nike’s Tuesday Earnings and a Sudden CFO Shakeup—Why This Is the Ultimate Aggressive Buy on Repeat - 24/7 Wall St.,24/7 Wall St.,https://news.google.com/rss/articles/CBMi_gFBVV95cUxQN0hMM2lfOUEwU1QwLU1mTmQ5eUtUbXFISnVwaWxxcXVlSFRWNXJ3cGF1RjQ2bTlEUjc5M2NDRUQ1MU0td0NJS3NtZ3RjTHdLZ1ZpN1ZvbjN4XzNpdDBzcWNVUGpHTURWOGhQR29PdWYyMXU4N3JGMmZrcnFQSXlmZ0FQdG80T2k3V0V1M2toOFREMnhXTm5jalBTZHV5TkpKTzhxNkY0NGxQeEJoRnFiVDQzeF9lS3lGQzVzUFpCMmo0ODAwUC1SdjAzX1RhT2lqeHdWRkZWNGtKOGZSYjltQjQ4UDNjYkkxUXVsT0ZDU1JuZUN3aWozYVRySzZVQQ?oc=5,-0.6808,negative
2026-06-29,2026-06-30,NKE,NKE Stock Gains Pre-Market: Google AI Shopping Rollout Targets FIFA World Cup Demand - Stocktwits,Stocktwits,https://news.google.com/rss/articles/CBMivwFBVV95cUxNUkU4Z3VPUjB2YTVFN0hMMnRXZldpSnRDTUhtMFhDMnJueTVlR1hLM3dKUk0zblFqTV95eWFiMzk2SjZET0JmMWFFNE1aM3VWMGxqd3o1amJKZkdmUjFEX25EemctUnd4Mk43NnBiZnJhX0VpUjdNWkdrc0gxT29DZi02SFBhQnRsLVRicnJDY1NrRU5RVk02TjRET2pJUmgza3FvM3pPR1Fmemt2YWQtYWxxSFByVzZESEF0ZFJkMA?oc=5,0.2263,positive
2026-06-29,2026-06-30,NKE,Is Nike (NKE) a 'Buy' Ahead of Its Upcoming Earnings Announcement? - Yahoo Finance,Yahoo Finance,https://news.google.com/rss/articles/CBMilwFBVV95cUxQbUljQ0tRM1Bqay0yVnI5ZDdvQzV4YklZM0tvN3NVd3hTemlTRjdwX0hqV3pmOC1sbDFyNFdsX1FGUVF0ZjRWUlhLWHJtYVB6MXctWlpJRndueUtmWUFXNmE0ZkRDMkFEN1JWc0JySFBLNFhrWXhZTnlaT09iRVJUdnlJNnBaSWh4T3U3eVgwS2Q1UU5jeTVv?oc=5,0.0,neutral
2026-06-29,2026-06-30,NKE,NKE Stock Slips On China Business Strategy ‘Misstep’ And ‘Surprise’ CFO Change Before Earnings - Stocktwits,Stocktwits,https://news.google.com/rss/articles/CBMi5AFBVV95cUxPaVFRUjk4ZXQxQ0NPb2ltSUptdnNhWW9aWHVDd1YwbVlmY3oycWRvampfUzhCU1czRzlOMF9YVDljZHJnNm1GTElTbWZqem1MREl1N1B0eFE1NHVVZFJjREdOd3NzcXE5dm5lYXRfZl9jeTI1cUt6dlFFN0NwODFLZEJKNmF6MFZsd0RVd0ZkMFlJd2cwQy1XWHMwcHpIWXhFT1plSGpRUEh0WFlzUEdnTExwanJUQzVQeUh2cEN4cklrWHBMdGNONUxJUFdLWTJyQlF2aUgxZWkwSnlEbHNOeXhRbUQ?oc=5,0.0,neutral
2026-06-29,2026-07-08,NKE,"NKE Stock In Focus: JPMorgan Doubts Nike’s Turnaround Potential, But Retail Disagrees - Stocktwits",Stocktwits,https://news.google.com/rss/articles/CBMi4gFBVV95cUxQM2hoQkc0TnZlSXYyVXBWNGU5QU9uaGVwM1BGd08yRUxDdzFfdWdyOW5HZzZYM1NIMXR5ek9hazRGNE54V1RKOGthQWc1bjU2Sk9kR3VQMFpIWGpGbURQaEJKUU13bW5PWXVacmJsdEJpblJEVVVsWGxCeGVfbkY2N0RiVll2bW9LTjk4anQ0ZWktSEdiczRKMXRjcG1CajA1STdCbmZxSDNsenk5a3p4TElKNkxja2xwRkQ0czFfN010ZDdzWV9BYWNOeVc0d29FVnVhWXZpU2RTcXJHeVRDbXNR?oc=5,-0.5499,negative
2026-06-30,2026-06-30,NKE,J.P. Morgan Cuts Nike (NKE) Stock Price Target Ahead of Q4 Earnings - TipRanks,TipRanks,https://news.google.com/rss/articles/CBMimgFBVV95cUxQTmlMQkhBR2pSVnpEazhoWDNXbGcxNEVwb1Bab3ZKcThaWDcxc0Q3MmZJQ20tU19sSXdXa1hwTXhqcUFjNEs1WkxUbVJwSGtlOUUwSmFZNmFZUmdhVy1ZQ2hTQzRIemUydTI0c0hMcEVEQjZ4YmZpWEVkQkg3a0pscXlGX2NCUGNtRVNPaEV3SU9YY2FfeWFoUnRB?oc=5,-0.296,negative
2026-06-30,2026-06-30,NKE,Nike earnings: Can a turnaround fix slipping market share and China woes? (NKE:NYSE) - Seeking Alpha,Seeking Alpha,https://news.google.com/rss/articles/CBMirgFBVV95cUxPYmFoaWdnX29qTndQSFhwd3gtQ3BkTW4zc21EYTVaSlN5U2I2ZGFxMWZKY0xaWEJPaUQxQzNsSDhxWkpBRmlUanpPZ1NqMWZCVHNOTXNpNFoyYkN5NFZGN0Q2TFFXYjVvRF9XbW0tS0NxWnlwNmc1NFhTUGhDd2N4Rjl1TGVFUUlqN2s4LWhKTjJlNVVSRWZfNDk1aW9DcXVlYk5KUG5CTDZ3aUI5VlE?oc=5,-0.1779,negative
2026-06-30,2026-06-30,NKE,"NKE Stock In Focus: JPMorgan Doubts Nike’s Turnaround Potential, But Retail Disagrees - Yahoo Finance",Yahoo Finance,https://news.google.com/rss/articles/CBMinAFBVV95cUxObDd4VW5zYTN1b3FqWjJua2hLdDY4SzRpQUplREZiNTZHUkxjbkMtTFVLZnJQdGNRX1JFVjQ3Q01QLVVUQUVndEZsRzRZNGNWZkVaRGdqS1daZVlURm9KZXhIdk5pOURsZUlUX1hKWVhRa2VPWUwzOWpXOTlmX19YTnE3c05YbTdRelc1cEJSN29UdW0yQ3RZZ2xaQkc?oc=5,-0.5499,negative
2026-06-30,2026-06-30,NKE,Investors Just Don’t See a Case for Nike. Earnings May Not Change That. - Barron's,Barron's,https://news.google.com/rss/articles/CBMidkFVX3lxTE56d2JtN3owN0RYUFV4cnZ0MzVhRks5dDM1eFM3NURQdkl3RUZfbmdxRXhXT2RZODVBNnZSOEdJTEZwVXJwUE42ZFVvR0hIWGlnOGhrLTI2WW1abjhHTGlNTllUMlhwbVVWeVBMSFZHeHZlZmVRQkE?oc=5,0.0,neutral
2026-06-30,2026-06-30,NKE,"NKE Stock In Focus: JPMorgan Doubts Nike’s Turnaround Potential, But Retail Disagrees - TradingView",TradingView,https://news.google.com/rss/articles/CBMi3AFBVV95cUxNSWF6Y1I2WXJlNzB1dEluR1c1S0tsdUpybjlmMjA3a1Exc0hDX0dmOExDX3pncU4tTmRSbVRmMUVwRXFlZWxrVlVPanpLSmFjcmpXZTNkS1BOYk1WTDJuSkg2SV9oc1YtX3NHajNObkZVc3IxUzUwVHF0N3c0VVFlUW5ld21Zazlnamg2cU9QSVQ5M3lpcTY4OXhiV1ZIRjF2RW9OaVBKc2pUQ3haelV5LV83QjZoRVFGTTdieHU4YmFINzV2bTN5Z0lIQzdPUHRtSGxGa2pST0J6dWli?oc=5,-0.5499,negative
2026-06-30,2026-06-30,NKE,Nike (NKE) Faces Challenges Ahead of Q4 Earnings Report - GuruFocus,GuruFocus,https://news.google.com/rss/articles/CBMilwFBVV95cUxNS0RYWmYxVWl2OGNXYkJ3RHpvVjUxR3ZMdlVFdHFGZUl2ZWV4eFlmLWUwRlg3aVFLTWhXcUxJVnllM3p2a3RuUlBfS3lWWTVJMkwxTzJ4aXRsc0RYNWlJVzl4NGtUemdmVUdEUXc0aVVzNGVpRVczNXhjNWxtbDd5X24zODlLNmpLeFFScVY2OWZQMFdjd0c0?oc=5,0.0772,positive
2026-06-30,2026-06-30,NKE,Alphabet Just Replaced Verizon in the Dow. Could Nike Be the Next Dow Stock to Be Deleted? - The Motley Fool,The Motley Fool,https://news.google.com/rss/articles/CBMilgFBVV95cUxONkJYVTNLWWY3Tm8xYmRkU0pzMVlEMEZwTk42OGw3OTlsemp0Y3BlNW1feUpPYXJkQUM3RUhFUnp1eXBIUmQxSGh1eG5lWkwwbzd1aVhCQ3N1RVN3bGRVbWxWMGJwWTEyeEtOOERNUmllUjFDQUM4TWx5dVJuYkFpanZQay1QWVFpc3otZzZyQVNxWlM2QWc?oc=5,-0.4404,negative
2026-06-30,2026-06-30,NKE,"NIKE, Inc. $NKE Shares Sold by Pictet Asset Management Holding SA - MarketBeat",MarketBeat,https://news.google.com/rss/articles/CBMiwAFBVV95cUxNcmRFMjVNcGVhZkRZV0JFMU9EdnlNSVBINFVyWDNMMlRmTWltSVY0NVhGaWkwNEl0YVB4ZGtqRlpFZng5azVZM1UyMm0tbHpQNzBzU09UTzY3WklUTUIzYWFlcmdfMndZWEV0UThtNjFLSFEybEpwQnVKNG56SjRTTUIxb3RlY0Jtd1NjSmlKVlJQVTJVNGFCdUVlY3RDREE5THYwOWgwVHNINnc2Qk5tZExyTmk2Tk5qVmtCM25IQXU?oc=5,0.5719,positive
2026-06-30,2026-07-01,NKE,"After a soft Nike quarter, we have a big decision to make on the stock - CNBC",CNBC,https://news.google.com/rss/articles/CBMiqAFBVV95cUxPbHJqaUpPQmJydzBzRXAtT1kwMXBFc1ZmSl82SVZOTzgyQjNMcXAwdWtJOGtFcFVoQ0dJRnBVY2NJa09QeDBvSEdNemlNRml3a2JOT3d5aV9qaVBGend0QzFGTW5WdVlZQ1JrWTF6S3Q4bHQ5X0dINXJfbHRMbzJRQmhFOW1aUnY0Rl9mOEJKUU9PWlVXekJ3UlZmOUFfZ1NURGQwbUVjT3k?oc=5,0.0,neutral
2026-06-30,2026-07-01,NKE,NKE Earnings: Nike Stock Slides despite Crushing Q4 EPS Estimates - TipRanks,TipRanks,https://news.google.com/rss/articles/CBMilgFBVV95cUxON0RNZkJYZ2U3QXZMQXFHdkVLVTFkVEtVbkhtWUZ6RjJsQ1ppc3dlVGpkQWJqdnhnRVR2OUpxMmtCOU54V2t3WjNtWVRIRUF1amhGY2p1bDJ4dUwtckFsSmZiSV9TQndPbnVIQVBaRFByd0ZnbHF3MTZDUU12SXdsOHZZNXhjQnRtenZlTzd5RGJlS185ZGc?oc=5,0.2755,positive
2026-06-30,2026-07-01,NKE,Nike (NYSE:NKE) Surprises With Q2 CY2026 Sales - Yahoo Finance,Yahoo Finance,https://news.google.com/rss/articles/CBMilgFBVV95cUxOR1M1RDFUc3NMVm5iZ1I1NGh3elFnd0NYMzFxajQ3N0hDNHY3REZPUTMwWS1SQU1VZ09hLXltc1ptRVJsREdpZXhEWlBUbUI2OGtrQVBNSmpSRllaUXdvaW56SHZvbmJ0WV9JUWVueDZtNTg3LTloSnNZd3N5ZFQtQkllVWJkR0hpOTlZWmM3LWJXM0w4Unc?oc=5,0.2263,positive
2026-06-30,2026-07-01,NKE,Nike (NKE) Stock Falls on Q4 2026 Earnings - Quiver Quantitative,Quiver Quantitative,https://news.google.com/rss/articles/CBMihgFBVV95cUxQU0F6cTh4Ui1fUmhyb2ZIRDlHeXZWVDAtT0VVQnNTQ1c3N3l2WW5NR1g5azJLQjB0N2E0RHJjTnV0ek1xQlNuSHU2TERKU2dSbXpNNG1JdzlWN01pOWtqcE1KSi1xM3RzOEdqTUxzdHpUbDg2WUNWS2k1NXJLZ0tVbXltWkF5UQ?oc=5,0.0,neutral
2026-06-30,2026-07-01,NKE,Nike posts $46.4B fiscal 2026 sales as tariff recovery lifts margin - Stock Titan,Stock Titan,https://news.google.com/rss/articles/CBMisAFBVV95cUxPc1JGUk85WFFMSy1UcWRySy01TlU3UEo4MXEtdW1fWGdQYU9kcTk3TEdKRWdYbzladDhWbVh1RXFpOXVCeEdDS0FnWUFROWozc0c2RTJRNFVrRDAyQ2hUTTNfQTJmQTJjTzZvS2NBc1F0TmRtd3dPVlp0cVBzV0tIOFB3ay15ejE3Tk9PSkJBS1lRN3ZyN05BalM2Mmk4MDVjcXUzTDZrWGRGNER6ZjhISg?oc=5,0.0,neutral
2026-06-30,2026-07-01,NKE,Nike (NKE) Stock Drops Despite Strong Quarterly Earnings - GuruFocus,GuruFocus,https://news.google.com/rss/articles/CBMimAFBVV95cUxPRW5abWRMWDVBSHJBUGxETXM4bHNRV2FfXzhFYUhOYUpBbEVBRTFsWF84MU9NMUdEN0tiREc4RV9LZzVMX1diaHUyS0RNbjVxbjl0WXpTMjZ3TVVjcmFDVE9iSEFvdWV2TnpaSm1RQ0d6UEJ0WGNlM1JiVGZDcG5fMTNKNmhWMHZvWXd0OFhXSHhKYVBKdUQxcw?oc=5,-0.4023,negative
2026-06-30,2026-07-01,NKE,Nike (NYSE:NKE) Surprises With Q2 CY2026 Sales - StockStory,StockStory,https://news.google.com/rss/articles/CBMioAFBVV95cUxNSUx6RXBHZnRGdFpXWHdnel9kWFNvT0F3V2h3X21lUExmbS1rQ3VFeTRJb1RMX2N4d0NIM1BtUTRyLUNfQW43Q0d3Qmd1Vm9iUi1WUmNJREdDSFBWS1BWeGtIUVI5OGpLdVJIeXpXaUQzWThXTTRHODVOYnFmZXMxWkU0cmZMbXhnTk9MZHlMN09yOE5lWGVSRmxjN25QcF95?oc=5,0.2263,positive
2026-06-30,2026-07-01,NKE,NKE Stock Falls After-Hours — 12% China Sales Decline Overshadows Q4 Earnings Beat - Stocktwits,Stocktwits,https://news.google.com/rss/articles/CBMi1wFBVV95cUxQVkhjdnp3RGRpdnFNYjRJdXVkUHR3Sk5OS196RHpvY0dydzlUWnVESnc1WGszam9JU1dFbFYwZ3ZwZTJUMm9aZXE5TnRrbE1BS1U2SDNsNDlrU1V4SWxqVkNiTlZ3bElJZzJYU0dhRjY2aEJYSGxIRWxjQkZpZTlQWVZ2YmFGaWFvd25iTU5VRjJfcE1XRnFlQl9aNi13d29jYnYxdW9IZ21GZzZwY2RGU1VfWUItN25odFd0eFYzSVBYcUxVUm5MOHd6bmozWUJhVXI2MUxSUQ?oc=5,0.0,neutral
2026-06-30,2026-07-01,NKE,Nike stock slips as investors brace for earnings and a slower turnaround - Quiver Quantitative,Quiver Quantitative,https://news.google.com/rss/articles/CBMiqAFBVV95cUxQcnZCTzU0X0N6dGtKckpKWXBkeGNzS2x5YnVQNXRaeDdINGxzT1JWOU96OEZiZWpvTGF1eFNiZWExb3BXLXp2ZV9RbVJJdVRHWHR0UG02bVlOUXptRG1ROWUyQmNrdmtyZVVlak5Va0lCOU03dlVlczJLS1RFRFZoZDlmbUxSZGZGRTZIQjdaenJDR0tIT2RlSlF0clFoUDlnMEFfbnF1dVk?oc=5,0.0,neutral
2026-06-30,2026-07-01,NKE,NKE Stock Slips On China Business Strategy ‘Misstep’ And ‘Surprise’ CFO Change Before Earnings - Stocktwits,Stocktwits,https://news.google.com/rss/articles/CBMi5AFBVV95cUxPaVFRUjk4ZXQxQ0NPb2ltSUptdnNhWW9aWHVDd1YwbVlmY3oycWRvampfUzhCU1czRzlOMF9YVDljZHJnNm1GTElTbWZqem1MREl1N1B0eFE1NHVVZFJjREdOd3NzcXE5dm5lYXRfZl9jeTI1cUt6dlFFN0NwODFLZEJKNmF6MFZsd0RVd0ZkMFlJd2cwQy1XWHMwcHpIWXhFT1plSGpRUEh0WFlzUEdnTExwanJUQzVQeUh2cEN4cklrWHBMdGNONUxJUFdLWTJyQlF2aUgxZWkwSnlEbHNOeXhRbUQ?oc=5,0.0,neutral
2026-06-30,2026-07-02,NKE,Can Nike's premium pricing strategy revive the stock? - Yahoo Finance,Yahoo Finance,https://news.google.com/rss/articles/CBMinwFBVV95cUxOT0RobmZySFM0MUNtU2kxUy10cGlmQURmSDh0M3V2TEs0eEVkal83bmxSWjdlWWE2SWVlWmxJUFE3ZzMtcnJyd3loOWVhZ2ZldzRMdjJMVmUwNzVaQ00wV2pUTmdvU3BrazZYdmU2akpCc2xBZTRGRzBmclRSdEQ5MnBQOWhlMkV2ZlFINmhHeWZXdWxSYlFLa0ptbUx6RG8?oc=5,0.34,positive
2026-06-30,2026-07-02,NKE,"NKE Stock In Focus: JPMorgan Doubts Nike’s Turnaround Potential, But Retail Disagrees - Stocktwits",Stocktwits,https://news.google.com/rss/articles/CBMi4gFBVV95cUxQM2hoQkc0TnZlSXYyVXBWNGU5QU9uaGVwM1BGd08yRUxDdzFfdWdyOW5HZzZYM1NIMXR5ek9hazRGNE54V1RKOGthQWc1bjU2Sk9kR3VQMFpIWGpGbURQaEJKUU13bW5PWXVacmJsdEJpblJEVVVsWGxCeGVfbkY2N0RiVll2bW9LTjk4anQ0ZWktSEdiczRKMXRjcG1CajA1STdCbmZxSDNsenk5a3p4TElKNkxja2xwRkQ0czFfN010ZDdzWV9BYWNOeVc0d29FVnVhWXZpU2RTcXJHeVRDbXNR?oc=5,-0.5499,negative
2026-06-30,2026-07-02,NKE,Nike results top estimates even as China sales drop 12%; retailer expects $986 million tariff refund - CNBC,CNBC,https://news.google.com/rss/articles/CBMib0FVX3lxTE1xQWRJOWN6aWhPdk9WYklzclNNYWhqQXlraUJocHdEbEEyTkw5Rm51RGhobjZHNmlBWE51ZDI0Yl9waWNfT29kTDZNbTZkcWhfY0tObFZSTU0yUFNjWk5QUDB5XzhEVllkS1U1Qzl1d9IBdEFVX3lxTE5KanlrN3ptZ2g3UV9XT3BHMGxDOXIwNy13ZDczMjhNOVJsdXhVMEt6LWh6bTRHN3ZPb0FTVlVRQ1EzbUh2dkdkQlZwVWJFcTZuUmtIZFlOd1hvN3oxaE93YU0wVng1d1Bqa29GOWZvYnlCWEpG?oc=5,-0.0772,negative
2026-06-30,2026-07-02,NKE,Nike Just Hit an 11-Year Low. Will Its Turnaround Finally Start on Wednesday? - Yahoo Finance,Yahoo Finance,https://news.google.com/rss/articles/CBMijgFBVV95cUxOQmlYYTZodlBIcU9jYzNOeG9UQndOTVREY3ZJeVZubUt5eGhFLWZoOXRPTmNHTFJkUVA1bUNfMGFTcWxVT3NKaF9pWmgwcVBpQXp4cUtueU01T084eDJXMERHQkowMHpxaGFMbjY0OTNHWmtBZERFTXVERnA2azBuV2lwRTR2ZE53YkNKYnZB?oc=5,-0.2732,negative
2026-06-30,2026-07-03,NKE,Tepid outlook weighs on Nike despite tariff refund boost - Yahoo Finance,Yahoo Finance,https://news.google.com/rss/articles/CBMinwFBVV95cUxPdDQ5MkFOd212YmFSdWsxUE1PQUszazFXQlFqZk42YzV3NTdNYkMxYjR3U3BDbGc0dGtHWkMyLTZTNGNVRzJHV0Q4bkxBUnJxU1ZhMkhrT1dLMDlGeF8teVpTV3VHT0Y1cmZDNFAxWkE5SldhREpyOTFXaTNTdjNpZkRnWUZ5WDl0UlRnbXpKMV9WMGtlLTNOb1kwQkdHOGc?oc=5,-0.3089,negative
2026-06-30,2026-07-03,NKE,Nike Stock Slides Despite Q4 Earnings Beat As Turnaround Drags On - Benzinga,Benzinga,https://news.google.com/rss/articles/CBMivwFBVV95cUxQazZJRi1XRUJNZWhHRG1yWGJqcVpsdHlPUjdYUlV2YVhvTm0wMmp1VW9lbURiZlI4c3NBZ3ZnZGRId2l1X3l6dTJvY0JBazhtXzNpTDltTVJDT1BscHJTREtVZjVwZzJoS0E3ZzFNeVJjamJRWHpLS2RRTm9Na3NqZkQ4X05GQ1F6ODBZd2dPRGY2VG5LeUpHT2xvUDk3WDVJRURqOFRGZW1La1o0cmQwSW03LUV1SUc4OHVzYzNUZw?oc=5,-0.1779,negative
2026-06-30,2026-07-06,NKE,NKE Stock Falls After-Hours — 12% China Sales Decline Overshadows Q4 Earnings Beat - Yahoo Finance,Yahoo Finance,https://news.google.com/rss/articles/CBMikwFBVV95cUxNMDZ2a2wzc2FJcmo5eEo1QVpyTmZ6Z3BEcVhfX1dPUVcwYTlpOHhnWm1VR2NXa0V5R0x0dFd5Rm1rUWFRd3JaUER0cU5Kdi1uMUVnVUJRQWlJNjdobldvbTVaOGNabk5hMm9TOXo0aUhuUnh6UXZqVG84UEQzdk4xcEZ3a2R1WGc3clFnR0p3SVNGNDg?oc=5,0.0,neutral
2026-07-01,2026-07-01,NKE,Nike Earnings Top Estimates but Stock Sinks - Barron's,Barron's,https://news.google.com/rss/articles/CBMidkFVX3lxTE5lY1ZYN0pjeHNPS1V2STkxc0luMjVoVDRCM2ktZ29RMmhpWFZpVnJiM2pLYkZjUU5pNHNEay1Hd3RBcm1COFozTjZ3LWlJMHZPV1V2RmFNNlN1Z0dFbzlKd1JJU1FWVl9yNGpodTJTU25CVlU3MHc?oc=5,0.1027,positive
2026-07-01,2026-07-01,NKE,"Biggest stock movers Wednesday: NKE, BE, KR, and more - Seeking Alpha",Seeking Alpha,https://news.google.com/rss/articles/CBMijAFBVV95cUxPdjNGNThuYnZfZHRFQkZlM3NaSmpseV9OZ0ppSkpmMWlnbWhKZW9PSnhFZ2RNTnFjSUNYbkRCWHBTZHlEVl9QWFZidlEyY21oVzBRbDdrWG5OdE9DM2lTamt3bjFhYmFkOVVDdG1aMV9wR0JQSXJNb1pUdG9fZDlaYWRJWk1WX0xjMnVyNA?oc=5,0.0,neutral
2026-07-01,2026-07-01,NKE,Nike Stock Sinks to 52-Week Low - Here’s Why - Benzinga,Benzinga,https://news.google.com/rss/articles/CBMipwFBVV95cUxPUHBYS2hzT3BTSFJaQmZqNHRERTNMYVp3WnpySUoxOWVkVzhBNXQxSkpmWG51TkhRejlTSFNNaE04Y1pFWm1uaXNyQTU1SHZDR1k0azI0bHpxQzJuNVhWTl9FeDNtVWFXM1JkZ3ZBakRoWVZWOVJPdGxzYkxUSWpnRjEtZXFxSjBSY21RU1ZfbDJzbk5HZGpna1NQQk1NR2xOLUNLTFdUdw?oc=5,-0.2732,negative
2026-07-01,2026-07-01,NKE,NIKE (NKE) Price Target Lowered at BTIG. Here is Why - Yahoo Finance,Yahoo Finance,https://news.google.com/rss/articles/CBMimgFBVV95cUxOamZ4UGlNV2ZVQm9XOFNid3RYUGdIdjdsVHZVbEREa2F5cHN5TUpaM0VUZFpUNFV5MUNYRnRLeUs4YS1BX0xXT3haZFJNTmlIaVFrTkhQMWlIN1pJVGpUTXlPTkkyOXNkZWhPeEdGMl9sd3pwaHBlRUduekdKaVM3QWRxWF9MRUoyc0prUnZoMTcxVHVtd0lNc3N3?oc=5,-0.128,negative
2026-07-01,2026-07-01,NKE,NKE Stock Slips Premarket: Analyst Says Nike's Recovery Story Remains Intact Despite Short-Term Sales Pressure - Stocktwits,Stocktwits,https://news.google.com/rss/articles/CBMigwJBVV95cUxNS0VqdEpLZTlXWmxUY0tPc2ZZZGtzeWQ3bGliakRfNnFISzNWV0x6bU94NThfMjVoaDlHNFN0ZXJGZkxhMENWYVZoLTAtMFhuZ0J2RDJuc05vQmF1UWdRU0NNeC04QV9faG11Tm5IbE4tWFQ1dGloeDdZdmZOek4zQmhUVGpkS2dLN3pmaWtBb1pvb1EyazNCZ0hvMEJBTjZZalZuQnVqLVAzemVRVkg2dXVoVGpZdDg0ZEhfczJmcXIzVTNnTkVsN1BZa2dwdXJxRlJVeWJYZFBwV2YyVlRfNkxrUUxyM1ZUNm45azlmNWg4Q3pYemV6Y0VWcWJ1RFJGLWlz?oc=5,0.3995,positive
2026-07-01,2026-07-01,NKE,The Billion-Dollar Asterisk On Nike - Trefis,Trefis,https://news.google.com/rss/articles/CBMimwFBVV95cUxQMUdaSzZubmVMMHNGVm1wUEVpUWVreU94dVpqSGZRNzFZMnN1d3VrdHprWDRNeEZncU92OWJ0QkVmZ25qRnFNMF93NEJsbkZia1g1WHIwLUgwOTVMaVlYbnRGTnBJRmxKSGd6SDk1NllDT09EbE1LV2tJLU56WlZPU2haOEhJQ3pYSkpER1lLamRpMjZFaVdUclhOVQ?oc=5,0.0,neutral
2026-07-01,2026-07-01,NKE,Guggenheim cuts Nike stock price target to $60 on retail outlook - Investing.com,Investing.com,https://news.google.com/rss/articles/CBMiwAFBVV95cUxOaVZLUzIwNVVZM0lJaEo0MDlOTW12bUljd0w0SHBSMkNmUDJKSnRWWkFvYldmQTZERUF5bXFvMVRaOFo4WGdGQWdvNzNPNjBxNXlmYjJ2V0MxMzUyajR3b3NiMUJlSnJUekNjWWRiRzh3N2FXWnVtY003V2MxdkRyanp6Unk0cURvYUtsQlRKQWQ4QU9CYjJud0F0cTdWUlYtTkV6enZzOHZaXy1TNFpoT3c5cEV5NFpmRlhpWV82aG4?oc=5,-0.296,negative
2026-07-01,2026-07-01,NKE,"Nike: At $40, The Stock Is Still Not Cheap (Earnings Review) (NYSE:NKE) - Seeking Alpha",Seeking Alpha,https://news.google.com/rss/articles/CBMikwFBVV95cUxPVDFabnFXb0dRMFU5SDdRc2pMRXNvc2Vyb1V3N0ZYVXVnX2dfaUppd0Z5VGdJWnhadklOcXdqLUQ1cmpsc3U1SWthUFBGWkVBTHpXUHRIdElOd2VaNS1BSXFZc3l2ZHVkUW9ySmVtR3M2c1hRbWtNYzcwUGE4cTU3LXNDTmMyNEhBbVdqRWwxNkN6UGc?oc=5,0.0,neutral
2026-07-01,2026-07-01,NKE,"Nike, Alcoa, AMD, Micron, and More Stocks That Explain Today’s Market - Barron's",Barron's,https://news.google.com/rss/articles/CBMiZEFVX3lxTE1kc3pTa1FyVExta1o4a3ZYbVQwMzR6b2Rmb2czWUFIMnFZeldjb3ZNbjByZW40RW5HalN0X0RGc3BkYklfNi10UVdMclVsMjhHYzRfQXRueHVCSWdQMkhTSWZYVkc?oc=5,0.0,neutral
2026-07-01,2026-07-01,NKE,Nike Stock Slips Overnight As CEO Admits Brand Is ‘Not Living Up To Full Potential’ — But Retail Is Buying ‘Generational Bottom’ - Stocktwits,Stocktwits,https://news.google.com/rss/articles/CBMilAJBVV95cUxQY2htTW5YbkE1VVk1dE9wYUZBRE5sR08yUGVXRnFnZlNrM2w3cEdkb0tndHdmYXU4WVExekVENm9ZaFg1blNOYTVLT2x0VkJGUGxlemVuZU9RVU5nYmdTS3V5Z2puYTVTbU5QNWx3MkFtVmd2ekJ3VUlKTTgxMlViQUF1QWJvZEREb1FUZUJwSkQxenpRckJqUnhJS2lIa29UYjlrQ3BhSmNSblQ4UF8zSmVYenpHVWI2Y2tGQzVmX1oxc2MxWU5nNDJDYUJlWFByWUExNUZfaFV5ZElFeTI2LWRhTW94cW12QzBSUlI3a3pacWR6a0FzMWV5Y3d4WE1lTE1IZ2ZJTlZQcURseGxEdE9vUHo?oc=5,0.1531,positive
2026-07-01,2026-07-02,NKE,"Stocks making the biggest moves premarket: Nike, ServiceNow, Constellation Brands & more - CNBC",CNBC,https://news.google.com/rss/articles/CBMilAFBVV95cUxPWjJOYzEtMDNIdTZzemRUSUtmbkFaODVxQjlKd3ROTjRWWWhmTnhLR1VjQmRxVzFkY2p1R1NTRW8xdEtrX0lXdk5kLVM0N04wd19QOHpOUlUwbkFVQm9QUjVoUUFxZlI0ZkoxeE81ZW1iUzhqOVpvN2xhVkZqd3UzLUQ1OE0yV1Z3OEFKS1phOWdtNDg0?oc=5,0.0,neutral
2026-07-01,2026-07-02,NKE,"Biggest stock movers Wednesday: META, GIS, NKE, and more - Seeking Alpha",Seeking Alpha,https://news.google.com/rss/articles/CBMijAFBVV95cUxPdjNGNThuYnZfZHRFQkZlM3NaSmpseV9OZ0ppSkpmMWlnbWhKZW9PSnhFZ2RNTnFjSUNYbkRCWHBTZHlEVl9QWFZidlEyY21oVzBRbDdrWG5OdE9DM2lTamt3bjFhYmFkOVVDdG1aMV9wR0JQSXJNb1pUdG9fZDlaYWRJWk1WX0xjMnVyNA?oc=5,0.0,neutral
2026-07-01,2026-07-02,NKE,Nike (NKE) Stock Looks Reasonable On Cash Flow But Stretched On Earnings - simplywall.st,simplywall.st,https://news.google.com/rss/articles/CBMiyAFBVV95cUxPMzR4T2tJaVh2T1lKN19XOFpDeEs5ZHZHWjFjVmYzLWFZbEFKekt3VG9VcWw3aUdfQkgyYWE3Zm9pT09nY1o4OUl6VDBfVUhTZ0JyX054VlpCcjUzRWpKMkFwNlZSd2JmSTZpSTR6RTdtY0xGVFJvQ2R4elB0WV9HcS13cW5NdXdULXgxTGhIWlBpVVZ3MkM1TmlZOUtkVFlTeDcySzh4VS11MkN6TmlRa05hRWNFSzF0QVZ5cm94Uk04YnVhdVRDctIBzgFBVV95cUxQTnI3ZlExVEZ1c3p5OUl2QUk3Z2hXLW41SnRrUVZtdURmSmpYQ1l5bXE2Uk95clQ2ellWNXoxaXZEZXE1SVRXcm9BbUotdk9LSWtuSk56RHlmZExqY3NfNzQtV1lHbjRZY3d5VGZMemxyM25aZktwUHBZYzI3QnJQM3BqR19tUm9nTlg1dmwxQkRXVkhZd0F5dDREbXA0bTBBSUpaN3BtSmREWjJYTmx0UFZ5Z3hBcXY5SzhRMUp6RnpRSXFOU2FyaHJCdl9pQQ?oc=5,0.0,neutral
2026-07-01,2026-07-02,NKE,Nike (NKE): Evaluating Recent Stock Performance and Future Outlo - GuruFocus,GuruFocus,https://news.google.com/rss/articles/CBMipAFBVV95cUxNMXZQRW5IM0pxNDJHQnZWaWRCWkxjVEVzeXBOYzRzV2UyT0RZbmZ6QTVNX0pVRlB4S1c3QjB0eVE1SURGbzMzcERKaEd0c1FrVURQZVBqYlozSHcwTm1kUEZITERITnNGT1RtSWlGcS1LaHNfVU1yZ0dhZkllRUJoOVlMQ19CLXU0dWtHbE1SQ1QwdDh3U3p4ZnIwTmhyclh1cTNkVA?oc=5,0.0,neutral
2026-07-01,2026-07-02,NKE,Nike Inc (NKE) Stock Up 4.9% and Still Undervalued -- GF Score: 68/100 - GuruFocus,GuruFocus,https://news.google.com/rss/articles/CBMiogFBVV95cUxOYWhiUUtfcGhhOFZIRzJ0dEVZUUFNeWxwVEFadmVhc2VEZTFFaVRzYU45ZzN3Z2VIZkRmaDdGTHZrZzBCbGplQnY3NUVBNUhDcFdHejJreFFNbnlIaHZFdDZ4RWo1MzFhaUNpYmRBSVhJa1oyVHlLUldpOXFvUmJrZmZLOVJBWGpPTzZFSk5Oa3FZOVpnR1pTOE5CM21sYURQenc?oc=5,0.0,neutral
2026-07-01,2026-07-02,NKE,Nike Stock Hits a 12-Year Low as an Earnings Loophole Masks Weak Sales - Yahoo Finance,Yahoo Finance,https://news.google.com/rss/articles/CBMikAFBVV95cUxON3pRLXU1dFFYTDhISVh1SkRQRDV5SG9kYlRQNUhJeWRRMW5aV2pVUHdWcGFQNVZsZWxsaHY1elhsYUNnNWQ4V0RmZlRqNTRSUTAxQ2o4UUI2eFhaeGNNVVROQVdlYmJFcExJa1h0VlV3ZnJBNVJkRXNGRmowVFBpSmpMazVodzdJQnU5clRQb0w?oc=5,-0.6124,negative
2026-07-01,2026-07-03,NKE,Nike Stock Price Forecast — What Analysts Expect after Q4 Earnings - TipRanks,TipRanks,https://news.google.com/rss/articles/CBMimgFBVV95cUxQYVN6UUVOa3pLX0xsUk1ET0w1UUFLQ2RORXJldEZPNDh0UHlhTDhUV1U2RGtiYWZ3WjRNaTAxNzl0dDZQS0steko4ZGtMTzFrenRLaF9yRGMtdUxNTlhGRlhCdEVOU2VLVkJtQVVtT2J4R0NHbklyQzdPaVd0cnl2T0RETDNBYnh2VXhjaUk3alZreVRxVVFtbHBR?oc=5,0.0,neutral
2026-07-01,2026-07-14,NKE,Nike (NKE) Stock May Be A Bargain On Earnings But Fully Priced On Cash Flow - Yahoo Finance,Yahoo Finance,https://news.google.com/rss/articles/CBMilgFBVV95cUxPUmh5R2hfOFRmOGZDNXNfWjZaN3REQ29RMWZKc2o2bzNMbWFmSDdscFlfSkJzcC1JU2F5VHhWb3FmQTk2MWNUeE9qVUp4MWktNmMyOTc2OWFUb0tVWkxWZWJBdC1DNnVBUHpNeWNWdDN6YzdzMmtSa1BET1otVUZlSVJxTVBtY1J5MzVuZGhYZnMtekZYNFE?oc=5,0.1027,positive
2026-07-01,2026-07-20,NKE,NKE Stock Eyes Weekly Gain: Analysts Still See Upside As Turnaround Debate Intensifies - Yahoo Finance,Yahoo Finance,https://news.google.com/rss/articles/CBMilgFBVV95cUxNSUhEVWpLMlZWLUIyZVQzQnRlQWx2T1o2TEJBZHQyOU55TVhRTUtEazFoenNVRWJqQ0N5cFVVRkMwT05oXzRreGVfWU9NandkREE2cmhDU0ZVV3hjVE1qc0Q1UU5FaF9Yc3N5V0V4NHJlbGpwdGJIOHRVaDNKTkx3a2dQZHdpSndLN3VyY3A2TlBvZWdPSlE?oc=5,0.5267,positive
2026-07-02,2026-07-02,NKE,"Dow, S&P 500 Futures, Nasdaq Ease After Historic H1 Rally As Markets Brace For Warsh’s Comments: NKE, BE, FCEL, MXL Stocks In Focus - Stocktwits",Stocktwits,https://news.google.com/rss/articles/CBMilAJBVV95cUxOMjVGdzY1Q2t1NllSaG1TZUR2aEhqOFdsNVJYRFdMaWdJczFnZzhTeDBxR0txc3B5VGF5RnBGZmZuOXdpeFp0aEJGeEd0bkRaNkNwYUdIY0gwdndZUE41eDJncEFySDBJMUFKcVVhV0JxVV9iYTl4cGFQVENuXzVNZTNpSkZSbDRPUFBZNWJnbTlMVjJYUmlKN09PMHVVWnFvWWFnbnhway01eG9pUzJMM1hmMEdUdTYxWGVITm1qR3lzSlJvN28wNU9vUm1rNU81ZmpySG1UR3NBMlI3UzlST2Z2bmJpZEFjMndiMGJMS2pteGx2Y3ZHNklvckxPLUdibFVfRUJtbG9NSzFhZnNzQ1puemc?oc=5,0.3612,positive
2026-07-02,2026-07-02,NKE,Nike (NKE) Stock May Be A Bargain On Earnings But Fully Priced On Cash Flow - Yahoo Finance,Yahoo Finance,https://news.google.com/rss/articles/CBMilgFBVV95cUxPUmh5R2hfOFRmOGZDNXNfWjZaN3REQ29RMWZKc2o2bzNMbWFmSDdscFlfSkJzcC1JU2F5VHhWb3FmQTk2MWNUeE9qVUp4MWktNmMyOTc2OWFUb0tVWkxWZWJBdC1DNnVBUHpNeWNWdDN6YzdzMmtSa1BET1otVUZlSVJxTVBtY1J5MzVuZGhYZnMtekZYNFE?oc=5,0.1027,positive
2026-07-02,2026-07-02,NKE,Why Nike Stock Dropped 11% in June - The Motley Fool,The Motley Fool,https://news.google.com/rss/articles/CBMiggFBVV95cUxNRFRPMlZQSGlneVdITHpQYkJzSG1VLWJSNTlyME92bjJCRGlTR2NSWFZVdV9sMWE0el9Ib1ZkRE90dEJPcFdNWTNvcWk5TDctV3YxOTJQVFdFNDdEdmlNVEREeFJiUV8waGo3U0VVSTA0UXlhRUpOV183RTJRN3A2M0pn?oc=5,-0.4404,negative
2026-07-02,2026-07-02,NKE,Nike employees to receive below-target bonuses after challenging year (NKE:NYSE) - Seeking Alpha,Seeking Alpha,https://news.google.com/rss/articles/CBMiqwFBVV95cUxNVXpHM2dJNDc2Y1FNcUhESXEyY0wta1ZDclBrSzAwaXJHd1JtdHI5eXNXdkplZU9tYTVDQjd3QXgtcm4wRWhkcmhyMmQycFVOWWVORV9mbWFhMGJaSkgyMmRra0lrZGhBYW9yTWpSNVV1VERwU3hMMDRYVVd4eENYTko5bEs0VnRYOXl4OFI1VGtuMExNRUpIYTNyT0VuVXlhOHc2WUpiZEx2UXc?oc=5,0.6369,positive
2026-07-02,2026-07-02,NKE,Why Nike Stock Dropped 11% in June - Yahoo Finance,Yahoo Finance,https://news.google.com/rss/articles/CBMilAFBVV95cUxPcGlneUNxSUF4OGtRQndaTWhYMnhnNDVERDRmdGtacl81T3RNc2xhbnJ3c0lqSUVfWnJINzhqaFcwTWpvVWhOLXNhNEtRTGJlSWNVZXZBZWw5S2gxem9NaDNYNUIzUTY1MEdNYk94cDRBZThaSThpalJ6b1F5Z2tOSi1KV1lZZzZpRENDT0xrUW5YSGM2?oc=5,0.0,neutral
2026-07-02,2026-07-03,NKE,The Real Risk Inside Nike Stock - Trefis,Trefis,https://news.google.com/rss/articles/CBMilgFBVV95cUxNVEItX0ROa0o1TmtXUGhhNmxGellHODJxYnhfLTdWMWppSlI2OWhyaDZ2NW1ya1pLVm5GbUVKclFxS0NqM18ya0twOHhHblBrUmJsanlVNGNwSDN4cGh4T29mWTZKSXg2SndwdGZtUUFqemhtYl9mZl9LckgteE5vdmRHd1BVWTlLRGVPLXFyUFZyQ24zMFE?oc=5,-0.2732,negative
2026-07-02,2026-07-03,NKE,Barclays resets Nike stock price target - thestreet.com,thestreet.com,https://news.google.com/rss/articles/CBMijwFBVV95cUxPMjBsWGZNUUpJbmJILXNJdGYtTE9SdUEwczJrLW01VU80VEltTHZiVUlOVWQxNHgweWhkSmx6a19iSV80UFNKcS1tOXFLX0FaeWJGTU1hQ0V4aGlscHQ3TkRrSU9maHE2cktPN2dvSkN4SmhBQjlXSldZbWFjUldtWUhaVm1pX0JVa0ZVVWZiZw?oc=5,0.0,neutral
2026-07-02,2026-07-03,NKE,NKE Stock Gains Premarket – Will The Dividend Confidence Reignite Growth? - Stocktwits,Stocktwits,https://news.google.com/rss/articles/CBMizwFBVV95cUxNTkp2QVpDYWRONTk0Z0ViVU5jSXd2NFY1alVFRUp0QVl3eU43R19tNmJyaUVQR0RRS2hyRTJXbmJIci1iNmw5NDZsZ0F4TWhYSWFwMDdYbzg0Q0F5NHB5LU85TjFodG1EY1hxQ0hCVnVodE10S1JkNUFYNG8wcWs5UURnZXk4cHp6cnFEVC03RlhQaUtTRzU0LVpNWmNMVE5iSnEtQzNsMko2Z1F2V21XOWZUeWUtQklpYndJQ0tWMnFOcllxaHhuTDEwdFhHWVU?oc=5,0.8074,positive
2026-07-02,2026-07-03,NKE,"NIKE Stock Trades Near 52-Week Low: Should You Buy, Hold or Sell? - Yahoo Finance",Yahoo Finance,https://news.google.com/rss/articles/CBMilAFBVV95cUxON1JwTFNRcmEzR2R0UE9VWXMtN2IxaEdhWU9mRHAzb3dodlJGcmVWRVI4SXlOSVNsX2Y1eGVnOE1EOFhMenZTUVhsQ1JJZlFuQmRiT3VFb3NGZDVRV2hoRzROaF9nUldKWl80Tk12NDJkRjZSRWpEY0gzdnZvOVdJQ2Y5Z0plWDZ2Y3N4U1MybENxRWRj?oc=5,-0.2732,negative
2026-07-02,2026-07-07,NKE,NKE Stock Eyes Weekly Gain: Analysts Still See Upside As Turnaround Debate Intensifies - TradingView,TradingView,https://news.google.com/rss/articles/CBMi3gFBVV95cUxQLV9LWEg2b3M4WjRPQjlOcDE5ZlVJTDhaYjdLa2tTS0RUV2NZUzRjQ3BfLWk1ZHU0MHNPdGNVbjdocnJSMXRWSmFUVVNGUlNVS0ZEa1d2TTIxM2xvYWxybTRaS1hLWlhhdFQyeUJDYUNENFJrRjNlVDlhMUF5Si0tcUs4TzJSY3dDbnZVVEtXUnUySVhiV2JVd3hxc3ViSnowVFdvRFlSQVJkSDZSYXRWV1NBYTNiNXRVY19XR2RncjhPMWw2VHVsbmJMZGw4ZVhkSWtMZU80dEgwblAwS1E?oc=5,0.5267,positive
2026-07-02,2026-07-07,NKE,Is it Too Soon to Buy Nike or General Mills Stock for a Rebound? - Yahoo Finance,Yahoo Finance,https://news.google.com/rss/articles/CBMilAFBVV95cUxQbm54YURjcHlnbUhXT2JpemRJS3VaLVpQNnRhNXYxc2lrSHJWQ2VPWFZYalBQcnF5T2Vsem1ESVRLcmpBaGxkNjM2Y3QxbzdCY0lTYTNtUDhQb0lqVFlYeTlkcV9vMmllTUxNLW9ZdmE3c1hkV2ZpZzl4NkVzd0R5SkRnYlZuSVVkbEs2Y3dwOEE3OWdu?oc=5,0.0,neutral
2026-07-02,2026-07-07,NKE,NKE Stock Ticks Higher After Hours on Second Round of Layoffs In 2026 - Stocktwits,Stocktwits,https://news.google.com/rss/articles/CBMiygFBVV95cUxNTHNjTU9raHhwdUtpamJRODJFSk9pbHVCdDJoVUg1QzFBalAtaGxyZkFMT2VxcE1OSXhjVUhLUnVpb3RpVHJzajI4ZUc4d0FUR0NnaFNwVUxGbHMxMHl6OFZqSzVqSEM0eHF1UWxWUnEtcTZNUUtQUzlOekxuRlU2ZEp4b2kwU3lIUjFvRjZtdENsWWVuaHUwWjNCU3BRUERLZjkxY3h2TXdWSGdrd1hCcnU1OFFrTkRVRWEtWVJWejdkVFd5OUdPQm1B?oc=5,0.0,neutral
2026-07-02,2026-07-16,NKE,Six Things We Learned From Nike Earnings - SportsVerse | Daniel-Yaw Miller,SportsVerse | Daniel-Yaw Miller,https://news.google.com/rss/articles/CBMigAFBVV95cUxNX3hxV1dVWDNiYTJISGIzbktBR1lPOUdOTTJEQlV6djdFYklsWHQ4RWlqejlvRTJlN0J3VVR0bXRvdWN1cVFMaFQ1ZVFUSUhFT0t2MXhQaXlrNkNPZUtXQUdlRnhxZGxpd2NYWUQ5TFd0Y2VmaFpCU1VHNDIwX21Sbw?oc=5,0.0,neutral
2026-07-03,2026-07-03,NKE,"Down 75% and yielding 3.7%, should I buy Nike stock for a second income? - The Twelfth Magpie",The Twelfth Magpie,https://news.google.com/rss/articles/CBMirwFBVV95cUxNQThXTVEzaUY5LUZtS3VDMXFXRC01X2dDVWk4WWV3WkNHVVhpQWpiREZxMWZRaUVablNsdXM3eGUxWjByQUZkb3dWcDBqZ1hENXE3eDZsZVp5UGo4T0RlS21memR2dDQ4eTJDQk8zM05EQmdPOGd6dW53ZTZQNnJtVHNZMVNuQ1RhQnZMNjRiWTNkZEctOGRzVlo2cjJ5eDVwWTVobmhjQXpxYTNaNW5j?oc=5,0.0,neutral
2026-07-03,2026-07-06,NKE,Prediction: Nike Stock Set for 25% Rebound After Brutal Year - Yahoo Finance,Yahoo Finance,https://news.google.com/rss/articles/CBMimAFBVV95cUxOYjJjNVZYRmNmR1p6V1lPV2p6QWxLcVVsN1BrYjV1bG9JY3V6TVRPeGItVDlXcjRpYlM3S1Z2YnllaXRCdzFQWVJYTmZLSzgwdWtpdjhkRHVFNGQ0UlpzdnFmUEtXY1pnb3AtNXZIbkFsRy0zR0pKRGhsd3VMS2VKSHVnYmhaR3dOZWR6Q0ZrUzhMWHNFRlltRA?oc=5,-0.6249,negative
2026-07-03,2026-07-06,NKE,Prediction: Nike Stock Set for 25% Rebound After Brutal Year - 24/7 Wall St.,24/7 Wall St.,https://news.google.com/rss/articles/CBMipAFBVV95cUxPaW9iU056Wl9VRW92RENNZ1pvbGphczEwS3VyVHZtMjJ4azBLRDhzRm96YzRoSGM5TmI4NjRCMGdWVnlLWWZ6SFljcm9aNVEzdEZNb3AxMkpyRHhwLWtLNXZxSmlCUnF5cGhxZGxsdnF5d3Y3S2J4R2pwTkhlcHFiX0pNVG54Z19Ba0JzRHBjWllmNW8wWHdEdWtYT3NSTnZ2Nms1MQ?oc=5,-0.6249,negative
2026-07-03,2026-07-06,NKE,NKE Stock Slips On China Business Strategy ‘Misstep’ And ‘Surprise’ CFO Change Before Earnings - Stocktwits,Stocktwits,https://news.google.com/rss/articles/CBMi5AFBVV95cUxPaVFRUjk4ZXQxQ0NPb2ltSUptdnNhWW9aWHVDd1YwbVlmY3oycWRvampfUzhCU1czRzlOMF9YVDljZHJnNm1GTElTbWZqem1MREl1N1B0eFE1NHVVZFJjREdOd3NzcXE5dm5lYXRfZl9jeTI1cUt6dlFFN0NwODFLZEJKNmF6MFZsd0RVd0ZkMFlJd2cwQy1XWHMwcHpIWXhFT1plSGpRUEh0WFlzUEdnTExwanJUQzVQeUh2cEN4cklrWHBMdGNONUxJUFdLWTJyQlF2aUgxZWkwSnlEbHNOeXhRbUQ?oc=5,0.0,neutral
2026-07-04,2026-07-06,NKE,NIKE (NYSE:NKE) volume is key to stock rebound - TechStock²,TechStock²,https://news.google.com/rss/articles/CBMickFVX3lxTE1ta3JGV3BMSGJ0VjIwTUxiYmQ0SjBKdktCNFdtUlAxYVZHdlNHTVpCVWxCeUhySXdwNGFrQndRdUdEU2kxYklSUFA3Rl9fZC1OZEZGTVNfN3lTRUltTWkzN1NMNWg2cFpxMlZDZU1zTFNZdw?oc=5,0.0,neutral
2026-07-05,2026-07-06,NKE,NKE Stock Slips Premarket: Analyst Says Nike's Recovery Story Remains Intact Despite Short-Term Sales Pressure - Stocktwits,Stocktwits,https://news.google.com/rss/articles/CBMigwJBVV95cUxNS0VqdEpLZTlXWmxUY0tPc2ZZZGtzeWQ3bGliakRfNnFISzNWV0x6bU94NThfMjVoaDlHNFN0ZXJGZkxhMENWYVZoLTAtMFhuZ0J2RDJuc05vQmF1UWdRU0NNeC04QV9faG11Tm5IbE4tWFQ1dGloeDdZdmZOek4zQmhUVGpkS2dLN3pmaWtBb1pvb1EyazNCZ0hvMEJBTjZZalZuQnVqLVAzemVRVkg2dXVoVGpZdDg0ZEhfczJmcXIzVTNnTkVsN1BZa2dwdXJxRlJVeWJYZFBwV2YyVlRfNkxrUUxyM1ZUNm45azlmNWg4Q3pYemV6Y0VWcWJ1RFJGLWlz?oc=5,0.3995,positive
2026-07-05,2026-07-06,NKE,Is Nike stock a buy or sell after its recent tricky earnings report on 30 June '26? - TradingView,TradingView,https://news.google.com/rss/articles/CBMi2AFBVV95cUxPN2tremtobHBvQzhtMVVEbHRzTEVhcnFOX0UzUi1vZm5pRk1tWmNxZmZmbmt4d05TcVJiRy1tbThsa0VHWHBsaUJIMkU4Q1JJWXBxRTkxWFNKdEpDLWRySmNQZ19PU3k0aG5SUVVhNFVpZmlNUFI1UkhNS0FSa3ZXWGM5NzRDQTMyUkQtdkZoMWZMTklHaERYbklWcjh6RVBab3JQNWtmdGtZMFhnd1FJUnhSbGdsaHBJQW9RUTdQdGxobXpiaVRTb0ZJbXBISzRpS1U5SEd0U2g?oc=5,-0.1531,negative
2026-07-05,2026-07-06,NKE,Why Is Nike Stock Rising After Another Crushing Update? - The Motley Fool,The Motley Fool,https://news.google.com/rss/articles/CBMimAFBVV95cUxQajlRM1pmTTZKbXBNY2VyVUVZWkpudFdfSGNSQjNiaEpDQjc2YTVYY2lqVUJmUGdnSW1pSndQeDFzME5aRHQ2ZEE1T1BRbmlqQnljY1hUYTl3R3ZENVMyUDRJZEtHUmMtSjZMUjlZWDhWSlp1aVhqNzZESnpwejFTSFR1VDNTRl96elNUQUNfMnd6Q1hOUzd3eg?oc=5,-0.6597,negative
2026-07-05,2026-07-06,NKE,NKE Stock Gains Premarket – Will The Dividend Confidence Reignite Growth? - Stocktwits,Stocktwits,https://news.google.com/rss/articles/CBMizwFBVV95cUxNTkp2QVpDYWRONTk0Z0ViVU5jSXd2NFY1alVFRUp0QVl3eU43R19tNmJyaUVQR0RRS2hyRTJXbmJIci1iNmw5NDZsZ0F4TWhYSWFwMDdYbzg0Q0F5NHB5LU85TjFodG1EY1hxQ0hCVnVodE10S1JkNUFYNG8wcWs5UURnZXk4cHp6cnFEVC03RlhQaUtTRzU0LVpNWmNMVE5iSnEtQzNsMko2Z1F2V21XOWZUeWUtQklpYndJQ0tWMnFOcllxaHhuTDEwdFhHWVU?oc=5,0.8074,positive
2026-07-05,2026-07-06,NKE,NKE Stock Heads For Its Worst Week In Nearly Three Months – Wall Street Sees Encouraging Signs But Not Enough To ‘Remain Optimistic’ - Stocktwits,Stocktwits,https://news.google.com/rss/articles/CBMinAJBVV95cUxPMlo4RUFaMlJMQjc0SlNJV0ZsMXlLcC0wSjEzVlBWUVhUbnJwYzBRaW5Oc0llRUtkMjR5MkZOTmRYQzAxZDFnb0Nnb3hSMkN3dXl6WHh3UDhhLUMxdE5CUWlBRkt5RTdOU2V5bVBuZVRTVGZsWVVaektMMWd0cXJrS0hJMmxncGdlSVlmRmpLRUFwWUVwREZXRTFwZnBkeDRpcmVCWjFFM2xiS3ZtS1NYcUlJWjQxcU8ya0ptQlFaNGUteXlvTzgwSWpPYndqZVEzQzhfb203bVNYcWs2c05KNF9zLVlJcl9Mc2xZeDFFbVZoWHQ4RUkwb1ZCZVBnY25WNGswLWVOY2FqanFNVnZJYWF0REVxc2ctbjdaag?oc=5,-0.09,negative
2026-07-05,2026-07-06,NKE,Nike Now Yields More Than Coca-Cola. Which Dow Dividend Stock Is the Better Buy in July? - Yahoo Finance,Yahoo Finance,https://news.google.com/rss/articles/CBMilAFBVV95cUxOdVZ5ek9xNW13QTVIQ25FUWxxQTFKejhWNk1adUZrQklvVjlyNnZsazRkTmdxcDVMUkQydXd0MjJCeDA3NGpSVC1tOC1ueDJJUk9HaE5sRFF6Z3RVY2NTY0ZocFdRMnJ0d3BIYXFKTXozZlNxTTF4UUwtS2tMNDN1OUllOU1FaHpJRDB1U0E2MkJHZVdi?oc=5,0.4404,positive
2026-07-05,2026-07-08,NKE,Why Is Nike Stock Rising After Another Crushing Update? - Yahoo Finance,Yahoo Finance,https://news.google.com/rss/articles/CBMimgFBVV95cUxPamg3OXY3TF9SOFdWTUJwVUtPYXZfZ0g5Nm1ENFFMNHRsRHdZRzFhbmVVZWt0RDB3U2MxYmo3N01BWFREM2pLZnNfWVVqYmdGbXhVc2Mzb2l4NVBKVkpGdjBuRTVXajZac0pEcXpSMTAxaHhBd1JpVDFocl84ZWNkTjZaX01HS1RxanI1QjVGWTZHQTZwZ2ZkNnpn?oc=5,-0.3612,negative
2026-07-05,2026-07-08,NKE,1 Big Reason Nike's Turnaround Is Taking Longer Than Expected - Yahoo Finance,Yahoo Finance,https://news.google.com/rss/articles/CBMimgFBVV95cUxPZUIzclZaS1dnRTBLd3J1SldoVUZ6YlRwTC1uTFBOVjhpRzRmSWFzZ2FEVzRDalYzQ3lseGRJazJKcUptTGljWDVjQ2ItQkplYWt6OWVPbHpQbXdiUmYwRWo2bk1vdHF3WHI5R0E5SUc3ZnhPMHlHZC1xN2tKY3p6czh0YzBiQ3NNTXhmR0ZLbGdSQ2tNWTVQbmxB?oc=5,0.0,neutral
2026-07-05,2026-07-21,NKE,"Down 32%, Is Nike the Smartest Dividend Stock to Buy for the Second Half of 2026? - Yahoo Finance",Yahoo Finance,https://news.google.com/rss/articles/CBMimwFBVV95cUxNczM3d3pteURmZmViRVd0TkhxNEtPMTZDbzNaQkZCd3NsY2RlUEJKSDJmR090T2xFTi1TWW5QV3JTTVZTNW9Zb2N1OEtndGNBX2tnWklzTE4wVmE3bG40dkZqN3ZfMi15ckdHbWhvS0ptUjhSTC1XMzR6cXRFR2thV19PR21EX0dWNWlRMlo2bzEzS0pfTHRVZ0xYWQ?oc=5,0.6124,positive
2026-07-06,2026-07-06,NKE,Bank of America resets Nike stock target on recovery plan - thestreet.com,thestreet.com,https://news.google.com/rss/articles/CBMiogFBVV95cUxPVlFqMVdCUjZDLXhBLTN1R2VSTW9SVGxrWmhIWWNrV3B1N2FhMXJoVHJMTzFueVNHVXZQVXB2cTlvTERUeUFsTEZtc1JFYVotY2t4V2NEanIxY1Vya0F4Q2E2bDRlbkh0SjZ2VUxFeWt0V0Q0dVBXLU9fdlNKdXRMdTk5Ry16cnJIRFhBaldraV84RHBnTjE3YWVGQ05Md3NETGc?oc=5,0.0,neutral
2026-07-06,2026-07-06,NKE,"Down 32%, Is Nike the Smartest Dividend Stock to Buy for the Second Half of 2026? - Yahoo Finance",Yahoo Finance,https://news.google.com/rss/articles/CBMimwFBVV95cUxNczM3d3pteURmZmViRVd0TkhxNEtPMTZDbzNaQkZCd3NsY2RlUEJKSDJmR090T2xFTi1TWW5QV3JTTVZTNW9Zb2N1OEtndGNBX2tnWklzTE4wVmE3bG40dkZqN3ZfMi15ckdHbWhvS0ptUjhSTC1XMzR6cXRFR2thV19PR21EX0dWNWlRMlo2bzEzS0pfTHRVZ0xYWQ?oc=5,0.6124,positive
2026-07-06,2026-07-06,NKE,"Down 32%, Is Nike the Smartest Dividend Stock to Buy for the Second Half of 2026? - The Motley Fool",The Motley Fool,https://news.google.com/rss/articles/CBMimAFBVV95cUxORThqRkRKN0Y2ei1Nem4wYVlReVl4alFpU3ZISlVNU0tFVjNVMEJmZ0hUZnJBaDFDMzQ0NmpFWW1lTVh0bEdINGtSWi00VmJNcHBxakZVUWZwVHgtazBTc1BZbWx2bWxPWGVmVERKc211c19XLXFSNlAtdnRiOGVVMlE0enRIell4REU1VEE1RVFBX0p0dmNHTA?oc=5,0.2732,positive
2026-07-06,2026-07-06,NKE,"Dividend Assets Capital LLC Buys 24,575 Shares of NIKE, Inc. $NKE - MarketBeat",MarketBeat,https://news.google.com/rss/articles/CBMivwFBVV95cUxNcnRqc0hCTkhURG05V2hKUHRWZ2FrTDBjbm5QaG9IaGpwYzE0dUR2aVk5aS1aSTR6SlE5VGppd3M3dnVFTWFUWjZLeEVXMm1GbEdzU0tOd2tSMEQtUUtRZjNfV0JVZldqZzFvX1Fwa1NIS2FPSTg4WHBscGVJNnRKMkVUQldQNUhyY0V2dHNyN1ZSOEJRTGhRa0NILS1iT0lGdXg1dENXV3BnYUczZnBubnoyLUlxdTRYZFVtT3hfVQ?oc=5,0.4404,positive
2026-07-06,2026-07-06,NKE,NKE Rises After Hours Following Insider Buys By CEO Elliott Hill And Apple’s Tim Cook - Stocktwits,Stocktwits,https://news.google.com/rss/articles/CBMi4AFBVV95cUxQZGpHSzgyMWJVeXNHS1d5WEk5ZlZqSGtuRnlzZTVPU2ZCaXh6SVpRelFKVHJITmI0dGJybFE4eWxyNTZwV2pKbXFhdHN4RmRLUm54ckpReU8xbXFlU2I5UzBIQWQzTmhJX0FKN29NcmpRV2h2ckh1RnNMVzVqYmdhY1lBbWFkd0dPZ1FNS21wN3B2dllXMzE4ckVtTkZaZTFWQk04a2U2YS1nVkRaeVNyRUN1UHM2eFR0SUVNZGpKMTZlZDJKOTJBem1EbkxjRnZtM3VvSUpXTjlOZWRGUUxfNQ?oc=5,0.0,neutral
2026-07-06,2026-07-06,NKE,Nike Stock Analysis: Key Resistance Challenges in July 2026 - The Cryptonomist,The Cryptonomist,https://news.google.com/rss/articles/CBMiogFBVV95cUxNbkYyM2pGd0paMDdxeFNFYVJKMjFpdG9HTmVxT3RQQmQ4Unc3Y2F3R2d2X2x6eER6RWpVb0lsUHl5NDVMX09oTlMxZXBoM1ZjMFJ1QmtzQ2t5U0JHUk9BLTVHUURBNGo2WlhxbUR5Z3NidVFQOEtQNlp2Qjk5SU5oM0ZBbTZ2ZFhLNlhIeldWcUxDTzg4eXJ3Z2lEOV8xc1JYTXc?oc=5,0.0772,positive
2026-07-06,2026-07-07,NKE,NKE Stock Slips Premarket: Analyst Says Nike's Recovery Story Remains Intact Despite Short-Term Sales Pressure - Stocktwits,Stocktwits,https://news.google.com/rss/articles/CBMigwJBVV95cUxNS0VqdEpLZTlXWmxUY0tPc2ZZZGtzeWQ3bGliakRfNnFISzNWV0x6bU94NThfMjVoaDlHNFN0ZXJGZkxhMENWYVZoLTAtMFhuZ0J2RDJuc05vQmF1UWdRU0NNeC04QV9faG11Tm5IbE4tWFQ1dGloeDdZdmZOek4zQmhUVGpkS2dLN3pmaWtBb1pvb1EyazNCZ0hvMEJBTjZZalZuQnVqLVAzemVRVkg2dXVoVGpZdDg0ZEhfczJmcXIzVTNnTkVsN1BZa2dwdXJxRlJVeWJYZFBwV2YyVlRfNkxrUUxyM1ZUNm45azlmNWg4Q3pYemV6Y0VWcWJ1RFJGLWlz?oc=5,0.3995,positive
2026-07-06,2026-07-07,NKE,Why is Nike stock sliding today? By Investing.com - Investing.com Canada,Investing.com Canada,https://news.google.com/rss/articles/CBMilwFBVV95cUxPSXlRQWhvV25VcDQzNmJ2NU9ta2xTRFNmak5kS25lYTJwaEdZejRfbFRvSDBaSXYtbE12dHhGUWpub0RGN2hmMWNwSnVVUTdnemhCYmJ2cC1PODFBeG5IYXUwWXdfTV80MjVPX0tlVXJVZmNKb0hpNWEzdWJCSkU0XzF0R2YxTlJZdUJBQkYzd2RVMU01X2lr?oc=5,0.0,neutral
2026-07-06,2026-07-07,NKE,Is Nike stock a buy or sell after its recent tricky earnings report on 30 June '26? - investingLive,investingLive,https://news.google.com/rss/articles/CBMiwgFBVV95cUxOQVQ1bEV3cVlfeTVGcXhwYTRBUDFiRU9ZbUpoc3RaTGFidHRfVDBkdHlObFJ0cGZKMnpVd0U3QnJCRzNrSTVjNHJ4dWFkdHJQNnhOQlVBRl9nc1BGcU5mQ3RlVUI3Z1BIRklkazdCVGFvdkwwLWoyMGNMX1E3N29sdkpsUkFSS3VQTE9Jc3k3Tjhic1pNN3VxVEZjQkhoVmpUSDBFNUlGQkk2Y0x0cGYtR3B1djdodk16a3FmaE9uOHZIdw?oc=5,-0.1531,negative
2026-07-06,2026-07-07,NKE,Bear of the Day: Nike (NKE) - Yahoo Finance,Yahoo Finance,https://news.google.com/rss/articles/CBMiigFBVV95cUxPdzBlSjBLV1F1N0VzeUk3Qk1LN1BfM0E3TEs0WUNPdHlDV2pDMEhPZ3A4dlE4N1BOeFlXem5oLUhDUkVBSmdiWS1HSWpYc3M4ZW55YnBKQmc3eDk1cVlGM2ZhVmhJc0Y0YXRiNGN5UHFoTUJQX0FOSWp4LVpjN1o4ZGhpQVRick14Rmc?oc=5,0.0,neutral
2026-07-07,2026-07-07,NKE,Is Nike Stock a Buy After Earnings? - The Motley Fool,The Motley Fool,https://news.google.com/rss/articles/CBMigwFBVV95cUxPS0t1ZFJwdTVzYjU3bGhGLU1wVmNjandTUmpCbzBsQVVfNG1rbWZOMDJsSHkxOHVCQVZTUDlxY1p1NVVndEk2NVJQeTRWMkN6UVZzcnNldEVRQnZLTGg5T201bFNGM2dSWE0zN3Vqd3BxQmx6QlpDMmV0UUQ3TWVyc3BKaw?oc=5,-0.4404,negative
2026-07-07,2026-07-07,NKE,Nike Stock: Is It a Buy After Its Recent Earnings Beat? - The Motley Fool,The Motley Fool,https://news.google.com/rss/articles/CBMimAFBVV95cUxNb1JueHVwZ3ZqQnRsN1lvOV83V1d1dVR1N29TOWtSLWFlUzMyM2FCSTZOQlJjYXBfbGRjNmtMMjZDcEVub3hUMkNUcm1jTWlMQVk0UlFBQjVrN1FGSmw5Nnh2UzRzUUJhM2lvMGo4aVNJUkxwcElXVUhrY3cxMl91S3F0UDRSNlpCU0NpZVhfWVR4Rm4yQUs4NQ?oc=5,-0.4404,negative
2026-07-07,2026-07-08,NKE,Nike Stock (NKE) Opinions on Prolonged Market Decline - Quiver Quantitative,Quiver Quantitative,https://news.google.com/rss/articles/CBMilAFBVV95cUxQS19rcklraGJiSVJZMXVKR1hhR05oZHdFS01zSFJwRlBkalpqd2VVSGRsbzZuNl9VYVRNdTN0SFg1WXludER1aEIzYk93ZjFGdDcxc085Q2ZUNFVEMzM3bGlleTIyUkh6Y01PcEQ3THhZNHByLXZqTVJpbUJyZlhFQm1lUjJleVc5c0dQZUl2dnNob1lT?oc=5,0.0,neutral
2026-07-07,2026-07-08,NKE,Nike Stock: Is It a Buy After Its Recent Earnings Beat? - Yahoo Finance,Yahoo Finance,https://news.google.com/rss/articles/CBMimwFBVV95cUxONkFYUHZDWVpOcEx1X3dPaUVNUU1vS2U2TzRJR0phalcxbktDaUVGODNDVmdhV0dneTYtbkRLNENRR2FZOVNRZ01ybFJ5WHplV3o4VGFFY2Q2dFF5UVdJRmxUZko2V2xRMWdOUHdleENRY2F3UlhWVXhnckYyYWNxcnlzekxMTjBHbkd3RXpXZm9jRERaX05Nd0prTQ?oc=5,0.0,neutral
2026-07-07,2026-07-08,NKE,Nike Stock Slips Overnight As CEO Admits Brand Is ‘Not Living Up To Full Potential’ — But Retail Is Buying ‘Generational Bottom’ - Stocktwits,Stocktwits,https://news.google.com/rss/articles/CBMilAJBVV95cUxQY2htTW5YbkE1VVk1dE9wYUZBRE5sR08yUGVXRnFnZlNrM2w3cEdkb0tndHdmYXU4WVExekVENm9ZaFg1blNOYTVLT2x0VkJGUGxlemVuZU9RVU5nYmdTS3V5Z2puYTVTbU5QNWx3MkFtVmd2ekJ3VUlKTTgxMlViQUF1QWJvZEREb1FUZUJwSkQxenpRckJqUnhJS2lIa29UYjlrQ3BhSmNSblQ4UF8zSmVYenpHVWI2Y2tGQzVmX1oxc2MxWU5nNDJDYUJlWFByWUExNUZfaFV5ZElFeTI2LWRhTW94cW12QzBSUlI3a3pacWR6a0FzMWV5Y3d4WE1lTE1IZ2ZJTlZQcURseGxEdE9vUHo?oc=5,0.1531,positive
2026-07-07,2026-07-09,NKE,NKE Stock Slips On China Business Strategy ‘Misstep’ And ‘Surprise’ CFO Change Before Earnings - Stocktwits,Stocktwits,https://news.google.com/rss/articles/CBMi5AFBVV95cUxPaVFRUjk4ZXQxQ0NPb2ltSUptdnNhWW9aWHVDd1YwbVlmY3oycWRvampfUzhCU1czRzlOMF9YVDljZHJnNm1GTElTbWZqem1MREl1N1B0eFE1NHVVZFJjREdOd3NzcXE5dm5lYXRfZl9jeTI1cUt6dlFFN0NwODFLZEJKNmF6MFZsd0RVd0ZkMFlJd2cwQy1XWHMwcHpIWXhFT1plSGpRUEh0WFlzUEdnTExwanJUQzVQeUh2cEN4cklrWHBMdGNONUxJUFdLWTJyQlF2aUgxZWkwSnlEbHNOeXhRbUQ?oc=5,0.0,neutral
2026-07-07,2026-07-09,NKE,NKE Stock Gains Pre-Market: Google AI Shopping Rollout Targets FIFA World Cup Demand - Stocktwits,Stocktwits,https://news.google.com/rss/articles/CBMivwFBVV95cUxNUkU4Z3VPUjB2YTVFN0hMMnRXZldpSnRDTUhtMFhDMnJueTVlR1hLM3dKUk0zblFqTV95eWFiMzk2SjZET0JmMWFFNE1aM3VWMGxqd3o1amJKZkdmUjFEX25EemctUnd4Mk43NnBiZnJhX0VpUjdNWkdrc0gxT29DZi02SFBhQnRsLVRicnJDY1NrRU5RVk02TjRET2pJUmgza3FvM3pPR1Fmemt2YWQtYWxxSFByVzZESEF0ZFJkMA?oc=5,0.2263,positive
2026-07-08,2026-07-08,NKE,The Toughest Questions Nike Faced On Its Latest Call - Trefis,Trefis,https://news.google.com/rss/articles/CBMisgFBVV95cUxNUDdhN296eUZob3hQNERhRXU4aVV3Q01oN3NwV04yX3BOZ1dfRzhHTnBpVUQzaEZ1UHpzVnkxYXkxYkpQX3BxdDJoVG1CNl9UTk8xUThLQjBnblhKVVYwaG5kWERzVzJSa1VCR0Vma2FCeHJTV1ZCVTBKSVJEdnk5emhsbUR5Ym55cmJ2MGhmREgtZ0JPX3lIOUIzUWZxNVp3S3dIUDNsNmJhZW9xaVdLeFV3?oc=5,-0.0772,negative
2026-07-08,2026-07-08,NKE,NIKE (NKE) Fails to Impress Despite Beating Expectations in Q4 2026 - Yahoo Finance,Yahoo Finance,https://news.google.com/rss/articles/CBMimwFBVV95cUxOSVUwTVFtdm4yOXpySEJ2WGdCcjRjc2locm9vY1lTOUNGOUNYX1VFdUk1bjZpVmc3aHBrWVlicWExN0k2TEpSXzR1S1dhWlVEbU1sV2phVjZSY3RtYXFFTjFZc19jNEF3Y21rOUdmZks5b2tHYUhUWXdpa3o2akJydDNOX1lXa1RtMzlyM2V5RmZFTlZkS2tJY3ZsUQ?oc=5,0.3777,positive
2026-07-08,2026-07-09,NKE,"Nike’s Dividend Yield Is Near Record Highs, But That’s Not a Good Enough Reason to Buy NKE Stock - Barchart.com",Barchart.com,https://news.google.com/rss/articles/CBMi0wFBVV95cUxNV3VWRFRBaWFBancySGlWQUtta2RTaFJNbFNsWDl3d3N1Y2pmTUNKRm1kT29GV2pzRXhrUkUwclVUSlBKSmRXSmhZaXl5NEZ3ajJrUmpEU0VzX1dKOGY5c2FQdThod09DSXc4MVVSYXV5UHVzTll2Tzk4TE9OZmp3NWNkVVlGa0tTTVFJbFN4dldKa2ptNlVSTVFBbnBFdy1qeWFoRUNNT1hzWHVfV3ZydzU4bDJfbU9IeF95a3NrSzI0Mks3SmRMMVFlTnAwX2lzTFp3?oc=5,-0.4782,negative
2026-07-08,2026-07-09,NKE,"Nike (NKE) Beat On Q4 Earnings, Is The Turnaround Fully Priced? - Yahoo Finance",Yahoo Finance,https://news.google.com/rss/articles/CBMilAFBVV95cUxOUzItLVk3Q1l6M0ExYXdmNzZyNkFPRGkyekktUHFxQmdTNTB3MGJkQUhyQUNWS2huLTY0angySzBHcVFpTkZZOU1uSnB2RE55ZEdGWkZvWmV2dUNhekR3S0VoQzMzY1JCWG1wMUpBSFFaNllSd1Z0REh2LWw2TGhjZmMtRW4zUm1tWmdNYXIwNm16Q09G?oc=5,0.0,neutral
2026-07-09,2026-07-09,NKE,"Swedbank AB Cuts Stake in NIKE, Inc. $NKE - MarketBeat",MarketBeat,https://news.google.com/rss/articles/CBMioAFBVV95cUxNTzJ4QU9XOFNLOTM3U3JzOHY3STRRbVRXWlVfcmROcW5MLUZoeGVjNDk5SlBIeTFOcTlYX2VnVDQ4c2tGUFNDYUxQRWhxaUc0dXVSSHhCMkhFN0dTdjBxdXJybXZ4M0pmVEF0N1FwYXQ2V0N4X3cycC05d21OSERIX1g3VzhGc1BhQlJqV1hBOWFVQkNhcFZQTUptNGp5aFd0?oc=5,-0.296,negative
2026-07-09,2026-07-13,NKE,Is NKE Stock a Buy or Value Trap After Its 2026 Reset Effort? - Yahoo Finance,Yahoo Finance,https://news.google.com/rss/articles/CBMikwFBVV95cUxQTnEyNE54alVuNGNVSWtlcUs3YnZWcmVGT1BwNHlSZ2dWRVRXLTV6MGM5TlBYdzBGSmY4OE8zU1hpaHUwVzhxaTZLbFRwV0Jhd2xKODY1RkVnRUlSTV9CWmhLam9rX3FDSmxpLVNPQTBsRGZTam9HZ0llaGFSQUkxRUsxNVFwQU9BZlFWLUptVVJqTmM?oc=5,0.0258,neutral
2026-07-09,2026-07-13,NKE,NIKE Stock Outlook 2026 as Recovery Stays Uneven Across Markets - Yahoo Finance,Yahoo Finance,https://news.google.com/rss/articles/CBMingFBVV95cUxPN3d6WUg4UnAwUTg0ZExjMzkwS21zVVY4Y3g3NUd5aDROZEJ1a2RWdTMxY3llLS0xYXNUOXlIQ1lCSzhPR1FHdG5SeHlpbTFKX1F1elBOTzBwSUVHQTdnak5IdkRSVnEtZmNCMmQwMUY0VlJWeUVvWUo5eUNCeG51emJMUE5MSjliMzd0WXNoTDR0cDBna3JPSEdFWDZHUQ?oc=5,0.0,neutral
2026-07-09,2026-07-13,NKE,"NIKE, Inc. (NKE) is Attracting Investor Attention: Here is What You Should Know - Yahoo Finance",Yahoo Finance,https://news.google.com/rss/articles/CBMingFBVV95cUxPZnU2bUZnNWF3SEVWdTczbHhpT3ZTZDdTblBlZlJfTkVfUjBFNmZ4amdiSGNIakdSOHVXTDRjdTRfblp0U3ZhNjJ6TmVja1ltNGRBa1NnTWhDTHhCcS1hZ0U0STgwUnd1RFFnWmxjdnU3YXdNaWx6dzlrR2dwaTJLeXM0dl9rODAxWEU1Nk1DLUx4MVpMemFPSFI0dWpmUQ?oc=5,0.4767,positive
2026-07-10,2026-07-13,NKE,Why is Nike stock rallying today? - Investing.com,Investing.com,https://news.google.com/rss/articles/CBMimgFBVV95cUxQZWRhQ181VnhQcWhtSkJLNFBvUVBrZUZaYnF5NFdoWlU2MkxGdlh0Z0NEc3Q2b2JOMjAybFZCVzA0MDl3SHFYNDBocHV0Mkw0eWVBclRFUTEwSllsRTJZaWQ0dVhEVWQyVGpxYWh0VEtlZzlSUHhTQzJtbERyak53M29fR1dTQllVS0lhc2F5U24yQUkzNUFqaHNn?oc=5,0.0,neutral
2026-07-10,2026-07-14,NKE,Nike Inc (NKE) Stock Up 3.7% and Still Undervalued -- GF Score: 68/100 - GuruFocus,GuruFocus,https://news.google.com/rss/articles/CBMisgFBVV95cUxQTUVDT0tyelNObF8zQ29QQnVNdlZrZ1ljVVBMRFBzOXRiT2NlYTcwbmVTQmM2WVhQVDJYSTduNWlEXy1PSWI1SElfZXllSVJwVWNGX3RXYkdoVW5VeWlQNW5XYzh6c2FFM2s5Z3BLSHg2SmEtMkhYZDh2bzVxRVAzU3ZsdnFwTDNWT3pHSkdyNFYzQmJaZVk1anlJb211NFg1WUt0TG1scDdpMXdacVNYczVn?oc=5,0.0,neutral
2026-07-11,2026-07-13,NKE,NKE Stock Slips On China Business Strategy ‘Misstep’ And ‘Surprise’ CFO Change Before Earnings - Stocktwits,Stocktwits,https://news.google.com/rss/articles/CBMi5AFBVV95cUxPaVFRUjk4ZXQxQ0NPb2ltSUptdnNhWW9aWHVDd1YwbVlmY3oycWRvampfUzhCU1czRzlOMF9YVDljZHJnNm1GTElTbWZqem1MREl1N1B0eFE1NHVVZFJjREdOd3NzcXE5dm5lYXRfZl9jeTI1cUt6dlFFN0NwODFLZEJKNmF6MFZsd0RVd0ZkMFlJd2cwQy1XWHMwcHpIWXhFT1plSGpRUEh0WFlzUEdnTExwanJUQzVQeUh2cEN4cklrWHBMdGNONUxJUFdLWTJyQlF2aUgxZWkwSnlEbHNOeXhRbUQ?oc=5,0.0,neutral
2026-07-11,2026-07-13,NKE,Is Nike Stock a Generational Buying Opportunity After Its Recent Plunge - Kavout | AI,Kavout | AI,https://news.google.com/rss/articles/CBMiqgFBVV95cUxNbmhtdTR3OVk2TjRlUXk4dVBRTThtMVJnX2dwTW0xTUhOc3N4aDFXbzR1d0hnWXBJbWlYOVczZkRqZFlRYXM3UFJCVXpka2lBbTVuRkJtSWVWSVdvM2hRbWtFVjZSUWtMMmZMYW9HRk5lRWkxMFpadTdpTzRiUFBOSWRralhHSkgweTdUUjQwNDRfNE5mcEpveXVJdXFQd042ZEZ0RW8wOTNjdw?oc=5,0.4215,positive
2026-07-11,2026-07-13,NKE,NKE Stock Gains Pre-Market: Google AI Shopping Rollout Targets FIFA World Cup Demand - Stocktwits,Stocktwits,https://news.google.com/rss/articles/CBMivwFBVV95cUxNUkU4Z3VPUjB2YTVFN0hMMnRXZldpSnRDTUhtMFhDMnJueTVlR1hLM3dKUk0zblFqTV95eWFiMzk2SjZET0JmMWFFNE1aM3VWMGxqd3o1amJKZkdmUjFEX25EemctUnd4Mk43NnBiZnJhX0VpUjdNWkdrc0gxT29DZi02SFBhQnRsLVRicnJDY1NrRU5RVk02TjRET2pJUmgza3FvM3pPR1Fmemt2YWQtYWxxSFByVzZESEF0ZFJkMA?oc=5,0.2263,positive
2026-07-11,2026-07-13,NKE,NKE Stock Ticks Higher After Hours on Second Round of Layoffs In 2026 - Stocktwits,Stocktwits,https://news.google.com/rss/articles/CBMiygFBVV95cUxNTHNjTU9raHhwdUtpamJRODJFSk9pbHVCdDJoVUg1QzFBalAtaGxyZkFMT2VxcE1OSXhjVUhLUnVpb3RpVHJzajI4ZUc4d0FUR0NnaFNwVUxGbHMxMHl6OFZqSzVqSEM0eHF1UWxWUnEtcTZNUUtQUzlOekxuRlU2ZEp4b2kwU3lIUjFvRjZtdENsWWVuaHUwWjNCU3BRUERLZjkxY3h2TXdWSGdrd1hCcnU1OFFrTkRVRWEtWVJWejdkVFd5OUdPQm1B?oc=5,0.0,neutral
2026-07-11,2026-07-14,NKE,NKE Stock Gains Premarket – Will The Dividend Confidence Reignite Growth? - Stocktwits,Stocktwits,https://news.google.com/rss/articles/CBMizwFBVV95cUxNTkp2QVpDYWRONTk0Z0ViVU5jSXd2NFY1alVFRUp0QVl3eU43R19tNmJyaUVQR0RRS2hyRTJXbmJIci1iNmw5NDZsZ0F4TWhYSWFwMDdYbzg0Q0F5NHB5LU85TjFodG1EY1hxQ0hCVnVodE10S1JkNUFYNG8wcWs5UURnZXk4cHp6cnFEVC03RlhQaUtTRzU0LVpNWmNMVE5iSnEtQzNsMko2Z1F2V21XOWZUeWUtQklpYndJQ0tWMnFOcllxaHhuTDEwdFhHWVU?oc=5,0.8074,positive
2026-07-12,2026-07-13,NKE,Nike (NKE) Stock May Be Cheap On Earnings But Fair On Cash Flow - simplywall.st,simplywall.st,https://news.google.com/rss/articles/CBMiyAFBVV95cUxNTXdLRnMwbUNoX0J4U0g3U1dwdzNkNUFrdHJpTG5yZzN1NWpHaUNlRlRWOUtzMTVyRm9aUTQ4QTBRVndhQ1RGM0Zkcm1iUkZtRlZJMlZLR3FqR2JBUnRFX1BjU05FMFYwT0V3LTBYV2pQQzVmUldnakdHdHBIMHVUN0hTRmlmMm5lY1ZiVExlQTQ3a0F3aFFjSlBqRHdnU1RwZnpEMkRwb1d4amFkMTI4SXN4WWVlS09YRlQyVmJxX1dSeXRaTlF1YtIBzgFBVV95cUxPTHdrX0hETXNCV0dTM3M5eW5vU3BnM0swMjVXUGhpRENZa3ByUlRUOWFzaHlSZHpWUGNEa1hzYzFmQ0tMZkU5SFI0RjA2aDY1TG1UQ1Jqblk2dnA5djVzOWtZa3ByeDFTYmlSUUFoV0luLTNxZ0FnZmY0WnU0VlFNSnBQM2Z2dXBMSTg4ZnA5bVlrUDVGTnNhcG9NVVFhaEZVSHFCSWRCY19kS196X3Iyb1dTZV9GeTRKZFNNdVZpb1BaSHNyU2lOOWlsUGF6dw?oc=5,0.4497,positive
2026-07-12,2026-07-13,NKE,NKE Stock Gains Premarket – Will The Dividend Confidence Reignite Growth? - Stocktwits,Stocktwits,https://news.google.com/rss/articles/CBMizwFBVV95cUxNTkp2QVpDYWRONTk0Z0ViVU5jSXd2NFY1alVFRUp0QVl3eU43R19tNmJyaUVQR0RRS2hyRTJXbmJIci1iNmw5NDZsZ0F4TWhYSWFwMDdYbzg0Q0F5NHB5LU85TjFodG1EY1hxQ0hCVnVodE10S1JkNUFYNG8wcWs5UURnZXk4cHp6cnFEVC03RlhQaUtTRzU0LVpNWmNMVE5iSnEtQzNsMko2Z1F2V21XOWZUeWUtQklpYndJQ0tWMnFOcllxaHhuTDEwdFhHWVU?oc=5,0.8074,positive
2026-07-12,2026-07-14,NKE,NKE Stock Slips On China Business Strategy ‘Misstep’ And ‘Surprise’ CFO Change Before Earnings - Stocktwits,Stocktwits,https://news.google.com/rss/articles/CBMi5AFBVV95cUxPaVFRUjk4ZXQxQ0NPb2ltSUptdnNhWW9aWHVDd1YwbVlmY3oycWRvampfUzhCU1czRzlOMF9YVDljZHJnNm1GTElTbWZqem1MREl1N1B0eFE1NHVVZFJjREdOd3NzcXE5dm5lYXRfZl9jeTI1cUt6dlFFN0NwODFLZEJKNmF6MFZsd0RVd0ZkMFlJd2cwQy1XWHMwcHpIWXhFT1plSGpRUEh0WFlzUEdnTExwanJUQzVQeUh2cEN4cklrWHBMdGNONUxJUFdLWTJyQlF2aUgxZWkwSnlEbHNOeXhRbUQ?oc=5,0.0,neutral
2026-07-12,2026-07-15,NKE,NKE Stock Gains Pre-Market: Google AI Shopping Rollout Targets FIFA World Cup Demand - Stocktwits,Stocktwits,https://news.google.com/rss/articles/CBMivwFBVV95cUxNUkU4Z3VPUjB2YTVFN0hMMnRXZldpSnRDTUhtMFhDMnJueTVlR1hLM3dKUk0zblFqTV95eWFiMzk2SjZET0JmMWFFNE1aM3VWMGxqd3o1amJKZkdmUjFEX25EemctUnd4Mk43NnBiZnJhX0VpUjdNWkdrc0gxT29DZi02SFBhQnRsLVRicnJDY1NrRU5RVk02TjRET2pJUmgza3FvM3pPR1Fmemt2YWQtYWxxSFByVzZESEF0ZFJkMA?oc=5,0.2263,positive
2026-07-13,2026-07-13,NKE,"Nike Stock Is Down 44% From Its High, and the CEO Has Been Buying Shares. Here's What That Means for Investors. - Yahoo Finance",Yahoo Finance,https://news.google.com/rss/articles/CBMikgFBVV95cUxQSHNERVhHMFpuVTBBR2UtNHFoWl9VR2RWNGxMRmF0T2NHVTZoeEU2bG03YXJxcE1QV3RpdFRVNEhmYkxYakhWYjRvZnlJRGpRbE9GMlQzemZuWDg4TklJSy10VzR4REpNejVyZndEQ1hzUWxSeHE3elZLR0lpQ2NJckN2VENYbUxkbW1RVU52YXRRUQ?oc=5,0.296,positive
2026-07-13,2026-07-13,NKE,"Nike Stock Is Down 44% From Its High, and the CEO Has Been Buying Shares. Here's What That Means for Investors. - The Motley Fool",The Motley Fool,https://news.google.com/rss/articles/CBMimAFBVV95cUxQNGVUd18tWkI1OWtCMFR3SjdycG50S3hoRDdPeDRwQkNXWTZILXZtUE9fRFV3bTVYQ08tcDFnUHVhX1lUYUJ4a2NUcEpxcHUtRUJ4bkxvRUpIMDZBbzlfOWJFeGxKT0N0QU5KVTY3dExZbzZLamlLRUh3YVZXOW1GUzhhQXNHQWFrNG1ObHRQOFBqaDZEWTRGZg?oc=5,-0.1779,negative
2026-07-13,2026-07-13,NKE,Nike Stock: Iconic Brand But Wouldn't Touch It With A 10-Foot Pole Right Now (NYSE:NKE) - Seeking Alpha,Seeking Alpha,https://news.google.com/rss/articles/CBMirgFBVV95cUxON2lWaDFBekZMOFF2R0ZlbFhzUFdSMTQ1OUlfVTVpWHhQX1QydC1RbzdGUWJqZEpYOUtJZGlNR0E5Znh4UjZ0SHpCbG0wNTF3QVN3Y3hlNDZCV3lfblYyT1FEWEJsMjZpc0lId0FhYnFxNm5mSzVyQ3dadlBtYUZfV1pJSzBkSkNpX1FDZVJZM1oyYVN5dUZUdFhXMDFaR0FEemhRQ0tkb1EyVjdDLWc?oc=5,0.0,neutral
2026-07-13,2026-07-13,NKE,NKE: Significant Gains from Options Trade on Nike - GuruFocus,GuruFocus,https://news.google.com/rss/articles/CBMikAFBVV95cUxNWURuaHB6WEFremZRQU5qV1d2LXNVUW5LOFFIMGUtMWVfOUlYbkd6N1lzQUU1RlVRcFRlUVRPbVV4d1NSYktkd3ZJZVNEMTRHcFZ2RjJYZTJJemVGcGlycklSZkxKX043a3R2cldaam83b3pEdURCSTVLYUNPMXRfemJab0YtYkptLVltcl9ieDM?oc=5,0.4939,positive
2026-07-13,2026-07-13,NKE,"Fifth Third Bancorp Purchases 247,487 Shares of NIKE, Inc. $NKE - MarketBeat",MarketBeat,https://news.google.com/rss/articles/CBMivAFBVV95cUxPUmZGemNyOU9YeERrSk9IZEU4dGF6ZVlWVk83NTE4TzRKaERKSm83TkFLQ1VTX3g1TmNiZTRTME8yckZCd1htREN1TnNoZUIxUm92M3hxbEkyaWg2aDdOX3BFRC1vNHYxUXZkZ0pETHVqaURqUFIyYks2clF3SHFSWWQyT0V6REJuYk1nNVRaaVNLUjI3Q3cwUlgyWlVmekUzQ0s3YmJ2cFBvS09pUkJZcjVzTjV6LVo5STBvZA?oc=5,0.296,positive
2026-07-13,2026-07-13,NKE,"If You'd Invested $10,000 in Nike a Decade Ago, Here's How Much You'd Have Today (And It's Not Pretty) - The Motley Fool",The Motley Fool,https://news.google.com/rss/articles/CBMilwFBVV95cUxPRHB3UGxyckNRbmRKWkU3ZmhEX0taQlM2dHdReC1sZHZKOUNqUVFxdG10bmhwOHJJUk9taEtLUkVKQURWcTJNNURyclFvOFNxeVlQaG1wN1B5THA3TmdaOUhZbmx2SlhBWXoxcS1GcFlwU1JmNjVNNFB4S2pmZmw3emg0ckRINFBTZUE2cFpYRU1HaFhaSTE4?oc=5,-0.6734,negative
2026-07-13,2026-07-13,NKE,Bernstein reiterates Nike stock rating on turnaround progress - Investing.com,Investing.com,https://news.google.com/rss/articles/CBMivgFBVV95cUxOTFNpd0wyWEUtZTFCM0dJWm5CZGNZSzNIZGpTbVhVY09vN05HeDQwbVl1aldycmlFR2FNVU56dFVCams0YldmdU0yNTJRQU4xVVpKQUFOelByZmp2Mm5PTUFXUFNTVDdEb05xWFNXUWxzOVltUTFtRDN6bHRtSkhFbVhPaXpKejhSTjZDRWlJQVJ3N1REeC15ZTgzZVBVd1NGZnluUmJ2ekktbmtkM3JNeE12ZTlWR0VrNkMwWUFn?oc=5,0.4215,positive
2026-07-13,2026-07-13,NKE,"NIKE, Inc. (NYSE:NKE) Receives Consensus Recommendation of ""Hold"" from Analysts - MarketBeat",MarketBeat,https://news.google.com/rss/articles/CBMixAFBVV95cUxNWlQwNV9Ta1ZhLUVCa1dsQmIyNWI4Q2xmeGlwRDVWTlFMTzBRSlFzYkZaMkswcWt4QWF5VVZuOUg1ZXNPcURmZE4wYlBhckQzTVFObjRocGlEUmNLc0x5Rmp3bVpZeU5Vajk2eE9zVG9hLXhMLWdDMFdrLWVxR1gtUE9oVm9faGQwMzBtYkNSeWNfNmhueC1SN3RyUDdJcjdGNVplbm15STJJMWNkYVNlcERfUlo3elltTWdvWmxYM3VEYTc3?oc=5,0.0,neutral
2026-07-13,2026-07-13,NKE,"NKE, LULU, UAA, VFC Stocks In Focus: Apparel Giants Lose Billions As Once-Strong Brands Fight For A Comeback - Stocktwits",Stocktwits,https://news.google.com/rss/articles/CBMi_AFBVV95cUxNdUtnTjVoaC16LWM5OUxzelN3ak5tZW9zbV9jRUZDS21GOTFFbXVFQ1VVb3FyQ2tyc0RXUXRCaDFQOHFFYjRxMW9HQl9nNEJaM3VTV1RLZFphZXNJRzBsLWtkdER4YXpaOGg1UjVnaDFmbHh6azNONWZUZDlRdHRUY3JoY1pwRFFfTThyYkZlVEkxVS1YYmoyWEQtRXFnR2Qxb3hSUFRINkFWdW5BVmdVWVdUWDZ5V3Y1UmUxcDE3S3kwajRNRlBLZWUyeHNWbm12TE9FYU01T09pVG1CZUdpRVBEVmsybE5xWlpYcTgyV1Z1M1dZQ3ZCR25saUU?oc=5,-0.6486,negative
2026-07-13,2026-07-13,NKE,"Kornitzer Capital Management Inc. KS Boosts Stake in NIKE, Inc. $NKE - MarketBeat",MarketBeat,https://news.google.com/rss/articles/CBMiwwFBVV95cUxOdFYxNUZ5TlNxT3YySzJQQjBwX1ZoUTQ0RW01dFlMazFlSnFtamxpc1RlQjRra0h5QmpzUUVlb3lUaE5JQ0E0WHZVcXgwMjRlb1BCOUVvTEdBWUlSaUNQNUpkRTA1SVZDT2dkMGN1dUtxQ21xYi1EcGJZZVNZdnVrVjhBVzhIX1g5OTM3eDFzS2lHSzZYX0lRLUMxcXo5UkVyQ2NsWVNpcHYzUzFJcHZSTkZzQ3lwZDVCdnI5a3ROdm50SVU?oc=5,0.3182,positive
2026-07-13,2026-07-14,NKE,Nike: Iconic Brand But Wouldn't Touch It With A 10-Foot Pole Right Now - Seeking Alpha,Seeking Alpha,https://news.google.com/rss/articles/CBMirgFBVV95cUxON2lWaDFBekZMOFF2R0ZlbFhzUFdSMTQ1OUlfVTVpWHhQX1QydC1RbzdGUWJqZEpYOUtJZGlNR0E5Znh4UjZ0SHpCbG0wNTF3QVN3Y3hlNDZCV3lfblYyT1FEWEJsMjZpc0lId0FhYnFxNm5mSzVyQ3dadlBtYUZfV1pJSzBkSkNpX1FDZVJZM1oyYVN5dUZUdFhXMDFaR0FEemhRQ0tkb1EyVjdDLWc?oc=5,0.0,neutral
2026-07-13,2026-07-15,NKE,NKE Stock Slips On China Business Strategy ‘Misstep’ And ‘Surprise’ CFO Change Before Earnings - Stocktwits,Stocktwits,https://news.google.com/rss/articles/CBMi5AFBVV95cUxPaVFRUjk4ZXQxQ0NPb2ltSUptdnNhWW9aWHVDd1YwbVlmY3oycWRvampfUzhCU1czRzlOMF9YVDljZHJnNm1GTElTbWZqem1MREl1N1B0eFE1NHVVZFJjREdOd3NzcXE5dm5lYXRfZl9jeTI1cUt6dlFFN0NwODFLZEJKNmF6MFZsd0RVd0ZkMFlJd2cwQy1XWHMwcHpIWXhFT1plSGpRUEh0WFlzUEdnTExwanJUQzVQeUh2cEN4cklrWHBMdGNONUxJUFdLWTJyQlF2aUgxZWkwSnlEbHNOeXhRbUQ?oc=5,0.0,neutral
2026-07-14,2026-07-14,NKE,"Bryn Mawr Trust Advisors LLC Grows Stock Position in NIKE, Inc. $NKE - MarketBeat",MarketBeat,https://news.google.com/rss/articles/CBMixAFBVV95cUxOTHNUcGs4cHhwU0Q1UjFoOXFHaDltcGJ5TXpyWmtLc3R6d2dYQ0xVN3pVYmNhdjI2VUtIQjJlb1h4VmtqZ3g5TjI4MTNWM1BWcFFsS1RWbHk5bXczdzBJazNQcTV0Mk1wLVlzczZXc3VrcDdqV3A3OEFNdGVYTGtkVUhZamdjdUtZRVBIZGtxOXVJU1lIMnBzdTQ0RjFXNVFRTEJoN09xaXdQRzhqXy1CUU4wMG9RUm1nc3kwVUNoR3paLU1p?oc=5,0.5106,positive
2026-07-14,2026-07-14,NKE,"Here's How Many Shares of Nike You'd Need for $10,000 in Yearly Dividends - The Globe and Mail",The Globe and Mail,https://news.google.com/rss/articles/CBMi6AFBVV95cUxPNmF4RWp6Tzd3UmRaMXJGREFMX3JMQlAyMWQ2a01YU1U1dWU4Zzg0eDhKRklwbGRHbGp3azRuRENWZUNIRUU3T010R2Z5N0R1cjBhN3hCSFhVbGVLdDJBbmxUTkdMZVMwa1VmTHlEd01Zekw1Vnhrb0ZYOFZZcjh4djd0cVU3WFVfanpiTk1rLThBT3RJTWswb1JZV3RIRGF5Rkd1R0ROc0szSGRxWjVZZjJZc2xKNTVHOGNnc2I1aDQxV09USVZtTmlsUHV6Q0M3ZkFPS1FYYktTYmtTMjF1MDVGZDkyYnNq?oc=5,0.296,positive
2026-07-14,2026-07-14,NKE,"Teachers Retirement System of The State of Kentucky Lowers Stock Holdings in NIKE, Inc. $NKE - MarketBeat",MarketBeat,https://news.google.com/rss/articles/CBMi5AFBVV95cUxNLXdCTV9wQml3bGNGVVBjcDBtRERNRGJrMzF6bHZ4MGZPbTVrUE85SHJEZE0tMnFOR3AyUV9OVm9WVkFaYXduek1LMzlwd3pRUGlhRDJwRloyTXptTUV5VzE0M0FRRVNyQ3I2ZnhKLWZzV3g1WDZkWXdkblkxRXZnMlFfUXRoQ1hfSHBTTVlSSWRIZE1fMllGbDNyV2V5MXQ4OEl0dDdUWDNCWWUtZTVpTlVId21CR0NFZk01c1Y1eHpYT0FQSmg1TWtxdV9HMGpPZ0h1R3JPSUN0T0J1OGt3T2hrUW8?oc=5,-0.128,negative
2026-07-14,2026-07-15,NKE,"Fund Update: 506,975 NIKE (NKE) shares added to Douglas Lane & Associates, LLC portfolio - Quiver Quantitative",Quiver Quantitative,https://news.google.com/rss/articles/CBMizgFBVV95cUxPaFQ0MnJTbXlKSDJMWnh2R3FNMWQzZHFEWldCVGlEVWNBZkRxWGFXUVBnTjR4enlCMzBxMk4zWlpMaWVOOXhfamVjb1hQbElPaWJrb0pwYmg5UUZLQVlaeUhLR1hjbmdTZGxlVFNaTUsxNzRDVUYxZGJRT2hEVW1CWmdnS01EZFQ1OFdGWkh3QmJ1N09JQzVfdlM3amVtLXVDa2ZZVHFIWFpGNHV2MFQ2NF92ZHpYWG9FVFQ2c3hpSFd3NEdrY3pMajJQZUVnUQ?oc=5,0.296,positive
2026-07-14,2026-07-15,NKE,Has Nike Stock’s Direct-to-Consumer Engine Stalled For Good? - Trefis,Trefis,https://news.google.com/rss/articles/CBMiugFBVV95cUxPcFViWmZqNUNVMUZoOVdLOXNJWTBXSlQ3MDhPaThWUThIVnV3aEFuakxWekZaWGRXZlROb2dxV1p3TEZoOEZBb3dtMjR6V19FRXNZcHRfRVRMelltU2ZiNF81V2RrYUNqUlFScUFLYktIMU95RXJabFRNRE10Y3U3TzFWcWJoYnNLN2d3ZG1FYThDVlBUcFdFS0RMMS1XbmJ2dnpQMGtqVmhvaFZZZzd6TFh1eDhlbHdYbVE?oc=5,0.2732,positive
2026-07-14,2026-07-17,NKE,Has Nike Stock's Direct-to-Consumer Engine Stalled For Good? - Yahoo Finance,Yahoo Finance,https://news.google.com/rss/articles/CBMioAFBVV95cUxOcHlNUlZVVGZvVE1wYUFyb0IzNl9vQVhzMFRBS3NuZVZ6bGFRcS1QV29kcGktbGlOWkJSZVdWczJlanEyRjFjTVp1blZVdGtpU1d3UWdqQU15aS1LZWs2S1JjekdrR1lXaTVTa2VsVExHRGFvZWVpXzZHNW9fVjhwcFFTcXVCTGlsTjF2MG16QnEzY055bndBYW9Yam52dkhw?oc=5,0.2732,positive
2026-07-15,2026-07-15,NKE,"Nike May Soon Be Booted From the Dow Jones Industrial Average, and This Trillion-Dollar Stock That's Rallied 6,100,000% Is the Ideal Replacement - The Motley Fool",The Motley Fool,https://news.google.com/rss/articles/CBMilwFBVV95cUxNTFQ4eTUzQjdVUlRrYm9BQjA1OTZYWHZneVYwODB4bGM1VHMtaHhhMXlhM3c0dE9KNmtQN3FLNHZDRUphZU1TUklXRDRBX2JhemZuMFRsa2xzRWN0Y1llaHQxeGt4bjUxY0RwU3ZULXJDQ21VMkl4d1lWQnRIQWtEMVA5QU9nbUxQa2FlekRvSG9nQzhXME5V?oc=5,0.128,positive
2026-07-15,2026-07-16,NKE,NKE Stock Gains Premarket – Will The Dividend Confidence Reignite Growth? - Stocktwits,Stocktwits,https://news.google.com/rss/articles/CBMizwFBVV95cUxNTkp2QVpDYWRONTk0Z0ViVU5jSXd2NFY1alVFRUp0QVl3eU43R19tNmJyaUVQR0RRS2hyRTJXbmJIci1iNmw5NDZsZ0F4TWhYSWFwMDdYbzg0Q0F5NHB5LU85TjFodG1EY1hxQ0hCVnVodE10S1JkNUFYNG8wcWs5UURnZXk4cHp6cnFEVC03RlhQaUtTRzU0LVpNWmNMVE5iSnEtQzNsMko2Z1F2V21XOWZUeWUtQklpYndJQ0tWMnFOcllxaHhuTDEwdFhHWVU?oc=5,0.8074,positive
2026-07-15,2026-07-16,NKE,Is Nike Stock a Generational Buying Opportunity After Its Recent Plunge - Kavout | AI,Kavout | AI,https://news.google.com/rss/articles/CBMiqgFBVV95cUxNbmhtdTR3OVk2TjRlUXk4dVBRTThtMVJnX2dwTW0xTUhOc3N4aDFXbzR1d0hnWXBJbWlYOVczZkRqZFlRYXM3UFJCVXpka2lBbTVuRkJtSWVWSVdvM2hRbWtFVjZSUWtMMmZMYW9HRk5lRWkxMFpadTdpTzRiUFBOSWRralhHSkgweTdUUjQwNDRfNE5mcEpveXVJdXFQd042ZEZ0RW8wOTNjdw?oc=5,0.4215,positive
2026-07-15,2026-07-16,NKE,"NIKE, Inc. ($NKE) CEO 2026 Pay Revealed - Quiver Quantitative",Quiver Quantitative,https://news.google.com/rss/articles/CBMihwFBVV95cUxPNHJ2dlk2Zk1lYnA0NGJnZzE1aVhXeFJYUHowNWh4dWJhbzJsY29QeHByX0lmb2pnMlNpYVpRNGstOVdEbnZxQUV6cjRBLWo3OGUtRlkwRmdCUGlfUVNfbXRjN0dpOU1TaWtVY3BiZ1pEWmpHRWhBUFVDTUYwWVdTcWJNbjZBR28?oc=5,-0.1027,negative
2026-07-15,2026-07-16,NKE,"Nike May Soon Be Booted From the Dow Jones Industrial Average, and This Trillion-Dollar Stock That's Rallied 6,100,000% Is the Ideal Replacement - Yahoo Finance",Yahoo Finance,https://news.google.com/rss/articles/CBMikwFBVV95cUxOX3UyZ0MyVlh0LXlrTG9ZRGI0ZkNvTC1OTDZxLURpV0dBUzdCMU9BNldjdUxxSnF1eWkweWI5dXJSRC1MWDEydWNlN25mTXBvRmZnUHVUUzNiV2xDc0hqRGtXYmZTM0d5dDM4YjZqTkp3YkdRbF9wMER4cGxKeUZtSml4cGhZVWh3VlFaWVJuTWJ1Nkk?oc=5,0.5267,positive
2026-07-15,2026-07-16,NKE,Nike (NYSE: NKE) details 2026 director elections and executive pay - Stock Titan,Stock Titan,https://news.google.com/rss/articles/CBMipwFBVV95cUxOejhjSk91V1U1TGlFa2t0QTh5aDJOZ2Z0MTBQamZnY21FWFFpSVFPYVF0S3FicWcyaE9DRHNuMGVhdTJQYzY3ekVDZFJacFVRSkkxejF5UkJyOURFSFlEdzRfWnAtVWlfYnpkVGdHWXZCaUlHcFY1VTltTDVhS1hWZWFscS1MY01haGNsUzdZZnBNMzltSmxRSTN4dWd5RDl4a2pMVkNIOA?oc=5,-0.1027,negative
2026-07-16,2026-07-16,NKE,Nike (NKE) Faces Dow Risk As It Shifts Back To Wholesale And Retail - simplywall.st,simplywall.st,https://news.google.com/rss/articles/CBMiyAFBVV95cUxPODFIdkd4ak5PYmhQbVdzVmR0ejBqc0lFcWRmcl9neFBMRVZuems3NUYxdjVuczNCQkRtWExRS1NCREl6WGhsYWdJQk04dzhyX2lkZmU5X0hKYUhFRUlRTnF6Ujl1Y29OSlVURjRudGFLbURLNnl4d2pRYU1oSkh3MG1DUEhOZzJvVjZmckdQZWZkRV9zMHZwekNabU1HdGNpQ0M1OUVEX3ZJbTFCQU1JSVFCMGxHVTRXMUZSVHRWbU9Xd3k2Sl9uWNIBzgFBVV95cUxPOXBhVVpwMDc2T0dHWGh3ZnRRVHJLWWM2TjREdVI2TWE2dGFaSTV0Wko4WVNkbWVEaDdCT2doTjFicUgybVhuSG1iWWc0em5WblpaVFVZVDZ1LVViMmxOdW1KUlJLcGdCekVIaEFnVFRPbHFnemlOdkpwWVNfQXVPUEpMVElsMmp3Q1BqZFI5RHFHV1hybVNqQmw5dms5T3RTLVg1S3MzOHR5V1RXa1lJTW1RZzRpYWlSUDRDRnNJVGRHdFU0bEpSQ0N1REhoZw?oc=5,-0.2732,negative
2026-07-16,2026-07-16,NKE,Nike logs $684M in outstanding tariff receivables (NKE:NYSE) - Seeking Alpha,Seeking Alpha,https://news.google.com/rss/articles/CBMijwFBVV95cUxNUVNJU21xbDVQSXU4Ui1JNTFCOVFFR3NZUVRDZEVMNTlDX2ZqOENjWUY2SVB3RDV2dHpEdUc4Q1NfTFFGaHZJRlExN1VpTGlHQzNLMlJZY01LUWFVZTE3RVRZajZGb0hqLXhXVEVXQjQ1NWx2U2Zzc2NGbXBOQk52VDFMalA0NjQ0SXhXc0RPbw?oc=5,0.6124,positive
2026-07-16,2026-07-16,NKE,Nike (NKE) Reports Significant Tariff Receivables and Sales Grow - GuruFocus,GuruFocus,https://news.google.com/rss/articles/CBMipgFBVV95cUxQcFdKVTZDLW1nMDQ0emx5MWJ1U191Ml9QMC1laXlfVVRpTDlLQUJhSEM0RFplVXFCWE5qcUhZelpKR2s5d2VRYm5ZaGpaNVdpLWhBcld5Yk91RGNIdlpHRi1SRlExc3BKdEpaRlRERkZ6a25jNkdNMDU2anYxMm5CSEd6dGNieEpTWlUwZVdEcUplNlpNYXJ3RDdEYVNfTUZDcS1Xclpn?oc=5,0.2023,positive
2026-07-16,2026-07-16,NKE,"Stifel reiterates Hold on Nike stock, cites margin focus By Investing.com - Investing.com Canada",Investing.com Canada,https://news.google.com/rss/articles/CBMitwFBVV95cUxOSFc3Vmt2cWVtY3JxN3FHaXo5ZFRpcURsU3dDZmFvU0tabFozZjM2akJ5TTg1M1plOUpnUU01VDVsNjJ0cG1VSXhrbGlPbVluZzhPOWE0bDRZVkRTV1NmTU9fM0tBek9UckM3M1ZFRlM1YUsza3J0ZFMxeGZSRVlIaVFHajZNZmtwUGlQUWVYTWpXMWk5M2RMNEF3YWVxT0RTWFpwZmkwR25KOUZJcW50X2dudHRKazQ?oc=5,0.0,neutral
2026-07-16,2026-07-17,NKE,NKE Stock Slips On China Business Strategy ‘Misstep’ And ‘Surprise’ CFO Change Before Earnings - Stocktwits,Stocktwits,https://news.google.com/rss/articles/CBMi5AFBVV95cUxPaVFRUjk4ZXQxQ0NPb2ltSUptdnNhWW9aWHVDd1YwbVlmY3oycWRvampfUzhCU1czRzlOMF9YVDljZHJnNm1GTElTbWZqem1MREl1N1B0eFE1NHVVZFJjREdOd3NzcXE5dm5lYXRfZl9jeTI1cUt6dlFFN0NwODFLZEJKNmF6MFZsd0RVd0ZkMFlJd2cwQy1XWHMwcHpIWXhFT1plSGpRUEh0WFlzUEdnTExwanJUQzVQeUh2cEN4cklrWHBMdGNONUxJUFdLWTJyQlF2aUgxZWkwSnlEbHNOeXhRbUQ?oc=5,0.0,neutral
2026-07-16,2026-07-17,NKE,Nike Inc (NKE) Stock Up 4.2% and Still Undervalued -- GF Score: 70/100 - GuruFocus,GuruFocus,https://news.google.com/rss/articles/CBMisgFBVV95cUxOVkxxdzZZeGZZNXR3ZG1PNmVudkw1WldZYjJyQlpTbFlSUFF4eUZSQWgzQ1hpS2xpU0UxWC1Na3RhckdNN1A3dklyVzQ1V2V5WE9aVV9LN3F5NUVhdm5oaWp2R3dqeVczY0tYT3VQbjMtWGlKSkRmSzhiWnF0THo0b2djQlZfRFF0eUpZTk9aODRCaWhEV2FMcEZwSVczWTM3a2R0OTJkcVZydGtWU2lYWm5n?oc=5,0.0,neutral
2026-07-16,2026-07-17,NKE,What's Going on With Nike Stock Thursday? - Nike (NYSE:NKE) - Benzinga,Benzinga,https://news.google.com/rss/articles/CBMipAFBVV95cUxQUFd5MWtqczBKWnFBcGJnOTlFMUpEOVZfNWYyUTctTk1JRm5KbktobXlKV3ZZNEt4R0owMWVySk9lOFlfalBXRDMxWWNhdTl2OTFFNHdQX2VVUkl6NWJZSkJpUW1FMmxSODVzOHhqYS13S1VaSHU0cFpYbzdpTy04TV9vWXNaVkpUcS0zeTBOQnk5RXYxR1BMSGFzOURmX1hONG9jMA?oc=5,0.0,neutral
2026-07-16,2026-07-17,NKE,NKE Stock Gains Pre-Market: Google AI Shopping Rollout Targets FIFA World Cup Demand - Stocktwits,Stocktwits,https://news.google.com/rss/articles/CBMivwFBVV95cUxNUkU4Z3VPUjB2YTVFN0hMMnRXZldpSnRDTUhtMFhDMnJueTVlR1hLM3dKUk0zblFqTV95eWFiMzk2SjZET0JmMWFFNE1aM3VWMGxqd3o1amJKZkdmUjFEX25EemctUnd4Mk43NnBiZnJhX0VpUjdNWkdrc0gxT29DZi02SFBhQnRsLVRicnJDY1NrRU5RVk02TjRET2pJUmgza3FvM3pPR1Fmemt2YWQtYWxxSFByVzZESEF0ZFJkMA?oc=5,0.2263,positive
2026-07-16,2026-07-17,NKE,"Stifel reiterates Hold on Nike stock, cites margin focus - Investing.com",Investing.com,https://news.google.com/rss/articles/CBMitgFBVV95cUxNeHJFeVFHcFhuWjh2RC1UbWx2c1FvODB2S01iSFlBVTMydm56OERKSXA4MGNIMUxqdUpxOTNHZkEwdTQyaGJLVU9rLWdsR3J2d2w4d2V1YUhfN0RpZ0dxODAzWXE1VkhIdktxcGRsMlNwUjFIak95U1lGby0wekJfNmVGNk9QTVFCZTFHLTl5MG1YLTZ2bUhqMHVoZWZZcUVORTZNdTRUeDVnWFlFamYxd0IyMWpjdw?oc=5,0.0,neutral
2026-07-17,2026-07-17,NKE,"Illinois Municipal Retirement Fund Has $12.59 Million Position in NIKE, Inc. $NKE - MarketBeat",MarketBeat,https://news.google.com/rss/articles/CBMi0wFBVV95cUxQRHdBSWpZVFpxdG9SaVBLRy1WR2xaZGpyWTcyNWZYY1BwRjMzV2E3LU9GMHMwV0FpTTh3TWlCRzQwbjd0U3hYcGhJZVpGMTNBMlRvbXBiT0pEWGN1UHF6WlZkZWthU1RTVE44ZlJ2WXR2dUI2WWhTYjl6N2NtUFpQT1paNEQwV1F6TjZCUXFpWC1UeWQ1NUdrd3NiRVdQRWlKZ1RxSVI4T1RzQTNmOXNPbFlpV055SWZXbzNNRVlxMnBiZjEtazdKd3F4T3p2dnlCREtB?oc=5,0.0,neutral
2026-07-17,2026-07-17,NKE,"Bank of New York Mellon Corp Has $803.05 Million Stock Holdings in NIKE, Inc. $NKE - MarketBeat",MarketBeat,https://news.google.com/rss/articles/CBMi1AFBVV95cUxOckt3bEVIZWVUV056bHlod3BOS0o3cWxvZFZIRGtiQURwMUxCLUp6UVh4RVozTWNuV01qSlBnVHR3OEdkb1FpdmxMNnhTWDREUWJaV2JGc01aa0Jrb2ZhUm15WTROSHNUMHhCcksyZ1FnbVpzeU9pd0JpUnpnUHh5RkZJV29fVkZLdW03TWJmR3U3UTB3Vlk5aFVTdGM0YUdRSDZFY3ZhSkRQWGEwZV9icHczNDlTOW5ySlFaSjV4a1pvZENLSFV5Wm9VN29FUU51MUlVVg?oc=5,0.0,neutral
2026-07-17,2026-07-17,NKE,"NIKE (NYSE:NKE) Raised to ""Strong-Buy"" at Argus - MarketBeat",MarketBeat,https://news.google.com/rss/articles/CBMinAFBVV95cUxQdlFEUEZuQnFleXdGVGRPako5aXU0bFNocEhWQVZpbUVxUlpPYzNENmlwTVdtNmNpMzFTN3hOYWFBZHRLTmFEc1hXX2hJM3N1R1ZMV25BTnlHcE1xUy1KX0daaDRuazVIMEQ1TEZkRlhNeXRUSm9PU3J0ZElNSTJMN3ZKY1JqWHRKVTBIM1BrMWswOUR0aDRpZ1ZJS1U?oc=5,0.0,neutral
2026-07-17,2026-07-20,NKE,Nike (NKE) Stock Faces Margin Slippage As 6.7% Profitability Tests Bullish Narratives - simplywall.st,simplywall.st,https://news.google.com/rss/articles/CBMiyAFBVV95cUxQX1FlcUZQOVVWM1FiSUl4cG5hSnFpRTIyd21qWjhEUURlXzdsYTAwa24tbXA0bVlrUDk5RGFVZzY4VWZmUkstb2hzNWRCMnRWNkpNVkZoOTlnc3BHZk93QXV4Y05hanFjLUdyaG9ZYkt1N0pkR3NYMDY4Q1gweUZNdHFhazRIc2t0Q1RWeGlQRTZmaTBjMkUzeGUyY21Na3VVQXVHbVN0VlN4V1h5dGFXdHBYSzhUYlVBbHViX0FoOEh3N2puTzcyQ9IBzgFBVV95cUxPTzE1NjByc2JqZC03SVJxT0UzVUdOSk5Ldk05dW83Wm9JM3BLaDlabUIwQmw2bnZia0w1Wlo2SkVBX25aWHFKQXRvTVAycW9BdDhlY1BvNjlJMUQtNDdnbTk5LWQ5TkdKSHBWVnFXX1VyTDlKaGI4MWJadllncUZaTWRRcU51VHh6M3I5R2UybW00Qi1YbkM4Y05Rc0pudU1NZVp1Zm00emRSMnh3d1llRHJENzBlR3R0OEY2NldTN25ybnhyUnh1NncxVU1fZw?oc=5,0.2732,positive
2026-07-17,2026-07-20,NKE,NKE Stock Gains Premarket – Will The Dividend Confidence Reignite Growth? - Stocktwits,Stocktwits,https://news.google.com/rss/articles/CBMizwFBVV95cUxNTkp2QVpDYWRONTk0Z0ViVU5jSXd2NFY1alVFRUp0QVl3eU43R19tNmJyaUVQR0RRS2hyRTJXbmJIci1iNmw5NDZsZ0F4TWhYSWFwMDdYbzg0Q0F5NHB5LU85TjFodG1EY1hxQ0hCVnVodE10S1JkNUFYNG8wcWs5UURnZXk4cHp6cnFEVC03RlhQaUtTRzU0LVpNWmNMVE5iSnEtQzNsMko2Z1F2V21XOWZUeWUtQklpYndJQ0tWMnFOcllxaHhuTDEwdFhHWVU?oc=5,0.8074,positive
2026-07-17,2026-07-20,NKE,NKE Stock Gains Pre-Market: Google AI Shopping Rollout Targets FIFA World Cup Demand - Stocktwits,Stocktwits,https://news.google.com/rss/articles/CBMivwFBVV95cUxNUkU4Z3VPUjB2YTVFN0hMMnRXZldpSnRDTUhtMFhDMnJueTVlR1hLM3dKUk0zblFqTV95eWFiMzk2SjZET0JmMWFFNE1aM3VWMGxqd3o1amJKZkdmUjFEX25EemctUnd4Mk43NnBiZnJhX0VpUjdNWkdrc0gxT29DZi02SFBhQnRsLVRicnJDY1NrRU5RVk02TjRET2pJUmgza3FvM3pPR1Fmemt2YWQtYWxxSFByVzZESEF0ZFJkMA?oc=5,0.2263,positive
2026-07-17,2026-07-21,NKE,Nike (NKE) Stock Faces Margin Slippage As 6.7% Profitability Tests Bullish Narratives - Sahm,Sahm,https://news.google.com/rss/articles/CBMizgFBVV95cUxPRUI0S1hrOHhhQ2dlX0luWDNkZ2g5dmVlS0dSSmhjYWJQVVd2d054UU9LSGpkUTA2SnRaMzFNTWI4WjdGLXRvdUxiZ2ZoVk5BR3dJUHBYeThtNnNKaVF2OHp1VWYxR0FZTkNqT0tKRjM3cDBIemJKdy1EcXlZZGs0eHpnYVF0VnN2WWkzODJHekZsMS12dnkyeW5tUnRoVDZVVDh5emRKVkJYZElodl9GNUYxWU9PQzY0U1dCS0YtRXdvaDl0SEhIUk5HY0VzQQ?oc=5,0.2732,positive
2026-07-17,2026-07-21,NKE,"Nike: Too Early To Buy, Too Late To Sell (Rating Upgrade) (NYSE:NKE) - Seeking Alpha",Seeking Alpha,https://news.google.com/rss/articles/CBMimgFBVV95cUxPZWp5dmN4d2psNHdXNFJwcDVBU28zVWdPWTY1Q1VRT0I5OWU2aVl0VzVnbmQyX2h1U3BuVHNkTHBua3pBNDkzNEZCWFF5S3FoQUNYWmo1Rk9RQW14am4wMndXTmZmTjFKQk5iSE9LZExjUmY1MDRIWlBZVmk0b2NlQWtsbms4dDZ1dG5zd3QxVTlpN1hVdHRLUWhR?oc=5,0.0,neutral
2026-07-18,2026-07-20,NKE,Why Nike Stock Could Double by 2031 - TIKR.com,TIKR.com,https://news.google.com/rss/articles/CBMibkFVX3lxTFBZVTltVGdVZjh0U3VlcnB5UmxxeHVJNUY1czd2bDdjVGUybk1XaVN6bGNFeXVuOXFLX0l2ZmtnMENDY0RvUFVqZVVMaHp4ek1wcXI1ZmpoTFZ4M1dLbGdCMXloY3dqR3BZbTVsQVpR?oc=5,0.0,neutral
2026-07-18,2026-07-20,NKE,NKE Stock Ticks Higher After Hours on Second Round of Layoffs In 2026 - Stocktwits,Stocktwits,https://news.google.com/rss/articles/CBMiygFBVV95cUxNTHNjTU9raHhwdUtpamJRODJFSk9pbHVCdDJoVUg1QzFBalAtaGxyZkFMT2VxcE1OSXhjVUhLUnVpb3RpVHJzajI4ZUc4d0FUR0NnaFNwVUxGbHMxMHl6OFZqSzVqSEM0eHF1UWxWUnEtcTZNUUtQUzlOekxuRlU2ZEp4b2kwU3lIUjFvRjZtdENsWWVuaHUwWjNCU3BRUERLZjkxY3h2TXdWSGdrd1hCcnU1OFFrTkRVRWEtWVJWejdkVFd5OUdPQm1B?oc=5,0.0,neutral
2026-07-18,2026-07-22,NKE,NKE Stock Gains Pre-Market: Google AI Shopping Rollout Targets FIFA World Cup Demand - Stocktwits,Stocktwits,https://news.google.com/rss/articles/CBMivwFBVV95cUxNUkU4Z3VPUjB2YTVFN0hMMnRXZldpSnRDTUhtMFhDMnJueTVlR1hLM3dKUk0zblFqTV95eWFiMzk2SjZET0JmMWFFNE1aM3VWMGxqd3o1amJKZkdmUjFEX25EemctUnd4Mk43NnBiZnJhX0VpUjdNWkdrc0gxT29DZi02SFBhQnRsLVRicnJDY1NrRU5RVk02TjRET2pJUmgza3FvM3pPR1Fmemt2YWQtYWxxSFByVzZESEF0ZFJkMA?oc=5,0.2263,positive
2026-07-19,2026-07-31,NKE,Why Nike Stock Could Double by 2031 - TIKR.com,TIKR.com,https://news.google.com/rss/articles/CBMibkFVX3lxTFBZVTltVGdVZjh0U3VlcnB5UmxxeHVJNUY1czd2bDdjVGUybk1XaVN6bGNFeXVuOXFLX0l2ZmtnMENDY0RvUFVqZVVMaHp4ek1wcXI1ZmpoTFZ4M1dLbGdCMXloY3dqR3BZbTVsQVpR?oc=5,0.0,neutral
2026-07-20,2026-07-20,NKE,"Wealthfront Advisers LLC Has $3 Million Stock Position in NIKE, Inc. $NKE - MarketBeat",MarketBeat,https://news.google.com/rss/articles/CBMiygFBVV95cUxPbHZGS3Y3aVExLWhoVUdhekVZWTlUYlhiX1J6ZDROdHB5YUZ2ZWVlNm12VXhuSTh3U0ZUZmhUeTViMnlZZGhoSnNuT3R6b3Q1dEpreGFjTjBUQmkyNC13UEFtMk9HYlJ1UG1PN1djMi1TMWs5VXNKUEgxb1pqWmswOHhoU3dKM21RMExlZ0hsSzI4dWxrM21uVHA1NF9HbnBNbjBGeUFzYVgwNHpjQlVBVFpoNlplRGxkTzhVRXRBbnUwbnNZQXNHUmdB?oc=5,0.0,neutral
2026-07-20,2026-07-20,NKE,"California Public Employees Retirement System Cuts Stock Position in NIKE, Inc. $NKE - MarketBeat",MarketBeat,https://news.google.com/rss/articles/CBMi2gFBVV95cUxPRGVIWWx0clczZmh3X0haUjVoREhZUDNqZUU0REZkRGRfU0Q2a256d1ZUTUZDVGhtVkQyVXdQNzNRSWl1QXNSQ1ppdGJGa1BOenBkN0ZJaWFHQlZxZmZOekIyU2ZVSGx2VVFybzItNFk5czljTkRreUU3Ti1QOFZTbEtta0paZS0wVlc1UEZEcnlUZHd3Z2tLT2hNTE00Vjh2aHk1Mk1Ia01MQjBMdGtGMlVGaU9hV3NMTTlSRHM0Q0RPU3FYVjBPZlk0VWs0SWpWbzNaSU1IR19nUQ?oc=5,-0.296,negative
2026-07-20,2026-07-20,NKE,"Allspring Global Investments Holdings LLC Sells 268,820 Shares of NIKE, Inc. $NKE - MarketBeat",MarketBeat,https://news.google.com/rss/articles/CBMi1AFBVV95cUxOYXJBWG5Qb2Y3NTlPVDhtLXNQZjh2My05azIwc0hWSFZYZHgyd3dETV82TUQxTlNaeWNNZlEwdDJ4ekc1Mml1dEFVTUJKU2VHa21KYUtFWXNhSzMtTUQxc3pvVDEtSWZIQU9iNDBHVHRCRklvLWpoel9acDZPTVk0ZVZSal8wQWFZVnlfNEdJOWlwZldYMHpGZUVydlpMT0xLWkRTaDk5REUtMS1HOHlBa3hHZktNSld6eEhfalFRZkh2TVJoVHRBUE9UQXpIUmkxQnJPNA?oc=5,0.296,positive
2026-07-20,2026-07-20,NKE,"NIKE, Inc. $NKE Shares Purchased by Swiss National Bank - MarketBeat",MarketBeat,https://news.google.com/rss/articles/CBMiswFBVV95cUxNdmUySEo0cHpEMzVGaGRZWDE1NkFGMjJ2SHl6c0JqNGlLeV9ZNUhaLWdQM0NMUlJfSG1fRnNQSXI0RXFPcXdPY2pHWWtkbzkweWVhaURiVW1obkxYNjFyaG5tbDFzTGRJcGszWlVjNVdXN3BKWkVmTGQ1cEMzckNpR1VKMzBKc2xJSlY5SVo4QmJNVC0xeS1GTFNiTFpQaTY5aE1WOXd1eG1mR0dkdzNJMmxqdw?oc=5,0.296,positive
2026-07-20,2026-07-21,NKE,"SA analyst upgrades/downgrades: NKE, DDOG, BIDU, INTC (NKE:NYSE) - Seeking Alpha",Seeking Alpha,https://news.google.com/rss/articles/CBMijwFBVV95cUxQZGVPX1liUjdTY1VQaDdnbVlRUEdHV3drWjg4ZXlDcWdhUDQ1QndDNEVNSV9yRnhZRlEtelRUeU5WcmRRMFk5Rm54T3Q2WG83Mjd0ZENmUjQ1LXhKSUVrV0hUQVp6VFNiMDRWWFJmanJBY3Nzdmx4d29aX2JfaUdNcDJHQ1lxa1RWdWhiNWZYbw?oc=5,0.0,neutral
2026-07-21,2026-07-21,NKE,"NIKE (NKE) Faces Brand Reset Pressure, Is The Stock Already Overvalued? - simplywall.st",simplywall.st,https://news.google.com/rss/articles/CBMiyAFBVV95cUxNYlNrbVNWX010Y01HbHZJWjludGRvQ201a3JIWHFNSGZLU3dYWFUwaWMtNGFGZFdUbHZUdW1tTUdfcHFqb0lpMktCdXNlR2pkQVl5cjZsVllFQ1NTeG5pcUFjNklmZlpKR3BJN3lLZW5HdmVrZzFSd0VsZHZUT2VNalh5RF95Wk5ILWNxRGJMQUVRZUJNay1iMUlUSGphMnU2X1hSbTNFbjhCQmp4a2Q5SjM3cFRIZXZsRk1OT0U4NnNJRjBNQXUwWdIBzgFBVV95cUxPblVlTksxZnFDLU55TkZDcEQ0UEs4dUZyZUV5UEtIMXpVeHg0QXZuTjhPelB6QXBnM1lvSTFMM0tKT1Fmd3NsZk1ST0psckMwYU5DUUdRNkRrVWVDVlM4NkU5LV96Um1ra1ZhR0Y2NUpmUnA0R0dKNmNKa19jSllyRHFBOG5jdDNQbUoyWWJuWF9IeVEtMS0wNlliRDJQX0RobzVlckF2OXI3cS03NzBtejZ0NnVheUE3eUpaRWJ2UHFQX1dqekpaVmozSnA1Zw?oc=5,-0.296,negative
2026-07-21,2026-07-21,NKE,"SEB Asset Management AB Purchases New Shares in NIKE, Inc. $NKE - MarketBeat",MarketBeat,https://news.google.com/rss/articles/CBMivgFBVV95cUxOazZjVGRGclBuWmw2U3lWNUxQMEs2V3IwLTNrV2JpSmUyUy1pM2dIQ0E3amJiY3hiNUNJTElhUVE0SjRndkZHbVNfVjFjaTFVMHFEeTZHcEdmblN2Mkk5V3hPWXd2N3RaVkdqY2NEdksyamVZSTJWcDFnME9MbEVDQ05LUnV1a1RlWHRsa2JCTkZOYS1RckNmd0QtWTd3MDlJUFVXX05KLU9kZTVxc2dmT2hFTTlVZWx0b1l3RXpn?oc=5,0.5719,positive
2026-07-21,2026-07-21,NKE,Nike (NYSE:NKE) Stock Activity Turns Heads in Dow Jones Average - Kalkine Media,Kalkine Media,https://news.google.com/rss/articles/CBMipwFBVV95cUxObWd6VDZaaHhlY180Y2Q0ck1PRVRyaDlQMnYyNzctLXNKNklsbWg3ZkRveHVrRFJ1Wk9hQkhGQVZpVHYtdDdWZ2VxdlJCYmNsS09LYWExeV9uX1FuamdXRkl0TzZlZFR1bVh6Vmw4UE5iTFJuTWFrN1FKN1RqZDhZMmIxMEs5bENrUnNHdm9KT0hVcmNXTzlwVEE1bE1qUFhOeVdNcm5tbw?oc=5,0.0,neutral
2026-07-21,2026-07-21,NKE,"NIKE, Inc. $NKE Shares Sold by DJE Kapital AG - MarketBeat",MarketBeat,https://news.google.com/rss/articles/CBMipgFBVV95cUxNLU1vOUd4emE3SWVSYnRxN1JpaUJLUVZXVmdKYV94UW9rZGZNVTl1NVhpUmFrVUs4dEFqQ2lmUjYtWWJEal9VT0ZaVGdmY3JwV1lVQjZCTFl1WmhzUlJvcXJhY21xNlBOWWZWZ1NHQVBwS0x0REd5QkI3YXlpckNfS0FBRkZrdlZtTmZvZTJOeC1kMVdpN2kwZVF2bUZqaTJCS0dIenpR?oc=5,0.296,positive
2026-07-21,2026-07-22,NKE,The Bull Case For NIKE (NKE) Could Change Following Missed World Cup Moment And Brand Relevance Questions - Yahoo Finance,Yahoo Finance,https://news.google.com/rss/articles/CBMikwFBVV95cUxNRzd4RVBOTjhqMTV4ZXA5YTZNTGdyM0I3NWdaLVJYVnZiWC00eVRYXzc1cV81THdkVnk0aVYyVVl0MWpoOEx6eVg2aTJyZG1aWXJxeXBfdXRiN1IybWpBenM4Qlg1LThNLUpCbXJJZ1YzMGNQOXAxSEgtTDBPekcyRmFWYXlXUVROUmlybl9XUG9rc00?oc=5,-0.296,negative
2026-07-21,2026-07-23,NKE,NKE Stock Slips On China Business Strategy ‘Misstep’ And ‘Surprise’ CFO Change Before Earnings - Stocktwits,Stocktwits,https://news.google.com/rss/articles/CBMi5AFBVV95cUxPaVFRUjk4ZXQxQ0NPb2ltSUptdnNhWW9aWHVDd1YwbVlmY3oycWRvampfUzhCU1czRzlOMF9YVDljZHJnNm1GTElTbWZqem1MREl1N1B0eFE1NHVVZFJjREdOd3NzcXE5dm5lYXRfZl9jeTI1cUt6dlFFN0NwODFLZEJKNmF6MFZsd0RVd0ZkMFlJd2cwQy1XWHMwcHpIWXhFT1plSGpRUEh0WFlzUEdnTExwanJUQzVQeUh2cEN4cklrWHBMdGNONUxJUFdLWTJyQlF2aUgxZWkwSnlEbHNOeXhRbUQ?oc=5,0.0,neutral
2026-07-22,2026-07-22,NKE,"NKE Stock Faces Second Weekly Loss: Nike Takes Greater Control Of China Sales, Resets Digital Strategy - Stocktwits",Stocktwits,https://news.google.com/rss/articles/CBMi9wFBVV95cUxNTHhZd3BTZmdCRXRMTVJsTkJtLWFxZlNmSHoxa05USV9xYzNpSGdfakFDWjNhYWV1enRWXzRXRTl5ejdzQVpoTXZjZzRuNk9JQWxkekdrdlV1NmpiNU1sRVdJamlyNmo3TDFJd3F0VUYwamZhLWpZc2NSaVN6eFlHaWtlaG9HbHFmNjZFUmIydTlVQ25iWVlrWTdDMHhqd3l0b1l3ZlNRUEtjUmd3QjU3VTJwUFFUM2NGMjBGNjdBSEtUNE92b19OZVYwTElMc1ZuWXFWVTVacVBEeDVQT3pVS2hOVlFIZVg3MFk2UXMxaXRORHFKZExj?oc=5,0.0516,positive
2026-07-22,2026-07-22,NKE,Nike Is Down 76% From Its All-Time High. Is This a Once-in-a-Lifetime Buying Opportunity Before the Stock Goes Parabolic? - Yahoo Finance,Yahoo Finance,https://news.google.com/rss/articles/CBMikAFBVV95cUxNQ1UtRkFHZllXNlNGbm5EbWJialhKWEptdmpYLVJpbHNGY0M2U0hGVGVxYzdha2djVzN4T1NZWnVRUl8zQ0pPWGNJRUFhY3F0eFNSZDBkTmdCaU01YS1aNTNzWEc5b3JZQm1ValpHaThuNmdkbEliOGpYMTlhTWl5RWZrLTF4ZFd5aGVOdy1yNEk?oc=5,0.6808,positive
2026-07-22,2026-07-22,NKE,Why Nike Stock Lost 36% in the First Half of 2026 - The Motley Fool,The Motley Fool,https://news.google.com/rss/articles/CBMilgFBVV95cUxPeDFEbWJadlVhZFFUVWNrRTROUzUzd3FHM0RPQVZsY1BGbEhfaDhTbE1tdTBsZkt5cTEyOXoyNk9UdEhyWTJZcklpS1NCUXdiMVBVcXlMcTk2STdlRnZ3anFQbXpMeGplRlkzYWNHU2ZXV2oydm5mU3ZDWTRtb3hiVTJwalY1TGRqRDBJRUxzbk5ZQUZzSEE?oc=5,-0.6369,negative
2026-07-22,2026-07-22,NKE,Why Nike Stock Lost 36% in the First Half of 2026 - The Globe and Mail,The Globe and Mail,https://news.google.com/rss/articles/CBMizgFBVV95cUxQcWtvcXB0V2tfRDFkTkZaU09CWWgyVzRLcWVBRG5wNzZUckhPbmFUajM0Y3hkMktkcTdGVW5oT1dQRjlmajJMQmdBZUFzaUZKQTRjeUN3VGNKOWt3c20wUXpyT3VPS0FCdlg1TGVPVGlGaTZaNUx4bnhBU2daX0E4MTh3XzlVc01IV1dQcVZrbmVwZVpRNC1kOUR5bU9iaHJTUWtjZTFtY1NSM1dabnRUYVhzU1RERWpBTDVCQldtQTZGR3ZUSjU1SlFvUXZwZw?oc=5,-0.3182,negative
2026-07-22,2026-07-22,NKE,"CI Investments Inc. Trims Holdings in NIKE, Inc. $NKE - MarketBeat",MarketBeat,https://news.google.com/rss/articles/CBMirwFBVV95cUxQNDUxZHJ5Y002VWdyaVZzcjJZVS1NY2VNSTMzQVBDMzRwY2RFS0xmTXQwcEdoaXhwVGoxUVVyNzJxMnhfUkJISGFmTVA4RkxXVWM2dWJfemV4REFub2xIWXQ0VjZHOU9PQjhzcF9DR3hGcHFEZlJnbkwxUGk0WjRJSkFRNzJtX0l0YUx1WjJEejJ6bXhpQmlLVUZobWFzLXhiTEJTS0lfUjVCYmRQQkJZ?oc=5,0.0,neutral
2026-07-22,2026-07-22,NKE,Nike (NKE) Streamlines Online Sales Strategy in China - GuruFocus,GuruFocus,https://news.google.com/rss/articles/CBMilAFBVV95cUxOVk9ncWMxTWJXaXYyT0tZZTk4WDFFc0xzeXBaZ3drQnJ6STFJeFZ0YTZJTTBTbXByZ2R1YTNubFNCbC1hVEo3a2JOSVJIMkRUc1g4VE5ZaWJ1VUJzQmJ4SGg1dFZCbm5jaWR4Wm1DUm1mN2xzTjdYbXAxQWNrNU0xZmhjdFlyYkJYajgta0o3alBJNk16?oc=5,0.0,neutral
2026-07-22,2026-07-22,NKE,Nike Is Down 76% From Its All-Time High. Is This a Once-in-a-Lifetime Buying Opportunity Before the Stock Goes Parabolic? - The Motley Fool,The Motley Fool,https://news.google.com/rss/articles/CBMimAFBVV95cUxNMmI1bC1IdFEyU3RRRDlseG5IVnEzVFdtVDRjMm5fcHNmUlVfWVoxSkliTlFTS3ZMQWZhcHMwOVVGdngxMGloa3F1dkJDTG9jWkh0cElOdmw0Qzk4b3JKUnFKUzBKNjVNZEZsSXRZbVdtU05yME8zc2xlZ2N1dEpnaEJXbEZDbnpwTnRtQXNkR1FvOXJtTG9PUw?oc=5,0.4019,positive
2026-07-22,2026-07-22,NKE,"Mediolanum International Funds Ltd Cuts Holdings in NIKE, Inc. $NKE - MarketBeat",MarketBeat,https://news.google.com/rss/articles/CBMiwwFBVV95cUxOQ1FGX3BuVjRHNzdyYjJJRjN6VE5JaHFwTThIRnRQaGdMeUNLSTJ2cTh3dm1KamFGcnpUMnZDQVgzLXB5bDlnUXRUbU5iYlpjZnVZYVpNZlphN3ZMRGtkWEh5eklUczY5QUJkRkZjRUNFdGpRSzlWQlFHcmhEQW45VXNwalNTcnZnU3AyOF9KdGhwSVdHVm5RYS05cUVIYjI2SFllZDU5dVppNHZhRnNadEFBU3lmSXBaRm4zbkFFMkpYTkk?oc=5,-0.296,negative
2026-07-22,2026-07-22,NKE,Nike (NKE) to Streamline China E-Commerce Operations Starting Ja - GuruFocus,GuruFocus,https://news.google.com/rss/articles/CBMiqAFBVV95cUxPVnJ1T0FicTUwV25JTTJhSWJ5VnJ1Nzg4aXhYcWdudmdfb3FBYXNMS1R4RTV4cXkyTXo2NnFTa1FsaU52akFqdlFDVUFadFpTdHpNS3ZqZ2JEdkZZVThiVS1GQWphTU84UUI4elMya0c0MlRaTWxsazRmSnBwYk1PWXQ3aUFqbFo0Nks3STVhdlR1M2dfUXEwQ1VfTDlZMjZpZnBWU1luZHc?oc=5,0.0,neutral
2026-07-22,2026-07-22,NKE,"NIKE, Inc. $NKE Shares Sold by Madison Asset Management LLC - MarketBeat",MarketBeat,https://news.google.com/rss/articles/CBMiuAFBVV95cUxOVXVPeVhBNGd6dEFpbFhRVFZLNTFBNW5zZWhlenpqbmU0YXlCOFl6bi1WNHFfal9jNVlMRUZaczNBcENlcUIzYlZQM3F1M0Y5NFJvd2pMSEZlQW9ac05icEk5bE9Sc3ZTVlhrVk96V2tTaTJCZzAwaTRFR2I1ZVNPSzZmNlR6MWdRanRaYmppaXpjUUVJU3ZMcElYOU40VjRzOEZLT05mS1JIRWpscmtiTDNENjBCeUN3?oc=5,0.5719,positive
2026-07-22,2026-07-22,NKE,"Temasek Holdings Private Ltd Sells 717,385 Shares of NIKE, Inc. $NKE - MarketBeat",MarketBeat,https://news.google.com/rss/articles/CBMiwwFBVV95cUxQYXJ4T0kyei03b3VpektnYk9PTHpTSmlrRjJSWlgtNU0zNEVab21yVXdYUE51RXBNbEFkWE8zRGZ3RWp2a3J4YWl1dFNRRkdQUmt4dE1WZTB6SVFvVC1ldXVrWHltc2dxd1hWYm8wWlI4aGJIWmRsR0xXLWVXQTJEVl9TSTkwRGE5UzQ2akxvNkdfV0dSQzBXOUhPb3dpNFFHajNuYS01VmU3djJkVXl4VnJYZjRrREdFdnc0MmJjb1lFSlk?oc=5,0.296,positive
2026-07-22,2026-07-22,NKE,"NIKE, Inc. $NKE Shares Bought by Saturna Capital Corp - MarketBeat",MarketBeat,https://news.google.com/rss/articles/CBMisAFBVV95cUxNa0pGSXRsV2Q2R19YNC1kMDRkLTh3SE96NXFIRWJqV2NBd2Rnb0NHSTBhdWxaQlpHZzdmYmlaZ2hXVXdHeDc3Wmg0Vms3R3BhazAxdkUyanQyazV3azg0RkxXM29HY2Q1dkkyOC1fNmgxT0JxM2V4c2U4czNmRklwOC1wTm5EWW80UUNBX2otSFhLeXpGbnR6ZG5uQnFFSXFoME1BT2JxRU1TUFgyZnlFTQ?oc=5,0.296,positive
2026-07-22,2026-07-22,NKE,"Andra AP fonden Acquires 221,617 Shares of NIKE, Inc. $NKE - MarketBeat",MarketBeat,https://news.google.com/rss/articles/CBMitgFBVV95cUxOejlDdGlmVnFreU01YjBRdEVFUFhMcnhDT1hmMWw3dTFJNGZVU3I3MEdvbWVjNWNELW1xczRCc2VueWRLWUxINkFmT1BybHJ0bVVWUjczSFBrWWdxYXJCckNxcHVDRVZ4WGVOd04zbE9Qb09OUmpTdjFsYmdLQnlLdVg2YmZ3Nm9wQ3l4azExc0Y3RHFYbS04R25aQ0wyT2lLUXZuVUFtTE40ZGpTNjhIRklpQ2szQQ?oc=5,0.296,positive
2026-07-22,2026-07-22,NKE,"NIKE, Inc. $NKE Shares Sold by Clal Insurance Enterprises Holdings Ltd - MarketBeat",MarketBeat,https://news.google.com/rss/articles/CBMixwFBVV95cUxNYXg4TWttTXBhNF9lR3NsMi1fbUY3ZTBqX2pRNGRGdG9kcFJtbHVodUhRS2hxcUN5TXFscVVjVi1QTGFvUkNRczJTLVlxa1UtWXlrX0dsMUtJa3IxYVBwS1lKVHpyNm1FWW94Xy1uVlowRW96Qy1CQ3JYekdHVndxdm5SQ3VmV1pyNGhjN3lQTmprNFhTWGVsZUQtbm9XTE1mSjE2NWF5RjM1SU1hN3hCWEgyazdWQ2tkMmdxbzRuQy1zN3Y5S3Zv?oc=5,0.296,positive
2026-07-22,2026-07-22,NKE,Nike stock in focus: why is it cutting thousands of China sellers? - Invezz,Invezz,https://news.google.com/rss/articles/CBMiogFBVV95cUxNckxKeTVnZXB5ZV85OC0xd0c1RmlFTGdDVzU3b0EySUxnbThuczBKamZjMklzQjNoX2ZQeVpleEZjSVNZU21PWG56bnVNMnR4QmFxczN2R19jTjJWZzNYRnJsMjUxN0tDUUtlU2lkeEwtWG5fazlrS1hHNUZ6MXU3bngwcVozUUJjZjVTc0txY2x5empWS2ZNUEthdjk5YkFDUmc?oc=5,-0.128,negative
2026-07-22,2026-07-23,NKE,Nike (NKE) Stock Looks Fair On Cash Flow While Earnings Suggest Value - simplywall.st,simplywall.st,https://news.google.com/rss/articles/CBMiyAFBVV95cUxNWndQYnh5Wk44LTdKZzl4ODJBZmxWVHZLUDVpYVdHSW80WGhQd21VUDhiMEQwVEUtZWRPa2U1Zkx0blRFVzJPbVRSXzBJLUpGbjhLU08tWldpcXdqeXhDeGtOS2tsMF9QMjE0TFBxYmQwakFocUVkRWp2Tm9PUWlBOXc0T2h6dkVXWnVzaHQ2MnlCOTZzMk5KX3ZadHhVZGtrc0VVNnRLbnVfUGNzSnp6Nk55Ni0wUGY2MXRDSjBlOERnU3BZNUprNNIBzgFBVV95cUxNZExFSHpvR190d283a1cwdFJVbVVybEtteGdlZmRLWVBnVF9yR2dESjdLel9EM3hoOWx2MnRvQTNIdGhpZ0VmS2tzNDhHTW12X3huVjE5S1Z3XzVUem00bTRuXzJxOFhJZ0h3TXJFTEVENXN2aWVwR19XLWRwRU1OdHJGYXZoNTlCS1ZjLXp2WTJyT3IxR3VEdFNTbXE3Ti1GbW5MakFsN0pxdjNsRUlTaUxsTEk5YmVDV0Z6Ql91SW5wMkllRVlodXZRQTAtQQ?oc=5,0.5719,positive
2026-07-22,2026-07-23,NKE,NKE Stock Slips As Nike’s China E-Commerce Reset Draws Wall Street Skepticism - Stocktwits,Stocktwits,https://news.google.com/rss/articles/CBMi1gFBVV95cUxOTEpfTEtoMG5NUENrUS1OZzBnWE1IWUJXR0QyNk5ITmpPcGxwSU9DNTdnV0lpLWczNFM1Rmo0eGlRNkdzSGFJcWFoSlFIamYzVmlQRU9LSzlaV01PTkJ3Mm1tU1RlZzhLYktvVml3WFA4Qk5TTUl6LTdTUUlUTlNPcDJkZUtUaUc5UkhhVzJyQmpxLTBCenNISkhDYURnSHh4R3NHLUpIUGJ2d2pnQnk3Y2R2Y2RRQkMxMzRmUjI3ZGdUckstZE9SLWdDZmZGdklSOUFUSE1n?oc=5,-0.25,negative
2026-07-22,2026-07-23,NKE,Why is Nike stock sliding today? - Investing.com,Investing.com,https://news.google.com/rss/articles/CBMimAFBVV95cUxPZVBXdkw5dWpyTHFxRHJZU2hTajJVRHMyUFp2QkhPcVlGRS1sU2lJeUh4SmZRZThhdzdFVkdHSU5pTnd1c0pYUmIwUy1PdnRJVFp0NmxQWWhRWHItemY1a0EwUXNiVFhoOV9xblNCNm9oRktiTnhvcFllMnh0SlV1R2Q4WVhNRHRnRG1yQ05rWm14LWVlZDNsUA?oc=5,0.0,neutral
2026-07-22,2026-07-23,NKE,Nike Cuts Thousands of Digital Distributors in China to Overhaul Online Retail Strategy - TIKR.com,TIKR.com,https://news.google.com/rss/articles/CBMiwgFBVV95cUxPc21FZ3dmQm1LUm5SUmQxbUMwNkVJSVpSTHBtSFdCOVFaZkF0X3dUNUVKajZrcG5rTHJTUDdUN3M5Wk9kRVpIQ09SVzM0SzBuSm5FUVVvcWdwTkdtRUtPWWNETGcxUXVJT0pleTZHWFdRX3hwdEJvWmJDR1dNb2x3ZlV3UHpjLW0wUG92YjJMd25wNngtTUpQQUZyWEZQWUJaWVRLcWpldkdtUEo3WFoxRFpyS2g4VS1keFd5eHdnQ1REUQ?oc=5,-0.296,negative
2026-07-22,2026-07-23,NKE,Nike Falls as China Online Distribution Overhaul Adds to Turnaround Concerns - Quiver Quantitative,Quiver Quantitative,https://news.google.com/rss/articles/CBMirgFBVV95cUxPcjZUS3BIQmlFQnVsQnRHcktkVWp2Rkt2aEE0eHRYTHRJZDlEZjB1UC1zeVJ6eVdwamd3MWlEVGhTMHI0S2RwRG54dmdxQ2NKb3E4VGxmeGlrbWQzNmFNZDlITDJ6M29MdHNlVUI4dC1QQS1uQnFGbFFBanhOd0kwemM2QUU4NDdONXJqenY1bzU1bVh2X1JiSk5QbHBBbkNRRThpYjFKSnRyZUM2bEE?oc=5,0.0,neutral
2026-07-22,2026-07-23,NKE,Nike's (NKE) E-Commerce Shift Draws Caution from Analysts - GuruFocus,GuruFocus,https://news.google.com/rss/articles/CBMilwFBVV95cUxOSWNEWEJqQnBLVlBmaWRtRVYwMjNHQnN4MnJpbHZGbm5kOG5GZWZscXFua1VsektITVFYcTV1cUtncHVPSmpESjFoR3Jwb002cVpua3JXd2xJRENFU1FEMlppaVd2dFVLRjhXSkRGblFaYXFZb09jWTFFTHBYNC1hUUZ3ejctZWRHOWtFdkl5NU83SFNaY1U0?oc=5,0.0,neutral
2026-07-22,2026-07-23,NKE,Nike (NKE) Faces Challenges with Distribution Changes in China - GuruFocus,GuruFocus,https://news.google.com/rss/articles/CBMioAFBVV95cUxPd1VpNzlLS05JdDlwNXBjMEs1U09KcDl4NTFDeGJsZXg5bzI2NGR4U2F5NTJCUlB5U2ZMS1duamNCYW9KVVRiWFZ0N1FkOFBnM1BqUXM4QnBpNXBPTF83SjNSZEtOajUzZHNIVDRXN1FORnllZkZ0c2g3bl9UMGFyRkwzRm1qLTZUMklIOHZRNkNXTmV2RktVUXlTUkhRYzkx?oc=5,0.0772,positive
2026-07-22,2026-07-23,NKE,Nike Continues a Troubled 2026 But Has Potential to Double According to Morningstar - 24/7 Wall St.,24/7 Wall St.,https://news.google.com/rss/articles/CBMixgFBVV95cUxNT3JFX1oyZEhpQ0ZMVmdZVFFYSnZtSXkzdW02NC1keExtRnNEVUNobjBWS0VpaTh4cTBBb3RwR20xNzlBdTNaMk5HX2l6cnQ3eXpvS25LZjliLWt1Q1BvbWJXQ0c2WEV0a0lTdk9tU1E4VFhUbTd3QjFMTDV5bnlHS0tRV1hTbVc0Y0NBcDM2cGdpbXNMal82RERNT2hsVktBNE90eGhja1lkdHd4blRBSkc0VDdTTkZSRXZBb2s5YjY0aWJIeUE?oc=5,-0.25,negative
2026-07-22,2026-07-23,NKE,Nike (NKE) Faces Challenges Despite Improving Foot Traffic Trends - GuruFocus,GuruFocus,https://news.google.com/rss/articles/CBMipAFBVV95cUxORHZPQWZsU2NUVVg1Z05TaktIS1RvbkdlSkZITHdtT2JnUElXRGU5aE43SElzcU1mdnpMbE1XSkFYNUE3RzN3d2lmV2hLOXA4cFR4dG9zLVZWVGtJelBlLURQMnFtVXo1NGNLSlUtVDhOeXdVMG5ZR0IyYlo3dGJ0Yk1Bb2lMWm8zOVpvNktsUEh3d0laVmw5RVYybUxha0lmcXZzZA?oc=5,-0.2575,negative
2026-07-22,2026-07-24,NKE,NKE Stock Ticks Higher After Hours on Second Round of Layoffs In 2026 - Stocktwits,Stocktwits,https://news.google.com/rss/articles/CBMiygFBVV95cUxNTHNjTU9raHhwdUtpamJRODJFSk9pbHVCdDJoVUg1QzFBalAtaGxyZkFMT2VxcE1OSXhjVUhLUnVpb3RpVHJzajI4ZUc4d0FUR0NnaFNwVUxGbHMxMHl6OFZqSzVqSEM0eHF1UWxWUnEtcTZNUUtQUzlOekxuRlU2ZEp4b2kwU3lIUjFvRjZtdENsWWVuaHUwWjNCU3BRUERLZjkxY3h2TXdWSGdrd1hCcnU1OFFrTkRVRWEtWVJWejdkVFd5OUdPQm1B?oc=5,0.0,neutral
2026-07-22,2026-07-24,NKE,NKE Stock Gains Pre-Market: Google AI Shopping Rollout Targets FIFA World Cup Demand - Stocktwits,Stocktwits,https://news.google.com/rss/articles/CBMivwFBVV95cUxNUkU4Z3VPUjB2YTVFN0hMMnRXZldpSnRDTUhtMFhDMnJueTVlR1hLM3dKUk0zblFqTV95eWFiMzk2SjZET0JmMWFFNE1aM3VWMGxqd3o1amJKZkdmUjFEX25EemctUnd4Mk43NnBiZnJhX0VpUjdNWkdrc0gxT29DZi02SFBhQnRsLVRicnJDY1NrRU5RVk02TjRET2pJUmgza3FvM3pPR1Fmemt2YWQtYWxxSFByVzZESEF0ZFJkMA?oc=5,0.2263,positive
2026-07-22,2026-07-27,NKE,Why Nike Stock Lost 36% in the First Half of 2026 - Yahoo Finance,Yahoo Finance,https://news.google.com/rss/articles/CBMikAFBVV95cUxOYXU4TkZGczAxbHl6U2EzWUZrcEpjX25HOUpudElaTFpldHJEanlKZGlIdENLNDltZXVJT3NzV2ktR01idXBfRlRsMlNaUE45YkRnWGlHOUExLWxXQS1JMXR0N0ZjaXQ4TVVYSER5Sml0WGYtVVBxdmRILUdrTjh3alRfcmt0azRDc0xBLV9LZ2g?oc=5,-0.3182,negative
2026-07-22,2026-07-31,NKE,"NKE Stock Faces Second Weekly Loss: Nike Takes Greater Control Of China Sales, Resets Digital Strategy - Yahoo Finance",Yahoo Finance,https://news.google.com/rss/articles/CBMimgFBVV95cUxNeDZTckdNN2Y2MW5XYjUwel9mTU5nY21ramlQMWtGSU1kMmRhTVBVNmsyWkIwRV9sbDhRU2dqNGpRSDg3dFFVN0kzbXJLQUlmOXlLS05Ud0prSTloNXN1RGRaYXpCeW5zYklEQjFBRnFJSXVzdklObGtSTFFKeXJvRV9MamVCczhkcUktWEJnZUlCQm1NMXFzQURR?oc=5,0.0516,positive
2026-07-22,2026-08-03,NKE,NKE Stock Slips As Nike’s China E-Commerce Reset Draws Wall Street Skepticism - stocktwits.com,stocktwits.com,https://news.google.com/rss/articles/CBMi1gFBVV95cUxOTEpfTEtoMG5NUENrUS1OZzBnWE1IWUJXR0QyNk5ITmpPcGxwSU9DNTdnV0lpLWczNFM1Rmo0eGlRNkdzSGFJcWFoSlFIamYzVmlQRU9LSzlaV01PTkJ3Mm1tU1RlZzhLYktvVml3WFA4Qk5TTUl6LTdTUUlUTlNPcDJkZUtUaUc5UkhhVzJyQmpxLTBCenNISkhDYURnSHh4R3NHLUpIUGJ2d2pnQnk3Y2R2Y2RRQkMxMzRmUjI3ZGdUckstZE9SLWdDZmZGdklSOUFUSE1n?oc=5,-0.25,negative
2026-07-22,2026-08-07,NKE,NKE Stock Slips As Nike’s China E-Commerce Reset Draws Wall Street Skepticism - Yahoo Finance,Yahoo Finance,https://news.google.com/rss/articles/CBMilgFBVV95cUxPUnFUQm5Sd1ZicGJtRXNiTTFhVlRuVjRsS2w2ejNOd3poU2M4N213SDJuVlRnN1lhTGNyeXlZMGFpTkFjNjdSUW5VMUEwNkZWeEFNMnJBajdLNEtvS0tJLUh2SzMxZDZ6MUloTWdnZEhQRFBSb0RnbkhialU3Q1FodmFSdU4zb2hEX05VelJ5WGxtcm5jMHc?oc=5,-0.25,negative
2026-07-23,2026-07-23,NKE,"Coronation Fund Managers Ltd. Lowers Stock Position in NIKE, Inc. $NKE - MarketBeat",MarketBeat,https://news.google.com/rss/articles/CBMixgFBVV95cUxNem9McXRjbHdlajUyNWJULXhmZlgxZUNETGQxUnJlUGN4WFRiakJPOHNudFo3RUx3QW96ckFIVm5WUHhyd3d6Qmx0bzN1RF9zVFhCWlZRdXFtdTcwWEl1aUh6YWJIbTNuaDZpRTR6MFZtSm0zUHpiWEV6STVQRDh1NTk5Ul96b2VhQm5vLUZDX1FNQlZwS3o1U21KU0REb1dTNHBteUZ5LXpqQjZCSWlLZWFFZG5GMEF5TGU2R3NncHhXTEVhQkE?oc=5,-0.128,negative
2026-07-23,2026-07-23,NKE,Nike (NKE) Shares Drop Amid Distribution Changes in China - GuruFocus,GuruFocus,https://news.google.com/rss/articles/CBMimgJBVV95cUxNTHBnOUhQZV94OXdWSXBSbGRvMDkwSzNWLWwwSFdVMFlmNHhwRWFfR3pzZnktYTNWbGhYMTlULTF0TGNWTzlFeGRXendEcnZDa2xNNVlEcmE2OEhSd3pCTVc0cUs4T2kwRkNXS1JRQjNMV1ZsdlpKQWE2WDdKYnBPOVpqWWwxWXpncUFBb2dqcEJRRWFDdWpuTngyUURfQ29DZ3M5dk1BSktOczhhdE93Q3VMSGN5Y2xQNHcxSkJzLWlPM25rX2VoWmg3Vm9mbUMzN0dlRlFCTzhobVZPT3NDZ2VkeV9NNjhId1BiRlZGYVJaYWM3QzNkLVJHZVJSaUoxRGtoNlBNaGRib2ZJVXBRV1dMeGp6R0xRbVE?oc=5,0.0258,neutral
2026-07-23,2026-07-23,NKE,Morningstar Sets $94 Price Target For Nike (NYSE: NKE) As Stock Trades Near Multi-Year Lows - foreignpolicyjournal.com,foreignpolicyjournal.com,https://news.google.com/rss/articles/CBMi0gFBVV95cUxNWkxHV2FpNjhWaTAtUU1hVXMtbVZ6cUNCd05JQ0pKR3FYMmFGSjZicmhYYnFSYXFMZTlGYWR3QzZWVF9VMVI0cUZ2MGFLeFRsSGNqMGN5Z2hjem9WcUYydW9xbHVMdC00SG50MVU2VE1aYTF5MGVGWVRCUGhvZkZwUWlDRjZsQlNEVWVPOFJIVHlJRmt6bmFfMFlibUpYWVhuR0E3cnU5Qy1xeGZNMFdnU29jYVdSUnphRnlHSEZNNFNVWjdVOHdMcnNvVFBUY0I2QUE?oc=5,-0.2023,negative
2026-07-23,2026-07-23,NKE,Zacks Research Comments on NIKE's Q2 Earnings (NYSE:NKE) - MarketBeat,MarketBeat,https://news.google.com/rss/articles/CBMiqgFBVV95cUxQRVpnV2pSTUhYMVFLSE1ZNUdOeUFTc2Y3NE8yYVNwVmlyS2hybkZPWUk4Nm91SHFVOXlpVGdFREQyTFlaWjAzS095T1NhT0NXbUlOazJidVdnUTBkQnJZck43aVZzMEhlQTdWczRNVHNRYktWRWhuU1A0NGx1MkdHbDhCX0N5X01VUTRhQzljVlI4SmFKU2hMNzk2LUw1SEY0bUw3Q0xBRDYtUQ?oc=5,0.0,neutral
2026-07-23,2026-07-23,NKE,"Bowie Capital Management LLC Boosts Position in NIKE, Inc. $NKE - MarketBeat",MarketBeat,https://news.google.com/rss/articles/CBMivgFBVV95cUxQbFNZYVV4M29UY2xhWHhxVTlKRU1XWmtYQzJTZ1RUaXlYaE5paWRfckZsN2JPRW5jY0FZTDVtY1JoQjduMExYTzhMdmlTTFhETE4xTzBKMjZ6YlB4UExkQWVleGZkNGZPLTlkLVlDNWNwam1hdUNGVlozSDB1Qnd3aDRSb2FrMW1ZVlhQY0JfbXVJZDdSbTROZGM0dDdCc1g2Mm1UWWI2RFplc3lrd3poY3BsV1lsZUlSREhxdTln?oc=5,0.3182,positive
2026-07-23,2026-07-24,NKE,"Nike Stock for the Next 10 Years: Buy, Hold, or Avoid? - The Motley Fool",The Motley Fool,https://news.google.com/rss/articles/CBMimAFBVV95cUxPZ1N5aTM4alJVOS1BQXpIYUVqRnp1SnZ6Unlpa0FjbUZfZlhoZ1VSUkZQUFRYV1NpeF9Md01OWnNfRlpaVWJlMXdxcWZBOHpaOE81RXVSLWNYaHljZVhBOUJuaHplNk1GdlE4Nlh4NFZDaHVaWFJZSGVEOUc1M19YTlpSUUpQWkVYVDlnZWhVcmdfdklHMXlwSA?oc=5,-0.6249,negative
2026-07-23,2026-07-24,NKE,NKE Stock Slips On China Business Strategy ‘Misstep’ And ‘Surprise’ CFO Change Before Earnings - Stocktwits,Stocktwits,https://news.google.com/rss/articles/CBMi5AFBVV95cUxPaVFRUjk4ZXQxQ0NPb2ltSUptdnNhWW9aWHVDd1YwbVlmY3oycWRvampfUzhCU1czRzlOMF9YVDljZHJnNm1GTElTbWZqem1MREl1N1B0eFE1NHVVZFJjREdOd3NzcXE5dm5lYXRfZl9jeTI1cUt6dlFFN0NwODFLZEJKNmF6MFZsd0RVd0ZkMFlJd2cwQy1XWHMwcHpIWXhFT1plSGpRUEh0WFlzUEdnTExwanJUQzVQeUh2cEN4cklrWHBMdGNONUxJUFdLWTJyQlF2aUgxZWkwSnlEbHNOeXhRbUQ?oc=5,0.0,neutral
2026-07-23,2026-07-24,NKE,NKE Rises After Hours Following Insider Buys By CEO Elliott Hill And Apple’s Tim Cook - Stocktwits,Stocktwits,https://news.google.com/rss/articles/CBMi4AFBVV95cUxQZGpHSzgyMWJVeXNHS1d5WEk5ZlZqSGtuRnlzZTVPU2ZCaXh6SVpRelFKVHJITmI0dGJybFE4eWxyNTZwV2pKbXFhdHN4RmRLUm54ckpReU8xbXFlU2I5UzBIQWQzTmhJX0FKN29NcmpRV2h2ckh1RnNMVzVqYmdhY1lBbWFkd0dPZ1FNS21wN3B2dllXMzE4ckVtTkZaZTFWQk04a2U2YS1nVkRaeVNyRUN1UHM2eFR0SUVNZGpKMTZlZDJKOTJBem1EbkxjRnZtM3VvSUpXTjlOZWRGUUxfNQ?oc=5,0.0,neutral
2026-07-23,2026-07-24,NKE,Nike CEO outlines transformation strategy after operational reset in fiscal 2026 (NYSE:NKE) - Yahoo Finance,Yahoo Finance,https://news.google.com/rss/articles/CBMiqgFBVV95cUxOdlpfSGlzVkd6LTU1VER2OGRsdjFBX0JQbzYyYWpMbVhzbGpUV1d1cWVvaV90alNZczZWd3lHZ2NzQUZjSXZGWG9YM3dlNHAzVlFmUXVPX1BDTlo2Mk9TYVF1RVRDNDlEWTlqcld4bWh2U3QtQ3JqV3BtQXpsVlk3V0o3Q3lNSXdaM2RHcF9fc0Rib0FTYms5SjB0UTZGN2s4OHRNN3NFcVZxdw?oc=5,0.0,neutral
2026-07-23,2026-08-11,NKE,"Nike Stock for the Next 10 Years: Buy, Hold, or Avoid? - fool.com",fool.com,https://news.google.com/rss/articles/CBMimAFBVV95cUxPZ1N5aTM4alJVOS1BQXpIYUVqRnp1SnZ6Unlpa0FjbUZfZlhoZ1VSUkZQUFRYV1NpeF9Md01OWnNfRlpaVWJlMXdxcWZBOHpaOE81RXVSLWNYaHljZVhBOUJuaHplNk1GdlE4Nlh4NFZDaHVaWFJZSGVEOUc1M19YTlpSUUpQWkVYVDlnZWhVcmdfdklHMXlwSA?oc=5,-0.296,negative
2026-07-24,2026-07-24,NKE,Nike (NYSE:NKE) Offers Dividend Quality with 3.89% Yield and 10.70% Annual Growth - ChartMill,ChartMill,https://news.google.com/rss/articles/CBMiwwFBVV95cUxOQzFsLWNZb05KZ3B4THM0T3Q2bG11anlqNTM4azkxekF5MjZKeG01M3gzLTNGT2JDVk5PRVZZQzZ5T0ZCeHNVa0JpM25lYk43OV9XdG0wcGpDd3Z3RTRkTjhfM1piWlg1Ty16cE5TNlVxaGF1Y2JiUGhiaWpwRGprUjhwV250OVhnTWZESF9fb2FIR08wSUVBR1RSSmRzdGRXX1BkX3R5b1pVSUExQ0czbHktZlowOXpyY3ZqUTlFQVJ1ZjQ?oc=5,0.3818,positive
2026-07-24,2026-07-24,NKE,"Inceptionr LLC Takes Position in NIKE, Inc. $NKE - MarketBeat",MarketBeat,https://news.google.com/rss/articles/CBMiqgFBVV95cUxQelB5cDQ5Y0VTUnRWNDhCcFp3UXNILVE1Q2gzenF0aVJma3E3Nmo5NDJlUnc4WW1ob25wVnlKMzlLM1RNdnp6QWVPekJCTjJCYzV1SkUzT1MxUGVjTFFaekJHTG8xalRTTWVTcHRkd1hHZDVXTGhDVUMyWGJCdUNNLVdrZXI1bVJ1SVRoTWM2aVJJOUtmRk5EZ3VVN3ltc0JIY09Ha3prWm5idw?oc=5,0.0,neutral
2026-07-24,2026-07-24,NKE,Nike (NKE) Is Resetting China Online Sales Around Its Own Flagship Stores - simplywall.st,simplywall.st,https://news.google.com/rss/articles/CBMiyAFBVV95cUxPOTk4Q2dXcGZJQWZEd3hoRFRIeHhLTXJubjRqNjV2MmhTNTlVX1d4UFctQ0ZiZFQwX3RWV2FUMjFWM0RDZ01LR0pmcnNfSDlDd2RDejJsSG9JQWdqRHhuT1pZSzJIc3NYbnJueXhhZDJMcDN0d3dVejYyRjctUEk3Q3pQcnhMMEViWl9QWGZ2and5THFmUjdmNjhRTHpUNmZ6TmpXdmlSOXhpN0J2ZUVZRm4tWDJJck1KZHE1V2JLeFJYZEVQUko2SdIBzgFBVV95cUxObFJFOTk5NWdIajFjeTJVSkxzZVFyYTQ3UmllNERkMDZzVjd3VndyQ0ZFRXROQkhwVGdhVDNmWHltQmhIVGFhV1R4V2JFaElwLVNoZkpKVlpUclNlV0lSdkR2akZuUlFuUXNRbE0wZFF0WndOTHUyRkJwQjZtM1F6eko0cHdLNnE0MFhtMFlkMmxUZUtHR2pHNDJ4Sk9KbjNRVHdrakNUdkQ5NzZzb1dNdlZwM2VFWTFLbFlXaUZEcHhBV1YzRzhqdGRsOFVmUQ?oc=5,0.1027,positive
2026-07-24,2026-07-24,NKE,"Dimensional Fund Advisors LP Reduces Position in NIKE, Inc. $NKE - MarketBeat",MarketBeat,https://news.google.com/rss/articles/CBMivwFBVV95cUxOZENJR1ZZem9mMjU3TkVTWWY1c0ZtVG5XaXJoTmYzSnZWSDFhN3Z2cXlIMzhhTFpyWWxkNUZHZXA2bDFiQU9JTDdJTGZTLTZSZS1COGJocHhpMWVucXN3ZXE4U2plamtRQ1R1UWs3TTBpUDE2eGNybE4zWU1nM0VuZTJzSjFORS1aTTlRb3hxb0Z3U3p3bm5qMWlYWVRJckxoOWpoQlcyUnZxS1JhMjBXaWxuZkZBYndTRk02U0w2cw?oc=5,0.0,neutral
2026-07-24,2026-07-27,NKE,Nike’s Sneakerhead Market Share Is Slipping. That’s Good for Its Stock. - WSJ,WSJ,https://news.google.com/rss/articles/CBMisgFBVV95cUxOdXhPVHZscXJQbjNELUZFalNxZVZqTHVxOEhDY195QXN3NENrc0pDNGxjRmpmXzFtdmttdVFtaW9CVjFWTVFDQ1FGbUQwTEg3elFieGxOQmFUeFpNZUtwYTVYOHd2WkM1MXNoYTVfQUs3Q3pnMnRZY1hSRkkxXzF5UU1ycUpyMV84SGtJcDY0MEJkT3dqLW5qYTRidGFScDFPNzdaVnpjX0ZQRE14OVRsd1pn?oc=5,0.6249,positive
2026-07-24,2026-07-27,NKE,NKE Stock Gains Premarket – Will The Dividend Confidence Reignite Growth? - Stocktwits,Stocktwits,https://news.google.com/rss/articles/CBMizwFBVV95cUxNTkp2QVpDYWRONTk0Z0ViVU5jSXd2NFY1alVFRUp0QVl3eU43R19tNmJyaUVQR0RRS2hyRTJXbmJIci1iNmw5NDZsZ0F4TWhYSWFwMDdYbzg0Q0F5NHB5LU85TjFodG1EY1hxQ0hCVnVodE10S1JkNUFYNG8wcWs5UURnZXk4cHp6cnFEVC03RlhQaUtTRzU0LVpNWmNMVE5iSnEtQzNsMko2Z1F2V21XOWZUeWUtQklpYndJQ0tWMnFOcllxaHhuTDEwdFhHWVU?oc=5,0.8074,positive
2026-07-24,2026-07-27,NKE,"Investors Heavily Search NIKE, Inc. (NKE): Here is What You Need to Know - Yahoo Finance",Yahoo Finance,https://news.google.com/rss/articles/CBMinwFBVV95cUxOQkFnRzMzMjBtUTh0TWJaYmR4aU5jV3BMNzdOQy1iZU45TmNod1E1VGlfZ0YtWTF3T0xYWHh2d0FDcngxNWM2TGhfR2stbGZ1QkhKTld3R3hkY0hvSFc4aDZMT2NZdGV2Q0tDOVJWQUNDNGhyLW5CN3ZFRXBMOUNpeUcxLWkwMDBiTHF2YjQ4QXlfQ2Z4ZWJNLUd4QWItaGM?oc=5,0.0,neutral
2026-07-24,2026-07-27,NKE,NKE Rises After Hours Following Insider Buys By CEO Elliott Hill And Apple’s Tim Cook - Stocktwits,Stocktwits,https://news.google.com/rss/articles/CBMi4AFBVV95cUxQZGpHSzgyMWJVeXNHS1d5WEk5ZlZqSGtuRnlzZTVPU2ZCaXh6SVpRelFKVHJITmI0dGJybFE4eWxyNTZwV2pKbXFhdHN4RmRLUm54ckpReU8xbXFlU2I5UzBIQWQzTmhJX0FKN29NcmpRV2h2ckh1RnNMVzVqYmdhY1lBbWFkd0dPZ1FNS21wN3B2dllXMzE4ckVtTkZaZTFWQk04a2U2YS1nVkRaeVNyRUN1UHM2eFR0SUVNZGpKMTZlZDJKOTJBem1EbkxjRnZtM3VvSUpXTjlOZWRGUUxfNQ?oc=5,0.0,neutral
2026-07-25,2026-07-27,NKE,NKE Stock Slips On China Business Strategy ‘Misstep’ And ‘Surprise’ CFO Change Before Earnings - Stocktwits,Stocktwits,https://news.google.com/rss/articles/CBMi5AFBVV95cUxPaVFRUjk4ZXQxQ0NPb2ltSUptdnNhWW9aWHVDd1YwbVlmY3oycWRvampfUzhCU1czRzlOMF9YVDljZHJnNm1GTElTbWZqem1MREl1N1B0eFE1NHVVZFJjREdOd3NzcXE5dm5lYXRfZl9jeTI1cUt6dlFFN0NwODFLZEJKNmF6MFZsd0RVd0ZkMFlJd2cwQy1XWHMwcHpIWXhFT1plSGpRUEh0WFlzUEdnTExwanJUQzVQeUh2cEN4cklrWHBMdGNONUxJUFdLWTJyQlF2aUgxZWkwSnlEbHNOeXhRbUQ?oc=5,0.0,neutral
2026-07-25,2026-07-27,NKE,NKE Stock Gains Pre-Market: Google AI Shopping Rollout Targets FIFA World Cup Demand - Stocktwits,Stocktwits,https://news.google.com/rss/articles/CBMivwFBVV95cUxNUkU4Z3VPUjB2YTVFN0hMMnRXZldpSnRDTUhtMFhDMnJueTVlR1hLM3dKUk0zblFqTV95eWFiMzk2SjZET0JmMWFFNE1aM3VWMGxqd3o1amJKZkdmUjFEX25EemctUnd4Mk43NnBiZnJhX0VpUjdNWkdrc0gxT29DZi02SFBhQnRsLVRicnJDY1NrRU5RVk02TjRET2pJUmgza3FvM3pPR1Fmemt2YWQtYWxxSFByVzZESEF0ZFJkMA?oc=5,0.2263,positive
2026-07-26,2026-07-27,NKE,NKE Stock Slips As Nike’s China E-Commerce Reset Draws Wall Street Skepticism - Stocktwits,Stocktwits,https://news.google.com/rss/articles/CBMi1gFBVV95cUxOTEpfTEtoMG5NUENrUS1OZzBnWE1IWUJXR0QyNk5ITmpPcGxwSU9DNTdnV0lpLWczNFM1Rmo0eGlRNkdzSGFJcWFoSlFIamYzVmlQRU9LSzlaV01PTkJ3Mm1tU1RlZzhLYktvVml3WFA4Qk5TTUl6LTdTUUlUTlNPcDJkZUtUaUc5UkhhVzJyQmpxLTBCenNISkhDYURnSHh4R3NHLUpIUGJ2d2pnQnk3Y2R2Y2RRQkMxMzRmUjI3ZGdUckstZE9SLWdDZmZGdklSOUFUSE1n?oc=5,-0.25,negative
2026-07-26,2026-07-29,NKE,NKE Stock Slips On China Business Strategy ‘Misstep’ And ‘Surprise’ CFO Change Before Earnings - Stocktwits,Stocktwits,https://news.google.com/rss/articles/CBMi5AFBVV95cUxPaVFRUjk4ZXQxQ0NPb2ltSUptdnNhWW9aWHVDd1YwbVlmY3oycWRvampfUzhCU1czRzlOMF9YVDljZHJnNm1GTElTbWZqem1MREl1N1B0eFE1NHVVZFJjREdOd3NzcXE5dm5lYXRfZl9jeTI1cUt6dlFFN0NwODFLZEJKNmF6MFZsd0RVd0ZkMFlJd2cwQy1XWHMwcHpIWXhFT1plSGpRUEh0WFlzUEdnTExwanJUQzVQeUh2cEN4cklrWHBMdGNONUxJUFdLWTJyQlF2aUgxZWkwSnlEbHNOeXhRbUQ?oc=5,0.0,neutral
2026-07-26,2026-07-29,NKE,NKE Rises After Hours Following Insider Buys By CEO Elliott Hill And Apple’s Tim Cook - Stocktwits,Stocktwits,https://news.google.com/rss/articles/CBMi4AFBVV95cUxQZGpHSzgyMWJVeXNHS1d5WEk5ZlZqSGtuRnlzZTVPU2ZCaXh6SVpRelFKVHJITmI0dGJybFE4eWxyNTZwV2pKbXFhdHN4RmRLUm54ckpReU8xbXFlU2I5UzBIQWQzTmhJX0FKN29NcmpRV2h2ckh1RnNMVzVqYmdhY1lBbWFkd0dPZ1FNS21wN3B2dllXMzE4ckVtTkZaZTFWQk04a2U2YS1nVkRaeVNyRUN1UHM2eFR0SUVNZGpKMTZlZDJKOTJBem1EbkxjRnZtM3VvSUpXTjlOZWRGUUxfNQ?oc=5,0.0,neutral
2026-07-27,2026-07-27,NKE,"Delta Global Management LP Purchases New Stake in NIKE, Inc. $NKE - MarketBeat",MarketBeat,https://news.google.com/rss/articles/CBMiwAFBVV95cUxPS29PcnduaUdNSHYxdmFVbjMwQlA1NGM3RjdlU09tNzhqbTBrclFrMG5DZU1tQ2VRR08yZThIZzVvS29kVThSV1hMamZKNHMyZTFpclh4aWRvZm14RGEtcGdJZmRWVHQ5X0ZJeGxXT3BvdzNDUXM0eE1vVE5GRXlSRkJaMDdydHp1Vmx2SFJNNzZiUkt1bGwtVTBuZk56b2JHX0FpR2o1N1FwR2xJRTZaWXV4N2hEbmlIM294cUp3ajI?oc=5,0.0,neutral
2026-07-27,2026-07-30,NKE,NKE Rises After Hours Following Insider Buys By CEO Elliott Hill And Apple’s Tim Cook - Stocktwits,Stocktwits,https://news.google.com/rss/articles/CBMi4AFBVV95cUxQZGpHSzgyMWJVeXNHS1d5WEk5ZlZqSGtuRnlzZTVPU2ZCaXh6SVpRelFKVHJITmI0dGJybFE4eWxyNTZwV2pKbXFhdHN4RmRLUm54ckpReU8xbXFlU2I5UzBIQWQzTmhJX0FKN29NcmpRV2h2ckh1RnNMVzVqYmdhY1lBbWFkd0dPZ1FNS21wN3B2dllXMzE4ckVtTkZaZTFWQk04a2U2YS1nVkRaeVNyRUN1UHM2eFR0SUVNZGpKMTZlZDJKOTJBem1EbkxjRnZtM3VvSUpXTjlOZWRGUUxfNQ?oc=5,0.0,neutral
2026-07-28,2026-07-29,NKE,Lululemon and Nike: How to Tell a Dip From a Decline - TIKR.com,TIKR.com,https://news.google.com/rss/articles/CBMigwFBVV95cUxOdHdyMDFzQWluRE5YREx4U2poaWZmcmpyN2hudDdQNlRiU0Z4VG8zTFpPWlRXd3dkTXBXNkVhUlI4VXZDbTdOMExzaTZ0c0VneTB3cTAya0M0a2RjcG1ObDRhdnBJZVZNeGMyYjZ4Q2dScWZtUnZkZGRPYm8zY0ZKRnhVaw?oc=5,0.0,neutral
2026-07-28,2026-07-29,NKE,"NIKE, Inc. $NKE is Rule One Partners LLC's 9th Largest Position - MarketBeat",MarketBeat,https://news.google.com/rss/articles/CBMivAFBVV95cUxOdl9XWXNvTmRhVkhkZHRpcmh5b1ZRT3NYYzhOY2FCWmNQMVFfQzZPeWRYSEdlT0g2b2VuZVphLWQ0ZERpcGtEV2hqa3k2TDcwM0Ewek01amNiNmFZb0gzakZvNGRzUmNHbXdyVGw1REl1bUdfbWhFUzdsYkg0Y1EtM0IzQlF4OGFrNW5EYlZTcS0yUGtxLUtER3RhRmdESFFNanhPUE5qZ2RWYm9GN2dCdWVBTjFJMG8zNUdYVQ?oc=5,0.0,neutral
2026-07-28,2026-07-30,NKE,NKE Stock Gains Pre-Market: Google AI Shopping Rollout Targets FIFA World Cup Demand - Stocktwits,Stocktwits,https://news.google.com/rss/articles/CBMivwFBVV95cUxNUkU4Z3VPUjB2YTVFN0hMMnRXZldpSnRDTUhtMFhDMnJueTVlR1hLM3dKUk0zblFqTV95eWFiMzk2SjZET0JmMWFFNE1aM3VWMGxqd3o1amJKZkdmUjFEX25EemctUnd4Mk43NnBiZnJhX0VpUjdNWkdrc0gxT29DZi02SFBhQnRsLVRicnJDY1NrRU5RVk02TjRET2pJUmgza3FvM3pPR1Fmemt2YWQtYWxxSFByVzZESEF0ZFJkMA?oc=5,0.2263,positive
2026-07-28,2026-08-03,NKE,NIKE Faces Demand Headwinds: What Lies Ahead for Earnings? - Yahoo Finance,Yahoo Finance,https://news.google.com/rss/articles/CBMingFBVV95cUxQWXIySVVRUXRtR3VYUzJmR0VtaTZOcHJnbnlrM2lERmhKeVBsUmlEMTRueFhreEY0RFZxLVBBaEZqajhFUWoxTVBiQzF3Yk5FWWRjaWh4eUQtd1dFTXRLTlZZNWVpQzc2MGdqRW55UThRVDA3QWQzeG41c0c1RW00a0daQk56OHQ5Z3hlNjVPVWtINjJQTmo1elNjY25JUQ?oc=5,-0.5106,negative
2026-07-28,2026-08-06,NKE,Nike (NKE) Stock Looks Cheap On Earnings But Pricey On Cash Flow - Yahoo Finance,Yahoo Finance,https://news.google.com/rss/articles/CBMilgFBVV95cUxOaFBXWG5QTjJRSkV4cThJQTVncmNoTll2U3ZjbWFWX2RQSUtSTU5PWEpSVjBvY3RqQWlLbWdFMVNiU0hvOXNfNWNpQXExcGhrd0l4eVN1RU9NbE1lcjhJblFfNUVXZjhyM3hZUXB2ZmRoeFZuVFFKaG1LSEJpOHd4Q01DVEVvUlozNlJXRTlaQmFYSTZHaFE?oc=5,0.0,neutral
2026-07-29,2026-07-29,NKE,"OMERS ADMINISTRATION Corp Sells 2,469,669 Shares of NIKE, Inc. $NKE - MarketBeat",MarketBeat,https://news.google.com/rss/articles/CBMiwAFBVV95cUxOeE1QZFFHei03dzI5VGhGNlpoSXhRUHg0N2hLaXNmc3Q4U2xWbmZKN2FESXJIdk9RNVJNRHM3Zml5cUR4SkpsOG5MUjE5ZEZ1WG5qYm5VaXVUbWlORmt2VEFIR3VlZ25XTTFYQXVhWDJsYUF6UmQ4RXpHQ2ZYSVRLNy1vSWdjSGlybWd6ckdPbVZPcF9wZ2xhYmsxeEVDd005ZnZJTC1tRFJZR0k3dHNLQkdTRkJGbHpaQjUyOGR3Rkc?oc=5,0.296,positive
2026-07-29,2026-07-29,NKE,Bernstein SocGen cuts Nike stock price target on China sales pullback - Investing.com Canada,Investing.com Canada,https://news.google.com/rss/articles/CBMiygFBVV95cUxPM09tYkZneUR0alFJQWdFLUQyc3ZNTUFnNGJScEpEX2N3TGpZYXBnSzR5Z0xkZkYyVHkxTnZyQUdLT3hNMXY5dE1KeW5HMnRKSFpUUm9FSnd1THFWM2l3QWFIMzBOVFZONXpaOF8wdTdBQlVJQjhHbGl0Nk9OaGV3bjl3LWdkMFZKSGpIWFRoeDJfWW9ZZ2hOWGJHQTYtWFB4UHA5c2RQUGN4MjVCeUYwY1FUaVlpWHdFNnVJLXBsRVRrSER5TVd0dzBR?oc=5,-0.296,negative
2026-07-29,2026-07-29,NKE,"Opal Capital LLC Has $3.66 Million Holdings in NIKE, Inc. $NKE - MarketBeat",MarketBeat,https://news.google.com/rss/articles/CBMiugFBVV95cUxQbWQweXFnRVBUNFNtc3JLY0xoa3FTdGN2ZE1sMVEzZHpLSFZFeDZXN1dKS0pFejdsVE1FVUU3Mklhb3lUXzlmVGJmdWUxU0p4eG9CZThCanRFRHhKRXR5WGRVSDcxc25Tc2U4TmN1WWdfRzU0RzJhM0pxNllrcWxtRC1fOV92R2lERXBQdzcyd2JQSTFDWlhqUGpZUVlmektFM2RCd0NySFR2aHdnN2luaVA4djJ5Wl9jREE?oc=5,0.0,neutral
2026-07-29,2026-07-30,NKE,NKE Stock Ticks Higher After Hours on Second Round of Layoffs In 2026 - Stocktwits,Stocktwits,https://news.google.com/rss/articles/CBMiygFBVV95cUxNTHNjTU9raHhwdUtpamJRODJFSk9pbHVCdDJoVUg1QzFBalAtaGxyZkFMT2VxcE1OSXhjVUhLUnVpb3RpVHJzajI4ZUc4d0FUR0NnaFNwVUxGbHMxMHl6OFZqSzVqSEM0eHF1UWxWUnEtcTZNUUtQUzlOekxuRlU2ZEp4b2kwU3lIUjFvRjZtdENsWWVuaHUwWjNCU3BRUERLZjkxY3h2TXdWSGdrd1hCcnU1OFFrTkRVRWEtWVJWejdkVFd5OUdPQm1B?oc=5,0.0,neutral
2026-07-29,2026-07-31,NKE,Nike (NKE) Stock Looks Cheap On Earnings But Pricey On Cash Flow - Yahoo Finance,Yahoo Finance,https://news.google.com/rss/articles/CBMilgFBVV95cUxOaFBXWG5QTjJRSkV4cThJQTVncmNoTll2U3ZjbWFWX2RQSUtSTU5PWEpSVjBvY3RqQWlLbWdFMVNiU0hvOXNfNWNpQXExcGhrd0l4eVN1RU9NbE1lcjhJblFfNUVXZjhyM3hZUXB2ZmRoeFZuVFFKaG1LSEJpOHd4Q01DVEVvUlozNlJXRTlaQmFYSTZHaFE?oc=5,0.0,neutral
2026-07-29,2026-07-31,NKE,"NKE, SHOP, CELH Stocks Hit 52-Week Lows: What's Driving The Selloff? - Stocktwits",Stocktwits,https://news.google.com/rss/articles/CBMiyAFBVV95cUxPYkRvZ1lhWGo4OUpfSUNSRlZ5djROczZWWDRhUE1NLTNnbWtKM3hzMFl2N0JQLTJ6NjBCQi1HQjMyNHFCS2dBTVY1cnRoNzd0QkFhaGl2ZTFyOE9sQk1yX0VtQ0F5M3F3cEtFcjd3TmZYcXRvb0ltVzZ0eTVpdkRCNkFIV0t3RnZyQ3Q3V2MwMTBtU3Q3aGNOWVNQTjctVmVjVTJuVTlsWWJLdU9zUU1HZ3NDOVBONFdjSVU4TGZwT0dneUxqVjRsVw?oc=5,-0.2023,negative
2026-07-30,2026-07-30,NKE,"First Trust Advisors LP Increases Stock Holdings in NIKE, Inc. $NKE - MarketBeat",MarketBeat,https://news.google.com/rss/articles/CBMiwwFBVV95cUxPNzU5M3hpaWFad05qRHU2T1BSU2xDYmF1QlBHUmRvWDJwcEdUTmVDNTZhZTJtT0ViaWVCYm9STnpOcVRwMFdkNkRNeUJXZ3JqQ0Z4dnpTTW13UkNEeDBkUzFrd3BwaXctajhPZjFfN2phcllsNmNEbDNMVlNoNVBFZkoxaENUMlJZaTFrcmhwcW84MDF0Z0JXeWpwVXU2RmJwMWs3RlNPeWhwV1pFNzRYZklxYldzTnV2Rm5ZcDgtd2E0bUE?oc=5,0.5106,positive
2026-07-30,2026-07-30,NKE,"California State Teachers Retirement System Lowers Stock Position in NIKE, Inc. $NKE - MarketBeat",MarketBeat,https://news.google.com/rss/articles/CBMi2gFBVV95cUxQZUR1bnhoVkZja3RZRXcyOE5FN0JTNEwzaGNuUkd5U2txQTNFSkJIcWxmT1EzTjVrTFg0elpIVmliR1NKVkgwaTF2V2JJZDJzVEt1TlV0VVVLc0JTZ1JfYUlLU1dhcGI4X2x0aUJBZnFvNjUxRHhZYy1OSjNMRGVjaXE5SHN5T1ZScVp4YXFZUndFcGEtWnFDWEtneFVRdURHMjdreTBFMmZjTWlNNGVDSDNyNGx2alFVRDlDcndSUWp4cTZGMUZEcl9RRHJmWS1LTTRKZW9mZnBaZw?oc=5,-0.128,negative
2026-07-30,2026-07-30,NKE,"South Dakota Investment Council Grows Position in NIKE, Inc. $NKE - MarketBeat",MarketBeat,https://news.google.com/rss/articles/CBMiwAFBVV95cUxObU5ORmhVSlRoNTE1RVlCTHZYaVJGbzZDT0NsWFd3Z2FxWElOZy1YVWpkX1hUVXB0Zm54VUtDY28ySkYzc2tBc25fR0dVVFU4NXNpaENCYWhYaGY2TlI1REEtUFZTdUZrUzJFZEdGeFlNY1FfcGlrNW05cnFBZ3dLWHBaTjN6WmE4NmZmQTVuaDRWS0gxYUlKdnJfc19UV05XdTd5enpzMTJFdHpyMzJuT2pYUEt5cnMzblN0aVFrZU4?oc=5,0.0,neutral
2026-07-30,2026-07-30,NKE,Bernstein SocGen cuts Nike stock price target on China sales pullback By Investing.com - Investing.com South Africa,Investing.com South Africa,https://news.google.com/rss/articles/CBMi2gFBVV95cUxQekRhb0tSdEgwcFg3ZkdGX2tZN1lyd05oVDFveFpNd2ZfVXFVZEtHUnM4RHJ4MGZlYkhoTV9UbThCVTkzS1ZMSF9sQl9hckxDb0pGY1BwalRNNzZWbDJaS2NBUXJtMm5fUVVRRUUyekhFeTdVTVJRTDl1UnZiQzc3LURCSUJNbHBEcy1jc0ctNHJ3dzNPU0xRdlRzbDlqcXc1a1JPcGQ1SW5GUl9JUHNtcC1oWjF2dGpoU01XODROWFM2cjhhcktqcEFzdmx6U3I1MHJHZUhrU0tuZw?oc=5,-0.296,negative
2026-07-30,2026-07-31,NKE,$NKE stock is down 5% today. Here's what we see in our data. - Quiver Quantitative,Quiver Quantitative,https://news.google.com/rss/articles/CBMioAFBVV95cUxNM0J3V0paRVRPNnVQbU05RGVvVnBkdTRfWU9mRHdaRUUzcS1fd0g2TlpvMTdmQVczSzNWRVEweGJfRjBTOE9hQUZ1dWlrLTN0aHJMV1AzZHgtVkJtZWZkOGw2MWxHNHc2QkZOOVVVcjd3STRaWWh5cDRIS1gzSndCdjBkdlc0Q1UwaG5ySTRwenQ3TWpHUGNkQTNwZEFyaFlB?oc=5,0.0,neutral
2026-07-30,2026-07-31,NKE,Is Nike the Ultimate Dividend Stock You Should Buy Right Now? - The Motley Fool,The Motley Fool,https://news.google.com/rss/articles/CBMikwFBVV95cUxQMWNsUVBCVkN2cTlYOFBIcHpqSXpUTk1fcmdUUzZOdmhJdmk1LVFqSXY3VVdfZWkzRUdlV2hKaVNpdVl1UFlYcWJNc25HN0ZURFlEaGZKeHNuU0U3bHRXU1EwRWFYbGxfSjluM2M3SHRYamRFVm1SYXVOdkUxUHpBZUtBVkRqcFBBdW9lckxXczJxTlU?oc=5,-0.4404,negative
2026-07-30,2026-07-31,NKE,Nike Slides as Investors Stay Focused on China Weakness and the Quality of Recent Earnings - Quiver Quantitative,Quiver Quantitative,https://news.google.com/rss/articles/CBMiwAFBVV95cUxQcXBGWTZWemNDU3VXclNhSTVocU1rYTZSZTJ2NEFybGktcjh0bU5Va281UklCdHY0VzA5RFdzMG1xZ0diZUNQTnFSSUI5MFlUeXNVRHlMdXNoNjhTQ2F2VHJfTFZndEliUmRHWFFqVllwMTMyVlE5ZFNDNkZrSXo0dm9fb0ZIR3RJRXRiWGR6ejkwd3U3N3FjdE5uREd2Uy16cEhnQTFoV3J6cVB6TWxnN3JfVk9IeEtDX2FWbGlybHI?oc=5,-0.0516,negative
2026-07-30,2026-07-31,NKE,"First Trust Advisors LP Increases Stock Holdings in NIKE, Inc. $NKE - marketbeat.com",marketbeat.com,https://news.google.com/rss/articles/CBMiwwFBVV95cUxPNzU5M3hpaWFad05qRHU2T1BSU2xDYmF1QlBHUmRvWDJwcEdUTmVDNTZhZTJtT0ViaWVCYm9STnpOcVRwMFdkNkRNeUJXZ3JqQ0Z4dnpTTW13UkNEeDBkUzFrd3BwaXctajhPZjFfN2phcllsNmNEbDNMVlNoNVBFZkoxaENUMlJZaTFrcmhwcW84MDF0Z0JXeWpwVXU2RmJwMWs3RlNPeWhwV1pFNzRYZklxYldzTnV2Rm5ZcDgtd2E0bUE?oc=5,0.5106,positive
2026-07-30,2026-07-31,NKE,Why Is Nike (NKE) Up 0.4% Since Last Earnings Report? - Yahoo Finance Singapore,Yahoo Finance Singapore,https://news.google.com/rss/articles/CBMic0FVX3lxTFB0eXFXd0pZdURnU3pxMlYzdHlRV19HbzQ3eDk0MWNnTWI3X1JQb0F3WGx4c09RLXhzTnVBRHRDSVFMSFNEa0lJUUI5NmJJSkQ0Z0NKdlc0NGZUMjhlOGJzSjJwUjNObTRJcF9NREFPTjRSZVU?oc=5,0.0,neutral
2026-07-30,2026-07-31,NKE,Is Nike the Ultimate Dividend Stock You Should Buy Right Now? - The Globe and Mail,The Globe and Mail,https://news.google.com/rss/articles/CBMi3AFBVV95cUxPdzgtSjNNRGxfcXN6dk9STzQ3TG9nT3RxWnBVWi1DTWhfenI3d3cwWVA0NDg1N21Wa3p5Y1I4QjhiSHRMV1hIU1Y4SW96akxpRDFrbldONW5abjFWQTIwVzFhRnJid19uQTIwVHdELVgyc1piNmNMcGN2LVVyS0JXYWdWbTB6aEF3aFJNNzltT0hrNDc1U2RuUFp1ZzRmVTNBTkVvbHhnajl5VF9Xa1lhZWRXRUJuR3FfT2VraVVQSmE5eVcxWTJCVS0yc3VXRDBfc3R1dWhpLXotMzZp?oc=5,0.0,neutral
2026-07-30,2026-08-03,NKE,$NKE stock is down 5% today. Here's what we see in our data. - quiverquant.com,quiverquant.com,https://news.google.com/rss/articles/CBMioAFBVV95cUxNM0J3V0paRVRPNnVQbU05RGVvVnBkdTRfWU9mRHdaRUUzcS1fd0g2TlpvMTdmQVczSzNWRVEweGJfRjBTOE9hQUZ1dWlrLTN0aHJMV1AzZHgtVkJtZWZkOGw2MWxHNHc2QkZOOVVVcjd3STRaWWh5cDRIS1gzSndCdjBkdlc0Q1UwaG5ySTRwenQ3TWpHUGNkQTNwZEFyaFlB?oc=5,0.0,neutral
2026-07-30,2026-08-03,NKE,Nike Slides as Investors Stay Focused on China Weakness and the Quality of Recent Earnings - quiverquant.com,quiverquant.com,https://news.google.com/rss/articles/CBMiwAFBVV95cUxQcXBGWTZWemNDU3VXclNhSTVocU1rYTZSZTJ2NEFybGktcjh0bU5Va281UklCdHY0VzA5RFdzMG1xZ0diZUNQTnFSSUI5MFlUeXNVRHlMdXNoNjhTQ2F2VHJfTFZndEliUmRHWFFqVllwMTMyVlE5ZFNDNkZrSXo0dm9fb0ZIR3RJRXRiWGR6ejkwd3U3N3FjdE5uREd2Uy16cEhnQTFoV3J6cVB6TWxnN3JfVk9IeEtDX2FWbGlybHI?oc=5,-0.0516,negative
2026-07-31,2026-07-31,NKE,"Janus Henderson Group PLC Trims Position in NIKE, Inc. $NKE - marketbeat.com",marketbeat.com,https://news.google.com/rss/articles/CBMiuAFBVV95cUxOQTcxX2FEVDF5aDJEYUR4MHFJV2pQNm52X1hBV01FZ0RNMDRVaWlHVnMxaFJhQ1BJZmE4ODV6VEN5RXViX1hfMWJRcXpYdE8zNzJNbFBOYW40eW5ETjU2T0U1WVRiM0R0bmIyMFlTX3FHZ0NJOVRLbUswUTgtd3pQUC1BV2pNamxmNWZUSVNEOEJXRzA0cmVfMXBXNG9rYjBHV1ZVdWFDdFVDWkhIb0t3d2Ytai1xSGRX?oc=5,0.0,neutral
2026-07-31,2026-07-31,NKE,"Renaissance Technologies LLC Takes Position in NIKE, Inc. $NKE - marketbeat.com",marketbeat.com,https://news.google.com/rss/articles/CBMivAFBVV95cUxPTEk4TFVFcXpnenR6b0xQUmNabDdianRXUGl5UmtPcE13QlJFRzhCc1cxcjBXcnJIbVlTdVRkU0lISVBzNFRROXZlM2J5aXpSbUJUNHZuTjZSZE80TWpReGphV0xOVVpINDZWTEtkcTBpYjlUM2hnRzZWNDV4ZWtWZGcxcnBHUEU3OGViWWVROVVxX0ZrY082bF82MWs2aTNTMXBhWXA3QmUtSkxON0puRTFpeU40alFZNThoQQ?oc=5,0.0,neutral
2026-07-31,2026-07-31,NKE,"Amundi Acquires 931,541 Shares of NIKE, Inc. $NKE - marketbeat.com",marketbeat.com,https://news.google.com/rss/articles/CBMiqgFBVV95cUxOUjRfYlcxazFoQ0s5ZUJWQW5PSnFMeGcxMFN3ejVwaFpYN044V2JlZGZvNWhHMlRWd2VZY29ZYktXZlNkaFVWOWZyRHhGTTM1cDFvU1JPRklZTFYzR0ZpVWN1Q2toZUVYeVJLb3pGLWdsVEw1OEZDQXdlZXZ5TkR1V1M2Z3NTLTBySEVUdTdnVS1pY3h2ZzJrS09GTjdCV1l2alNqV2pEdTlPUQ?oc=5,0.296,positive
2026-07-31,2026-07-31,NKE,"Liontrust Investment Partners LLP Sells 55,661 Shares of NIKE, Inc. $NKE - marketbeat.com",marketbeat.com,https://news.google.com/rss/articles/CBMiyAFBVV95cUxQN2tKeC1Md24wSXMySzNNcEtZN283STJGelU1Tm1kRG5fN2xpMXFwc25nSjRKczR1SGRybHgzLWlBajhfdktFRWNlelNpbFhJS0pMZHI2MW5PcU11Q1ZmUEp0UjN6Tzh5ZEF1UkFVb1plUHhKTS1ZcXdJZC1jU1JHRFFqNGdkVzd1RGRueFdOZm96VWdjdFRydGFscDlDNUNaQ3c5MDJwYnAtQmFPZnkya3RIUDdkM184cElUYUpWRGxad2lMWlNZcw?oc=5,0.296,positive
2026-07-31,2026-08-03,NKE,Nike stock analysis: deep value or value trap as China gamble unfolds - Investing.com,Investing.com,https://news.google.com/rss/articles/CBMiygFBVV95cUxOcFpaMTNlSkdMWkp0RVE5RTF6UXBVYl9Ybmh0cUVPbmkwdW1ISzBQdXpybi1XMjZvaGs2X2prc29RM0hFc0ctb085WGNQV3Z3dEdkdnVJa3RscGxoUjlyQmxPbUEwWDhsSkRlcHdNbWhpeU9vd0pJUGtPN1l5bzcwaEtxbllIbThQbFRLVHZ5TUNVeDdNbTBScVg3U2RFNVRNVVN4MXNlblZicElwbXVaNjdkZU9LT3RDRW4wMlFyVU45czFuT0UyYXJR?oc=5,0.3612,positive
2026-07-31,2026-08-03,NKE,NKE Stock Ticks Higher After Hours on Second Round of Layoffs In 2026 - stocktwits.com,stocktwits.com,https://news.google.com/rss/articles/CBMiygFBVV95cUxNTHNjTU9raHhwdUtpamJRODJFSk9pbHVCdDJoVUg1QzFBalAtaGxyZkFMT2VxcE1OSXhjVUhLUnVpb3RpVHJzajI4ZUc4d0FUR0NnaFNwVUxGbHMxMHl6OFZqSzVqSEM0eHF1UWxWUnEtcTZNUUtQUzlOekxuRlU2ZEp4b2kwU3lIUjFvRjZtdENsWWVuaHUwWjNCU3BRUERLZjkxY3h2TXdWSGdrd1hCcnU1OFFrTkRVRWEtWVJWejdkVFd5OUdPQm1B?oc=5,0.0,neutral
2026-07-31,2026-08-03,NKE,NKE Stock Gets Hit With Downgrades As China Slump Clouds Turnaround - stocktwits.com,stocktwits.com,https://news.google.com/rss/articles/CBMi0gFBVV95cUxPZjVoRXVubmpUSlNtT0t5NlZLckQ3UVVuUk5wQnhwMHEwMXJZYmNrZ1V3dXpSWHJHbjRUTjdRMmljZE5rV2VpbEpMVXVvR2k4LUlKYUlybFo3dDVPZkxJRXFiRzVSQjlWLXU5TlF3M1hHem1ubC04Qi1vTTdZZlhyY2hWa1ZleENMZUR4RjFJd1hpN3hISjczWHRZV1NleHdqd2t1WDYxbU9yWU04LTRITFRaMGcySDVhQXpfcnBrdnUwOEhSTHRWd1RlRVFfNUdQVGc?oc=5,0.0,neutral
2026-07-31,2026-08-04,NKE,NKE Stock Ticks Higher After Hours on Second Round of Layoffs In 2026 - Stocktwits,Stocktwits,https://news.google.com/rss/articles/CBMiygFBVV95cUxNTHNjTU9raHhwdUtpamJRODJFSk9pbHVCdDJoVUg1QzFBalAtaGxyZkFMT2VxcE1OSXhjVUhLUnVpb3RpVHJzajI4ZUc4d0FUR0NnaFNwVUxGbHMxMHl6OFZqSzVqSEM0eHF1UWxWUnEtcTZNUUtQUzlOekxuRlU2ZEp4b2kwU3lIUjFvRjZtdENsWWVuaHUwWjNCU3BRUERLZjkxY3h2TXdWSGdrd1hCcnU1OFFrTkRVRWEtWVJWejdkVFd5OUdPQm1B?oc=5,0.0,neutral
2026-07-31,2026-08-04,NKE,NKE Stock Gets Hit With Downgrades As China Slump Clouds Turnaround - Stocktwits,Stocktwits,https://news.google.com/rss/articles/CBMi0gFBVV95cUxPZjVoRXVubmpUSlNtT0t5NlZLckQ3UVVuUk5wQnhwMHEwMXJZYmNrZ1V3dXpSWHJHbjRUTjdRMmljZE5rV2VpbEpMVXVvR2k4LUlKYUlybFo3dDVPZkxJRXFiRzVSQjlWLXU5TlF3M1hHem1ubC04Qi1vTTdZZlhyY2hWa1ZleENMZUR4RjFJd1hpN3hISjczWHRZV1NleHdqd2t1WDYxbU9yWU04LTRITFRaMGcySDVhQXpfcnBrdnUwOEhSTHRWd1RlRVFfNUdQVGc?oc=5,0.0,neutral
2026-08-01,2026-08-03,NKE,Nike (NKE) Stock Looks Reasonable On Its Sportswear Refresh - simplywall.st,simplywall.st,https://news.google.com/rss/articles/CBMiygFBVV95cUxPRFUzSm5JWnJ5NGV6cENVaS1IX3pqcjN3OVBDbnB2d0RLSFRnNWlyQTVISG1YUElUY3MwUzlLdlVFWXBRZEN3QTFKa3NqMHlxcldEY3dQc1YzZ19aLTlBS0RIYmozYTFZWEFTZVRaS1piblphaURPWEdkUnFTd3FLUWEwbDA1OXBJQmFKeWtrN3VNMWI2ck9ZU2s0YVEwZ3JJclJfaUdDdWZzSXN2Z0ZZamJYc0t1OWdxNWJjei16QmttNTJ3LVBWR2lR0gHKAUFVX3lxTE9EVTNKbklacnk0ZXpwQ1VpLUhfempyM3c5UENucHZ3REtIVGc1aXJBNUhIbVhQSVRjczBTOUt2VUVZcFFkQ3dBMUprc2oweXFyV0Rjd1BzVjNnX1otOUFLREhiajNhMVlYQVNlVFpLWmJuWmFpRE9YR2RScVN3cUtRYTBsMDU5cElCYUp5a2s3dU0xYjZyT1lTazRhUTBncklyUl9pR0N1ZnNJc3ZnRllqYlhzS3U5Z3E1YmN6LXpCa201MnctUFZHaVE?oc=5,0.0,neutral
2026-08-02,2026-08-03,NKE,NKE Stock Eyes Red Week Ahead Of FIFA World Cup: Nike’s Star-Studded Campaign Can’t Stop It From Falling - stocktwits.com,stocktwits.com,https://news.google.com/rss/articles/CBMipwFBVV95cUxPcFBlSmJIam14bkliWGo3V0M2ckFxNVhraWUyNVBSLVN5akI1MnNTUGNBMDBYcW85MmlUWTA1aWlvRDR5eTQxNlRadmcxVXpWRjM2VXlaWUR2YnN2M1d5TWVDU0xTZlBVRnhxWkk5N1Zjekx2UWpZMlROME1YOW9aMWUwZDZ3ZjBxZnlIaFRzdmtybGttRllQZTRUOUkyZFdGZWFpOEYwQQ?oc=5,-0.4215,negative
2026-08-02,2026-08-03,NKE,"NIKE, Inc. $NKE Shares Sold by Empowered Funds LLC - MarketBeat",MarketBeat,https://news.google.com/rss/articles/CBMirAFBVV95cUxOUTFXNl93SG1SanByMTEydl9hQnJEWUVDZ0ZVU2IyMThOeDhlTWtHUktablRPTjRHWVBXdzRTd0M0SVhqVkZfQ3EyVnBlMVNXT0JGLWRuNlFDeEE3Njk4OHV3d3FGNEExc2JqcTdpN0Rad29Jc0JlUjdiOEdGUXdfYU12cTBGTEJwNzBrSmRLVmwyNF91RDVYcmR5UGZPaGo3OWZQMDRyVmNORlNP?oc=5,0.296,positive
2026-08-03,2026-08-04,NKE,NKE Stock Slips On China Business Strategy ‘Misstep’ And ‘Surprise’ CFO Change Before Earnings - Stocktwits,Stocktwits,https://news.google.com/rss/articles/CBMi5AFBVV95cUxPaVFRUjk4ZXQxQ0NPb2ltSUptdnNhWW9aWHVDd1YwbVlmY3oycWRvampfUzhCU1czRzlOMF9YVDljZHJnNm1GTElTbWZqem1MREl1N1B0eFE1NHVVZFJjREdOd3NzcXE5dm5lYXRfZl9jeTI1cUt6dlFFN0NwODFLZEJKNmF6MFZsd0RVd0ZkMFlJd2cwQy1XWHMwcHpIWXhFT1plSGpRUEh0WFlzUEdnTExwanJUQzVQeUh2cEN4cklrWHBMdGNONUxJUFdLWTJyQlF2aUgxZWkwSnlEbHNOeXhRbUQ?oc=5,0.0,neutral
2026-08-03,2026-08-04,NKE,NKE Stock Gains Pre-Market: Google AI Shopping Rollout Targets FIFA World Cup Demand - Stocktwits,Stocktwits,https://news.google.com/rss/articles/CBMivwFBVV95cUxNUkU4Z3VPUjB2YTVFN0hMMnRXZldpSnRDTUhtMFhDMnJueTVlR1hLM3dKUk0zblFqTV95eWFiMzk2SjZET0JmMWFFNE1aM3VWMGxqd3o1amJKZkdmUjFEX25EemctUnd4Mk43NnBiZnJhX0VpUjdNWkdrc0gxT29DZi02SFBhQnRsLVRicnJDY1NrRU5RVk02TjRET2pJUmgza3FvM3pPR1Fmemt2YWQtYWxxSFByVzZESEF0ZFJkMA?oc=5,0.2263,positive
2026-08-03,2026-08-06,NKE,Nike (NKE) Stock Looks Reasonable On Its Sportswear Refresh - webull.com,webull.com,https://news.google.com/rss/articles/CBMiWEFVX3lxTE14LVNTTHVsaDc0TmpLaXRhcDNCWlBBWkFkZllzc1pPOGlRNmhSMEZqeFBCTlBmY2xmOFlpaVFWUjF3STNjR2h4MmZJMkhPUVp4MFBNZTYxMEc?oc=5,0.0,neutral
2026-08-04,2026-08-04,NKE,NKE Stock Eyes Red Week Ahead Of FIFA World Cup: Nike’s Star-Studded Campaign Can’t Stop It From Falling - Stocktwits,Stocktwits,https://news.google.com/rss/articles/CBMipwFBVV95cUxPcFBlSmJIam14bkliWGo3V0M2ckFxNVhraWUyNVBSLVN5akI1MnNTUGNBMDBYcW85MmlUWTA1aWlvRDR5eTQxNlRadmcxVXpWRjM2VXlaWUR2YnN2M1d5TWVDU0xTZlBVRnhxWkk5N1Zjekx2UWpZMlROME1YOW9aMWUwZDZ3ZjBxZnlIaFRzdmtybGttRllQZTRUOUkyZFdGZWFpOEYwQQ?oc=5,-0.4215,negative
2026-08-04,2026-08-04,NKE,Why Nike’s ‘Win Now’ Strategy Just Won the Stock a Downgrade to Sell - Barron's,Barron's,https://news.google.com/rss/articles/CBMifkFVX3lxTFBQUlNaZURzTVAzc2h6Nll2M1VnSGZ1YlBBRUl5S3JTbndUNUZ4ZVByNXJwTUFibllhdklnYTZSLVpwWDhrNnhrbHptTlA3cWVXYm1VOEZmR3dVcUN1b3VDMnpEQm5sVEVIV04yUTY2QjlCSi11ZFlndGUwd19tdw?oc=5,0.5719,positive
2026-08-04,2026-08-04,NKE,NIKE Stock Outlook: Is Wall Street Bullish or Bearish? - Barchart.com,Barchart.com,https://news.google.com/rss/articles/CBMinAFBVV95cUxQcVFxTlFvQVJUX0dfZ0pFNzE4aEtlb1I1NzhKT0lpRDB0RTlNNVJsUm5peE5tbWNJd2R3MVdnb1ZhelZSZXo4b2FKVVhZaEx4X3duSk42YmJyQUZtbkF5Qkxabm1WSGZXcUlIbEluQ0JhU0dZbXR0Zi1vcVpPRlNZUDJ1ekxMUEFkcFRaQ2xEa0JzZG4zdHhFTHoxalo?oc=5,0.0,neutral
2026-08-04,2026-08-04,NKE,Why is Nike stock sliding today? - Investing.com,Investing.com,https://news.google.com/rss/articles/CBMimAFBVV95cUxPUVpiWHdyd05PWWEyMU16NGFHM09Ua205bnJjWVJLT1IyUUxoNWctaC1qN3Fmczk0Nmx2YldMdnkxRm95ejN6N0hPbXdmZ2N1TXFCWU10dFVFaHN2dlYyYnZFS3J3dGFJUGdOdVRoMldhWFFjbXEtODlzSjdNVmtDNXhZTmhjRDVRSmxKYi1uTm1GTXpBSHFFRA?oc=5,0.0,neutral
2026-08-04,2026-08-04,NKE,This Walmart Analyst Is No Longer Bullish; Here Are Top 5 Downgrades For Tuesday - benzinga.com,benzinga.com,https://news.google.com/rss/articles/CBMi5wFBVV95cUxQSkFhX1ZkU0F0NHpJcVpVcUxUY3NDTG9CQ0pUNXI2VkNaMVN4a0JGdWw3VTVuX1VQY1NmME1JbkItMWhUeU96WVJlV1RZeGRXSUgwM2sxNFZ5cG11QXBlanFCSk9CX21LTG95enh5TjZiVXpMcjNjajhUMDJ2dnVGSFptak1aTGMtUm5fWWxxWUVMTmlLWC15QlBfTmk4bk12WjRDdkZyYjV0OXdzSnl1RDc5Wlk2eUNzU2ZZQnVZdTBnSll1aDdINzNJT1FMeDZpVXoxSTR6aEs1S2dhVWtta3V1QjM1YXM?oc=5,-0.1027,negative
2026-08-04,2026-08-04,NKE,Why JPMorgan downgraded Nike stock — and could it be wrong? By Investing.com - Investing.com Canada,Investing.com Canada,https://news.google.com/rss/articles/CBMiugFBVV95cUxQUnl4Uy1aRThwUXZhYUo0Z2JlVFQ0Vmt4bmZrWGtjWmlleUxLd05BQ2tTZ29tZFFBWEtnSENteVJSaXRSZHFOVHpMc09IUDFfZVg5ai0ybW5uRFJUVEpyU1plNG53MDl4ek5kM2NybU1tci1hbEd4RGphM2hRREVLaVJDU1pSSW9raHRFVmt0VEo5YnQ1NWpjaDYwR2QyYVBXMU9UUTRPaFE3YXJXT3A3REpDOVNxM1FQMVE?oc=5,-0.4767,negative
2026-08-04,2026-08-04,NKE,What NIKE (NKE)'s China Online Partner Exit Means For Shareholders - simplywall.st,simplywall.st,https://news.google.com/rss/articles/CBMiyAFBVV95cUxPUFp4TkFoQzg0Q1NPTk1zTFVuS0laUG1EMmhkcnQxNTlleDlsb19yY3lhZzBvRWZzZk9sN3k1d2k1a0FlekEyVkc0YkphZUprbXhSNUttLVhldzBodzBfQzlkUW1YZmlsODBVOXFJWDJFOEZKREpoXzN4T3pibUpBZFFqdU42bE9NSExmdjNoMUd2dDBVU1R3TEJqVHhsbldhMnRoX0VtMy14LTVhb0hESzdCdU1IajR0QTdLUUQ0ZVg2ZE1weXl6c9IBzgFBVV95cUxPcVdwMEdtc2Y3TVFXMmFMZEI3QnpkaG91bTV3aW5oczl1eVhfTTd0V00tZnFvYXplQ3RXZ0Q0bE1GUXByVkVCOHgzUTQ0NGxtSlo1VGg1RnQ4REx1azhqdWd5ZUZ6ZzNCTE9jZktqWTd0XzdmSmk5ZkVHSWxHdkMtbHA2Zjc3TWk3ZHZIdlYyTXdoM3RoZEtZUEVpQV9DQXNlNGc4UF9IeC10ZGp4ZkpVSGczdFRhQU1oYzE5dTFFNmx4Q21hTmJnN1ZsSU5WZw?oc=5,0.0,neutral
2026-08-04,2026-08-05,NKE,Nike Stock Downgraded on Financial Concerns - schaeffersresearch.com,schaeffersresearch.com,https://news.google.com/rss/articles/CBMipAFBVV95cUxNQVBnNUJzYnV6bVpSVjdGc1VubjM0UUM5YmVhRFVQR3dyN1ZnVTZVU2dvSHc1bHNiMWZ0akVoTTRqamxxN2VXM3RWQ3NPZUNPbjJNLVBsUmxKY3dCUWRDT2NTXzBVUl93LVlaZl9ZUzcxSXdseTZ6MF9VYTRGMmN0clFJRFotMFF5Q1VqSmpKMFZfTi10aDc4dVpHMV9Xd3BpQ0k5NQ?oc=5,0.0,neutral
2026-08-04,2026-08-05,NKE,Nike Stock Slides After JPMorgan Downgrades to Underweight - Benzinga,Benzinga,https://news.google.com/rss/articles/CBMiuwFBVV95cUxNc0hpUnlJWDE3UmU4Z0NqbTlHRkdDRHRpbTl0a0xIYmpPalFjSVdoeXZDRGdaSXhFRlFicEhCSU5FUkdVTDlmdWFWcXd5X0RqTlN3MjROMy0tNHdod2NFem43WlE3Y3NnUFQ2VVpuVWVTcUloN2g0ZW1mMEZqRFdzZVNTcDJ4R3pDNmthRnlyVERrQ0xkamdjUkR1LWQzMWs2YW1ud21YWXdzYjBDUjdDclJGU2xDQ0hFNUdV?oc=5,0.0,neutral
2026-08-04,2026-08-05,NKE,NIKE Stock Outlook: Is Wall Street Bullish or Bearish? - barchart.com,barchart.com,https://news.google.com/rss/articles/CBMinAFBVV95cUxQcVFxTlFvQVJUX0dfZ0pFNzE4aEtlb1I1NzhKT0lpRDB0RTlNNVJsUm5peE5tbWNJd2R3MVdnb1ZhelZSZXo4b2FKVVhZaEx4X3duSk42YmJyQUZtbkF5Qkxabm1WSGZXcUlIbEluQ0JhU0dZbXR0Zi1vcVpPRlNZUDJ1ekxMUEFkcFRaQ2xEa0JzZG4zdHhFTHoxalo?oc=5,0.0,neutral
2026-08-04,2026-08-05,NKE,Nike downgraded as 'Win Now' will create lingering financial headwinds -- J.P. Morgan (NKE:NYSE) - Seeking Alpha,Seeking Alpha,https://news.google.com/rss/articles/CBMiugFBVV95cUxNX0VHNmpqWVJ0cm5KOVlBZk1GQ1BRWnZmZkt3MVBIVllDYm4ySE4xRW0tVTJjaHh1REo2blIyMklDSTVLLVhveHlPR1BMdDNzWlFqR1Qtb0oyYjlCb0VjWnBvVk8yVmszd29PUlBzOTZUR1htakgzRUF2dDJqTER4R2czeEEtV0lkTm9mNnd3VXdUVERYX1JWQjBJa0dKUjAxVTZOS0JoZTZ6OGZyVm9rUkt3RFctYzQtaGc?oc=5,0.7096,positive
2026-08-04,2026-08-05,NKE,NKE Looks 41.7% Undervalued on GF Value™ Amid Dividend Concerns - GuruFocus,GuruFocus,https://news.google.com/rss/articles/CBMioAFBVV95cUxQWmFWNVJGUjctUWxFb2VJOGt6WmQ1WlB6UV9xSjhtQml4STdabHlGZnREWnM1Sk52VnJoeTY1OXkzQTktS2kwZ0VmcjE5dGtmZUc5c2xud3p4ak8xWXVMMDR1akZqZGZZMklDTGdyUFp1YUZpc1hqX0JjZXI0eTgzV1NTYk50dkN4Zi1PaTRHVVREMDNTdTlRVUdCTmE3MUhv?oc=5,0.34,positive
2026-08-04,2026-08-06,NKE,Nike Stock Downgraded on Financial Concerns - Schaeffer's Investment Research,Schaeffer's Investment Research,https://news.google.com/rss/articles/CBMipAFBVV95cUxNQVBnNUJzYnV6bVpSVjdGc1VubjM0UUM5YmVhRFVQR3dyN1ZnVTZVU2dvSHc1bHNiMWZ0akVoTTRqamxxN2VXM3RWQ3NPZUNPbjJNLVBsUmxKY3dCUWRDT2NTXzBVUl93LVlaZl9ZUzcxSXdseTZ6MF9VYTRGMmN0clFJRFotMFF5Q1VqSmpKMFZfTi10aDc4dVpHMV9Xd3BpQ0k5NQ?oc=5,0.0,neutral
2026-08-04,2026-08-06,NKE,JPMorgan becomes bearish on Nike due to its long turnaround plan - CNBC,CNBC,https://news.google.com/rss/articles/CBMimgFBVV95cUxNV3RsZUtHaWlFcTZ6QTZkNmVBTkhydHRVTXgtQ2VQQnVGSkY5SWtfa3ZKM1VGbXBnWEY5Q2hmbzZKN2pJU1ZOdVZtaEJlbTE0czRrRE9qN3hnNTFrODl1YkM1OHAxSVFKMFY2X3NLZmJ0OHJweGRDeDE5MU8weVM4Qy1PdFFELTJIY09lZkhEZmRGc2lFYXJGWGpB?oc=5,0.0,neutral
2026-08-04,2026-08-10,NKE,"Nike’s ‘Win Now’ China Reset May Cost $1B In Sales By 2028, Analyst Warns - Yahoo Finance",Yahoo Finance,https://news.google.com/rss/articles/CBMikwFBVV95cUxQUTFleGlNbFkxTWVjQnBWYkN0MnpDTE81YlpJOHJJX3NqeUlXOXExX25tdVpoQUVqNHRGUVl3N2RGZkJvT01LeHE1SGhGZVVSRXlHTnhJMEJNRmVsZmNJc3puT3o0bHNYVWZEd1huUHRCdWpzM2xEdG02RWtTdndEOUhzYlo2WWRqcUh0bTlsV3p0d3M?oc=5,-0.1027,negative
2026-08-05,2026-08-05,NKE,NKE Stock Trails S&P 500 By Widest Margin In 25 Years – Can Elliott Hill’s Turnaround Effort Change Narrative? - Stocktwits,Stocktwits,https://news.google.com/rss/articles/CBMihgJBVV95cUxQbWlDbnVOS0UxOGNNVVJNYTZLZW5QcGNwTGp4bjdnS3hISmZvMmxSR01abUNfSTRQRmE5RUVhMEsyanlXYUladlcxVkNZN0EzdTZoTXJ2VHE0RVItS3BOV29ZcmVxN19yRHQtZEJYS1B6VzBsODFBbUlUU0FHMXNDb1VWZkczSUdQc1RaaHNNVEVCNGtSbllGNnd6Ti1sdkFsSzhhOVZRLWdZSGFxVGdHWXRzRlg3X2RsNTdxN0c3a2tLaHc5ZGpVSzQ4ZkNqWHlWMHhmQXZXZnFJa0gxaTJnVHNkNEFIbFF2dVBWZUhvT2JkUFM4NkhwbkpEN2F6NTd3eDJmcHBn?oc=5,0.0,neutral
2026-08-05,2026-08-05,NKE,"SpaceX Stock Slides Premarket As Nvidia Deal Clouds Tesla Chip Plans — Musk Backs $10 Trillion Bull Case, Taunts Crowded Shorts - Stocktwits",Stocktwits,https://news.google.com/rss/articles/CBMiwwFBVV95cUxQeFVXUkF4VVZuclhRZDhhZG1nRHBtNmVCcjV0ODlIQ1dIbzZUbGswdHF2ZzlJT0d5LTRMc190OXNudnNRb2UxRmViWkVLZ0JWcGlrS2FNU0hEZU56cmR6SExKQkRjbHBsenFYcGtkZHFxWGs1QUthdEhzTDZHY05wNjVLbmJyaG1xQ1E2cXVTZ0ZSVmdGb2FBeWdEZG9ob2NsUVNEdm9PanBZTG9aVjgwbDQwNmlqekZiQWxac2F4OWRhemc?oc=5,-0.0516,negative
2026-08-05,2026-08-06,NKE,Why Is NKE Stock Falling Premarket Today? - Stocktwits,Stocktwits,https://news.google.com/rss/articles/CBMipwFBVV95cUxQa1Y4VnEwZnJXc3ExQ3o1WkFDWVg2d2tDbVo5VkdFcm50NjBOM1FHSGR0MTR2eFVmRkgzWC1GRW1SUW1PYkhrQWlQdWVOTHdkaHdueDdlTlFuaExZazJ3ZlNwWnRtQjljNlpSNmFqVnE2RFhDWXJ2MUZzdVd5a2xkY25mZlZWY1oxeGFlOXFmcXE0Q3dFLVBQRmlzbjRSSVdnczZLSDZsSQ?oc=5,-0.1531,negative
2026-08-05,2026-08-06,NKE,Nike Stock Falls 3.6% After JPMorgan Warns of $1 Billion Hit - Yahoo Finance,Yahoo Finance,https://news.google.com/rss/articles/CBMijgFBVV95cUxNU08yWHhNUTgzN0RJZjlreWVmYUJNdHpLTDVHZ1hLNkRlZWJqOWJDV25kLUdhRk9NbmJhblZnMkJZdWFDU1ZTYUh0eS1qT2pubkc3dnNTMEo4NDdTcTZFcVR4STRJRGJxZjVucTVqRzhxelVYT2poblFma2g0VTNwM3RTcG1wYUpTeExSTHNR?oc=5,-0.1027,negative
2026-08-05,2026-08-06,NKE,Nike stock could suffer because of JPMorgan verdict - thestreet.com,thestreet.com,https://news.google.com/rss/articles/CBMikgFBVV95cUxOODc1Qmh1ZTJQMG1yVTRVNWc0WExvX3VKSmstcmt1V1FGUWx0eXZnRnc4VzRmajIyQjY5T3lQNm9NTnowS2ZsU1lwcDh3YS1RR1N4ZWc0ZUVQWGU5VFBkcXNtRU1NbTNpWlN0TlUtSTBpY21UXzU0SlhtS1pETUloUHZEd25SRUFmS1JUSVJ4YXF2dw?oc=5,-0.4404,negative
2026-08-05,2026-08-06,NKE,NKE Stock Trails S&P 500 By Widest Margin In 25 Years – Can Elliott Hill’s Turnaround Effort Change Narrative? - TradingView,TradingView,https://news.google.com/rss/articles/CBMi_AFBVV95cUxPOXBwalF5aG1xN0hQV3djZ1RCSkZNY1VacmU0V1o1WFpUMzcwazV2M0QxOVAtM0xwRFpaNi1YVDJKd3hQX1BSWVNZOWRyalZ6eTA4eXdnc0tOMHRnV3l1VWxQM2kyOG1WWkdyZExJMTl2YThnclA0cWgzLXJIcTRuWFo0U09vcW44YXp3a09WLW1Jc1FOYm5KZDhNV29rRXBJOGdBbUttQUZZdUZxZVFuRm0yYVRYYlVBdTM3VFlrWF84NEFkYlczaGRGYTViZURQSXRMT0xIRkJuLVc0OE9MS2UzQjEyOU1OUFducWdnWmJhS19TVUlFeDNvOFg?oc=5,0.0,neutral
2026-08-05,2026-08-06,NKE,Nike (NKE) insider Philip McCartney plans Rule 144 sale of 524 Class B shares - Stock Titan,Stock Titan,https://news.google.com/rss/articles/CBMijAFBVV95cUxORzQyQmRTYkFJWUdqM0ZvMC1TNWl2UnlKYUs1M0tGLV9SVkFQSTZMSFYxUWdKck56eS00QmFmakV2T3E3bEF6eTAybXM4cDhpM1BFRTdZNlBEXzdFQ2VZTUtSYXU4RUNmQlhRQnNzRnVaZ05pdTROUVRSaThBakpVaEFyN1h0NlhRdjFQLQ?oc=5,0.296,positive
2026-08-05,2026-08-06,NKE,Nike stock is underperforming on a historic scale: AlphaSpace stat to know - Yahoo Finance,Yahoo Finance,https://news.google.com/rss/articles/CBMiygFBVV95cUxQSE9uQkVGR1U0ZnR0eHpmb3lqYTgyTG9BTVpNWDQydkZhZUNySkV2aXMxWW13dmpEZ3pKVGh2M211UmRnbmFiZ0RtTlJpOXBtblBmaTFoUi0wejB0V0FYVnNwSTJjOUt4MzdUWDIwVm1aX083UGtGNERmT1gzaHlEUm55T0NEUW1UeHNiZ1ZDVWwyRlVRYS1JbWxmLWpjc2M0V1pNajU0OVFBVzhnR2pBNFN1M0F6S0p1U1VtTUZLeUJpT0JsSFhlSlRB?oc=5,0.0,neutral
2026-08-05,2026-08-06,NKE,"NIKE, Inc. $NKE Shares Sold by Quantinno Capital Management LP - MarketBeat",MarketBeat,https://news.google.com/rss/articles/CBMivAFBVV95cUxNUnZ1b3RKZndtWnZhSjljbnVpcTNYN3gzcTA0ajZfYlFrSmc4czlCLW9wU1ZLN3JhME5uYkF0cGJoUGxDYkhmZjhOVUlmQ1p2bTRVbDJYQlBXTVZCU25xNDlYQTZ2ZmpUY2k2d25CVTA5SzlrVlo2REc5eW5tSXpRYzFrQW1kUDF2OTNzRm4wUDU0TUxvdHZGaElDek1vLWMtaFBLcjBmN2ZoT2M1bHZIRVdXRGV6MDBFMU9XSQ?oc=5,0.296,positive
2026-08-05,2026-08-07,NKE,Nike Stock Falls 3.6% After JPMorgan Warns of $1 Billion Hit - Yahoo Finance UK,Yahoo Finance UK,https://news.google.com/rss/articles/CBMieEFVX3lxTE5MSnA3UXUwajRHTzlSNzZnMHlpUnNKclhpMHZoSEJNSzdUZWtMMEpNZnNZOE1VYUNDU3RmSG9Ob2VEbGxaRjdQUFEtLVJyVFRLcUdMYWd5RlRaQWhhVExaRnUwOTNxTU9UXzlUaVBoYjhweEt0Sm1UYQ?oc=5,-0.1027,negative
2026-08-05,2026-08-07,NKE,Nike (NKE) insider Philip McCartney plans Rule 144 sale of 524 Class B shares - stocktitan.net,stocktitan.net,https://news.google.com/rss/articles/CBMijAFBVV95cUxORzQyQmRTYkFJWUdqM0ZvMC1TNWl2UnlKYUs1M0tGLV9SVkFQSTZMSFYxUWdKck56eS00QmFmakV2T3E3bEF6eTAybXM4cDhpM1BFRTdZNlBEXzdFQ2VZTUtSYXU4RUNmQlhRQnNzRnVaZ05pdTROUVRSaThBakpVaEFyN1h0NlhRdjFQLQ?oc=5,0.296,positive
2026-08-05,2026-08-07,NKE,NKE Stock Ticks Higher After Hours on Second Round of Layoffs In 2026 - Stocktwits,Stocktwits,https://news.google.com/rss/articles/CBMiygFBVV95cUxNTHNjTU9raHhwdUtpamJRODJFSk9pbHVCdDJoVUg1QzFBalAtaGxyZkFMT2VxcE1OSXhjVUhLUnVpb3RpVHJzajI4ZUc4d0FUR0NnaFNwVUxGbHMxMHl6OFZqSzVqSEM0eHF1UWxWUnEtcTZNUUtQUzlOekxuRlU2ZEp4b2kwU3lIUjFvRjZtdENsWWVuaHUwWjNCU3BRUERLZjkxY3h2TXdWSGdrd1hCcnU1OFFrTkRVRWEtWVJWejdkVFd5OUdPQm1B?oc=5,0.0,neutral
2026-08-06,2026-08-07,NKE,"NIKE Keeps Quarterly Dividend at $0.41 a Share, Payable Oct. 1 to Holders of Record Sept. 1 - marketscreener.com",marketscreener.com,https://news.google.com/rss/articles/CBMi1wFBVV95cUxOcm5YSWx6cGFNUW5TSFZNRGtQVzBDNGpkNmJjSnJIZFJEaUVoSzR1d21ZV3dBMkY0MVF6WnBpQ2VnS3dDME9IRXh4M2wtdW5rS0ViUTN2Z0tmeW5Mcm9OenBqVGJBZ1dTS1hsZHdoSXNnaXdfWUZuaEg0cWREenhKMk55VU4zRWY5NzVQZHlIR0YyU0lUSVlLdG94c0NIZ2cxYmxZTVRiMXZvZjM4N3hiVTY1bTdDUDRHZlVwMm5CNHhka0NLZVo2dG1QeW1uU0pEc1k4TWdxbw?oc=5,0.296,positive
2026-08-06,2026-08-10,NKE,"Nike schedules its $0.41 dividend payment for Oct. 1, 2026 - Stock Titan",Stock Titan,https://news.google.com/rss/articles/CBMijwFBVV95cUxNN3h3NXB5X1NKQURWYlBfelVoOUZ0M1ZvdHQ3aEtlN1ZOZzRHNWNxWF9PTDhLRGdBcmJheDRINS1DaXprQkE4aHdLajhqei1lSXRQQkVpaHNHTGtHSWlDYTFPd3FlMjRPNV9zRGpjdFhXRmJnZms4Z19MckRmRHl0STJ6RG5ocG5iaEZtWFhpSQ?oc=5,0.0,neutral
2026-08-07,2026-08-07,NKE,"Nike schedules its $0.41 dividend payment for Oct. 1, 2026 - stocktitan.net",stocktitan.net,https://news.google.com/rss/articles/CBMijwFBVV95cUxNN3h3NXB5X1NKQURWYlBfelVoOUZ0M1ZvdHQ3aEtlN1ZOZzRHNWNxWF9PTDhLRGdBcmJheDRINS1DaXprQkE4aHdLajhqei1lSXRQQkVpaHNHTGtHSWlDYTFPd3FlMjRPNV9zRGpjdFhXRmJnZms4Z19MckRmRHl0STJ6RG5ocG5iaEZtWFhpSQ?oc=5,0.0,neutral
2026-08-07,2026-08-07,NKE,"NIKE, Inc. (NYSE:NKE) Receives Average Rating of ""Hold"" from Brokerages - MarketBeat",MarketBeat,https://news.google.com/rss/articles/CBMiugFBVV95cUxONTNWb3VubmQ1ZmhIcXgyemRJZjR4NmhnR0pZSHBqcm81cnRkQ0NyUTUycnRRZGRmSDM3cjFfdlRzMzM0NDRzYTBHcWZxbWhQaHJjU1BqaEY2d2hsV1hwNXRRcVFad0xMMzctUnBYMXBTZGdwM0tMWFpoOUhvYVcyS090MXNLOG1jR21TSm11UUphMXh1cDdUazRWcGE3MXlKd2FaY0dZVXBoT0MzbkVCQ212emh0bHZDWmc?oc=5,0.0,neutral
2026-08-07,2026-08-10,NKE,NKE Stock Eyes Red Week Ahead Of FIFA World Cup: Nike’s Star-Studded Campaign Can’t Stop It From Falling - Stocktwits,Stocktwits,https://news.google.com/rss/articles/CBMipwFBVV95cUxPcFBlSmJIam14bkliWGo3V0M2ckFxNVhraWUyNVBSLVN5akI1MnNTUGNBMDBYcW85MmlUWTA1aWlvRDR5eTQxNlRadmcxVXpWRjM2VXlaWUR2YnN2M1d5TWVDU0xTZlBVRnhxWkk5N1Zjekx2UWpZMlROME1YOW9aMWUwZDZ3ZjBxZnlIaFRzdmtybGttRllQZTRUOUkyZFdGZWFpOEYwQQ?oc=5,-0.4215,negative
2026-08-07,2026-08-10,NKE,"Matthew Friend Sells 2,463 Shares of NIKE (NYSE:NKE) Stock - marketbeat.com",marketbeat.com,https://news.google.com/rss/articles/CBMirAFBVV95cUxORzdsSUs0eVVjcXFSOThGd19DVXpuUktNOURjUGwwQUZhUmRJUjFYb1RwZ0xhbFZYNHRERkFIYjVyNVpaMEJaWE10dHZXazVMSnFfS3lMQ2k3TnE4NlRwSm9sWG5HZGVaVG9lZzI1Vl9PSFMyZk9RVlo5bkFienhIZ0tsc0xWNGEyeGZHaEVBZGdxV1k1TDlCamtRWVNzYnFwSmRfZWpoQXZyT3Zw?oc=5,0.6597,positive
2026-08-07,2026-08-10,NKE,NKE Stock Gains Premarket – Will The Dividend Confidence Reignite Growth? - Stocktwits,Stocktwits,https://news.google.com/rss/articles/CBMizwFBVV95cUxNTkp2QVpDYWRONTk0Z0ViVU5jSXd2NFY1alVFRUp0QVl3eU43R19tNmJyaUVQR0RRS2hyRTJXbmJIci1iNmw5NDZsZ0F4TWhYSWFwMDdYbzg0Q0F5NHB5LU85TjFodG1EY1hxQ0hCVnVodE10S1JkNUFYNG8wcWs5UURnZXk4cHp6cnFEVC03RlhQaUtTRzU0LVpNWmNMVE5iSnEtQzNsMko2Z1F2V21XOWZUeWUtQklpYndJQ0tWMnFOcllxaHhuTDEwdFhHWVU?oc=5,0.8074,positive
2026-08-07,2026-08-10,NKE,Philip Mccartney Sells 524 Shares of NIKE (NYSE:NKE) Stock - marketbeat.com,marketbeat.com,https://news.google.com/rss/articles/CBMirgFBVV95cUxORGJWZkIyc1J5SFFNUU96dWxqSFdSOXRwOWJHR1lLWW1rX19LRGdGRW5CUC1YLVI5U3BIa1FSU2xmM0J6Zi1lQm1lVjNaTGxXZ0NRcFVpWC1ld3dPWnptT2t3d0J6dThpQ2xyR3NHVjV6c0FUVEM4QTNUbzZPNzBEOFc4cHoxWThMYm1DRDlSZEdhQjRBU0xIdUhkSDVNQ2M4YjV0TVI5M29FcjVsaHc?oc=5,0.296,positive
2026-08-07,2026-08-11,NKE,"Matthew Friend Sells 2,463 Shares of NIKE (NYSE:NKE) Stock - MarketBeat",MarketBeat,https://news.google.com/rss/articles/CBMirAFBVV95cUxORzdsSUs0eVVjcXFSOThGd19DVXpuUktNOURjUGwwQUZhUmRJUjFYb1RwZ0xhbFZYNHRERkFIYjVyNVpaMEJaWE10dHZXazVMSnFfS3lMQ2k3TnE4NlRwSm9sWG5HZGVaVG9lZzI1Vl9PSFMyZk9RVlo5bkFienhIZ0tsc0xWNGEyeGZHaEVBZGdxV1k1TDlCamtRWVNzYnFwSmRfZWpoQXZyT3Zw?oc=5,0.6597,positive
2026-08-07,2026-08-11,NKE,Philip Mccartney Sells 524 Shares of NIKE (NYSE:NKE) Stock - MarketBeat,MarketBeat,https://news.google.com/rss/articles/CBMirgFBVV95cUxORGJWZkIyc1J5SFFNUU96dWxqSFdSOXRwOWJHR1lLWW1rX19LRGdGRW5CUC1YLVI5U3BIa1FSU2xmM0J6Zi1lQm1lVjNaTGxXZ0NRcFVpWC1ld3dPWnptT2t3d0J6dThpQ2xyR3NHVjV6c0FUVEM4QTNUbzZPNzBEOFc4cHoxWThMYm1DRDlSZEdhQjRBU0xIdUhkSDVNQ2M4YjV0TVI5M29FcjVsaHc?oc=5,0.296,positive
2026-08-08,2026-08-10,NKE,NKE Stock Slips On China Business Strategy ‘Misstep’ And ‘Surprise’ CFO Change Before Earnings - Stocktwits,Stocktwits,https://news.google.com/rss/articles/CBMi5AFBVV95cUxPaVFRUjk4ZXQxQ0NPb2ltSUptdnNhWW9aWHVDd1YwbVlmY3oycWRvampfUzhCU1czRzlOMF9YVDljZHJnNm1GTElTbWZqem1MREl1N1B0eFE1NHVVZFJjREdOd3NzcXE5dm5lYXRfZl9jeTI1cUt6dlFFN0NwODFLZEJKNmF6MFZsd0RVd0ZkMFlJd2cwQy1XWHMwcHpIWXhFT1plSGpRUEh0WFlzUEdnTExwanJUQzVQeUh2cEN4cklrWHBMdGNONUxJUFdLWTJyQlF2aUgxZWkwSnlEbHNOeXhRbUQ?oc=5,0.0,neutral
2026-08-08,2026-08-10,NKE,"NIKE, Inc. $NKE Stock Holdings Boosted by Rockland Trust Co. - marketbeat.com",marketbeat.com,https://news.google.com/rss/articles/CBMiuAFBVV95cUxOTHB5eE9rWUtra2htQjRkeENaZUJDbGhyN3JubHJiNDctQlA0dEtyUmNud2JnOF9RX1BzRHdMNlFza18zQWVMX3RJM1RKZHk4TkJCZnVaS2VQOExvQ3dsbGJWcVh0d3JYTXpKbzliXzBDYlVyS2lDYm1Jcm5aVnFsTTNFV2F2WFltUHJfN2NtWmxNYWxKQTV5RjhnRUplbnd3QWU5Y05JRFhCdERnNkRKQkhGOUp4dWs5?oc=5,0.7003,positive
2026-08-08,2026-08-10,NKE,NKE Stock Gains Pre-Market: Google AI Shopping Rollout Targets FIFA World Cup Demand - Stocktwits,Stocktwits,https://news.google.com/rss/articles/CBMivwFBVV95cUxNUkU4Z3VPUjB2YTVFN0hMMnRXZldpSnRDTUhtMFhDMnJueTVlR1hLM3dKUk0zblFqTV95eWFiMzk2SjZET0JmMWFFNE1aM3VWMGxqd3o1amJKZkdmUjFEX25EemctUnd4Mk43NnBiZnJhX0VpUjdNWkdrc0gxT29DZi02SFBhQnRsLVRicnJDY1NrRU5RVk02TjRET2pJUmgza3FvM3pPR1Fmemt2YWQtYWxxSFByVzZESEF0ZFJkMA?oc=5,0.2263,positive
2026-08-08,2026-08-10,NKE,NKE Stock Ticks Higher After Hours on Second Round of Layoffs In 2026 - Stocktwits,Stocktwits,https://news.google.com/rss/articles/CBMiygFBVV95cUxNTHNjTU9raHhwdUtpamJRODJFSk9pbHVCdDJoVUg1QzFBalAtaGxyZkFMT2VxcE1OSXhjVUhLUnVpb3RpVHJzajI4ZUc4d0FUR0NnaFNwVUxGbHMxMHl6OFZqSzVqSEM0eHF1UWxWUnEtcTZNUUtQUzlOekxuRlU2ZEp4b2kwU3lIUjFvRjZtdENsWWVuaHUwWjNCU3BRUERLZjkxY3h2TXdWSGdrd1hCcnU1OFFrTkRVRWEtWVJWejdkVFd5OUdPQm1B?oc=5,0.0,neutral
2026-08-08,2026-08-10,NKE,Nike (NKE) Is Betting Big on Basketball’s Next Generation. Will It Pay Off? - Yahoo Finance,Yahoo Finance,https://news.google.com/rss/articles/CBMinAFBVV95cUxNb0JMbVNQaTBmdjBHYkVGMDViMjNXcVVQVUFXLU1uXzdWbU54YmV1eEI4OUFocnNjQS1vLVRfenRzNHdIcUtUOUQwcnhjcGppaTUzYUhXbUhPanIxdHI1MFpzQ3A4YlJLaWZjRE5MeDZpNkl3UlAzclVKTEZWdnkxRS1UZU5CbHhJblBUalVFMVBqWWpTenJaSHRrTXY?oc=5,-0.1027,negative
2026-08-08,2026-08-10,NKE,Venkatesh Alagirisamy Sells 890 Shares of NIKE (NYSE:NKE) Stock - marketbeat.com,marketbeat.com,https://news.google.com/rss/articles/CBMitAFBVV95cUxOR0JTMUlmSUlYVUY3SEd0QndKdHpZVnZGV2ZIU0tESGlaMWdyWlo2YUU4bFhsWTBHb3R5VzhuWTVSZ21JZldoZnVZVHlyUVh1M05uaHVmZklNbllnYzAweUtUUEhsYUl5T3ZmaVRjX05JbG5sQXRpWlMxSEh5ZkJLTzZoQ040Z1U5MWRYM1hCRHpRQ3dReHpmUEtkOW1wX3pQU2dlbGhKenhPWkxrblIyQ2w5VHQ?oc=5,0.296,positive
2026-08-08,2026-08-11,NKE,"NIKE, Inc. $NKE Stock Holdings Boosted by Rockland Trust Co. - MarketBeat",MarketBeat,https://news.google.com/rss/articles/CBMiuAFBVV95cUxOTHB5eE9rWUtra2htQjRkeENaZUJDbGhyN3JubHJiNDctQlA0dEtyUmNud2JnOF9RX1BzRHdMNlFza18zQWVMX3RJM1RKZHk4TkJCZnVaS2VQOExvQ3dsbGJWcVh0d3JYTXpKbzliXzBDYlVyS2lDYm1Jcm5aVnFsTTNFV2F2WFltUHJfN2NtWmxNYWxKQTV5RjhnRUplbnd3QWU5Y05JRFhCdERnNkRKQkhGOUp4dWs5?oc=5,0.7003,positive
2026-08-08,2026-08-11,NKE,NKE Stock Gains Premarket – Will The Dividend Confidence Reignite Growth? - Stocktwits,Stocktwits,https://news.google.com/rss/articles/CBMizwFBVV95cUxNTkp2QVpDYWRONTk0Z0ViVU5jSXd2NFY1alVFRUp0QVl3eU43R19tNmJyaUVQR0RRS2hyRTJXbmJIci1iNmw5NDZsZ0F4TWhYSWFwMDdYbzg0Q0F5NHB5LU85TjFodG1EY1hxQ0hCVnVodE10S1JkNUFYNG8wcWs5UURnZXk4cHp6cnFEVC03RlhQaUtTRzU0LVpNWmNMVE5iSnEtQzNsMko2Z1F2V21XOWZUeWUtQklpYndJQ0tWMnFOcllxaHhuTDEwdFhHWVU?oc=5,0.8074,positive
2026-08-08,2026-08-11,NKE,NKE Stock Trails S&P 500 By Widest Margin In 25 Years – Can Elliott Hill’s Turnaround Effort Change Narrative? - Stocktwits,Stocktwits,https://news.google.com/rss/articles/CBMihgJBVV95cUxQbWlDbnVOS0UxOGNNVVJNYTZLZW5QcGNwTGp4bjdnS3hISmZvMmxSR01abUNfSTRQRmE5RUVhMEsyanlXYUladlcxVkNZN0EzdTZoTXJ2VHE0RVItS3BOV29ZcmVxN19yRHQtZEJYS1B6VzBsODFBbUlUU0FHMXNDb1VWZkczSUdQc1RaaHNNVEVCNGtSbllGNnd6Ti1sdkFsSzhhOVZRLWdZSGFxVGdHWXRzRlg3X2RsNTdxN0c3a2tLaHc5ZGpVSzQ4ZkNqWHlWMHhmQXZXZnFJa0gxaTJnVHNkNEFIbFF2dVBWZUhvT2JkUFM4NkhwbkpEN2F6NTd3eDJmcHBn?oc=5,0.0,neutral
2026-08-08,2026-08-11,NKE,Venkatesh Alagirisamy Sells 890 Shares of NIKE (NYSE:NKE) Stock - MarketBeat,MarketBeat,https://news.google.com/rss/articles/CBMitAFBVV95cUxOR0JTMUlmSUlYVUY3SEd0QndKdHpZVnZGV2ZIU0tESGlaMWdyWlo2YUU4bFhsWTBHb3R5VzhuWTVSZ21JZldoZnVZVHlyUVh1M05uaHVmZklNbllnYzAweUtUUEhsYUl5T3ZmaVRjX05JbG5sQXRpWlMxSEh5ZkJLTzZoQ040Z1U5MWRYM1hCRHpRQ3dReHpmUEtkOW1wX3pQU2dlbGhKenhPWkxrblIyQ2w5VHQ?oc=5,0.296,positive
2026-08-08,2026-08-12,NKE,NKE Stock Gets Hit With Downgrades As China Slump Clouds Turnaround - Stocktwits,Stocktwits,https://news.google.com/rss/articles/CBMi0gFBVV95cUxPZjVoRXVubmpUSlNtT0t5NlZLckQ3UVVuUk5wQnhwMHEwMXJZYmNrZ1V3dXpSWHJHbjRUTjdRMmljZE5rV2VpbEpMVXVvR2k4LUlKYUlybFo3dDVPZkxJRXFiRzVSQjlWLXU5TlF3M1hHem1ubC04Qi1vTTdZZlhyY2hWa1ZleENMZUR4RjFJd1hpN3hISjczWHRZV1NleHdqd2t1WDYxbU9yWU04LTRITFRaMGcySDVhQXpfcnBrdnUwOEhSTHRWd1RlRVFfNUdQVGc?oc=5,0.0,neutral
2026-08-09,2026-08-10,NKE,Nike Stock Is Down 76% From Its High. Is It Time to Invest in a Possible Comeback? - Yahoo Finance,Yahoo Finance,https://news.google.com/rss/articles/CBMikgFBVV95cUxPcHV4Y2kycG90UTd0RXk3OVNCOElpOUR2czd2R2FjVmVEMGhKMzBBZTJDQzRWNTg2WE50NUlhcmlqa1hUb1BhUThQWmNzQlprWEJ5aVFEMEFUaUJIb1YzTGY5Tl9fcWVrRHV3NkhRam5LbDA2QV9QZVRlRzczN2dmMENtekV3ZFNKbWl2aWZvT21EZw?oc=5,0.0,neutral
2026-08-09,2026-08-10,NKE,Nike Stock Is Down 76% From Its High. Is It Time to Invest in a Possible Comeback? - The Motley Fool,The Motley Fool,https://news.google.com/rss/articles/CBMilwFBVV95cUxNc295Y1FYUFIxUUFPcHpwSnAxZ1RJUUYycFlvSjR6bzF3X0FIdjVWSXRzN1ZOSEVSTnBDNkNTdGdET3k3LXIzNmp0NW5WZUhHYTZfYmp5dmdLRmpKOVllZk1TMEhnWk1OeUYwWGFXRm1iV2NaUDlpclY1OF9UMV95dDJtQVMtUzJvcFhMLWs2SEZwUnFRSWVz?oc=5,-0.4404,negative
2026-08-09,2026-08-10,NKE,You Can Do Better Than Nike. Buy This High-Yield Dividend Stock Instead. - Yahoo Finance,Yahoo Finance,https://news.google.com/rss/articles/CBMilgFBVV95cUxPZTM4MEQxa2dTLWF6Q2szUzN2YzFwb2FFNUpRbExkNGJ6Smpkb082Si1MUXpSdDYwV0J5UHhETUNHbUhRQnpQTjVjLXpDQ1JFcFhsZVN2NXc0Y2hyT2MxcmZRQ0Y3dU04R1JZakZibmpiSk1HR2pSYTFmZ3kyRDZSUExSdHhDSFJNRm4yczRkbW1fcHlBSVE?oc=5,0.4404,positive
2026-08-09,2026-08-10,NKE,You Can Do Better Than Nike. Buy This High-Yield Dividend Stock Instead. - The Motley Fool,The Motley Fool,https://news.google.com/rss/articles/CBMilAFBVV95cUxOR3VIQjJWeWNCQzZ1YVFWTExHVFNCSFB6TUE4Z0htRmNWbmFSLXFMODEtSE9mS0pxY3hhN3dyellTaFNicDJZT3ZZS1JYVXUtclhjTURrWjFsXzBQR0ZoclhSZTljaDl5N0pmM2o0bWhMSUR3N2VwTFQtUGxsX1FCUjVja0hobjJKZ1NaOHVfaFp2Y2Nm?oc=5,0.0,neutral
2026-08-09,2026-08-11,NKE,Nike Stock Is Down 76% From Its High. Is It Time to Invest in a Possible Comeback? - fool.com,fool.com,https://news.google.com/rss/articles/CBMilwFBVV95cUxNc295Y1FYUFIxUUFPcHpwSnAxZ1RJUUYycFlvSjR6bzF3X0FIdjVWSXRzN1ZOSEVSTnBDNkNTdGdET3k3LXIzNmp0NW5WZUhHYTZfYmp5dmdLRmpKOVllZk1TMEhnWk1OeUYwWGFXRm1iV2NaUDlpclY1OF9UMV95dDJtQVMtUzJvcFhMLWs2SEZwUnFRSWVz?oc=5,0.0,neutral
2026-08-09,2026-08-11,NKE,You Can Do Better Than Nike. Buy This High-Yield Dividend Stock Instead. - fool.com,fool.com,https://news.google.com/rss/articles/CBMilAFBVV95cUxOR3VIQjJWeWNCQzZ1YVFWTExHVFNCSFB6TUE4Z0htRmNWbmFSLXFMODEtSE9mS0pxY3hhN3dyellTaFNicDJZT3ZZS1JYVXUtclhjTURrWjFsXzBQR0ZoclhSZTljaDl5N0pmM2o0bWhMSUR3N2VwTFQtUGxsX1FCUjVja0hobjJKZ1NaOHVfaFp2Y2Nm?oc=5,0.4404,positive
2026-08-10,2026-08-11,NKE,"Nike announces resignation of chief accounting officer, names interim replacement - Investing.com",Investing.com,https://news.google.com/rss/articles/CBMi0gFBVV95cUxQRGYtQnlZY21GSmljc0dJN2E2NmZELXg1aloxTUxXUy1KYW40ZUVHbGliX0stWVJvZ2RiMHFhZTFtSnlKQk9wY25pb2lQQmQyWjh0WjFsQ0I4N3BxcEltbWYyRF9ObU9HSkJWNVU4VEZDZi03VF85S2VyNy1JVHdiRjZ0QnYtNU9lS1lvcDV5RHB5dXVCb05pN2pUVE01bndTVVFqb2hQSC0wNHlYQjcxV1R6WWY2Qkc5OEJMaGo3bWIyLV9kWFlKQW5sU2NpZkdPZHc?oc=5,-0.296,negative
2026-08-11,2026-08-12,NKE,Why is Nike stock sliding today? - Investing.com,Investing.com,https://news.google.com/rss/articles/CBMimAFBVV95cUxPMWQ1Q3JwTnNRbjRRQ1lMamxmSkNTa01tTVNMajRwXzR2TUFjUjlkMnc1QmlUQWhvM0Z2OElOOFNONTdVa0ZnVlFRdVFjNF9iRmh6bEh0dGVDdElHZHFPMmFVdGx0NVhpeFFZT3NIczhOMks2V01odnhUbEg1SGxEYmgwTzVIV0FuX2dJSlV6SFZhUjRZWVdCZw?oc=5,0.0,neutral
2026-08-11,2026-08-12,NKE,"Nike, Lululemon, Deckers, and On Holding Have All Plunged. What's the Best Buy of the Four? - The Globe and Mail",The Globe and Mail,https://news.google.com/rss/articles/CBMiggJBVV95cUxQYVFQaFpNWENSeHd3TDRWYkZZTFM2ZjZndXQ0cVVqdm5LMVBZN29aZ0xZQ3U0NmVvNjF3U09GbDIzcFVfTG9RSk1KTUF2emFreHJvX2N4cG52MUkxZTB0c1NQcmtGWFlIeFktVnRuaVBsd3JHMDEtR2F2LWluMEt5aDI3Um9MYTNMcVhsUFpDVXdielFhMGV2S3pqZVZvTzJjcEVHdXFBX3Fpem5uLWJ6bVM5TjJJWHN5M0h3cFJWRW1OT0dtUmlBRkR4aXpPbEFURGlYSF8zaXlobTZ1VmN3NXlmbmc3a2ZhdXZ5NE14bGpXUlN0VWFJWVdYY2g5WGRpNkE?oc=5,0.6369,positive
2026-08-11,2026-08-12,NKE,Should Nike’s Wembanyama Bet and Leadership Shifts Reshape the Core Story for NIKE (NKE) Investors? - simplywall.st,simplywall.st,https://news.google.com/rss/articles/CBMiyAFBVV95cUxQSDNUR2gzc2FhTVotRUFGaXh3UmxVOTB4WXJUdkFya3NOMEtHY0ZweUJRRy14aTItNHJaaVEyMGhKVDBDTWJ2dXMySUxZeGI3QXMzc1RiM09uRTRGUjl2d3JRMWNKanUwSXZtbDRuNVMtT2F1QmxFMi1XU18wNlpYRVVoSWN3VVpjMHhVTnc2bXdGS3hTU01zaERYNlhOVVAxaEktSHQ5cGlwUzVGVTlhSTRfTG9qTDBXZXFzYUdiUTZMRU5BRHEzbtIBzgFBVV95cUxOaGNiRVJ1cmxmZDNHMFVrSG1sSkhLdUZDdGFxWXJBQUFBdGVmc1ZoWHFXR3h1QkxINUdwbUhVWlM3SlZGQm4xc0I4dXMzTE5aNlNZbE1zYzZoc2VVdDY4WjNkS0VwbjhJUTRFTGNuX3RxQzhZVk1neXBpUXpxYnIxWXUyLU5lOGZfajJEeWRkbmo2UU1nbFRzMDhWeVRjZjdncjBBSHNOLU1iZHBBQjhjN0dXQlFXX3RhVWpNNFl6Si1XTUF1YlVET0w1c1Btdw?oc=5,0.0,neutral
2026-08-11,2026-08-12,NKE,Nike (NKE) Suffers a Larger Drop Than the General Market: Key Insights - Yahoo Finance Singapore,Yahoo Finance Singapore,https://news.google.com/rss/articles/CBMigwFBVV95cUxQNTVxdUlsYTFZMzB1RXdwT1dPNGFqeVA4VUNhWlJTbXZYdmp6Qno2MFFnbkdTbUJoVUczWW1IczNzR3hJUVFrWVMwWGJFZkdSWU91VVphS29TN3YwNUxvNk1rWVlSSGFiN0Zub3FaUGhuU3JucTRwT0dKME1DRV82djlwaw?oc=5,-0.6369,negative
2026-08-11,2026-08-12,NKE,"Insider Selling: NIKE (NYSE:NKE) Insider Sells $204,657.35 in Stock - MarketBeat",MarketBeat,https://news.google.com/rss/articles/CBMitAFBVV95cUxOSDFJWV9CRGE4QkFTWXBOTEZxQmdoOWJfR2hlRzEyNkk2Y2lTWjJ1cUIza25HRVdsUDh0VGphc0ZaNW9fbEFVRW5VNnJidWZpWThmR1NOc1cwQ2F3SGZpT3pOamhUZVJsNWJSazhLaFdIejA5QlRDNElDMGl4QUFsMGlNVFZDNjB4ZjY5LW5KeFhLSGZldmhaWHNGay1sQ3NGc0tUOUxVZXpVYVR5NUJzUGNlbUg?oc=5,0.0,neutral
2026-08-11,2026-08-12,NKE,China’s Athleisure Boom Is Not Lifting Every Brand Equally - MarketBeat,MarketBeat,https://news.google.com/rss/articles/CBMimgFBVV95cUxOZVB2SURaZEFCVS16dFNUSVM3X3BFWXphaDRkeUlpNWkyTWVURmFPbGtrUEU0c0VrVWVMQ2cxSFgwUU5QbUtlXzlycC1BRmZRV2x3NVNwMTM5ZWJGMk9wTWh2NGFsWHdueUdzeGVMT0xDM0J5aUZnOFVOcEZhYlZKM2RYM0FWV01sYWo5SXZKU0F2REd4cE1uLTVn?oc=5,0.0,neutral
2026-08-11,2026-08-13,NKE,Why Is NKE Stock Falling Premarket Today? - Stocktwits,Stocktwits,https://news.google.com/rss/articles/CBMipwFBVV95cUxQa1Y4VnEwZnJXc3ExQ3o1WkFDWVg2d2tDbVo5VkdFcm50NjBOM1FHSGR0MTR2eFVmRkgzWC1GRW1SUW1PYkhrQWlQdWVOTHdkaHdueDdlTlFuaExZazJ3ZlNwWnRtQjljNlpSNmFqVnE2RFhDWXJ2MUZzdVd5a2xkY25mZlZWY1oxeGFlOXFmcXE0Q3dFLVBQRmlzbjRSSVdnczZLSDZsSQ?oc=5,-0.1531,negative
2026-08-11,2026-08-13,NKE,"On Holding shares drop 16% despite strong sales growth, raising questions for Nike - Investing.com",Investing.com,https://news.google.com/rss/articles/CBMi2gFBVV95cUxOR21idjU1OFlZa2NmRlc2TGJFaUNIWmZLd0NfVndVRUVEQzZOZXk5dlRobnNaTUNITlhOd19PSGRKc1FpYlJsNGYwSVRqTGpYUnJKNEdqUjZnQmlPeUJuekZmeUVkcU1iTng5Zk50aVViRm5xZkc0UWJCTng5N1VMc1ZKNFhUcmRPMWhQcDluZEJhTlZPRHdwYVlvVDFkTG4yZDVYZnhXOHl5dXZFOG14a0lTQV9Ec3hLQXdyVTQ2XzBNdGZsdVBuTlVYaHRsWjRnOHJ6YmMzc1lTZw?oc=5,-0.584,negative
2026-08-11,2026-08-13,NKE,NKE Stock Gains Premarket – Will The Dividend Confidence Reignite Growth? - Stocktwits,Stocktwits,https://news.google.com/rss/articles/CBMizwFBVV95cUxNTkp2QVpDYWRONTk0Z0ViVU5jSXd2NFY1alVFRUp0QVl3eU43R19tNmJyaUVQR0RRS2hyRTJXbmJIci1iNmw5NDZsZ0F4TWhYSWFwMDdYbzg0Q0F5NHB5LU85TjFodG1EY1hxQ0hCVnVodE10S1JkNUFYNG8wcWs5UURnZXk4cHp6cnFEVC03RlhQaUtTRzU0LVpNWmNMVE5iSnEtQzNsMko2Z1F2V21XOWZUeWUtQklpYndJQ0tWMnFOcllxaHhuTDEwdFhHWVU?oc=5,0.8074,positive
2026-08-11,2026-08-13,NKE,NKE Rises After Hours Following Insider Buys By CEO Elliott Hill And Apple’s Tim Cook - Stocktwits,Stocktwits,https://news.google.com/rss/articles/CBMi4AFBVV95cUxQZGpHSzgyMWJVeXNHS1d5WEk5ZlZqSGtuRnlzZTVPU2ZCaXh6SVpRelFKVHJITmI0dGJybFE4eWxyNTZwV2pKbXFhdHN4RmRLUm54ckpReU8xbXFlU2I5UzBIQWQzTmhJX0FKN29NcmpRV2h2ckh1RnNMVzVqYmdhY1lBbWFkd0dPZ1FNS21wN3B2dllXMzE4ckVtTkZaZTFWQk04a2U2YS1nVkRaeVNyRUN1UHM2eFR0SUVNZGpKMTZlZDJKOTJBem1EbkxjRnZtM3VvSUpXTjlOZWRGUUxfNQ?oc=5,0.0,neutral
2026-08-11,2026-08-17,NKE,Nike (NKE) Suffers a Larger Drop Than the General Market: Key Insights - Yahoo Finance,Yahoo Finance,https://news.google.com/rss/articles/CBMimAFBVV95cUxNaU5JajBxb1Z0NDJ5QzZiQzlPNmJzVDhjNTc5SGp3LWlDSjhnajRFeUVBR1VqemJhbXBqRWFGRU9PcGQ2d3NfWS1XZjVLUHluMm1lNEJyTWpkQy02MFlESEtZVzJQU0N6WE1McjduZkdRYmFpYlFVTlozZEFxaWwxZTFNdWFIWWk5UEFwZWx1bUN5MGZWbmllZA?oc=5,-0.6369,negative
2026-08-12,2026-08-12,NKE,Zacks Research Has Bearish Estimate for NIKE FY2029 Earnings - MarketBeat,MarketBeat,https://news.google.com/rss/articles/CBMitAFBVV95cUxOczB1MHc2Rm9IdnhSSjlSMzNsUFBPUjVhWEdPNTQ3LVBxMjJzRkdpXzVrZUFmNWFJMWgtcVF6c19QMkx4VWttYVdveEhUX0dvcTZXTTZDcGtEZ0tOTXl4TTBXb0hRbGVBSnM0OElVNTcwTHVRdlVjTTFldDFSbGd3WGVPM3NuRUlyTWR1dHNkaWI3NnBtWEdpX1AtR29tOXQ3clFUSm9XeWxXVGxrRWkxQW1zVEE?oc=5,0.0,neutral
2026-08-12,2026-08-13,NKE,NIKE Stock Declines 35% YTD: Buying Opportunity or Value Trap? - Yahoo Finance,Yahoo Finance,https://news.google.com/rss/articles/CBMilgFBVV95cUxPaEpaS0lsQ25vcHNqUHFEa2xfOUZaWWlod205V2RNdHd4YTE5OW1iNS01OHVhUEZlYzdjT29Pb1J3ZE4wdzJnaE8ybnpFNUFDNjJ3WG43aTk2eW5sckh5VDFrb0ZMNXVCZ0RtYk1Bd3ZPUDIwclVTRkhSeHlyZnRmTGlpZW93MnMtdHhmRG9sbUpJZ3ZXMFE?oc=5,0.4404,positive
2026-08-12,2026-08-13,NKE,NKE Stock Slips On China Business Strategy ‘Misstep’ And ‘Surprise’ CFO Change Before Earnings - Stocktwits,Stocktwits,https://news.google.com/rss/articles/CBMi5AFBVV95cUxPaVFRUjk4ZXQxQ0NPb2ltSUptdnNhWW9aWHVDd1YwbVlmY3oycWRvampfUzhCU1czRzlOMF9YVDljZHJnNm1GTElTbWZqem1MREl1N1B0eFE1NHVVZFJjREdOd3NzcXE5dm5lYXRfZl9jeTI1cUt6dlFFN0NwODFLZEJKNmF6MFZsd0RVd0ZkMFlJd2cwQy1XWHMwcHpIWXhFT1plSGpRUEh0WFlzUEdnTExwanJUQzVQeUh2cEN4cklrWHBMdGNONUxJUFdLWTJyQlF2aUgxZWkwSnlEbHNOeXhRbUQ?oc=5,0.0,neutral
2026-08-12,2026-08-13,NKE,Capital World Investors (NYSE: NKE) discloses 6% beneficial stake in NIKE - Stock Titan,Stock Titan,https://news.google.com/rss/articles/CBMitAFBVV95cUxPLVFCZndSRzg5T2tZUFNqV1pDMkZjX2dDcjdUdEd2ZWtkY2lBbjlWOWU0MURZeXI3VTRMVXF6aGl5Qk5TWXdtcVNpV3J0UDAwWEFUY1JGcnRVUUw5QVM1QUJiR1dlRTlJZHpOR0xIeHU2SWczQkt3SVc2ZjUxYllsZnlRVEk2STc3dEJlSnFBZVR5WkhlYXJUaTdMSExFS0x3aTBjSDh3RDNhc3JIbG5PbURXLUs?oc=5,0.4404,positive
2026-08-12,2026-08-13,NKE,Nike: Full Price Recovery Will Take Time (Downgrade) (NYSE:NKE) - Seeking Alpha,Seeking Alpha,https://news.google.com/rss/articles/CBMilAFBVV95cUxOWUZQRXY5X2djVkxPWGp3LV9BVmUxeHYyaWc1OXI3dXB5bnpzbW9uWjRHSWgwRnktcWtGclVhbUZiVU5LbmVkVE1Jek5iWmlMRUtXNXhJZm1iTDJ2UndPZ1FXekgxX01OWG9sVXMxbi1kQ2Q4VVNPOFo2VUg4MklmTUlfN1lldHNiUVFsNGZQTGdVeXBY?oc=5,0.0,neutral
2026-08-12,2026-08-13,NKE,"Amy Montagne Takes Money Off The Table, Sells $204K In Nike Stock - Benzinga",Benzinga,https://news.google.com/rss/articles/CBMingFBVV95cUxPdUFmalJZMXFldzdmellsUnF5NTVMT2RLTEtxelh3ZnBEcmlKRFRuQ1VtTldZZ0FsR2lxLWRQdGthY24zSXBOajFnLWIweXFrWm5kbDZfYzVFVC10VzlYQ2w3NUNjZ2xuV093OWUwRWoxelJqa0ZuRVlRMDdGdk9aN2doMEZkQlVuMlNyMW1SUkVyc2M3ZzZQT2o1VEFRUQ?oc=5,0.0,neutral
2026-08-12,2026-08-13,NKE,"NIKE, Inc. (NKE) Dividend: Why a Small Increase Could Be on the Way - Yahoo Finance",Yahoo Finance,https://news.google.com/rss/articles/CBMilAFBVV95cUxNZjNhbDlzSWFqMWpBcWZPWG9LQ3BsdjIwUjg1OThpVEs2V3h1aHloQ2F5dENMLUdyWmRXZmZxTmpXaUluZ3FScVlmVHpwYkF2WjEtNDBKb0dLY1NsVkNFUy10QTRwbGtBRWliYkJSdnRKZDZFVWc1TGpyaVNrZTg0YmZMNkNRdGMtM1AybE5WMVBNSHZi?oc=5,0.3182,positive
2026-08-12,2026-08-14,NKE,NIKE Stock Declines 35% YTD: Buying Opportunity or Value Trap? - Zacks Investment Research,Zacks Investment Research,https://news.google.com/rss/articles/CBMiogFBVV95cUxNME1VSzNvZkk5ZzJnaUs1amcwS0hfdWl5ZlQ3el9Xc0pNMDVyUzNOeWNkSUNrZXVoZFlub2NURjNhNGF4bFlLZTBrUDhGdTFkeVd4Nnlpb3BQSXZpSFNsaWJBZVV4bjAwVTVucFhubDItckZ4ZXBKOE56WUhSaGlkQ2xrTXpUQ05UcXBYSkFOTG9zZ3FaV3NtODJzZm5UYXJrTlE?oc=5,0.4404,positive
2026-08-12,2026-08-14,NKE,"Nike Inc (NKE) News, Articles, Events & Latest Updates - Stocktwits",Stocktwits,https://news.google.com/rss/articles/CBMiT0FVX3lxTE9GYk9YY21JOGRCcjl6SkxjLTF0ZERib2pqbVZCVEhUblRnX3pELUx2UVctaHEyQ3lqeWRMQXkwMUZiYkxlQ2tGd2xielhPY1E?oc=5,0.0,neutral
2026-08-13,2026-08-13,NKE,"NIKE, Inc. $NKE Shares Purchased by Handelsbanken Fonder AB - MarketBeat",MarketBeat,https://news.google.com/rss/articles/CBMiuAFBVV95cUxQODFLNzR6ekJ6SGxoN29HOVRXUFNDZDg4UGQ3MWxOcjBzQlNCcWNzUjJ5XzdEemhSWXFENDlqLWFGY2JXUER5NnZsbk90Y3p0YndNZU52TGlmVk9XYnF5b0pydU1FY3NSdnpnajVueUdFc29uTUE5NGF6Znd3TG1RelF2TGlyNFNJZ3FZYVpQbVN4U3MwUml2clpTb09aTVFpb19qU2RsNHlhdnRfUjdvTE1tNVVBeTlJ?oc=5,0.296,positive
2026-08-13,2026-08-14,NKE,Nike (NKE) Stock Looks Reasonable On Cash Flow While Earnings Look Rich - Yahoo Finance,Yahoo Finance,https://news.google.com/rss/articles/CBMinAFBVV95cUxNRnlYTGZqZ0R5c183XzJwY2xTam44YUo5SHhlWHI1WmgtWGhaSVZaSlRzbmF3NnYwOWp1cEpta01RN1Y2dXAwVkotMnlJRUpfQjB5YU1keXB5UVc2ZkFrTnNIS2NNdVJMS2lSSDZ0VkIxS0VYd3prWWxCTW9Kc1dpS0NtdWdnOHZXTkhud3VCVFVNZ01nRXY4SzE1TEw?oc=5,0.5574,positive
2026-08-13,2026-08-14,NKE,Nike: The Market Is Still Underestimating Its Turnaround Potential (NYSE:NKE) - Seeking Alpha,Seeking Alpha,https://news.google.com/rss/articles/CBMiqAFBVV95cUxNanM0VXdKNThXTmRTanAxdGRHTmRaUnBUUGdIcE1YMmt1VmxlTUNJZ0piZUhOc3lBWXZCWTVSSmdJdEQwaGVmLUNkc01BSTJJbXo2WElXQ3VkXzhfc2dPS0RPVjlwM2VaWjBweG4yb2FxTm1rcTc3VVU3WDBHRUI5WkRMNHRnZG9tRDhiaHc0MmhKUzd1ZXhtd29DdDR5UEtJTEM3UklXUWE?oc=5,0.0,neutral
2026-08-13,2026-08-14,NKE,Nike At $40: A Fair Price For An Unfinished Turnaround (NYSE:NKE) - Seeking Alpha,Seeking Alpha,https://news.google.com/rss/articles/CBMimAFBVV95cUxPcUpsbVZXV09IY3ExNFFycG9fMnhzTGpYbVE1bjhrb09HT2c0Q2VCM09nTnZtX0xFaThacXdjQS1pc0Nid3JZX1hVYkFXVlAzNXNQU0hVX1JYdDRiTjR4aFdJemh5NGpHT0J6Wl9QVEVBVzl6LWc1WE9zTnFkMWFtSlhIbWNoalA1cEZ5WVhRMFJTQ1hrd1FvUQ?oc=5,0.3182,positive
2026-08-13,2026-08-14,NKE,Nike (NYSE:NKE): Here's Why the World’s Largest Athletic Gear Manufacturer Has Fallen Over 70% in Five Years - Stocks Down Under,Stocks Down Under,https://news.google.com/rss/articles/CBMif0FVX3lxTE84YlFsSGMyX3lPaUZCVWV0RFAzUURRRzE4ZUdhSzdiM2tjUDlmX1l0ZmgxSWVzamNoa2EtbTdyX0tKalJOVU9BVk1GZWQ2MHk3bUkwMnE3NE1ad1p3bEh0NlNZdzZvWnN6WWJqa1lweXd6MXJZWXBXdGxPTlBYRlU?oc=5,-0.3612,negative
2026-08-13,2026-08-17,NKE,NKE Rises After Hours Following Insider Buys By CEO Elliott Hill And Apple’s Tim Cook - Stocktwits,Stocktwits,https://news.google.com/rss/articles/CBMi4AFBVV95cUxQZGpHSzgyMWJVeXNHS1d5WEk5ZlZqSGtuRnlzZTVPU2ZCaXh6SVpRelFKVHJITmI0dGJybFE4eWxyNTZwV2pKbXFhdHN4RmRLUm54ckpReU8xbXFlU2I5UzBIQWQzTmhJX0FKN29NcmpRV2h2ckh1RnNMVzVqYmdhY1lBbWFkd0dPZ1FNS21wN3B2dllXMzE4ckVtTkZaZTFWQk04a2U2YS1nVkRaeVNyRUN1UHM2eFR0SUVNZGpKMTZlZDJKOTJBem1EbkxjRnZtM3VvSUpXTjlOZWRGUUxfNQ?oc=5,0.0,neutral
2026-08-14,2026-08-14,NKE,Nike stock rises after Reuters says a subpoena fight ended - AD HOC NEWS,AD HOC NEWS,https://news.google.com/rss/articles/CBMivgFBVV95cUxQaW1PSU5BUjhhUk9yS3h6ZG42U2VoYm9wd3ZfZXJ0V1ZpQnFuR2J3bjhKei1CWDdvSG9OWFJQV3llY21lS0dSZmFEd3ZKZ3JKOVFsdEhHQmNwdkhXa0kzSUktWVpFei1KVkVDaXhUMV8xWENpOG1UcnExeGxid1JJZHFsSUFXOWpMRlZ1aHlUbGFuZlc0TTVTQzd4ZzdvZmtHaUJWeDFjSE5VNlZLcE1mY3BoX2FtclAzemRZZXln?oc=5,-0.3818,negative
2026-08-14,2026-08-17,NKE,Nike stock holds firm after big Q4 earnings surprise - ad-hoc-news.de,ad-hoc-news.de,https://news.google.com/rss/articles/CBMitgFBVV95cUxNSndvY1BYUjNBTEZsZHJ3WUNIMTdHZzZieUlWVzAzbFJ5ZE82RV9lMWs5NnZRY3BUSG83ZWI2aXVGTDhFNk5LMDNDRXd3Ympyd0pMRmtSU3FfamlFTjltM2xzcDVnTHg1OFMxamxBdnBVUGhHckREcjJ1N1FvR2c4eTlJWEFHejJaQUhpUWdvanhDNTVab1RxZHVzM0QzMzNfRjZKVjF0dVVlSVQ1YkNZMC12SVkzZw?oc=5,0.2732,positive
2026-08-15,2026-08-17,NKE,NKE Stock Slips On China Business Strategy ‘Misstep’ And ‘Surprise’ CFO Change Before Earnings - Stocktwits,Stocktwits,https://news.google.com/rss/articles/CBMi5AFBVV95cUxPaVFRUjk4ZXQxQ0NPb2ltSUptdnNhWW9aWHVDd1YwbVlmY3oycWRvampfUzhCU1czRzlOMF9YVDljZHJnNm1GTElTbWZqem1MREl1N1B0eFE1NHVVZFJjREdOd3NzcXE5dm5lYXRfZl9jeTI1cUt6dlFFN0NwODFLZEJKNmF6MFZsd0RVd0ZkMFlJd2cwQy1XWHMwcHpIWXhFT1plSGpRUEh0WFlzUEdnTExwanJUQzVQeUh2cEN4cklrWHBMdGNONUxJUFdLWTJyQlF2aUgxZWkwSnlEbHNOeXhRbUQ?oc=5,0.0,neutral
2026-08-15,2026-08-17,NKE,Why Is NKE Stock Falling Premarket Today? - Stocktwits,Stocktwits,https://news.google.com/rss/articles/CBMipwFBVV95cUxQa1Y4VnEwZnJXc3ExQ3o1WkFDWVg2d2tDbVo5VkdFcm50NjBOM1FHSGR0MTR2eFVmRkgzWC1GRW1SUW1PYkhrQWlQdWVOTHdkaHdueDdlTlFuaExZazJ3ZlNwWnRtQjljNlpSNmFqVnE2RFhDWXJ2MUZzdVd5a2xkY25mZlZWY1oxeGFlOXFmcXE0Q3dFLVBQRmlzbjRSSVdnczZLSDZsSQ?oc=5,-0.1531,negative
2026-08-15,2026-08-17,NKE,NKE Stock Ticks Higher After Hours on Second Round of Layoffs In 2026 - Stocktwits,Stocktwits,https://news.google.com/rss/articles/CBMiygFBVV95cUxNTHNjTU9raHhwdUtpamJRODJFSk9pbHVCdDJoVUg1QzFBalAtaGxyZkFMT2VxcE1OSXhjVUhLUnVpb3RpVHJzajI4ZUc4d0FUR0NnaFNwVUxGbHMxMHl6OFZqSzVqSEM0eHF1UWxWUnEtcTZNUUtQUzlOekxuRlU2ZEp4b2kwU3lIUjFvRjZtdENsWWVuaHUwWjNCU3BRUERLZjkxY3h2TXdWSGdrd1hCcnU1OFFrTkRVRWEtWVJWejdkVFd5OUdPQm1B?oc=5,0.0,neutral
2026-08-15,2026-08-17,NKE,"NIKE, Inc. $NKE Shares Sold by Principal Financial Group Inc. - MarketBeat",MarketBeat,https://news.google.com/rss/articles/CBMiugFBVV95cUxOYmdyVVNTTUkyQmNGOXJUdDA4SW1tdkI2WDRHTi1DS1UtWEg4TFZIZ3pISVB6eHBjV2VwMHlfX2pzY1FuZFc4ZzBLeFdwM2VwNkZXMEpGWmxwakQxZ1lYazNITFJiTU96Z0w5aVNLUWhOTGlYY3NkTjdhZEdadXc3OXpqU3lxel9KTFlxOEwwTEJqZUlDR3NCa2tSM1R2X1RaQVlLRVZUYnpYWTR1dEoxa1RkMmgtN1BXcnc?oc=5,0.296,positive
2026-08-15,2026-08-18,NKE,NKE Stock Heads For Its Worst Week In Nearly Three Months – Wall Street Sees Encouraging Signs But Not Enough To ‘Remain Optimistic’ - Stocktwits,Stocktwits,https://news.google.com/rss/articles/CBMinAJBVV95cUxPMlo4RUFaMlJMQjc0SlNJV0ZsMXlLcC0wSjEzVlBWUVhUbnJwYzBRaW5Oc0llRUtkMjR5MkZOTmRYQzAxZDFnb0Nnb3hSMkN3dXl6WHh3UDhhLUMxdE5CUWlBRkt5RTdOU2V5bVBuZVRTVGZsWVVaektMMWd0cXJrS0hJMmxncGdlSVlmRmpLRUFwWUVwREZXRTFwZnBkeDRpcmVCWjFFM2xiS3ZtS1NYcUlJWjQxcU8ya0ptQlFaNGUteXlvTzgwSWpPYndqZVEzQzhfb203bVNYcWs2c05KNF9zLVlJcl9Mc2xZeDFFbVZoWHQ4RUkwb1ZCZVBnY25WNGswLWVOY2FqanFNVnZJYWF0REVxc2ctbjdaag?oc=5,-0.09,negative
2026-08-16,2026-08-17,NKE,Nike Stock And 2 Onshoring Picks Investors Are Watching After Vietnam Tariff Changes - simplywall.st,simplywall.st,https://news.google.com/rss/articles/CBMizgFBVV95cUxPbWtkZ3Bjci03cFpEaXFiLUNTRW9YWTBhS1N4WVR3Q1k5Q2lZVkVhU3BWOWUyUkJiXzlzd2xhcjd5M0UtWUd2b3p1b2RqYWNZVGg2SUxNUzZkcndSUDd4c1hyR1NfX184U1M4VnF5RU1fWHV3Z3dZS3JhOV9nSEh1NE9WaUFQa1VnSEh0R3gxUXBtYjNhZGtBTUw2cXc5TGd4YS1WWmpINDdHZk9oQ2Z4SGs1dnp2SVpDYkh0bEtNdzlIaTNGRFRHUVVQQlBTQdIBzgFBVV95cUxPbWtkZ3Bjci03cFpEaXFiLUNTRW9YWTBhS1N4WVR3Q1k5Q2lZVkVhU3BWOWUyUkJiXzlzd2xhcjd5M0UtWUd2b3p1b2RqYWNZVGg2SUxNUzZkcndSUDd4c1hyR1NfX184U1M4VnF5RU1fWHV3Z3dZS3JhOV9nSEh1NE9WaUFQa1VnSEh0R3gxUXBtYjNhZGtBTUw2cXc5TGd4YS1WWmpINDdHZk9oQ2Z4SGs1dnp2SVpDYkh0bEtNdzlIaTNGRFRHUVVQQlBTQQ?oc=5,0.0,neutral
2026-08-16,2026-08-17,NKE,"HighTower Advisors LLC Sells 1,593,250 Shares of NIKE, Inc. $NKE - MarketBeat",MarketBeat,https://news.google.com/rss/articles/CBMivAFBVV95cUxNdW10akhJUXFVMDhCazkxc2ZldVN4ODNzX3JUUzV0MUdXR2ZSWFF4Yl9sNkFiYU9zMHBKNTBUWkpOVmxPQUdhWVdqRV9wbURrZFZJaGRvVUVQX3FmUDhubk83aDI5VExxSThSY0hkcHVNRXJJc3F6ckVjUFprYXRyUkhET0U1OG02WnFqN1NWQThUUDNnQjFYNVlLdlQ3Rnoza3VReU1mYnFJTU94TmNSQkR5NVZEZVZaVk55UA?oc=5,0.296,positive
2026-08-16,2026-08-17,NKE,"Fifth Third Bancorp Trims Stock Holdings in NIKE, Inc. $NKE - MarketBeat",MarketBeat,https://news.google.com/rss/articles/CBMiuAFBVV95cUxPVU9JR0k3MmJYV3EwcVJ3WGFLMFI0RUxDLXM0dTE4QmdwZ1lYNXhrTm5VOFNYY2pXemtCYmxCU245NENibDVDakRDaFMtd3lBaWV4VlR3NjZnZ1ZXSmtkSE5VQjh4R051QTBibVhUako1Mk15WVhYZURzUjVaNDJJalNUNlVjWVJXdEJQc1lnQ2kzVmNUX1lUelZ0WFlmbXliOVRDZUpXSEM3dV96YURyWDhNTWZxeGtH?oc=5,0.0,neutral
2026-08-16,2026-08-17,NKE,"Russell Investments Group Ltd. Buys 70,944 Shares of NIKE, Inc. $NKE - MarketBeat",MarketBeat,https://news.google.com/rss/articles/CBMiwgFBVV95cUxPVzVCM0lGRXN2UE9WeExNYzRMdjRsbHVUNWs2eW1Vckw1RVNZOGJjYjgzYUttTkNyLVhPbG1UbzhPeUpVWGZKUWU3NVVBV3RnYnhJbmE0OWJ2TXk2MHlIYklNRVNnOGo5YktfY3pRVHlsWVBkN1YzcUJqRGtJXzJOWlVaN2dFZTFJMF90VVJ6M05JUG5HQzlTY0ViZGJReE1ZeDZFOHZaYVJ2LV8wVnUzNXJhcUJFZ2VBWFMzcEdOb1ozdw?oc=5,0.296,positive
2026-08-16,2026-08-17,NKE,"Stoneridge Investment Partners LLC Sells 25,607 Shares of NIKE, Inc. $NKE - MarketBeat",MarketBeat,https://news.google.com/rss/articles/CBMiygFBVV95cUxQbG81V3hCbFNEeDRHSGtsSnFyQnB0SXVjY0F3MThVbFZYVVl5cUJMSkdhbkxidXZjX2xzZElZSmJhVTRncWNnUll3UjNVNE42bnJHNWJSVGttdHJrQnMtSV8wQm5XZDZtNzVOQmZOMVFFZTlXM2VReUNjSG02Qk9xai1SR0tBb2ZDSkVxRmdVVXEwMmpXZktqSllOR1FySjFLS19kdlI0ODhISEpOalo4djR2cU9aTjNxcWp4Ui1lZnItbnBZTl9HcXZB?oc=5,0.296,positive
2026-08-16,2026-08-17,NKE,"Mitsubishi UFJ Trust & Banking Corp Sells 139,896 Shares of NIKE, Inc. $NKE - MarketBeat",MarketBeat,https://news.google.com/rss/articles/CBMiygFBVV95cUxNNVJhR0tWVHFmVkV3MExVcko4UGtjM0NkZmJ1ZTY4LUFjaFZuVmExRzY4VnVqR19STjRjd0IwZnR6Y01rVm8wWXpIMjdqUVJPekJHWkJlVHhYQ2FRQkhsSFBPZFNEOXcwUTZRX1ZUbW1ZdTVWUVR5dEtPSHJrRFZwS1EyMm9HY1Ztc1Jvbk1CVVFPTlI1RHlKNTFla3BjbFV0WnEwdVBtWjkwUmpLUnlLcXdWckp1d2pLc0hDQ0RKcXhsUy1SWmo4Nl9R?oc=5,0.6705,positive
2026-08-17,2026-08-18,NKE,Nike's stock plunge is relentless - Yahoo Finance,Yahoo Finance,https://news.google.com/rss/articles/CBMinAFBVV95cUxNUHdxbUxweFUtQ2R0N1NSWEF4U0FiREppS0pldGlyWUVzV0laYng5R3otVWs3cnppQ2ZtQ0kzSVV5cjJXenphY1ZxMHJIZ3FFbkxyT2M0YXJEQmtVclBpeGtBYkxpUnNfbVlWMm5ta1dxTG9WbWxBcjhkXzJ3aGRDTnQ1SHVLSFRYOFI5YXJzMzZZRzdSdmdGQ1I4Vms?oc=5,0.0516,positive
2026-08-17,2026-08-18,NKE,Why is Nike stock sliding to a 12-year low today? - Investing.com,Investing.com,https://news.google.com/rss/articles/CBMirgFBVV95cUxOQW5GQVlCWGNvaVVaakVORlh6akVqT1RKWEQ5czFKM3p3clZyMWZpYi1VZFh5Mll3T09nbktJRTV6VlV0dmtNTmlCVXdmczFpSDRja1pTRlRJNFVmSnhUZEk5UUFnNDdtNE05M21UYm9NdDQtMjNlaWFoenFMd3FJd0JlcmJfUklldjJlbFZxcHJ5aWNKNEZuSXhhbjktdnF3c0ZTTjh3WnhiRXlpbEE?oc=5,-0.2732,negative
2026-08-17,2026-08-18,NKE,Nike Falls 3% to a Fresh 52-Week Low as China Weakness Overshadows Its Wholesale Rebound - 247wallst.com,247wallst.com,https://news.google.com/rss/articles/CBMiywFBVV95cUxOZVQxY1d1QTd2aXBpdHlZbzV0MW1ibjkySE0tMk5qeW1BRVA4dGVtc01CTFkzOGx2NlllSXFicEdVa3V2WUlQa1dkVUNGQWV1R3dxNmtDU3F4WVlrR0RrSmVwMF8zajV0QzVpTXkzUkJIckVKb0RTVEJxSWFpU1FoYmtMUDhQMi1Pa0l6YmdtMXh6cE1XSmk5eEJ3Z3k4emdxdHFYVEswanJyVVNQVDJsaHotcVdzMHlibE5YTEpXMHo0Q3JBTFJ1RjctQQ?oc=5,-0.3818,negative
2026-08-17,2026-08-18,NKE,Why Is Nike Stock Falling on Monday? - Benzinga,Benzinga,https://news.google.com/rss/articles/CBMinAFBVV95cUxPbjZOdW41Ung1WV9WWGhZVk1Xa2ZPaGJpNWtIYi04R1I5Sk0tS0IyWkhDc01SdU9GUmgwaXBNMU1VM3V6U0pteGt3MTM3QzcwSjVYNk1Ed2FLQ2dtc0NXOXpEdUtXZGVYZWJMTklBVExYaG1nVmFjY2VHYTVDX1JTWUdScWh2N3IyZXlxYmZWcEZmU0V5UHlDd3BlWTE?oc=5,-0.1531,negative
2026-08-17,2026-08-18,NKE,Nike stock hits 12-year low as turnaround skepticism lingers - Yahoo Finance,Yahoo Finance,https://news.google.com/rss/articles/CBMieEFVX3lxTFBSaThIaWRWRl9YM0lURkRPX3BtRjhqOUZMVVJkM2FUTUxnYWFoVWFTNjh4S01IZnBkUDdQUnhmM2dqMy12SENyUldDQmFSeFozSjJaaENMUV9WakR1ZE9mbFhWS19BRzkyTnlnWURmaS1VX0x3LTUtMA?oc=5,-0.4767,negative
2026-08-17,2026-08-18,NKE,Nike shares hit 11-year low as turnaround doubts deepen - Yahoo! Finance Canada,Yahoo! Finance Canada,https://news.google.com/rss/articles/CBMie0FVX3lxTE5uOGhjY0FLeDRTbDlHVW1kSzBucWdqZEU2cEg3RUw0Y3JxZHk3RU4ta0t5b3BiNjMtVm5CQ3hSQ2VuMTIxbXRwbGNKeHVsb1pYMUhQWGRoMzYydS14THJtaWd6RTBKOGU2bkJFUDY2U2ZsV1IzTkppZkJVZw?oc=5,-0.3382,negative
2026-08-17,2026-08-18,NKE,Nike Stock Hits 12-Year Low: Riskier Than Bitcoin? - BeInCrypto,BeInCrypto,https://news.google.com/rss/articles/CBMiZEFVX3lxTE9TOW12bXFDSDRSd1RGQXhpNmVZaGZocEcxRzFkSmdIS1V2WFdfQkNTTXA1blc5dHNWRmxaTk1zQXNJZTA4Rkczc2NONEczbVJUWWtXaldiMFFkMjRsTjc4UE90eXA?oc=5,-0.5423,negative
2026-08-17,2026-08-18,NKE,"Nike Shares Drop 3.1% to Fresh 52-Week Low, Dividend Adequacy Under Spotlight (NYSE:NKE) - ts2.tech",ts2.tech,https://news.google.com/rss/articles/CBMioAFBVV95cUxOQlJKY3JjLTcwTnY0UG1vN2tKMnA1clMtazRSOV9EYWNWXzh0VkF2WjFIS0xjTzlXSFFOeGN3M2ZTSE9wQnVLZlRfcnhDdFdJU3VwVE5ZZk5UdjVJaGZtNWY0NkxmeWNHSnczbnhVVEpVdkRNRy1CWTZlcVROOXZRMnNYcDB3a2dYSDZXbFVnOHVvaXVRT280V1d4U1NhaTZD?oc=5,0.0772,positive
2026-08-17,2026-08-18,NKE,Nike Stock Hits 12-Year Low: Riskier Than Bitcoin? - CryptoRank,CryptoRank,https://news.google.com/rss/articles/CBMid0FVX3lxTE91cWQtRTgyZVRNWFo2Tjg2LTh2dHJ4RHNhVk1LYjZOZWNoMW9NMUlTYkFrUDZIeVdNeWVrZUY0bnM5YWVSQnIxVzdSSjNweDZOUlFRcDBtTHlFenFtVjNzWmJMMzAzQWRXYld2ejM3YllYLWRXc0Rj?oc=5,-0.5423,negative
2026-08-17,2026-08-18,NKE,Nike Stock Hits 12-Year Low: Riskier Than Bitcoin? - Yahoo Finance,Yahoo Finance,https://news.google.com/rss/articles/CBMikAFBVV95cUxPOW5ZNl96OUxidzZ1a3VCSU1VTG5GTi03MEFYRDNORTB0WWdnb0tlY2FZWFBHY1kwdzN6QUdMUkZDcVU3eno5d1RabTlPYlIyNmpzcjlTdmNoNGFXYTd0emJtM1ZhaWtZWjk0YWxZU2tWS3FJSDJwaEJ5TlVPYm8xYXJjWjhuOFNESjRDLURCYUs?oc=5,-0.5423,negative
2026-08-17,2026-08-18,NKE,Nike stock hits 52-week low at 39.98 USD - Investing.com,Investing.com,https://news.google.com/rss/articles/CBMimwFBVV95cUxNU1RoNUE5d0NrSEdCV1U4SENjTjVNWi0xelJZMnFZVzNwQjlqQ244RUJLamxmdkdzUHJBTldmaHQwdTdDOWN5MUR1eFNtSnpmOENaUmNrVHNiZm5ZUGdBQWJMU1hTZHZiTHFteVV3VFZNMlVOS2FKNUd5MTVLcUxBZkc1MDRHNXJnUlhiTTdxcDB0eTFNR0Q5c2Y2dw?oc=5,-0.2732,negative
2026-08-17,2026-08-18,NKE,Nike stock hits 12-year low as turnaround skepticism lingers - Yahoo Finance Singapore,Yahoo Finance Singapore,https://news.google.com/rss/articles/CBMifEFVX3lxTE02WV92U0R2eEQ3TUxTY3ZyWG5QZ3dmWmM0ZmthakNGSTAwU0VyUkpSdjJZeGlhOWItS3M3a1RpWXBWYXNSNmFSenV4S0JLTmlJYWYya25oTzlVMFFmYjZfcVFmZUZkRlUyV1FTY3U3TlRUVDhfQVU3ZDJ4QWc?oc=5,-0.4767,negative
2026-08-17,2026-08-19,NKE,The Slow-Motion Memecoin: Why Nike’s Multi-Year Unwind Is Taking So Long to Fix - Benzinga,Benzinga,https://news.google.com/rss/articles/CBMizwFBVV95cUxPLTJzUTg4VVljTzR0N0lhVFlzZHlHMERhV2xsQjE3RW50LWxnTUJrbWFnTUREQXVqZGtDRU1QSThJN0t2NE5FSktXMkpuZnBvZ3EzT2RkQ2plNHFvNXdYYU96WmJmSm9VM0FjZlVDWVdvamxKMzhBb0cwZjA1SWFhX0pqQ0dhXzUtN2tKNGw5bVZabms0WTR3MDZDV0k1T1lCVXFmQWpMUnZsVHVMZjVveXMtMjVSVW5PbFhkMDF6YXM3cVpnQWU5WTV1SzY0N2c?oc=5,0.0,neutral
2026-08-18,2026-08-18,NKE,"Nike sinks to 12-year low, but shares are not yet oversold (NKE:NYSE) - Seeking Alpha",Seeking Alpha,https://news.google.com/rss/articles/CBMimwFBVV95cUxQb2FfWWV0Wm85RmY1VjRNQzRmVkNaUENxcFptZjRSZF9xZWhjZS01b1lWUWFQdHV6Ykd6d2E1bnBpbndpSHAzQzB4aHdHRENvRkRYNW5RNmdaMk44MFQ3YWR6Y0dNMVNydnRuV0pISWUtWHREUzBOdHdtMTFBdV9WR25zSTVkOXkzaGRhTjB3d3VZa2xzWVBhR1VpTQ?oc=5,0.3071,positive
2026-08-18,2026-08-18,NKE,"Why Dow, S&P 500, Nasdaq Futures Are Slipping Overnight: SNDK, MSTR, NBIS, NKE Stocks Are In Focus - TradingView",TradingView,https://news.google.com/rss/articles/CBMi6AFBVV95cUxOUTQtRGY0MnlBX2VJRjI3bnJjNTQtVGg5b0loYjlBZmxWNnFBbzlIeW5EWE1rMlRJNHJUNWxZLVc1WEZqTHpjUVY3TjhDb1ZGc1ZRLXZqendkay1rRXBUdUhKUENWUzEwTkNmTTlSWXc3VG4wMHo0TW5wN0xvTnpFTjhmVF94UjloS1BQR1kxU1BDV1lxbEdkS3JGN21qTFlIVjBBdzkyT1c1TFF5Zmd3WTVtSXFGTGpmM1RETVdNV1NMTlF1cUhSVFRWemNBUnZiUFJqRXJyZlhvUFdJVUVCRGJIWlNzMW9G?oc=5,0.0,neutral
2026-08-18,2026-08-18,NKE,NKE Vs LULU: Retail Traders See A Bigger Comeback Opportunity In One Stock - Yahoo Finance,Yahoo Finance,https://news.google.com/rss/articles/CBMilgFBVV95cUxOalNuWXNTMktFRWQzV1Q3MUpqcm45aWF4ellMaS1VZ2pvRkNRX1h2ekRCSUdGRDVxODJOODFpTnZQbVFVWDBBWHFMUjZmLXhpTGxyU05yUXVpM0pSVDZlT3BrUW50dHYzQTAwWmVjbEhpMWZYdFJXNUtkbnlXTFNOQV91Wk5iaUtGT2lKdUpodUxVaFhuMEE?oc=5,0.4215,positive
2026-08-18,2026-08-18,NKE,Nike Stock Yields 4% and Could Raise Its Dividend for the 25th Straight Year in 2026 - The Motley Fool,The Motley Fool,https://news.google.com/rss/articles/CBMilAFBVV95cUxNVG1XX3VXWmJNMVZlek1FRHZsU1ZTamhBLVZaNWc2MjhpNmpEZzNVUnotRndlX09ySUR1UDU4eS1pUXRJTGhpNVRxUXVFUjB0bEUtWUFkaG8zaWUyOWg2Z3VwS1R3aUczNDVOMXpSSVpicUZHSlFBTlJaTDk1TXdEOFpvd1ZIYnVLS0RVamRoY05OSmF5?oc=5,-0.25,negative
2026-08-18,2026-08-18,NKE,Why I Bought Nike After A 6-Year Hiatus (NYSE:NKE) - Seeking Alpha,Seeking Alpha,https://news.google.com/rss/articles/CBMihwFBVV95cUxPSzJfdzVIRnpkV2ROelAxZzBTQWdUZk5aM19VU01nZm81eFVWR09XZ05EQXdzNXlTa2pJczYybWMzNnFuV3MwZ3RQLWRpX1plU3NTYUhPZ0JRM2hSWldXS1Fqdmo0OVhqdjhYQ0Q2eUhLVlBIR1JlbkJaSVFqMEFud3FGUmJ3dXM?oc=5,0.0,neutral
2026-08-18,2026-08-18,NKE,"Why Nike Stock Hit a 12-Year Low, Down 78% From Its 2021 Peak - TradingKey",TradingKey,https://news.google.com/rss/articles/CBMizAFBVV95cUxPTUJldmJPNTlBbGFMX2xlTGJMSi04YkxsOGJKeXlaclFqTFdiNmNwcUQtaE1mb25RN2t0UEhoNWhRcGhKVDNlbmNvU3YtNEk1bTIwelhwNFVyWjVWLXI0UXdldVhjTDVoUTRHTkNOMkdobGhBR092YWt0dDAybjQtSkRaQlZEekR3T3V1d04yd056bjRIRVh4R0tHNWFGTlVRcTV3WVpYTHpiWm9Cdm9NYmFiMnNFVk0tRWdKdW5OT0p3OXRaM0Fya2plUzY?oc=5,-0.2732,negative
2026-08-18,2026-08-18,NKE,NKE Stock Erases $200 Billion in Market Cap Since 2021 Peak: Arvy CIO Warns of a ‘Stage 4’ Decline - Benzinga,Benzinga,https://news.google.com/rss/articles/CBMi5gFBVV95cUxNM0pXV0hNbUNMSmZNeUplOXdJWHZvYUhwXzNVZ0p5ZmNIel8zZ1BobFRNMmlkcjZuNWV5V2EyaHhIcDdreU9aMWU0UXE5b1NUc2t4dGZoWmJSblBMX1k4Y09HbmdKUTJpLVpyTDVCQlRqbl9RMkpEVzhWdzduVmFPRHduZ0FQSG5XSWpQRlNLNndDNUF1QVU1cUJmN1hXMjNMd3hQZEZZaFdReFREQUs4ZXNCZWlzWmRkYVAwM1U1dmtiU25XY0NaUDZxQmdPZkF1cFVncm1QMnJBVzJZWFhmUkRfMFNyZw?oc=5,-0.1027,negative
2026-08-18,2026-08-18,NKE,"Why Dow, S&P 500, Nasdaq Futures Are Slipping Overnight: SNDK, MSTR, NBIS, NKE Stocks Are In Focus - Yahoo Finance",Yahoo Finance,https://news.google.com/rss/articles/CBMijgFBVV95cUxOeDk1TEwtRHRjQjZ2NVpQT0l6SUlaQXVNeGh6NnpCb1A5MXlFUXFCN29iTjFwVlgtSm5PV0EtUjR6SkY3aGZaR0p1MjhYekF1UkRBT2xXTW01anE0aU5vMHZBZUJHTjNndWJDcnN3c1ZzakFGdFNCX0NTV0k1QWp4Q2VkWW90SGZQU083anlB?oc=5,0.0,neutral
2026-08-18,2026-08-18,NKE,"Nuance Investments LLC Has $9.06 Million Stock Holdings in NIKE, Inc. $NKE - MarketBeat",MarketBeat,https://news.google.com/rss/articles/CBMiygFBVV95cUxQRENIR1NaZVFQdmJzQWFiNWlKVHEzQXpXNEVPR1hUZ0NBRG9telAwX1VBUUlhRFRTZEpHRm5FckI1Y05oc0FyZm1rdjgyNmF6RVR3UzRyYVRTVEhuRFRyb2s3V2lSdjUwSTZiaFd0NDIxM2E1dVFjLVN2d1o0NnplNDZPa3hRUThPLWtYeGlQZnBhNnFZa2c4NW92RTRHMnRFTU5RSjRMV3FFS2ZsSXZ5cElpdjhGcnJMOWluR3E2TWdCdGhzWktMUnJ3?oc=5,0.0,neutral
2026-08-18,2026-08-19,NKE,Nike Stock (NKE) Hits a 12-Year Low — What’s Dragging Nike Down? - TipRanks,TipRanks,https://news.google.com/rss/articles/CBMikgFBVV95cUxOYmpzOV91c0ZQc19ha0JzbmxQSW16a3VHYlFtQXVuTVNvSVBVZVpZMlpOeEpSazA3XzJBTWphTUVGSzJlc2JyVWFMM29YYVlQcHBGWEVES3YxQm1KVGFLQlI2dkhqSlFMb3MtSy1EbTY3bEdqN1FJVHdYSkp1bmlNVEwxR0I5WC1wMzhTRE03bFBZZw?oc=5,-0.2732,negative
2026-08-18,2026-08-19,NKE,Nike Keeps Tanking: One Pro Expects 85% Returns Moving Forward - 24/7 Wall St.,24/7 Wall St.,https://news.google.com/rss/articles/CBMipwFBVV95cUxORGl1UW5XWTAwSGYzWUxzZHotLVhkNnZFNFp3eHdUMDJTdnd5ZHItRjd6Y3ZsZUVGeGJXWERRYm5JU2RFOVBsTXR5d1pMWk9jSm44TzFuUWRjQ2NHNVBoLVJoUDVZams2YUFlbzVlWGZ5V3pyTF9tbVNhMHdpMkFqNzZCMTVPaVRqNU9WcWtnQVI1aHl0UHZWZVVaazd5OGdlbnBFLS1WWQ?oc=5,0.0,neutral
2026-08-18,2026-08-19,NKE,NKE Vs LULU: Retail Traders See A Bigger Comeback Opportunity In One Stock - Stocktwits,Stocktwits,https://news.google.com/rss/articles/CBMi0wFBVV95cUxOVDNteDIxZnYzZjlWVXFuT05mTXJzNDlKbmJReUl1YkhRRGRDcHkyVE5sQzdzQXlpX1Q5UVJ0bU05S0dDTmFuVHhhMmJoYUx3cThydmtDQWdsYjNBSnZPdjVkM1BvZmQzVWEyRWFlZDJtekpwSWVuUlNUQXBZbl9UMVlvWU5SOUZudHRvUlRLSkNUaVVNckVGbDM5NDNzUGw1aW91U1gtaTcwME9NdWstYXVIZm1QanExdTJtSHBPLW9NV2NnOWhUMlh4aFUwQUZYTmZv?oc=5,0.4215,positive
2026-08-18,2026-08-19,NKE,1 Number That Makes Nike's Turnaround Worth Watching This Month - Yahoo Finance,Yahoo Finance,https://news.google.com/rss/articles/CBMinAFBVV95cUxOOVdaT0RBVG95c3Y4MzNIenBPTTZ5a1RjOGlDRW0zRHA1UzhYMG5Pc3AwWHg0VVAxYnRQdWkwdUtkZjBRV0RfaVhSVE1zWkRhWkM0LTBtZ0dBZHI5bzdkQ05HSUptMWNwR2dmRWxuR2RQVGE5RlFvYjJCamFrSXdUQlllMzhVQzFuVmlLeUktazlxbWlBM0RmYUlnVE8?oc=5,0.296,positive
2026-08-18,2026-08-19,NKE,NKE Stock Slips On China Business Strategy ‘Misstep’ And ‘Surprise’ CFO Change Before Earnings - Stocktwits,Stocktwits,https://news.google.com/rss/articles/CBMi5AFBVV95cUxPaVFRUjk4ZXQxQ0NPb2ltSUptdnNhWW9aWHVDd1YwbVlmY3oycWRvampfUzhCU1czRzlOMF9YVDljZHJnNm1GTElTbWZqem1MREl1N1B0eFE1NHVVZFJjREdOd3NzcXE5dm5lYXRfZl9jeTI1cUt6dlFFN0NwODFLZEJKNmF6MFZsd0RVd0ZkMFlJd2cwQy1XWHMwcHpIWXhFT1plSGpRUEh0WFlzUEdnTExwanJUQzVQeUh2cEN4cklrWHBMdGNONUxJUFdLWTJyQlF2aUgxZWkwSnlEbHNOeXhRbUQ?oc=5,0.0,neutral
2026-08-18,2026-08-19,NKE,Why Nike (NKE) Stock Is Up Today - Quiver Quantitative,Quiver Quantitative,https://news.google.com/rss/articles/CBMieEFVX3lxTE96QzA2Q0YzYlBVenh6RXJVeURtMnNCcnpBZl9NbnFyUThzTGE2RlFUaUFfTk5kaDBkN1hoVzZQUlYzZ1ZId0dJTDJGYzNNb2Nsak5KY2pVbnprYzZ4eTJ4bjJIQWtrUE51eF8zTFExTmFYVjd0d25MOQ?oc=5,0.0,neutral
2026-08-18,2026-08-19,NKE,Nike Stock Hits A 12 Year Low And Must Prove Its Moat Is Intact - Forbes,Forbes,https://news.google.com/rss/articles/CBMiswFBVV95cUxPdkFoenB0ejlORjFrWTdYQ1dJY1BCcWNzUUlFMDBMd0dsa094YXhCNUltLXMxS1E4bnZXMWlhbnZ6b20tUlRjTHFjd0RxYzRSUms5bmN2aUdCZmhJRHp1X1JPQW0zalY5WU95ZVlielNxaHlqRE5zSVdfMHk5bDFjVFJ6VkcwZWh6bjVYbDFYTllfbjZQaFQ0WFVWVThDX3ZraE5tT2JlTGtqeDBwZnlyaElpNA?oc=5,-0.0772,negative
2026-08-18,2026-08-19,NKE,Nike Stock Hits Lowest Level Since 2014 as Turnaround Drags On - Barron's,Barron's,https://news.google.com/rss/articles/CBMiiAFBVV95cUxONURON1FlOGYzRFpibmFYTXc4cnJYQ0VhQmc5SnlhejU1STN2Y05XS2xWYmEyQlBQWUF4a0FFY0tMWnU3bHU2emJ4eVZxSUg4d1o4aUVxdEJ5OXpiWEQ2eWJERVdoeEZNd2c0UUVreEdYSW9abzVkajNicEVOMGYwSTZ6U2tQX0wx?oc=5,-0.5106,negative
2026-08-18,2026-08-19,NKE,NKE Stock Has Crashed Nearly 80% From Its 2021 Peak — Wall Street Warns of ‘Stage 4’ Breakdown (UPDATED) - Benzinga,Benzinga,https://news.google.com/rss/articles/CBMi5gFBVV95cUxNM0pXV0hNbUNMSmZNeUplOXdJWHZvYUhwXzNVZ0p5ZmNIel8zZ1BobFRNMmlkcjZuNWV5V2EyaHhIcDdreU9aMWU0UXE5b1NUc2t4dGZoWmJSblBMX1k4Y09HbmdKUTJpLVpyTDVCQlRqbl9RMkpEVzhWdzduVmFPRHduZ0FQSG5XSWpQRlNLNndDNUF1QVU1cUJmN1hXMjNMd3hQZEZZaFdReFREQUs4ZXNCZWlzWmRkYVAwM1U1dmtiU25XY0NaUDZxQmdPZkF1cFVncm1QMnJBVzJZWFhmUkRfMFNyZw?oc=5,-0.1027,negative
2026-08-18,2026-08-19,NKE,Nike stock hits 12-year low as JPMorgan downgrades shares - Yahoo Finance,Yahoo Finance,https://news.google.com/rss/articles/CBMikAFBVV95cUxPYlprZ1lSWEhfU2dCMzFYMjU0bDJJWW5iOWxmWndPSzQ4bUdubDRXbmhDSkhoYlBINmZhYzNWa2xSUEhPcHVEeG9MdHpCZ0ZOcHZKSVpWMGh2SWFMSzdlZk5GdWRkbENvTzFLQWViMDk0VjM0d3VMSFlCVTR1a3E4WVJ1N3p3a1QxcTlWTTNhTE4?oc=5,0.0258,neutral
2026-08-18,2026-08-19,NKE,NKE Stock Gains Premarket – Will The Dividend Confidence Reignite Growth? - Stocktwits,Stocktwits,https://news.google.com/rss/articles/CBMizwFBVV95cUxNTkp2QVpDYWRONTk0Z0ViVU5jSXd2NFY1alVFRUp0QVl3eU43R19tNmJyaUVQR0RRS2hyRTJXbmJIci1iNmw5NDZsZ0F4TWhYSWFwMDdYbzg0Q0F5NHB5LU85TjFodG1EY1hxQ0hCVnVodE10S1JkNUFYNG8wcWs5UURnZXk4cHp6cnFEVC03RlhQaUtTRzU0LVpNWmNMVE5iSnEtQzNsMko2Z1F2V21XOWZUeWUtQklpYndJQ0tWMnFOcllxaHhuTDEwdFhHWVU?oc=5,0.8074,positive
2026-08-18,2026-08-19,NKE,Terrible Nike Stock Historically Offers a Near-Term Bounce When Things Are This Bad - Yahoo Finance,Yahoo Finance,https://news.google.com/rss/articles/CBMipwFBVV95cUxNMzJzZzZFMWFDekhGMHBYQ0JfdU9qMTlMcFJNLXd1d2JkdERBX0dlWmNYQUtaaURra01IWndBeUNGWnIwS05Qb3lfZ19zdWdOU2NhUEIySkxRdjdPUXRwWUFyaDNXWVhIbEIxZzF1dkhvbTRndkE1ZGdXa1QyNFJhQm00NmtSNmdBX1VIYmRNQ1ZwNUZTa3VWUmN5VzhDdHZuSG84ZmZMZw?oc=5,-0.8034,negative
2026-08-19,2026-08-19,NKE,NKE Stock In Focus: $10K Invested In Nike A Decade Ago Would Have Lost Money Despite Pandemic-Era Surge - Stocktwits,Stocktwits,https://news.google.com/rss/articles/CBMi-gFBVV95cUxNalBDR3F1ZWRjV0lMQlVzV3BCaHhmS0pIdXZtZWUxZVVTVzZwMDJHT2lEZTBpNjZBZWhJSE9aZG1UUEdWX09pYTBmMjFoamllbW45b3dySkp3em92b3NqOXJ2NE5jQ2ZlQTlMcHc3OEZ0UFJHQ04tMXhyclJqODFhVF9ZaU9MMEkxZjJPdmJJdEZXWnFjaEMtRlZOQXcwZ0Q0V0ExcTJ4bW1POXFhdnRfT3JWT0lXZ0c1d0xoVW5KTkoxOGt6ZzJZS2d1aWtfaEt4N2l0NVEwMjhmU3FpZXpDNmpETk0xbEdfRFdUclFfVlN6SzdER0dpMnJ3?oc=5,-0.3182,negative
2026-08-19,2026-08-19,NKE,"HS Management Partners LLC Sells 144,025 Shares of NIKE, Inc. $NKE - MarketBeat",MarketBeat,https://news.google.com/rss/articles/CBMiwAFBVV95cUxQS1JZVkJLSkdBaDFzcklIYmZfVUxPeTZEVUgwRnpmdkZKYm9ocVB6MEVxUTBjTU1fZ0RESHFHdTBvSHRUU2VFSURPT2VHYXJHa2x3Szg5WlNURDBqWHNPdGlfd0x2dzc2MkN4SHJya0gzcHdQTFY1aTVYdHJhZGVycXpXaDR1ejhPQjZwVk03WkhiTTJ4aDZxZnJ0ZnBwUXBXdE04aW03eXRQUkpqeU9sTFVLZ1pqNG9XWGltNjY4dHg?oc=5,0.296,positive
2026-08-19,2026-08-19,NKE,"BlackRock Inc. Sells 9,984,473 Shares of NIKE, Inc. $NKE - MarketBeat",MarketBeat,https://news.google.com/rss/articles/CBMisAFBVV95cUxONGJLXzZycFBWUk9acTREUEJDVkI1VnRrQ1dfbXZTdkg0WllUVVRSYXM3UzRrOWkxaFJnTXMzaExjd1BqVDBYMTJNVlhVeDBjaXpyRDdRTFp1ZjB3TWMwMEh6Nm9UQ1VfemV1dGE0VE44YkwzdUw3eHQwd2NSTW8zUG9hemhjSktZTFpoWDhQWk9OOFNuNDRKckp5TDI3ZURCVkJ5TWFlWkhuU05YSEtGUw?oc=5,0.296,positive
2026-08-19,2026-08-19,NKE,"Trust Co. of Vermont Takes Position in NIKE, Inc. $NKE - MarketBeat",MarketBeat,https://news.google.com/rss/articles/CBMisAFBVV95cUxOa0dvLW1uZ2d6TDNPclBwU1I5d29TRXF6WlNFUkFaRzZ2RzFFb2VwWHF4UldhejBfMmZBSlplNUVkS1B6aDlxWmhHYjFPRUVFZnR4NGRtdHllalc2SWR5Tmt1LVQ0V3dTMEpGcm43Z0FJQkp1WjA5VGlEUG5GMnBQNHFETVJibWtFS0JKZW83VHJHTXNMVWhpV0ZPTXp5dVluVXNfSjctdVpSMUR1WmZ2cg?oc=5,0.5106,positive
