published,fetched_at,ticker,title,source,link,sentiment,sentiment_label
2026-03-15,2026-06-24,PEP,"Is PepsiCo, Inc. (PEP) A Good Stock To Buy Now? - Yahoo Finance",Yahoo Finance,https://news.google.com/rss/articles/CBMifEFVX3lxTE13WjNpTU9kTzN3YkZ5RWtvZm9wU0dDRDhHcm1CZGx4SUM0RzVXWVR5M184ZnY1ZkV4MDR6UXRWRHNCM2tZdndHa3U1Y1ZXV01fMWhCQVpYZnRkYnowakt4Qjk5TElVbzNhVnVvc0lYTmZjN3hOdDhjSlhsN3M?oc=5,0.4404,positive
2026-03-16,2026-06-24,PEP,PepsiCo (PEP) Stock Falls Amid Market Uptick: What Investors Need to Know - Yahoo Finance,Yahoo Finance,https://news.google.com/rss/articles/CBMif0FVX3lxTE1iM1g5NEI3Nk5tMVRmZ3p1emt3cTM1OGNxbWg4eDc5ZlIyc0QtRXdVcl8xdm9rdFFBT3dCSUtmcC1oTngyTzJoSThNSzNVZlY1TXdOZExQNEN6SWNEOTBqakU4ZVBQem51QjlfZTN4OWExc2hQVm1YNmlYem9OU0U?oc=5,0.0,neutral
2026-04-24,2026-06-24,PEP,"Is PepsiCo, Inc. (PEP) A Good Stock To Buy Now? - Yahoo Finance",Yahoo Finance,https://news.google.com/rss/articles/CBMilgFBVV95cUxObk0ycEtoaEEtRm9ERElZR2laRjJyOTQ5aGNCLVVTRmJWWFowZ1NjTHFHMk5yaEhkWXg3TFRSd1VkVHZheFpSX1B3VHVtYV9rNlcyeks2eGZraU5BTGRLdHczWmhydGRoVk9IdkxYMkNqVTFZRFo5eFRFcUt6eDF0TUthSHhuamNDaVB1RGFzUDRjX1NwV2c?oc=5,0.4404,positive
2026-04-25,2026-06-24,PEP,PepsiCo (PEP): The Best Slow Growth Stock to Buy According to Analysts - Yahoo Finance,Yahoo Finance,https://news.google.com/rss/articles/CBMimAFBVV95cUxNYVh5Z3pnaDJISlU5Y1cwNHRYQzYtaW9pX1pzOEU1RThSNE1WZWM0ZmxsQTFqMDNIZzR4QWl2dzJ6RS1Gai0xQTVxaUhiUUw3QVRUSFZaSTVISlBvTFREZEROdkQzellUQUhWSVl5bkJXNl9wamgzQ0FqeUNEMGdFcjgwMnRDekFWTWoxYmx6UDdFV3k0QlU4MA?oc=5,0.7783,positive
2026-05-06,2026-06-24,PEP,PepsiCo Declares Quarterly Dividend - PR Newswire,PR Newswire,https://news.google.com/rss/articles/CBMilgFBVV95cUxOZEs3ZTlQMUJLaGdXcVVOWFdmYldKOHZzbktxR05wR0lGOXJnZ3JKY0RsNHpMdmNPUmM0OHN4b09hOGs4emZUTUwzaHNwOEZOQllYWUFkQ21kbHBkOEpSMUM4MldBcU9LWnJwOFpnZVRvZUxFcENkcEIwcHpGUWRQc0czMzJLNWNOY3BBVVVTaUpLbng4M3c?oc=5,0.0,neutral
2026-05-07,2026-06-24,PEP,PepsiCo Stock Rises 9.4% in 6 Months: Buy Now or Stay Focused? - Yahoo Finance,Yahoo Finance,https://news.google.com/rss/articles/CBMikgFBVV95cUxOTmFzZHVDX2pJcDNWTk13UVA0R2huOW0zU0lZVUtFdlh5aDNxd2g3YlZnQXp2RHpURzJrMm85VHJLUDlfSndMaDBHSU9kYVVHcWIwTGcyRmZ1QXpZVWlYYU9BVndseWlMVEhuQmpqb05lOUVjYllZbjkyYUNwSmNhcVZ6X29lbmFZWVdhbFZtMkpNQQ?oc=5,0.3818,positive
2026-05-08,2026-06-24,PEP,Is It Time To Reconsider PepsiCo (PEP) After Its Mixed Share Price Performance - Yahoo Finance,Yahoo Finance,https://news.google.com/rss/articles/CBMinwFBVV95cUxNT1VtWDVIbWVrX20zdTZhX0s5WUpEa3QzNHJ5aHZOZExqZi1ZV1NiN3FiQUNRTkN4SHVpOUI2SUpxLVdqaDR1LWg0VzFITk42UlRrN1B3Z1B4bEhjZEtvZXczZnlhS3lxVUNhVVpwUjlHaGN4dndHaEZrdUM5WG9BaFZzekVySkE5Q3J0UjlFMjZ0MjNIbWtONUV6d2lSelU?oc=5,0.296,positive
2026-05-20,2026-06-25,PEP,Coca-Cola vs. PepsiCo: Which Beverage Stock Looks Poised for Growth? - Yahoo Finance,Yahoo Finance,https://news.google.com/rss/articles/CBMimgFBVV95cUxQcDRHcVJ4NzMwQVg1VXN3VVJlV2YwN3R2NDZxdGM5U0VPM2p3eG55eUdwekIwc2lIVUZzZjRPb3lvWU00ZDU2dmlXNVA4dms4VW5VcExqblhybElKQzJRUHZDM2dKeEszb1dfQ1ZTa09zM0FfNFBOQmxlZk5ZUGpFVERreldrcHI3T0g0dXlGTGk0MmpEaVhBQUFR?oc=5,0.5574,positive
2026-05-23,2026-06-24,PEP,Is It Time To Reconsider PepsiCo (PEP) After Recent Share Price Swings? - Yahoo Finance,Yahoo Finance,https://news.google.com/rss/articles/CBMioAFBVV95cUxNaUdFcm5XbS1EY0EyN1ZpOWY0bnZybG9qNmVFREVkT3hkQTI1aE5uT2ZuS1NLLTI1dHRiSEQzSkxBNkVhaFhsU2lPZ1RvdS0tQzNhQlNsLUoycGdhZzdGdmI2cjF6S2wzazdkUXpmNFlYWWxNaFBnQ21zTlFTT2lRNUxHMW03Qy1Xa1FGTzZhVTZrandGc0xUZGJiUktJaENS?oc=5,0.296,positive
2026-05-28,2026-06-24,PEP,PepsiCo (PEP) Stock Slides as Market Rises: Facts to Know Before You Trade - Yahoo Finance,Yahoo Finance,https://news.google.com/rss/articles/CBMinAFBVV95cUxNRVZhZ1dyZmNQckswZTdfMjVCc1RGa050VEdXQ2xoN1RLZ2lLUlZqOVZic1JTRjBRSlJLZXJJZDR2OHUtcjJNaXRJWFRsSDFldl9WVlNvMVQzOWpSVlVVT1BjVkthUXBhVWJmMWl1YTA3QkZSZFFIVXpiOWZwcE40UzFyMXF5aHdMSjdobFRqdXZzUzNlbzJ4TEs0SlA?oc=5,0.0,neutral
2026-05-28,2026-06-24,PEP,Here is Why PepsiCo (PEP) is Among the Best Dividend-Paying Beverage Stocks to Buy Now - Yahoo Finance,Yahoo Finance,https://news.google.com/rss/articles/CBMilgFBVV95cUxQVVRVOW0tRHZGTXFxeXN0Z3I1STBnWmprRVBDck9CSTUxV2hBZ3JJWHhERzYwWFdLTHF3bmpCSWE5REFiNUNQSm5RN0sxTENpNHJ4ZzA4aGJaUklBODB0bURPS3htd0JhNGt3cHRteWE0cGNPY1psbnZNS09vMmoxZklMYjA1TW0xeWxOUFdIT0lsYkFHVlE?oc=5,0.6369,positive
2026-05-30,2026-06-24,PEP,"PepsiCo Cuts Prices, Wins Back Shelf Space, and Beats Earnings: Does PEP Stock Belong at $144? - TIKR.com",TIKR.com,https://news.google.com/rss/articles/CBMitgFBVV95cUxNRW9UTkhLNVR6YVJvYUdfVG12eUFZcldmdmFVQXQwSFNVbzhUN09IdFZLUGk2MWMyVHRTa3dTY1VXbTBZNHBKalhZbjg5ZG5JQWZqS1VRXzU4RklqMVZEamk5STVoU09LVnl4LTU4bzBaaVZKcml0dDRRZ0Y3LTBHMjFlM0t2WTAwUTBtenozY1VSVEFiamRiQi1tam5Xc2FZUkhmZ3NqX1pWMmo0dGoyNkVORjFYUQ?oc=5,0.3612,positive
2026-05-30,2026-06-24,PEP,Is PepsiCo Stock Underperforming the Dow? - Yahoo Finance,Yahoo Finance,https://news.google.com/rss/articles/CBMinwFBVV95cUxPSDVJZGx5UVBORm5uOWJuRXBIbzRpbUFSZmpEa09VdHpIeWJjNTA2T0FXeUZESEZyMi1pY0ttRGVhYTNSR2kyZDRhTTRHel85TFJLMGdEZDFqNWJKMnRsTUlneWJpVTFoYWE3X19VdHpkQkxtTUFMNUp5ajUxbUY0VlJCc3hsODVsbThJaVFBbFRSek14Wmh4LXUtejZ5SVk?oc=5,0.0,neutral
2026-06-01,2026-06-25,PEP,Is Pepsico (PEP) The Best Stock in Billionaire Paul Singer’s Portfolio? - Yahoo Finance,Yahoo Finance,https://news.google.com/rss/articles/CBMioAFBVV95cUxNN2lzT2xveExEa1pvd3BuTGdNY0NHZWw2aVFLZmJPYXU2QXFQMXBIN3ZtYnBJR2k5RnZQYU9MUkJtRE4xU1F2RmdkYjFuNUVKY21EcDc0Yzd6RTZveVNFMzFYaHFPX1F1NWhhY3VCYVpjdS1kdTAtcTRCSWl6RGNVa0pHQmhaUDk2SW9TYUZUU1lSY0FWRnNIVmEzRGJ3ajlH?oc=5,0.6369,positive
2026-06-01,2026-06-26,PEP,PepsiCo (PEP) Extends Credit Facilities to Strengthen Long-Term Liquidity - Yahoo Finance,Yahoo Finance,https://news.google.com/rss/articles/CBMipAFBVV95cUxPZHFId1BBOTMzdTZKLWV0R0xETk1uV2NtMmFTZnBzNjg0OFJRMlgtZVZ0V0hiako4a01zZzFZbGg0WGNDSmxXSEtMRnktREZqdWQ3Z1J3b3E1U1VBWVV6UEdnNTdpNFhIR2lWN1AtYWMzc1VWMzA1M1ZTQk9odXVsbTUtNFVJeFBhUlVQdW1pUjVOaEFGcWhZWHN3eUZlbHcxakhnaw?oc=5,0.6597,positive
2026-06-02,2026-06-24,PEP,Will Pepsi Stock Hit a New All Time High in 2026? - 24/7 Wall St.,24/7 Wall St.,https://news.google.com/rss/articles/CBMilwFBVV95cUxNRFNQQjdGV25mQUNoNWVkbDB3QUpoT1BBaV9mVFVnWmZGWE9laGZzS0FNZ2xremdnX3ZhXzJTY3ktd2FDZjJ3UzdXWEVaM1VaVjBqM2VQX2RjT1c1RTBfRXI0cXc4b29wcndqQWZrUUVpN3JCVEtjMVEwd3FIVWpaNHBvTFlIUlhXNS1tUUg1aWJ1RGlhcDhN?oc=5,0.0,neutral
2026-06-02,2026-06-24,PEP,Will Pepsi Stock Hit a New All Time High in 2026? - Yahoo Finance,Yahoo Finance,https://news.google.com/rss/articles/CBMilAFBVV95cUxNeHFyMU1sdk41Y2RqcWlyeW9Eb3ZDcThwaFIyczFZMVVMck5CVzdJdjZuQlkwWHlFSndsdDlDNkJLbFpMa2l6MEZ5dUJNRzZMX29kSUZMODhXZ0h2M2t0b2lTdUNXdmVQeEQxY295TS1Hc3Q3Vi1fZFB0RVp5dFlYcWJjVXcwaDJVYVBxMVlZUWhqaXd5?oc=5,0.0,neutral
2026-06-02,2026-06-30,PEP,PepsiCo (PEP) Valuation Check After Earnings Beat Dividend Hike And Health Focused Product Push - Yahoo Finance,Yahoo Finance,https://news.google.com/rss/articles/CBMiowFBVV95cUxQZVZMd2Y4am5YV2lLR3o5Wm5HWjlEZGNhVEYtNDZuVUJrbDBvRVJBS1czNGJUQlJGdDVpT1JGXzBfTWRMbTRPOTBjLTNfakN5M0tNZXF6Yl84cVpoc1BaS3Y2NW90RDlIdk05cFo5VkwzWTdYdjJaSHZ4N0hjdjQtN3B2a3RRcmlHVWsyMnowbUdDaXFRTmlEODBIVldjWXhNSmRv?oc=5,0.3818,positive
2026-06-08,2026-06-24,PEP,Is It Time To Reconsider PepsiCo (PEP) After The Recent 9% Share Price Pullback - Yahoo Finance,Yahoo Finance,https://news.google.com/rss/articles/CBMioAFBVV95cUxPTHpGY3F5LXhVTExZU2FMVnpxa0hoQk1qQThKOGFJYVZuZExnZ09xUUd2UjcyZEZXLWlSdTNsRjhtZ3czN09LMXlDVmxsenBXT2FaN2w0UXl3TWNBTFhIYUFNakZzRHhMR1Q2UEFFYkNCX3VyeG1XdlBWQy1NM1JtaVhZQmo5YnR6Y1BwWU1Ec2pBTkNMN0NHQncwTlgyUl9f?oc=5,0.296,positive
2026-06-09,2026-06-26,PEP,Why the Market Dipped But PepsiCo (PEP) Gained Today - Yahoo Finance,Yahoo Finance,https://news.google.com/rss/articles/CBMimgFBVV95cUxOSFgyT1dpSUowN0otU3JTREFjQjdBNGc1eXR6UEtfR243VFRXYlQwdEFJZ0xBNWNfWTZGWGlRUmY2OG8zdHdPU2ZoWmlTWmZkOUxIUWhfaFpCeFF4WnZHUEFjSnMySEJpcDN0X2c4dmpfb0NXSTlDdk5NeWlQN09mWklhdmtNajdvMXRSX1FwRmdfMVpGWUJJY2p3?oc=5,0.5267,positive
2026-06-12,2026-06-24,PEP,TD Cowen cuts Pepsico stock price target on weak U.S. retail trends - Investing.com,Investing.com,https://news.google.com/rss/articles/CBMiwwFBVV95cUxOcWh2QlI1WHFjRWQ1dFFvM0Q3WDI4VU41dHh5OGMycFFGbnlpc0JxMzBfdnhvTlNEaHBzdW04NjVjMHVNby1STkU5MDE5NWZxT3lhbEJMNmw0dmt3WVVLd1JNbW5GTDFxQXpSa001cGpySC1sRXR3cHBrM0MtSlhsVGszclY0VkY4eWNXaDRRRHE3dU5QSng0dE5HaXNCcGtzaXBMNHItMHpOTUZvZGRsN2VjOGwtc1RvRlpZeGdSMlJjeUE?oc=5,-0.6249,negative
2026-06-15,2026-06-26,PEP,14 Best S&P 500 Stocks to Buy Now According to Analysts - Insider Monkey,Insider Monkey,https://news.google.com/rss/articles/CBMioAFBVV95cUxQekpfZzlOOE56ejRpWk5uVlJ4eTRpYWJVUVhqa0J0c2dueTZjSlphcWNfYVFDVEpYU3gwNm5tVzNna1NNRDMzQmx5dGhfdEY0WXM1MXMxZ0VRcjloZXZycGlCbkRVdkVXUnl5aklIbTJaX0IwcVczZUJ2U016eFRkV0dTdDFmdW9uMkVnOXBuYzIxdm12QWpvbDJRNGpPdmRJ?oc=5,0.6369,positive
2026-06-17,2026-06-24,PEP,PepsiCo (PEP) Stock Could Be 45.4% Below Fair Value After Dividend Raise And Buyback - simplywall.st,simplywall.st,https://news.google.com/rss/articles/CBMi1AFBVV95cUxOaVlBQ09mYWYzSlBvRTNEYkp5d2x2b2s4Qk1fejZqaUdNYjhXbC04NjFQSkFBUExMUmkzZFZmY0Q0cXU3NFg2dGxXSzdIcDJXZFRvZG9DNlAyZFRzcUNYZGU2Ty1ZU3dUdnd0NEdsOE5vaEc2Z2NBUnlDa0dhMDlXMV9wdUE2b1pLSlZGZWdVT0tZd0pYSGM5YU12VnhsQXpWWm5MNTNlb0hxRlRYcTJaVjZuTkdPMWtSellsaWJpQzFVSXFSZmxyVW15TmM1dDRXWWoyONIB2gFBVV95cUxQR1pPRXR5cTNRWjdmVndpdjJzYlRoekpWNExqa2RsZHd4MEhJZFEzT0xTUzl2akxqdF9VM3haeWlHQkFXZDIzVmpKZlFUNjJlQTZOUDRDbW9xU1NPamI4OE5FNXdhZmJPaXdSSWNPZWZDaklBbFpKV2xXNkhmSVRFZDBMNWJIS3pIXy1ETnBrM2RFNU93SFZRcVJJaUVZdWFpWWkyV2d4Z1JaSmhYWk50eTBlYTd0NUJuTXZpTDBfV0M1T3E4bS1CMGtCOGVKUklqekZ1LVF0R01Ldw?oc=5,0.5719,positive
2026-06-18,2026-07-01,PEP,"3 Dividend Aristocrats: Buy, Sell or Hold? - 24/7 Wall St.",24/7 Wall St.,https://news.google.com/rss/articles/CBMiiwFBVV95cUxNOW5MN1BTV0FvVkFTczRfM3pxYWJTQjlyNUN4bzdfNFBWS2FSTmlyaDY2bElKTUdKS3BhUWVuTl82UllGN21lWE9JR2hmU1A1VE9YczF0am9KMC1GaTZ2UWNENktIQkRNZG1wTlBCQ25XcUltTFpqU0tEdUlJcXB1QlJuNnpiV01fTTVr?oc=5,0.0,neutral
2026-06-19,2026-06-24,PEP,3 Reasons to Sell PEP and 1 Stock to Buy Instead - StockStory,StockStory,https://news.google.com/rss/articles/CBMisAFBVV95cUxNRGZZUTVYVXE4ZnFqUnBJcTBtV3lOeFBYTURMYlpjcGNQSnNxb09adDZOVmdMTG9DM1JWUXJwNXlFZllSc0xrYXFWenNrd0ptTm1TTkJDSU9yVVBHaDU1QzhFdFlQd2RLVjRkRjZtWW92Tlp0Q3JtaTNwTGVrQVVkTTZZWmZtVUR4Z1haazl1Nkw2eFhOQUpQVGI3SENfNHVZNEJpMC0ybDhFa2pHX3d6Qg?oc=5,0.0,neutral
2026-06-19,2026-06-24,PEP,PepsiCo (PEP) Stock Could Be 46.9% Below Fair Value as Views Split - Yahoo Finance,Yahoo Finance,https://news.google.com/rss/articles/CBMilgFBVV95cUxPakpsZWl1NmowelVTWGtuMWVhX0lJZjFKN3hDbzhLZy11cHNjUFQtVnhyN1BkaU5KeGFuZG5pcnloTmJlOHhvMHZDZTdHSkxuejBSN25aTG5MWU85OVAzZ1NxZXVwa1IwYnA5UkhObVRKM0k1N3NOVEJLMGV3VWJ5M010SnlMbEFtTzFRdHpCdHFhSWMzRmc?oc=5,0.5719,positive
2026-06-19,2026-06-25,PEP,3 Reasons to Sell PEP and 1 Stock to Buy Instead - Yahoo Finance,Yahoo Finance,https://news.google.com/rss/articles/CBMijgFBVV95cUxOOWFQOVVtN0U1X1plWTNJUGNFUVFrMGZmb2EwTmxZMDYwNTZUN192ejRiZHczRjZfbU80TkJaTVhsZWd6ZldsRkM2VVZENmctMmxXZ2ZvTk1fNTN4SHR6NHk4ZmFVdEt6S182cGFldGtLNWkzWmNhZy1YZkRCVUFIRTk0blpvVTB0dEZfYm1n?oc=5,0.0,neutral
2026-06-21,2026-06-24,PEP,"Diversified Trust Co Has $13.84 Million Stock Holdings in PepsiCo, Inc. $PEP - MarketBeat",MarketBeat,https://news.google.com/rss/articles/CBMizAFBVV95cUxQV2gzS2hNdEZjZE1ieDFCVTNsbXcyZG9qZnB0UG4yZjNLMGZ6UUpwOWdjT0VGTkIxbG0yZTczeHBzaGtkeHpvZ3FEazlWMktqMjhqeWV1NUNsdmpoZEJFTzd2aGNMMFJIWUtTQVdnd2JCS085X2FGb0ZkTU9HMzl6UU1VbTVjMkVsOGQyeExmajdySWZEMUJnOVM2bjJGYkUyYm9QWDQ2dXdWczdkbUxfQzFuWnMxTUl5cGdCTkdOeFlKQ1EzZ2Y0bGlVSnQ?oc=5,0.5106,positive
2026-06-21,2026-07-06,PEP,"PepsiCo (PEP) Faces Softer Consumption Trends, According to Deutsche Bank - Yahoo Finance",Yahoo Finance,https://news.google.com/rss/articles/CBMiowFBVV95cUxQVHYtUXEtVTZDcXpzVG1UV2VEeUVPbjBXSG5JdG5xSV9vX1Bndm1ZVWpsd1BCcGN4Y0FVRWJPTVhWY2RTLS1oMFQyTTJwcV9VSkI4ZFZOVFlDNGhPSkNjVkZEU202TTVaelk4bjN1bVp5YWc2alNqaGVPWlBWeHVQZENfZWhCZ2tIMnp5cHNoSUZGZFhmbDBOTEdVWDdtNU15cHFF?oc=5,0.0,neutral
2026-06-23,2026-06-24,PEP,Prediction: Pepsi Will Hit $180 on This Date - 24/7 Wall St.,24/7 Wall St.,https://news.google.com/rss/articles/CBMijwFBVV95cUxPYlZMSlZtWDJhOTRnZVc1aXg3NVBSODA3aWoyTTA5cG1yVjNzX1FENnFKU2VPOUtWNGYzOEpOVzZPOUNFMFJKV3J5U2d5T1lUOEF1LVpXTjAtZGtpSGRLMG9ydDYyQ1VqSWp0ak1WVzUxMnVETUZWaWh0WVUxMmFGb3NRQkQtWDRYMEtWS0JmOA?oc=5,0.0,neutral
2026-06-23,2026-06-24,PEP,Voya Financial (VOYA) Stock Could Be 3.1% Overvalued After PATH PEP Launch - simplywall.st,simplywall.st,https://news.google.com/rss/articles/CBMi3AFBVV95cUxOZDktbkNGLVZaR1VLZklLcUpCSlZ3eUI2eWkweUZIYzZRYnFobV9GS3dtUlZPdk9sQV9RTmFIblNLSU5peXlmcUtnOEVMSXQ0dEtWYy0yUEYxaGJKQnNkWEF1dXFmOVhLTVdDZ2xjMUswRlZTYWUzSTZUSWdacGtoRGV3S0tjdC1ZZFN1T3RlZE5IX3JYOW5OS253RmFDcm1HbzMydlVmSjFDaGNTR0xmXzdZTWFtMnl6SFdmMFNUQlRRbGtBNloyU0o4b2hnRGVzaHNNMjNna1hQaHdo0gHiAUFVX3lxTFBxZkpxYVAwTmxqbWNxQWY2a1dULWVUQnAtbExPajdGUUFsbTdmV0ZibDVxTURSTmMtRFExa0xyOFY1T0hjdmJoTXNiOERXR1BfNjVoc0lpMGl0b1dfMmVlVGlBSmFfaENjMi14S2hBeUtvU3BMc0s4VG5jeFhLdEJOdnAtTm9iendYVkFqWjdEYVJ2bUd1VklnS2FXU0w2NnZWdVNFVVFnRlk0dUUtNGNoMkFwZlZnSnAzRVc5b1Y1YjJWaWtFaTRSM0tFVWVFaUp5eloxWVp6QlBGcWpocF8zMGc?oc=5,0.0,neutral
2026-06-23,2026-06-24,PEP,(PEP) Risk Channels and Responsive Allocation - Stock Traders Daily,Stock Traders Daily,https://news.google.com/rss/articles/CBMiwgFBVV95cUxPRHBOQzhOUUxSSDRJelJQUS1WT2dVbHM1VFF6RkRvNU83QXhCd1UxS2N4ZnlZaFNwU1dmMlFjcEhfNTBYMnJIdDVuZm43a1o1Um9YVGxsbXRsSVo0UXQ4enVrSll2OW9WWW10d2RpSEtKcExyVTFDQWlidXJIa0VaODB6M1g1LTQyd0JyaWoxa0lHaHZ5dHdWWjF2bFM2TW14TnFudnZUVU5PZ1A5RnFRdWRhSHBJaWVkN2pTeXJrbXBRQQ?oc=5,0.1027,positive
2026-06-24,2026-06-24,PEP,PepsiCo (PEP) Stock After Recent Pullback Is The Market Missing Something Here - simplywall.st,simplywall.st,https://news.google.com/rss/articles/CBMi1AFBVV95cUxNb2doNG9pYWFxUUdnRm9uWWJCN2Z1WnRrcXJWd3VaQ1RsWVQ1Q1ZZR2ktVE1uUmlpemhHbzZZTmtvNXY4b3ZkVTNpR05IUEhvZlp4a29MRi1ZdHhwcmJfRTlIR3pyUldvUENJS1NfZUFsYlpRQ1U4TlpqaWJ0QldrcGNfWUt1N09FM3JXV1Vkb0N6YkxaMFZkMEFfbkpGUFM0OXc3NGRKYkpCVHdFVHdWMEs5d05DWFpnbEJyWjl1STJ6MkdCcFFralJPNVlhQTkyYW5EZtIB2gFBVV95cUxPem53VWR2UVdTY2w3eTNWbjk0TDlWYjlKckdDdGtIdWpIOURCa2gwZmpERmp0MEZpNVZKcy0zQ1BRRmJIU0hRd1B5ZW9sSENObnYzbXpfR0pQWVlBa2YwYkVkaXd3TEZmMEZ2UTVrbjRROXZwanhhU3hiWjdQVGNIdFJTRVp1VWR5NVhDVDBSU3ZsVzZsUWVWTjhtclI0cVFiMzA1RTlTRFhJeV9tX3RRU3ZQWVBRcGZnenVyQUNBWWdRUDVYODZVX0UxTG80MW1sQTBQcmwwUmRrUQ?oc=5,-0.296,negative
2026-06-24,2026-06-24,PEP,PepsiCo's Q2 2026 Earnings: What to Expect - Yahoo Finance,Yahoo Finance,https://news.google.com/rss/articles/CBMingFBVV95cUxOLTNuX09YSm56ZnFBVzJBM1RnV2FDU3ZYeUQyanF6bmc2SEU3RlJSQm90NnFPRG1EamFxbmFJRjF2RWEwcjJodWJETnpkdmdlSnFYNFV1a3NqNWJsOWtTOVV3SHFMMWRsNXJ4cHpfSTV6SzJVUlZrR0dodnFTS2hvUEhMQVZ3VHhQelQ3bWY4TkZpay05TjFqYldMdjFhQQ?oc=5,0.0,neutral
2026-06-24,2026-06-25,PEP,PepsiCo (PEP) Stock Weighing DCF Upside Against Recent Share Price Weakness - Yahoo Finance,Yahoo Finance,https://news.google.com/rss/articles/CBMimwFBVV95cUxOdUpuYkU4VkJJeXJkYVJybzRsNlZOOVUzTTNIZk5SWDI3YUhUWDJvWHFKVXYtMHYyTkdfYy1oTy1hWjJPb0xTOVNETnp1cGxXeV9hRnhTS2Z0ekhpUHdoQzJ3MW9uS081UEtaTnpnUUY4WDBwT2Z0NmdJRjJYVS1NcDkzQVNPWXFtUnh5UDRNMk83bENaci00dFhGWQ?oc=5,-0.1531,negative
2026-06-25,2026-06-26,PEP,PepsiCo Inc. stock underperforms Thursday when compared to competitors - MarketWatch,MarketWatch,https://news.google.com/rss/articles/CBMi4AFBVV95cUxPWDhTcW5iNDJxMndSWEE5REx3a05ObE1qWEVBeklRdkNOaXFMaWgtRzh5Z25Wbk56ZV9XSXFxQlctRXRMMTJpSF8wWFNZSFdIdWtSRm9sTXRWck84SVZzdXVteVhVdWdqM01qZUxZQlBzbndYTjJwTUJlOVd0M2lWQ3Y1Z3dlSkNaaEdhOXdIMGVpTVh5WGpDVktEYzVqWFR3OU05ZmdoRk52eFFpSkF1bGdtdzdWNnRyUjZiSE1hTWREaGVLUjd0RlF3ZXl6V3V3b2J2aF9uVUtDT2F1VTVkcA?oc=5,0.0,neutral
2026-06-25,2026-06-26,PEP,PepsiCo is tipped by Evercore to miss Q2 earnings expectations (PEP:NASDAQ) - Seeking Alpha,Seeking Alpha,https://news.google.com/rss/articles/CBMiogFBVV95cUxQVXVKa1NDdjE1SU9WS0ZvV0kyejdtTURJSDJtRXVRR04yRWE2WlVVb0pyVWdTNzNsLU5sNWtXbU1qSmxpLUhzLXppR2o0cUFHSGhfbGFRZ09XaWZHSExWdU5SQ0NkWi1KRXViaDFKaHcydzJnaC1tRVJNRnMtMkNaSFhic19aN3ZtdUlVYVNCLUVvUGxJSXoyUXlSck9ZaVQtQ0E?oc=5,-0.1531,negative
2026-06-25,2026-06-26,PEP,"PepsiCo (PEP) Faces Lower Analyst Targets, Is The Stock Cheap? - simplywall.st",simplywall.st,https://news.google.com/rss/articles/CBMi1wFBVV95cUxPY0NIWF9MSmhvR3RGS1lEX3hxVVYtS3pPVFhCU3BCQlo3WVB0UWZCMmd2cjlaX1VidEFhaG1xNE53ZzRLZURfd1o4VEFnSm9adVpjeDU5REhWS29SWFhSQkt1TmlVNnJMUXVHN21heUxaZ2ZZSllSOVRoNE1rM2RwMFdUckJoeFZ2Z3JpSnlmVzdsaGZyWUZBX3pJQ0x5ZWRzT0l5c1VuMDZ4QXVJWUU1eW5NLTM3TV9CX3hnNVd2b1VWTUtvLURrWlo1T0ZCdDdhT3FCa0lxONIB1wFBVV95cUxPY0NIWF9MSmhvR3RGS1lEX3hxVVYtS3pPVFhCU3BCQlo3WVB0UWZCMmd2cjlaX1VidEFhaG1xNE53ZzRLZURfd1o4VEFnSm9adVpjeDU5REhWS29SWFhSQkt1TmlVNnJMUXVHN21heUxaZ2ZZSllSOVRoNE1rM2RwMFdUckJoeFZ2Z3JpSnlmVzdsaGZyWUZBX3pJQ0x5ZWRzT0l5c1VuMDZ4QXVJWUU1eW5NLTM3TV9CX3hnNVd2b1VWTUtvLURrWlo1T0ZCdDdhT3FCa0lxOA?oc=5,-0.296,negative
2026-06-25,2026-06-26,PEP,PepsiCo (PEP) Dips More Than Broader Market: What You Should Know - Yahoo Finance,Yahoo Finance,https://news.google.com/rss/articles/CBMimgFBVV95cUxORUE3amFLS0tYUGswSTNNMEhCR1AyMVg0Z08zSTFsUUpmcUhFNlA1MU9SQnhLTXJoaU5STE0zUjhNWE81dFY5TTZfTFh1YXpoM2lnNW1OSjJjSWJ1TXgta0NWTnFlWWYySzJxbVNKVXZoRXBWTVh3SEU4S2xxcUdCYTE2UTJVNGpPOFF1VjhqMlcyamJObkNVM2VR?oc=5,0.0,neutral
2026-06-25,2026-06-26,PEP,Citigroup Has Lowered Expectations for PepsiCo (NASDAQ:PEP) Stock Price - MarketBeat,MarketBeat,https://news.google.com/rss/articles/CBMivwFBVV95cUxNcnMwZTJyY3dRQWpCOFJqdE5yM3l5ZmtWRkdESDZ6RF94dDFjZTNuWjhqUFZKTEQ4cVY1T1hibnBlZ3VkY0Q0WU9jSkpDWjRJeURic05rWTVIcE1SZDAzNzZuMlptVUpfYUVKNXhSNXpjYUtySDJKM1hwX1pjVU5HVjNBMkZuZm53VVAzVGppM0VLcXBnUzRnV0xUazRUM1h5eUVEeEMwRE1TbDJhbGM5YXNPaDlWckJNMGpsbXFJdw?oc=5,-0.128,negative
2026-06-25,2026-06-26,PEP,Bank of America Issues Pessimistic Forecast for PepsiCo (NASDAQ:PEP) Stock Price - MarketBeat,MarketBeat,https://news.google.com/rss/articles/CBMiywFBVV95cUxQNHNOeVpBUkhXOXBUQ2FKVTNyLUY4VkFlVDJITlhENFhfeHp1Rjc0dmFnZUllVVdLUmJPaHpKVnE3Yk1nRUxmYnZTNXMwVmFrYnhJa2RBWGRTaTN0dzBDeUhNQWlyRldpYmptNFQxYlREM0tIejZoaEJKUTBwYkhCWjBRNnFkRjltbXA4MTJQc0tISF9hODJJemJ2dVplTXpMNktabkZfR0p1U0ZkaTltUzFCeEU3c3d2SDlNdWF1c0JQcVRWbWVDSWt3aw?oc=5,-0.3612,negative
2026-06-26,2026-06-26,PEP,1 Large-Cap Stock with Impressive Fundamentals and 2 We Question - StockStory,StockStory,https://news.google.com/rss/articles/CBMiwAFBVV95cUxNaVBkT3hyTlg1WjF3RUpEb3VsTGN6cm5JaThkbTZ0aHdiN0Y2el80M0FaTDUwTTAtLTN0cGVEVENpbzEtSHp2SWkyeEdGb2pWWnJZajhjV0xVTUpnbUc0MGRJN1BHa2VSOU5DOWJrVWxXU2psZy1MbmU0QXFEY2o5bVpnR1VxbW43dXhXbFpwdmpOakRVR0ZITUZPUFNpUUZWbjM5RkMyaVhYQ29wd0s1WHNHMVFfYnVhQlpHQTExUVU?oc=5,0.5106,positive
2026-06-26,2026-06-26,PEP,"Louisiana State Employees Retirement System Invests $24.75 Million in PepsiCo, Inc. $PEP - MarketBeat",MarketBeat,https://news.google.com/rss/articles/CBMi3AFBVV95cUxNcFJ6Uk9mQ2N0b1lvZi1DZUk0bEJua3BOaTk5Rkc0OFZHbjBUUFhuYU8wOVJvWUpBTkp0MGlKOEpsd1lGSXFOWlplcm9Ic25GM1RNTjhqdTVnRmNSa0h6dno0Y0tfY2tXZUxJRFJva05CbGE3bklQcmNlMTZqSUtqenc0ZzRCenFmWlJxbF9pWEtWUTFPczg0TW1IRnc1eWNFaXJseXNZVnU2MUtPVC1WT3Q4eEg2THcyNDVmUEFHMUpqVlFMbGhQWlhFVDgyd0VXUnUxQVZGZXN3bzhv?oc=5,0.0,neutral
2026-06-26,2026-06-26,PEP,Bernstein Initiates Coverage on PepsiCo (PEP) as International Strength Offsets North America Challenges - Insider Monkey,Insider Monkey,https://news.google.com/rss/articles/CBMi3wFBVV95cUxPNWczc3BMczRaUDhDV0pCY2pMMDFrMlJDQ3d6UVNocjVDQm10bmR0cFdSbVNsRjk5NWt4TjlDX01kcHQwOEg2WnV3SktROGZpeHZJZHAwajhfUERUd09uQVJIaktZcmJIU3dxYjZjWDNPX00zYmVNR2h0ck9fUmI3N1YxWUxodjVPd1dsMWpQQ2s3Tm9oUmF6VzZJNDVDUFhkeVgya2QzQW85MFRQR3o4RUxSWE1BbXRkdWhZeTJQMUR6WjQwVDNMLUNneTdmekExaXlIbEgwNm12aS1QSGZZ0gHnAUFVX3lxTE10OWwxSGVZR19QWTNZTHhXeTdfUDFVcnVQLXRxZXdvb01XamdFeEVSbklyR29hUDNXbklXeXd5UlJiTVhrekhsbVdrSUNScURUWTVWTEcwdmVTQzBfRGp5TEVRY1J0ZU90V0cwM2tCZ2xPamFFYjkxVHdNcDdiMTJ1eUYyT2JmRU9QSi1Fa01DSEF4SzFNNUdCTnJsMjhhdkxPZkFJZVBuOTFCWjduV2d6Nk5xZnFOdlRwdl8yOUt5cEJQdllTNmdfT1Y0TmszMWJ3SThTakxVUWtnQ3dUUFFJbVVZZ2tvNA?oc=5,0.5423,positive
2026-06-26,2026-06-26,PEP,"PepsiCo, Inc. $PEP Shares Sold by Assenagon Asset Management S.A. - MarketBeat",MarketBeat,https://news.google.com/rss/articles/CBMivgFBVV95cUxPbTRsUGYtV2ZQZVNjUjR1VGUzVGZMVFBwOUNwWE1LZG1qVjRXOUY1eDJleFozNWhvTEl0d2xkY2RPNHlONEE2VVhXMEdhSnV4S3JMak1nQnZHamdpVzRYUGVmdlA4eDZpSERJWnJTU2dNRmx6LWI2WXpnY05pcWR0YnlRdDNBVjJFX2dqcjE3QTFURGpqeWxtUURyb1BKRjU4X0FvSy1pNkIzU1lTUGRNZ2R4X0N4eUlfeGNQajVB?oc=5,0.5719,positive
2026-06-26,2026-06-29,PEP,Coca-Cola vs. PepsiCo: Which Soda Stock Offers More Fizz in 2026? - The Motley Fool,The Motley Fool,https://news.google.com/rss/articles/CBMitgFBVV95cUxNS3VaY1Z5NzZGS1dqZFo2ZzFZMjZPX0lJSEpLRkdpa3JEZDc1YklsSGVfU183ZUk1S3J3bEwyYlJsWnZlaS1rQ2hCTnBCWTM5NzZRQmZCWWNrbEY2T0lXUHU5TEZ6WXp5Z3ExT1hKNTMtZThKRWVPdkZ1ZXVXUUJYOVY0RUtHQy1UeEJFNmxTSkZSdkVRWWFiUjlNZk16ZVdqclFIQzdUblVwOVhNd2txUlF5dWFiZw?oc=5,-0.4404,negative
2026-06-26,2026-06-30,PEP,Do Analyst Cuts on North American Snacks Quietly Test PepsiCo’s Core Strategy and Moat (PEP)? - simplywall.st,simplywall.st,https://news.google.com/rss/articles/CBMi1AFBVV95cUxPb0l3dUM2bTBWT0QzaF9SdUJsWlU1RlFhSmc0WjlYanYzRFVxazVDZjBabTlwMktzeGgzLUZVV0pIaVdMWlJqM1YyN2VCbzlxZGxUVVlaYmJ3TGpjLWFTNTJKUEYtWTRHcUhMdk12cDFoMnk0TUdVTUtOZHg0enozaV9hSnhlUlVxX3MtWE10OFJaNDRCcVlpd2tkNUxTN3dXd2FmSW5GOVZwNTFhVU1QbUNrQjZISS1GXzl5UWVNejl6dlhKaVVsNWxwY2tLVHNpQlMwWNIB2gFBVV95cUxNYUE5aV9Ed21BdElmYjk3UVNrcHZXQXg5VDVFLWdrRElCcFlGTGZGMjZNdTR5RTVfVmRaMGlwNW5xTmdUYktlUkkwbExxbjlVSlZNYmszS1dYcHpSWmo0bVlUdVVic3FKSkVvbmdUbzVmRDVmVmllRWlFczZjcDE0bGI3M1FFYW01X2JNTEtXam4tZ295OGdNWlZ6d0dPNVJ0bHo4a19kaEhCaFlGbXVJWVMxWHpib3BRWWRMMndtSFkweGx6dVdRSlFHUVU5Q2M5ZGNReS1PTU00UQ?oc=5,-0.296,negative
2026-06-26,2026-08-11,PEP,Coca-Cola vs. PepsiCo: Which Soda Stock Offers More Fizz in 2026? - fool.com,fool.com,https://news.google.com/rss/articles/CBMitgFBVV95cUxNS3VaY1Z5NzZGS1dqZFo2ZzFZMjZPX0lJSEpLRkdpa3JEZDc1YklsSGVfU183ZUk1S3J3bEwyYlJsWnZlaS1rQ2hCTnBCWTM5NzZRQmZCWWNrbEY2T0lXUHU5TEZ6WXp5Z3ExT1hKNTMtZThKRWVPdkZ1ZXVXUUJYOVY0RUtHQy1UeEJFNmxTSkZSdkVRWWFiUjlNZk16ZVdqclFIQzdUblVwOVhNd2txUlF5dWFiZw?oc=5,0.0,neutral
2026-06-27,2026-06-29,PEP,Does PepsiCo’s Marketing Blitz Amid Snack Weakness Reshape the Bull Case for PepsiCo (PEP)? - Yahoo Finance,Yahoo Finance,https://news.google.com/rss/articles/CBMinwFBVV95cUxNSlNQN0FaTFo1bnZFNFMtTGZZT3JteUoxcVA2alhfc2o1NE55ci02RXFVaDM5dktSQjVxa0N5eXhqTEFueXQ1VEFBM3hXZWZyYzVXRVVYU0F2Vk5JNzZNa3JMbXE5OHMyOTk4bVJOTVJ4NzdpaGl5eUhCZEdma1phcVBTUFFWejFsX3ZzNUVLZHNKYWhVb1VMYzVCVUdvaG8?oc=5,-0.4215,negative
2026-06-27,2026-06-29,PEP,"Sterling Capital Management LLC Sells 8,406 Shares of PepsiCo, Inc. $PEP - MarketBeat",MarketBeat,https://news.google.com/rss/articles/CBMiyAFBVV95cUxPckR5dUtkdmFEelZGYWhWRnNOU0huYUhkZlNtc2VwNkxIVHA1YWJMdXFCcl9uTDVrUEd6Rnc3dE9WbjdETG9EQWlaQnBmN3psbzR4RlUwcG94bjFKOTdLclZTVDJhSGhQWEs0VjlwREp2OGszVVFxdEJIRUQ5UjNCbWpPc3U0NWdSUlQ2MGpMNHFMSjVtclhFdkE5N2otMlBMbVFFOFdTZGhOamFtTjI0RGZaZ2Y1ZUtOYk1tYmtuR0luX1k1RE93Nw?oc=5,0.296,positive
2026-06-27,2026-07-13,PEP,"Forget Pepsi: As Volatility Tests Consumer Staples, This Global Household Name Wins Every Time - Yahoo Finance",Yahoo Finance,https://news.google.com/rss/articles/CBMipgFBVV95cUxNd2RFdVFSSHBvX0xMM2lhbDloOXZmQk9sVXhXaGJJTHV1NEFBVVo4MEtQTkdDT1pxU2Y2VVNycm5Oc3Y5UDZiY2NUZTBkSkV2cDhXNFFqbm5hSUJSYlV4T0hoLVo5LXlLSW9sWlBZQndycktZT3lDQU82R0tQSmVZNDAwLTlzXzBtbndsRkVvUHB0T3VRSzE4cHliRzdoU3ZfQ3NITUZB?oc=5,0.4215,positive
2026-06-27,2026-07-16,PEP,Is PepsiCo (PEP) One of the 10 Best Dividend Stocks to Buy for Passive Income? - Yahoo Finance,Yahoo Finance,https://news.google.com/rss/articles/CBMikgFBVV95cUxOS2hRcVoxUXA2emtEa3UyZG1VYUVJZUp3bWxwN3d6NU9SV2FCSVRlWUtnSC10VXNOLTk1dzJ1eEYyOV9Ydjg4YWhxaHEwTEdsSjBULXpXc3RBeTFkOEFSdExjNkhXTXltNlZNMF9qV2dtS0lOVnRwVkJQOUptT0REa2ZISzBOZUZhb2RaUDdTUDBVdw?oc=5,0.7184,positive
2026-06-27,2026-07-16,PEP,"Forget Pepsi: As Volatility Tests Consumer Staples, This Global Household Name Wins Every Time - 24/7 Wall St.",24/7 Wall St.,https://news.google.com/rss/articles/CBMi0gFBVV95cUxOTk1jWi0zZDhQTmhTaHRPN3MxbXJZZVgtR1h5Z3hlUmFabzlhR2ZEX2QydWNVdzZzN0t1RGVxcWFUSzBKVU1yaFFKRUZJa21jNHZFdldKYlppQWpmWEJoS0lYaWtpbEpuQU41U0hIRTRBdUdqRHZGN3ozek9oajNIVGNITTZVWVlMQUNkZ2tKLVZ3bHBmUVBCaURfQkVWeThqUlFhLTZYamFGb1FtUEhyakZzNDZDQXlwS2hXUGdtN1NsZVJiWEN4RUVkaTdWRTUxVkE?oc=5,0.4215,positive
2026-06-28,2026-06-29,PEP,PepsiCo Stock And Other Consumer Staples For Defensive Income - simplywall.st,simplywall.st,https://news.google.com/rss/articles/CBMi1AFBVV95cUxOM2RPMUFnazd1dWpEaGFYT3hnZG1JVzRhS2JpTk9kV3hfanhXUnd2OWhPRk5fbUpVOWpFT3ZCWTFTMzBnUmVfd3RQQmxOV3EwVXl1bXhEbDRrS3R5SU5odlJMWGNDWGhGa1JDNDdEVjAtb2ZDSkNoc0lTMmM2TjY2aVNOb0cyWmduUGpBMGZVblR3UExTd3otUWFGb2ZVamIxbFprbWlkckV3emxBSU5hSWdaUWJMbjZrbnE5amVzUWI0aWkwSktRaUtnZGljQXFRbW9JWdIB2gFBVV95cUxNNFlBcVVJTG9icHVpVjU4dHM4Si1xYWFYUmtTYkdoR0JvdnR2NjNJSVJFaWZ6eXNUTE1Yc2VCRU8xd2FnMjIxemI0Z2ZpLUhqLXNVczZkTVpBcDlpZVBaOGxaWXNYeG5ObjZ6eE5oSlJabkV5X3duekhNQ3dKSE1Cd1F1N2QtZGRBaHhoY093bHE1VGpDU1ZJOFZIY09hREV6eUpfOVNnYV9sa2ktODNpdVU4c3R1MUNKZmJmY1hDSXpYYzlwZUtyTkdnX20zcUJFeEtkVkhYTjVHZw?oc=5,0.0258,neutral
2026-06-28,2026-06-29,PEP,Is PepsiCo (PEP) One of the 10 Best Dividend Stocks to Buy for Passive Income? - Yahoo Finance,Yahoo Finance,https://news.google.com/rss/articles/CBMikgFBVV95cUxOS2hRcVoxUXA2emtEa3UyZG1VYUVJZUp3bWxwN3d6NU9SV2FCSVRlWUtnSC10VXNOLTk1dzJ1eEYyOV9Ydjg4YWhxaHEwTEdsSjBULXpXc3RBeTFkOEFSdExjNkhXTXltNlZNMF9qV2dtS0lOVnRwVkJQOUptT0REa2ZISzBOZUZhb2RaUDdTUDBVdw?oc=5,0.7184,positive
2026-06-28,2026-06-30,PEP,$PepsiCo (PEP.US)$ - Moomoo,Moomoo,https://news.google.com/rss/articles/CBMixwJBVV95cUxOUE9hem1QMWh4Q0ZCZzdBaHJWNVBwYzh1WmJaUE5Idy1zT3dTN0lwbUxtQy04aUpVNjJfMktkVDlDTUozeEdqTy1ja3EySTR0ODAtWVlTcF90dDJJWUVjdldSWWxxLXBmZEl2Z1ZhYnRKSDF2VWVDRGRnTlhVQy1MN3p0R1BqcEVLS0pic1RHbTAxUjNUWnYydElRY29Ya1pYOS1PdDBZU1laSXZhUi1oUS1Ydkc3WXgzNk90NWF2YmpnWlpMdmExUF9ydW1wRmdMSjFCODZac0hKRnREc1lHcHdzd3BQWHJfd2lIV0x2XzlBYm40Um1NdG85LVNpdFI5enJINWFRUzU4aGdfSDZtbkNISjdJVzEwTkZqWnJaaFpyRUgzNEVad0szdkxIMzZnVVFfWkpIUXUzM1lDUWMyUVZvX0lRbTQ?oc=5,0.0,neutral
2026-06-29,2026-06-29,PEP,"Patriot Financial Group Insurance Agency LLC Acquires 7,542 Shares of PepsiCo, Inc. $PEP - MarketBeat",MarketBeat,https://news.google.com/rss/articles/CBMi3gFBVV95cUxOYXB5WDRDQmt2MndiMFJTRjJ6cEpzVU9tdXdQUmtWNkRZX1E1a0ZZSm8zVHlhNkNaOGVVZVNBZ2RZYTdHbTl5bFBfdFRscnpOZWJhNFJoYnBIZzk2NlFDZEN4WFBzcFBxdFZGVjlmU1hRWGNpM2k2M1MtQngwbGlWRHJXUnRlOW9XUEpaVWRubzRNMUZsQTg5eWpGOWRKNUY4bUgtemNqaW9PS19uVERJSHJVMzZvWjhnaGVCSndnb3ZVR3pvVE1qTHRGTjdEM1JJMmN4SW5od1JVRy1uWmc?oc=5,0.296,positive
2026-06-29,2026-06-29,PEP,PepsiCo Likely To Report Higher Q2 Earnings; These Most Accurate Analysts Revise Forecasts Ahead Of Earnings Call - Benzinga,Benzinga,https://news.google.com/rss/articles/CBMilgJBVV95cUxPV0lwU1ZuWGxxSXhZbmlSNk9LYlFfR3N2bldERTZ2bV9ibFpNX25PYzJIU3lOeFRMSnZhSVprT002cGh5NmVsRlZ2TkliZTh0OXh2MnJreTdIQ0pYWmdHcUpPSWpUOWJ0UTBnb0dsYy15OFVPbXlVYU1qVm1lR2I3UWpsNE1ldlQ2RUhKTVF3WU1uT2x5a3RxalRqWEdqOVVjUjJtMHJDSmNvZFFpTTVWcTNNMzhXNTlHbkJ2ZFR3SWttLTdYSW94cmFiWFhteWdjM3hzcXdOVWMxejBGSFhhcmJVa2dVYVhsekJZVWdTdmdmSHFOaGJrVkVpQ0s0dDR2V1RjYWtMeW9uUDd2ZlMwb25WMUlfQQ?oc=5,0.0,neutral
2026-06-29,2026-06-29,PEP,"PepsiCo, Inc. $PEP Shares Sold by Canoe Financial LP - MarketBeat",MarketBeat,https://news.google.com/rss/articles/CBMirwFBVV95cUxNSkl0UHdQTTFTakxjOXVLR2R3b3BxdkxaankyMlFRVEtVT0R4WU5sRngyb0dpeER1eXFMQWNULXkxN2M3djFvWVBGOHFXaXFnUmhVUkdFbldTRVYzaS11OXRBYlpUMUR6SFJoblludkJKMVZDamoyb0RDczJBOFc3aTB5XzRnb0U4dlNJTDZwX01iQkFnYkxjbDdCc01BdkxYNnoyd1JBeW0zcHNaMmxJ?oc=5,0.296,positive
2026-06-29,2026-06-29,PEP,"PepsiCo, Inc. $PEP is Matrix Asset Advisors Inc. NY's 8th Largest Position - MarketBeat",MarketBeat,https://news.google.com/rss/articles/CBMiygFBVV95cUxPdkdrLXBBVVFIN19EbHFLVmhldWN2MXNQejBmT1hxNGNtMWYzU1VZc3Z6UkhCSC1haVhzR1o2QnoxV1AxZmJlbVlHOVhKcGUxZC1zT0ZHNXhIdTRHRDI0el9qazhxaUJwOVJRUmxROVZjc3Q1UU02R3JGMVdxdVkybUhfdXBwS1lMMkN0MlJQa05IZm93RW8tMm81NXU4bHRyU0xvY0VwRFQwcFBnbExpb1FlMWZZeVloSkxaWEswWHlTVllPX2N2dHpn?oc=5,0.3612,positive
2026-06-29,2026-06-29,PEP,"PepsiCo, Inc. $PEP Position Increased by Pictet Asset Management Holding SA - MarketBeat",MarketBeat,https://news.google.com/rss/articles/CBMizgFBVV95cUxNOFpfQkFkcG9JNG4wMi1JaWs1N1FZNndfeXM5Q3hMVUllaW1wVTBaSzhJUWs5MDNNZktLZEs0RDA0ZTc2Tmo2RmdtUHByVGRYSDJPUUdDQXFNeG1IZHBfTGNNYXRsenVCaDBPRnVaM3Z5a01iTTZQWHVJMVhLRkVmUm5ySmtiQ0YyMHZjRHJDcTRRZkRmUVI4a1F4RVItZTRWMVNvVnI5R1J3M29iellFbjQ3dzBERnh0Y2Zhem1YMHRyUjFPQmNVQ05pWDE4UQ?oc=5,0.5574,positive
2026-06-29,2026-06-29,PEP,"Apollon Wealth Management LLC Has $17.22 Million Stake in PepsiCo, Inc. $PEP - MarketBeat",MarketBeat,https://news.google.com/rss/articles/CBMizAFBVV95cUxPRjZIOHVNaGV6NHFlRW9qdm1OVkp5SWFVSElJdC1mbzRFbklVOTJfdWtFMnl0akJUdWxRV2NzQURpNWZaNk9ZMjNXX3k1ZVJyQ3JmY0dtSUZqemN2SmdjNTFWcFVJdFdjeHE5cW9TeEhzTThpQ1NodlZpbUxYY2pwV0w5UWRHa0puUFAzTXNvRGVRMzVOdUxmdWtyOWxSVWhMYnZwV2NXU19fLUdlcmc1b09NSDAtTFhpa0RBaGFlVkZlRnd1RHZwcHdLMWs?oc=5,0.4939,positive
2026-06-29,2026-06-30,PEP,The Market Has Ignored PepsiCo Stock in 2026: A Q1 Cost and Volume Inflection Suggest That May Not Last - TIKR.com,TIKR.com,https://news.google.com/rss/articles/CBMixwFBVV95cUxNdGNHY3JsQV9qd0VUSU1PWnZSd3l0LVluN1VWNWhvUDFpTVRqODFuMW1tNk1fLU5nb2J3N3Y3ekhlaGwtVGFiOXVReFdHWnBNYkFhOEVwUEw2S0o3RFk1c0FFdUZIYXNDMk9ycTR1aWxDMmVPb1BLVmNqYTNUanhBUmZkTW1VZXBqTExDYzlMa00wLWpiaDZZOG1QWU15UDZnNE5TUDFIbHZWeGw0UUo2X3g1dGVFTURsc1AybW5Od3JETnByYUVv?oc=5,-0.3182,negative
2026-06-30,2026-07-01,PEP,PepsiCo Inc. stock underperforms Tuesday when compared to competitors - MarketWatch,MarketWatch,https://news.google.com/rss/articles/CBMi3wFBVV95cUxQa1F6RnRoWlFteEkyalNhOGRlMjlvS3ZuWGZaM3AtVzZCVEhtaDBmb3JVSnpJdlQ1MzlwemRQNVRQR2hNdVEwcGpBLWpESDN6a1FORFVLWGdSdWtOaDJYTHAtRWJlRzQzSTVOeXJNR0Rka1ljdS1FVy1IOUdVZGhFWkNPblprTlg5amdUWDI1TG9ac2JkUzZWbjVmelkyQUxkckRmOEFIZXVLRFN3OTNTb3AyOGNsaDBtV3ByY2sxaVpTc1ZjbkRSczF3amVmNUthQTc5NUFhdDF0Q1VyUGVR?oc=5,0.0,neutral
2026-06-30,2026-07-01,PEP,Pepsi Price Prediction: The Case for 20%+ Upside - 24/7 Wall St.,24/7 Wall St.,https://news.google.com/rss/articles/CBMikwFBVV95cUxPX19xY1VYSVI3M0ZUdWtqNzN3RklnS09iMUlieTdSdFUtbEFTeWxaWVpNWkZPV0Itc212NXZfdXJOSHhPYU94bm9zUlNubFdkcnBOTnV3TGNPTUh0TFl2NGk0SVdyU3dsRkZkUGI2NHBpc21JRUszNGxTMGNWLWJIWVNPa1pxZzJYbGRBWkVENzNxeGM?oc=5,0.0,neutral
2026-06-30,2026-07-01,PEP,Pepsi Price Prediction: The Case for 20%+ Upside - Yahoo Finance,Yahoo Finance,https://news.google.com/rss/articles/CBMimwFBVV95cUxOZk5YYXhLTHdKdkRyYWdXYkNob05EeGdqR2xfWS1VcFMwdjFSS0VPNDVrTFA3UjdwS2hnT0ZETDVFZk5TV0hfNzc5UVl4ejVIYm9jM3ltMkctMmEwZzlFWnhkRTh1OXJZdEpfcTB6LTgtSXVLenVlZDdRQ1lxaGJxWXZnYXNCUXA3cHNiLVAxLU9MWnljQjRhTmVhaw?oc=5,0.0,neutral
2026-07-01,2026-07-01,PEP,PepsiCo says 4.7 million acres now use regenerative practices - Stock Titan,Stock Titan,https://news.google.com/rss/articles/CBMipwFBVV95cUxQRnNfaThIb0JKdXZGTkg2WlVNcVk4WGwzeXF5VTZUSzYyRmVQOEZ6czI3TG5RWlM3TjNMOHo3UUZrWWE4eW1EazZiQmt0UFdKOUplcndKMUJ1b2pvWjRrckpzT2dkSXQzSGJ3Z0RCeG5SZWVFeldnX3NfbGJuZU1aWll4R19GcG9aRl9mbTh0cUxhZlB1NGx4WUpfUkZ2R05SYTVBd1pZRQ?oc=5,0.0,neutral
2026-07-01,2026-07-01,PEP,PepsiCo Moves To Hold As Growth Questions Persist (NASDAQ:PEP) - Seeking Alpha,Seeking Alpha,https://news.google.com/rss/articles/CBMilAFBVV95cUxPU1hwWjh3THJwSXJEYVd4TVo0NERUVFI0RGhJSFNVOHBBd0xFelhqMG50emV5MGh4UXFpeHNuNWxEbXE4WnNGSm9uRHVRMmF5cFB2d19kcWJwbzY5djlKSWhZWUFuUERBWk5CN2hadFdVWU9WQmw3OHZ2Q1RkWWtteVhMbElVTFkwdFgyaUhnallPdlJM?oc=5,0.3818,positive
2026-07-01,2026-07-01,PEP,"iA Global Asset Management Inc. Decreases Stock Holdings in PepsiCo, Inc. $PEP - MarketBeat",MarketBeat,https://news.google.com/rss/articles/CBMi0AFBVV95cUxQUU02SUp5ZkhXSlkyNUUzMlFhYlQwWndXaWFYUXhlRk9vRFRQQ0QxSTZWZ0hxYW1zaEFkR3NfZFcwbVd3eFZmUWFlLXJRR0hnZW02NWR0TUNJU0U1SGZDa2hFNHRadURjX2l4NVF3OWlZbTNOSkZ3YjJTVnhVUjNGUWVmY21fLWltVWJxdXhpdEQwRjBxenlmVHpRUGVDbExRU1E1SEVUMGV5TWJUSlU3TUNrVk1JdkRDbnJBNUVDVEloT250cllLUHpoc21HSHZX?oc=5,0.3612,positive
2026-07-01,2026-07-01,PEP,Bernstein SocGen cuts Pepsico stock price target on share losses - Investing.com,Investing.com,https://news.google.com/rss/articles/CBMiwgFBVV95cUxPWXdUaHktbzVZVmZsN3RjQjVqcXNyWGR4d0FOY3Vhck9hQW9sUXp6NGdRUkpDcVB4aHd6YWh1dElXWVZXZ1k4UzNoeWNnZTVjTTRUaWdEd2kybmNCUUxKOFRjZHhham1Za3FkcG9UdlhqZkVSb3BXT29URTBYcnV1TkxMeS1peFFJZ3h5LWdWU1dRTk93WGZsZ2x5eXZkdDRGbWJwNERsMWRQQjBDX0M5VHF0WnhfbDFJN2Z1M3djbEduQQ?oc=5,-0.4019,negative
2026-07-01,2026-07-01,PEP,PepsiCo (PEP) Is Turning To TikTok Shop To Sell Mountain Dew Differently - simplywall.st,simplywall.st,https://news.google.com/rss/articles/CBMi1AFBVV95cUxQYkF2eEhBNkhwMk1QQV8yRWVNZmNMazZ5VWh6QTNTUXVUVFBnYkpXMC1fZ0JYNjdPTjd4b3BONV9ZVnpfUlZ0UldEaWJZUHQ3QTRoZTBIalEwZzFJVTJzVmxfeGNLTzQ2LW1wenFkR0lCTHZxZko0N3hTOG5oV3hHWk9rWnp6SDU2TEZuSl9wNTl0Mk01MjZPRmJEZ01nVXJteVMwR1dKVkRDRmZweVBYcHh4TzBpbzN6MDloSTBmZmNLMjlrZ3B4YUtIWWx5MzFyUVpuN9IB2gFBVV95cUxPSFowbXkzRG1ib09yZWRqeHV5SnVoOUdvbEJXa1dhMnhDR0pjeThXblgyV1Bwd2txTVhJeS1yMzdSOS05X1YzcXJGVE5GNGdZcFhnS0ExX1U0Z2xqMUNXZDcwU3Z3ZVUtWE5ITGhSN0R3LU5aNTVrTUZTdjYzOU1TTjRtcWdqdXU1NHQ0cklrYi1XWmRfbTQwaEdvSzJheFhlVjRGdS1fUEdlZ0pmQjBKSTBCTVJrZTMxUkhITWozNVNNaHRaYWN6Z0hHY1B0TncwejZ5ZnJDem1Bdw?oc=5,0.0,neutral
2026-07-01,2026-07-01,PEP,"PepsiCo, Inc. $PEP Shares Purchased by IFM Investors Pty Ltd - MarketBeat",MarketBeat,https://news.google.com/rss/articles/CBMiugFBVV95cUxNZ0w1dURpQ3RpdTFNUHA2MV9kUXRGTnhrRlpwRUVrdFpZaFE1VV9IeHAtX1ZKRHAwbnB0cDA1V203MXZjUGZzVEdzZGxsQmE3Sl9nLUFwZ2Jrcl81MGJRRTh3SWU2eFVvbXlOazhfZjNxUXlqUk1SUkpNamt4eG83Zmp5aDF6YVBUVjUzTGIwbjJpOUVQblgxdXE2SWp6VkZ4bDhLMlZONE1yRE13WnpZY0lQbFlMTm92RHc?oc=5,0.296,positive
2026-07-01,2026-07-01,PEP,"Capricorn Fund Managers Ltd Has $8.31 Million Stock Position in PepsiCo, Inc. $PEP - MarketBeat",MarketBeat,https://news.google.com/rss/articles/CBMi1AFBVV95cUxNMzViYXlqdzJKWmZyNWtMWEMyZ3Y5dnJaYXBZN3RIS21FcXl0Mm0wUlVLaDNaaGlsMDdIWldZcDVLUlBaOTdRZGNkYXBVWnAtQmNZTjVneFhHYU1IQVpCU2ZJb1pJMW56OXZndFRkb2pDS0FOeFNuelM5R3JXOG56X3dkVG1OM3N2czhBMUk5S0tjcEEybHp3cFZwZElnMGN2RnRNc1F3T1V2YXFGeDFsT0h0Q0lNbXd5UFVDU2l4dmtFLWI4RVhwVW0takVER2dCVkR5ag?oc=5,0.0,neutral
2026-07-01,2026-07-02,PEP,PepsiCo Inc (PEP) Stock Up 4.2% and Still Undervalued -- GF Scor - GuruFocus,GuruFocus,https://news.google.com/rss/articles/CBMipgFBVV95cUxNOGU0VHNic3JxYzhEaHFLNTA1Nm84MDJJZFQ2Y2djT3puZmVoUDZqWDhVZHlQRl84UVJHNFBtcUU4YXdWdWM3TENKYXRoeVRQNDFDTU1uVHFIQlpXRTY3OWJHc0hNeTl0MTBDUFpPUzRXOEswdGtQaE1GWmY3U19PNFZfSDFyblFRXzlYckRTdGdUU0xXOFN0b3dVaFAwaC1seW52Nm5B?oc=5,0.0,neutral
2026-07-01,2026-07-02,PEP,PepsiCo Inc Stock (PEP) Moved Up by 4.21% on Jul 1: Key Drivers Unveiled - TradingKey,TradingKey,https://news.google.com/rss/articles/CBMiigFBVV95cUxQeF9DS0wwdk1BbmZaMVptRnYxRFVsWnFoTVlpc2k3NEZUcU9QQUs3WmF6bEZuT3JoNkxIYXRDX2hEVFRlNlNmQm5QU3JDRkJjZ0JTdHlnQXBDTkxrX0NfUzdnVUhFaTZBNENBWjN6VXh2SmV1a3VybGF5aUFkNkVKd2dmeW9nYlZ4TVE?oc=5,0.0,neutral
2026-07-01,2026-07-02,PEP,PepsiCo Inc. stock outperforms competitors on strong trading day - MarketWatch,MarketWatch,https://news.google.com/rss/articles/CBMiwAFBVV95cUxOVnYtN2lDZ0ZaOVNUeTJZbVJlVVR0aXg0S3FZQzNLY1Z2SzJBQkl5V1lYTU9jQ1JrdVNxVXdwZDBqLW9ZRTVydVdzQmtDUFJFTXlnNGxycmQ5MUFvMEE4SW04aG1MTHRkckxvN191dXhJVVY2cGg5RDYxQ3JwZWlrTTB6STZJZ3ZSN0NpcklVMmRCY3VhaWgxaFo5VTFuOGE2cGw2UXVyTV9YS3ZJZlZEOWU3YVRoOXNFNC1FNVhUUlg?oc=5,0.5106,positive
2026-07-01,2026-07-02,PEP,Citi Maintains Bullish Outlook on PepsiCo (PEP) Following a Q2 Results Preview - Yahoo Finance,Yahoo Finance,https://news.google.com/rss/articles/CBMipgFBVV95cUxOWGZNQmN6Z1BwMllZckNWd1lLWkhjdzZrRTROZHZqM3ZIVkRfbGhVcTRGYndZY3lLN2daM09MMzdQbWNoMHNycVhFWTdCa3JhQmtQRjUyUDloV2pZdkFDZTJ4SGxYM3lGeWJFNVREMHdNNktpaTlhLUxIYjJxUzRnQjdaaWFoZm5jWEZVdHgzNmxIbXlObzNFaHd3Q3NYSFIxQ242b1NR?oc=5,0.0,neutral
2026-07-01,2026-07-02,PEP,JPMorgan Chase & Co. Has Lowered Expectations for PepsiCo (NASDAQ:PEP) Stock Price - MarketBeat,MarketBeat,https://news.google.com/rss/articles/CBMiygFBVV95cUxPUnZVTkRGbkRyQ2g4MkJpNS1JRlYxT0FZaGo3ZzZDOTNMUmNZbzZjeDVETUh4VmdYNF9vR1JVTzZTaHlVaVhuWlkxeVBHd1JaRUpVOUNVa241LWxvNE1rYlYzcFV3T2pSM0JFdVF1cWI0Vnk2VnVrQlA4OU9IVmlrdksyNTlmNENaTzEyYzRTekZnYzNLRHdiY3hwUUNUazdsaUpkanFsRlNwVWxvdUNabnJ6bktfUHQxb1pNbFN4VnhMTUJraVBtT3d3?oc=5,-0.128,negative
2026-07-01,2026-07-02,PEP,"Is PepsiCo, Inc. (PEP) One of The Best Dividend Aristocrat Stocks to Buy Now amid Compeer Financial Partnership? - Insider Monkey",Insider Monkey,https://news.google.com/rss/articles/CBMi7gFBVV95cUxOdFFLZXJvWFRPS3ZSN2lVQWRVVDdlcU5QNmNOcktSbWJrck9uRGdBZXNBWk1jQTNHXzlnSHpzVlh2azFIZ0lsc0FYdUQ2eWJaRmc0THItT3EzZ2JxRUk0dlo0TE93UDlWcEtScmJTM0FWa19KUnNMZkxSdzJ4VEYxckM4cGNTb0Zoam5fQlNhOXE5Zms4TWd3UzRPSnYzc09nYmd4RF96VlBxOWNER2Q4RjJ2QVJJNDY4S2hMaFR0b3N1WHNxRXZPTG02X0ExYmg5R3NWaWRSTS1CNFlNbDJxbXNYZl9iQkI5dzZheDZn0gHuAUFVX3lxTE50UUtlcm9YVE9LdlI3aVVBZFVUN2VxTlA2Y05yS1JtYmtyT25EZ0Flc0FaTWNBM0dfOWdIenNWWHZrMUhnSWxzQVh1RDZ5YlpGZzRMci1PcTNnYnFFSTR2WjRMT3dQOVZwS1JyYlMzQVZrX0pSc0xmTFJ3MnhURjFyQzhwY1NvRmhqbl9CU2E5cTlmazhNZ3dTNE9KdjNzT2diZ3hEX3pWUHE5Y0RHZDhGMnZBUkk0NjhLaExoVHRvc3VYc3FFdk9MbTZfQTFiaDlHc1ZpZFJNLUI0WU1sMnFtc1hmX2JCQjl3NmF4Nmc?oc=5,0.6369,positive
2026-07-01,2026-07-03,PEP,PEPSICO ANNOUNCES PROGRESS TOWARD 2030 AGRICULTURE GOALS - PR Newswire,PR Newswire,https://news.google.com/rss/articles/CBMisgFBVV95cUxQZVBkeGdUZFAyMVR2d1dtM2lNbWtpanE5Tkp0cm82Z3MwLWVNNlRLVk9mdzRQczB2TElrSlYzcE1ZVlF6R0dJTkZ5Yk5OV2F5b1N2aHJhQXBMUWxadU5xZmFsTXJCWTlGTE5lbllHRkk1d3pkMEkwbUdiVi1HUENnbDllZl80R0ZpNWlnYjFJck5nMkJSeUhBSXVpT2E4QldaaDJQSVN1VWl6NjZ5UVNscFdR?oc=5,0.5473,positive
2026-07-02,2026-07-02,PEP,Is PepsiCo (PEP) Undervalued Or Just Fairly Priced Today? - simplywall.st,simplywall.st,https://news.google.com/rss/articles/CBMi0gFBVV95cUxNS09uVVc3dFpjLU5zaUk2SkprazFnemIwOFowSzI0eHZ2NVFHRHoyajNIOHF1RjdQWGpZZGVWb09NVkR5LUJaRjdFTnlGNzUzUFpiOXUzMm1hQWV0NG5NbzlEQXRjaFppaHdlT1ZKMHA5V1pLZXVjRU5pVkhwWjFhNVFMcW9McU5zRHBpRE42dnRlV2VjS0tBZzZFbkl1NWtiZTl3Rkk5eWNlUHpjSWlBczQzLTBIeUFENHBraHhvVzRfZmdqX2d2R3prQkZUc05nR2fSAdIBQVVfeXFMTUtPblVXN3RaYy1Oc2lJNkpKa2sxZ3piMDhaMEsyNHh2djVRR0R6MmozSDhxdUY3UFhqWWRlVm9PTVZEeS1CWkY3RU55Rjc1M1BaYjl1MzJtYUFldDRuTW85REF0Y2haaWh3ZU9WSjBwOVdaS2V1Y0VOaVZIcFoxYTVRTHFvTHFOc0RwaURONnZ0ZVdlY0tLQWc2RW5JdTVrYmU5d0ZJOXljZVB6Y0lpQXM0My0wSHlBRDRwa2h4b1c0X2Znal9ndkd6a0JGVHNOZ0dn?oc=5,0.0,neutral
2026-07-02,2026-07-02,PEP,Own PepsiCo For Beverage Growth? Keurig Dr Pepper’s Case Is Stronger - Trefis,Trefis,https://news.google.com/rss/articles/CBMixAFBVV95cUxNel9oTk4tR3lMQktiUno5N05KOFl3UEtkWjhKZWhZOWhMNjlVYnc2TjZxLUZpMlQ2UUtGcXNEaGFRR1ZKSkhsbXYwZGpqZzAyWXJBUnRESk9HQVloSHlHd3FaNHppbVFxeV9laWFXeFdxNHM5QnBVUnNDczFneHNIZjVGbWhEU2huMVQyTUhBU3J2OG9GUV9GbWtkV2Nqa3BMSVFzbGpuMkV3NEFVUWJfVjd5YW1GRmt5enJ6SjhLdlVjQ210?oc=5,0.6369,positive
2026-07-02,2026-07-02,PEP,"MCD, PEP Stocks In Focus: UBS Reportedly Believes Defensive Dividend Names Could Be Ready For A Comeback - TradingView",TradingView,https://news.google.com/rss/articles/CBMi9gFBVV95cUxOMGtSbW1zb0tUbk9nSEJnS2RiRHZPckZGamZ4NVpGZVNUT09nNkczMlNGLVhjd3ZRdmRnZHI3aDlHaUxJTk93eGJEVmZrbzUwNHRxaG05aHY2RjZaenVQY1hDOXBZcHQ4Z1pOaVQzX3hLemZRaUNiQ3h1YklrZmUxOUQ3LWFFa0s1cHRublNxdC1YbzgxcFlkLWlQR2FidHZ5RFJqWVpoWHNaVTBTUEJhSFpPeVotdGZ5QUwwaDB3LVlydlJHTEY1LTIwNGh2NmRtOGNna2hyR3owUnhVSHU5T3BDQTN4Y0JsbWFvTzlmYTVnekxJV0E?oc=5,0.3818,positive
2026-07-02,2026-07-02,PEP,Barclays cuts Pepsico stock price target on turnaround concerns - Investing.com,Investing.com,https://news.google.com/rss/articles/CBMiwAFBVV95cUxPQzV5MXJBZ05MS1MzSm8tcTdmelZvSERzMlVJNVIxNERDeThTeEVQMmdlOXFxZGUtd3lZaXgzb0VpZVgxUmJjdWFWdkZKU0xXT2FvYVRuTXlCUERwdzhBU2JBQzY1OTVQUFpSOEhXOWZ6RS12TVdIaGJ3ZlhwZFRybFczNk12eU5jdEtfbUZzdDVaSTMtNFFwZzBTTkIzVDBuVFRBbm5pQUJ4S0xnaUpzSkpDZTVfTlhQNG9GQjVidHA?oc=5,-0.296,negative
2026-07-02,2026-07-02,PEP,"Lindsell Train Ltd Sells 524,786 Shares of PepsiCo, Inc. $PEP - MarketBeat",MarketBeat,https://news.google.com/rss/articles/CBMiugFBVV95cUxNdm9PM3NXcmNGRWlLMFV2UERxNGpIek9FNEdVVWc0VFZ3aE1xQlpoREFEaENPNFJSQ2VkajRkTmk4YlgyZzR4dFNqeTlqZFRzdGliWmxveGNaQUtCTDlWSDFJYUxNa2hxZ3ZWLV9US3dKYlliTVNBelg5UEpGQkNDd0hoZDBMeDJFWWllQXZCLXdXX1Jlaks5MElmSWY4Ykp6RHJ2Q1k1bnNPODZvVkZLYU5neUpaZ1Vvbmc?oc=5,0.296,positive
2026-07-02,2026-07-02,PEP,"Smithbridge Asset Management Inc. DE Has $4.74 Million Position in PepsiCo, Inc. $PEP - MarketBeat",MarketBeat,https://news.google.com/rss/articles/CBMi1wFBVV95cUxQa0NNazNORHAxSUNPOUVzUUc0SDYtVm4zV3UwZk5WMl9tVUpONE1hRnVjT0MyalNEUHB3SlgtNi12SDMySDhGTEdiLTNaWjhLbUVhUTVHQnhZa1dKTUtNQm5XWU5XbjBoVi1OX1pDT3pwZkFhOU1lME5WS2NHX3JBZFB3RDhtOFJCaldPaVBhUUdqRHhQdlJoVlpKYnhJdlhBTnhqa1pwamUzX2Y4Um1RZENoYlZ3c2ZqTGlwUkYxQW1sUGxDZ1NlTWxaS2VzbjhoWkVES0JqTQ?oc=5,0.3612,positive
2026-07-02,2026-07-02,PEP,PepsiCo (PEP) Expected to Announce Quarterly Earnings on Thursday - MarketBeat,MarketBeat,https://news.google.com/rss/articles/CBMiuAFBVV95cUxQY0ktYnVNWkdPNTVNUWZSOFBxd0RtX1lBOG5LWXQ4cjRlM1NxbXdwZGpFZjE1TmNrUXVSY0Njd2tCZUJGTGp4Z0gxUTRQMjRHNUJJbER4WjdRbkNoMUVaOEk3N194SVJTc0dCM3JMdV9VeWtVa3RPSWFndlRlMjF2Nk1HaVJ6NzVRZ1FWVEhRRmxESHJUTENxWXlFRkh6UlJWeFp6aGp6YXRUMFI5b3h0LUFrNlBuamlI?oc=5,0.0,neutral
2026-07-02,2026-07-03,PEP,PepsiCo (PEP) Stock Moves 2.17%: What You Should Know - Yahoo Finance Singapore,Yahoo Finance Singapore,https://news.google.com/rss/articles/CBMif0FVX3lxTFAwTXpENnloSVQwNXBZaHQxUmdkSVl4c2xoZlFLand1N2RhbWRyYUpHa0RVY0RFM0xyS1RvMEhqc1pnZk9rcllOdHVfVWtCX3djNC1XWmhOdFNtWXNmcUZmU0ozaUdMX0k5ME5IXzNQWHg3eWpfSzNKaUdFbjZub0k?oc=5,0.0,neutral
2026-07-02,2026-07-03,PEP,PepsiCo (PEP) awards PSUs and RSUs to executive Eugene Willemsen - Stock Titan,Stock Titan,https://news.google.com/rss/articles/CBMipwFBVV95cUxQS2lmcWpvVXM3Y3V3SXNJdnh0Qmp5VGJ3bTRTY09hcTF1Qzhwc215S1p6c2ZUOWprakhfV2FOMFYxWTNmaS1iRkZHY3dyT2xKMWt2VC0xZGR4NWFiNWNmTV9hM2kwMU0xa1NyUFp0Q1htd043SHRsa1ByQlhWUnBSU2xYRG5WWnNLTWRJdU1Fa0YzM2xrek1pVnBBY21lMzFCSXYxQktWTQ?oc=5,0.4588,positive
2026-07-02,2026-07-03,PEP,PepsiCo (PEP) Faces Elliott’s $4 Billion Push For Change - Yahoo Finance,Yahoo Finance,https://news.google.com/rss/articles/CBMilwFBVV95cUxOclAxdmkyLUJQWEFHc3d2aW5RN09hdjdkODlBcWdYWmx6SjRNZG5NM1JEZmpEb09wekNXUlltcjIzd255eWtjOTROeWZGazNjVTA0a2NNQzRMRWFLR29YdnA2ZjEzR0xWM2ZCbVVVTWMxLTdVdFBxSG5lOGRJRHhwelJLTjlMOWNPQi02YktfX0w2U016VEhN?oc=5,0.0,neutral
2026-07-02,2026-07-06,PEP,PepsiCo (PEP) Stock Moves 2.17%: What You Should Know - Yahoo Finance,Yahoo Finance,https://news.google.com/rss/articles/CBMilAFBVV95cUxNZHBnT1VrdUhFT3hycTJzV25lREVrbW9LcTZFQW1FR01iUE9XQVRfQlgtei1wT0N1Q1F3UFJLMndSY2hFZlExRGJIRGgyaWtORm4wNE5xcUtBUHpwTGpkTW9xazRDNlUtNnNiZmdLenY2QUJTMU83TkMyZU9tMEljMXBwXzNhZ2xuMEhiUkdhS212VXpU?oc=5,0.0,neutral
2026-07-02,2026-07-06,PEP,UBS cuts Pepsico stock price target on growth concerns to $172 - Investing.com,Investing.com,https://news.google.com/rss/articles/CBMivgFBVV95cUxNZUFseEVBMm1UM0Q2VFVKV3JwQ2pmeHQxMDJlbzhEeWl2NUNZRHVsYzZ5QjNjVDgyWUgzb3lLWlE5SXVkLUpUbnpFVHpOVF84RHdGZ2ZuSHZYOElBRldfOUxiRTZRU1VIRzh4d1dGd2o3c3lvcFFaWWNkaEFtX3hLeFd4VlRIdTM2QXNtQXE1Nk10ZUkta1h1RGRhbXczYjlsTDVOd2JGcWJOU290MTAzLTJkV1NmSTNXU2Roc3pR?oc=5,0.1027,positive
2026-07-03,2026-07-03,PEP,"PepsiCo, Inc. $PEP Shares Sold by Strs Ohio - MarketBeat",MarketBeat,https://news.google.com/rss/articles/CBMiowFBVV95cUxObXZodUJsU3pTX3N3RWtlQ3NMWWlxMFpZaHFNQllqekZoMm1ocVdoclFLWWltUEdBU0pFUk9lQXY1eEs4MzVNQVRtQ0JZWVpmRmtwNUpzOEEyWmhsWkxzVjBqbEhTMEE5SnlXZUtNUk05NzhsM25oaG9TTEp5RGRXd0FiZ1ZSdURDeVdQc0VjakluZlp5TWJ2QW1XUXp4R2dxTl9B?oc=5,0.296,positive
2026-07-03,2026-07-03,PEP,"Y Intercept Hong Kong Ltd Has $12.96 Million Stock Holdings in PepsiCo, Inc. $PEP - MarketBeat",MarketBeat,https://news.google.com/rss/articles/CBMi0wFBVV95cUxQRHdDUVpIaWhOQmlrLUJZQkRmN244ZmxpWGRNLVdLYTI4LW9Ccy00Um1XVDd4NlJLb09WZHhqYnZhdFZvUEhmU0J2a0VPS0MzQ2M1WUJ2YXJfV3BjcElRT1hKelBlOEQwS01UWkZiZ3lOd2JmVDBTT2c5NFNtcDg0R0pXcFRjaXVPZ2NncUNvYkhxM2hXUDhfb0xaQzU4UnhQOGlzeUtVZW9acXJVQXF0RnBWNFJ1RjRsV3U0VGxNaWRzMHJGdlVEZk1PZHhLX0U1bHhN?oc=5,0.0,neutral
2026-07-03,2026-07-03,PEP,"Boston Trust Walden Corp Sells 33,488 Shares of PepsiCo, Inc. $PEP - MarketBeat",MarketBeat,https://news.google.com/rss/articles/CBMiwAFBVV95cUxQcFZhY3h3UjlPRi11Qmdld0dMalI3eXFaSjlCQmZPclp4YlpBQ2xudUYyNXpTYkVIY256UEtrenN5RHBpZFpkR0M2WDNUOVRUcG5tY09pb1cyMk94Mk1maW5oRnlkZ01lc2t2WVpsYjFxcDRxaklISzNkYm5LMENIYVhGMDVEUkwzRUNnLW52YXNuLWVIaDRjVWd1SkpJandmd0RwSXowVEZWY3hIekxRVTgwVy1NUHAwZWdFY3dYRFI?oc=5,0.6705,positive
2026-07-03,2026-07-03,PEP,"Keybank National Association OH Increases Stake in PepsiCo, Inc. $PEP - MarketBeat",MarketBeat,https://news.google.com/rss/articles/CBMixgFBVV95cUxQY1U0am9kbmhZNG9HWFhuTkNmc0RGeEZFUy1NbU9rWlBRRVpWM0RjLXVwNHQwaUQ3V2ZzZ1hldzV3ZElLUTNGVFpYdHotbmw3aVhtZDU2ZlpXNkZCWWFyNUh4U3FiYzRjajNCNFN6NkJGYks2V2Z2QV93dWV0UHdVWE1vQVMwQ2tEZy0tdUxFLUJKSmRHa2FCYVR1NWZDdlByeEYzbWZSVk0zbzl5MHkzTTVUNTNzdFliVjNXY082N2FpUEp3NkE?oc=5,0.0,neutral
2026-07-03,2026-07-06,PEP,"PepsiCo Q2 Earnings Preview: Buy, Hold or Sell the Stock? - Yahoo Finance",Yahoo Finance,https://news.google.com/rss/articles/CBMinAFBVV95cUxOWnRNcDlCbGloWGFkaWFCMlV3bjF3cHdPLVBZTXViMU1WUmZQYnhJcGJrc3BXcnNhREprb1k5dU5iaTZrdnBYT0RUMjZWeWxEak5FQUZsUGlGLXBtSmJ1MXF1OWE2V1M0ZjBMMWNkd2h1c0tzVVlHRkdPZVYtZmZGTnJfa2IwYzMwNDB5Z05VOHBLejZTUjNyOTU1ZS0?oc=5,0.0,neutral
2026-07-04,2026-07-06,PEP,PepsiCo Stock’s 4.1% Yield Comes With a Payout Ratio Question Worth Asking - TIKR.com,TIKR.com,https://news.google.com/rss/articles/CBMinwFBVV95cUxNN3V5ejh2R2lZd1dCc1lLSTBzRVJoWThHb2M5WGlpQ010UWg1cExRSURnTXRFWERNQjlCRWFzTWpkeXEtZHA2MTQ0ODd0UDhveE9TNnJ3THI1S29UUnliMnZpUWxUdWdCd1V2QktUWmQxRXJxenNHVWhkZVM0U2tUU0N3N2JXQnRaTkFfWE9ub3NLRFRPdFU4R0YzWlpodkE?oc=5,0.2263,positive
2026-07-04,2026-07-06,PEP,"QRG Capital Management Inc. Boosts Stock Holdings in PepsiCo, Inc. $PEP - MarketBeat",MarketBeat,https://news.google.com/rss/articles/CBMixwFBVV95cUxQa0poZVcxemprbVRpLWN1Z2hFdDZSRHBFbFhsYWNQU21TYkp6RHRsdWxRSXRCUHpscXJTcWlCZXp4RDdmaEtDYlJnVEItWEVVbHlpQVNaQ2FlbndSTzFwNzBoVW1SX1diYmxNREZ4NjF6czlaTzMzQzR1WV9UMGdwQmtESS0yNXZPRGZvdFNGOG9JN0pJYnhUWjBrdUMtWTNoaUxTdmtnY1lVLTB3Nm9senBoSVZGb2g3REF5ZTJ6YTZweFB6emtB?oc=5,0.3182,positive
2026-07-05,2026-07-06,PEP,PepsiCo Stock Rebounds From 52-Week Lows; Can Q2 Earnings Fuel a Bigger Rally? - TradingKey,TradingKey,https://news.google.com/rss/articles/CBMi1AFBVV95cUxQSWtjeVctTnZoWm9PWVFQc3Zrc3NwRmJXbml5WTV4aVR4eFlFNWF3MTZFQTBQaEpEZm0zSE9DNk1FR2M5a3BmUXZQREZTT1hBMm5lNlVqWTdfZklLNHVXZ0ZGVktobTU1NXJ2WEpmdmliNk1scks2b3Zid0MzMlBadnJ6TE9BWm5DTnFVU2swMUg4SWNRcE9DUmhvX0dDcnREaHhHZlRPLUwyREZDTzdNUnVJLVJiNk9tWUNSTGRGdFcyNEI1WkZoNUl3WGVrZURHN1lldw?oc=5,-0.2023,negative
2026-07-05,2026-07-07,PEP,"PepsiCo, Inc. (NASDAQ:PEP) Given Average Rating of ""Hold"" by Brokerages - MarketBeat",MarketBeat,https://news.google.com/rss/articles/CBMiugFBVV95cUxOdlNDWHo3SXBjVE5xTU5KUUFhRm16R0phblZFcm9jdlZRdjk3a2lwWFhkd2w0YjY2Qk84eWxWZUQtNmJtRHc2Sm1GN0M2cExlT095bnJWdXFYNzNrbTk0MzlUVDJvcUdtOGtMTk5acjU1NzhpZ0tRMXhfcG0zNFZfSnhQN0dIc2NhWnJYMFVFRkRSREVqWWo4OEJkcGRod2tMUmlVamt6S19kSVVmLXFwNVBuRnZQNm43WGc?oc=5,0.0,neutral
2026-07-06,2026-07-06,PEP,"PEP Stock Faces Fresh Pressure: Barclays Cuts Price Target, Warns Turnaround Is Losing Steam Ahead Of Q2 Earnings - Stocktwits",Stocktwits,https://news.google.com/rss/articles/CBMihgJBVV95cUxQVUFZRlR3TXptU0NYNjBubm5HSEw0NkMzRUlXaHQ3VUlYQTNXbmdGcVZBTjdBZlRUaUNTeThCc3Rva3Axa2FndXdfVTl1dFdoVEtncklVcGtOSXFZT1BwR0hrMUdjdjc3VmE4bzlUUFI4RUZqbHJhM28tdFRFWkZhZjRUcUV4LWpCUC01QVkwWHVzc1NlVnk0YWR2VlJCR2RyY1ZxQjVBRTJPRmR3TWVodDFRbklzQmQ2d3o2ck5QcGtOQno5d0VCSmlYZTYwYml1YmcyM0pnQjdfMFNEUXB1akcybm9yYmtQVGRhWklWYV9qYThiUklMdXY4enc1aGk3SEdxSDFB?oc=5,-0.6249,negative
2026-07-06,2026-07-06,PEP,"PEP Stock Faces Fresh Pressure: Barclays Cuts Price Target, Warns Turnaround Is Losing Steam Ahead Of Q2 Earnings - TradingView",TradingView,https://news.google.com/rss/articles/CBMiggJBVV95cUxOU2ltSUVIMHB6c01fM2ZFUnNtbnRHc29zTndwZzdnSFUyQVlBdmxrR3R1MEtUYnprSnRMWjZET3BWN1BCZlBLdFVEdk1sZGIxd0xfa0FXV21JUmF3eVpxQmx3bFZESHh2UGhVaEljbkZVX0t2cU40QkQ2RTdyWHVxY1p5RzVXUmhqREpZSjlXNXRialRtQVFSTDJsZXFWelM0UC16TEpZOHZXRVBGdzM5ZkR1cXUwMDdjdUk5SXMzRjZCcWE1WXltM2FSLWUyR2pZQjRnODhrT2QzQVZJOFl5YzJienVzWmQ0dTI3dUVkbUtpd2tqdVBhS3Z5b3BiMzRLd3c?oc=5,-0.6249,negative
2026-07-06,2026-07-06,PEP,Coca-Cola Just Hit an All-Time High -- and Pepsi Trades 16% Below Its 52-Week High. Which Dividend Giant Is the Better Buy? - The Motley Fool,The Motley Fool,https://news.google.com/rss/articles/CBMimAFBVV95cUxNUGZMNFNvU3RuTzFHMWotUkUxdWNGVl9xTGUwZ3pQWkYxOEdDWFIyQjFxVE9JTmRvaGQ3TzR4Q1BiLXRtUmpMeVA2SlRacGh6M1BPbDJIQk5icXdBaWZGS1V1MFlvdHhrdmVVMnI3UUlRVnV4bHBEMFYtNVZtcU1JUW5VRXg5a1o2X3BYOWttVG14OTktNUwtWA?oc=5,0.0,neutral
2026-07-06,2026-07-06,PEP,"PepsiCo (PEP) Earnings Preview July 9, 2026: Analysts Cut Targets - Can $144 Hold? - TradingKey",TradingKey,https://news.google.com/rss/articles/CBMiuAFBVV95cUxPSGZHWnYtOVh3TVlqcWFLRW1hOWdkVVp0YXdOeUplV3pxRVhaQ0pkMl9BQnp6cVZTclZrT19LdlBpNTJQZjIxdUhNa0RBRHJiN1ZUbDNvUXZ2NU5PaVk2N2Npb2lGTHJNODR4Q1E2RENweExQNEF1dXNDQllSTFlfdlZ2QktZVldTZnZYMlByWFpxOEpEQktnQTBGX2RvNjV4RW83R2NXUWltR0JwdU96OHJidzE0LWFl?oc=5,-0.2732,negative
2026-07-06,2026-07-06,PEP,How Elliott’s Activist Stake and TikTok-era Branding At PepsiCo (PEP) Has Changed Its Investment Story - simplywall.st,simplywall.st,https://news.google.com/rss/articles/CBMi2gFBVV95cUxQUy1JMUZvSWxxZThicjc0cllhRlhfYVNNMlJ3VnEyUGl0NVpSVExZMm9Dd2JhYXJ5UENvOHp5YjFncU9oQlVTajFkbDFqMEthdVE4V0s5aHhVNGIyUmxfVVhBWGs3akliRFJzU2lZRHRjTHFtNHV1dVhHajA4VE1xR1E3UWhIaEpvXzl2T3BIcG42VGdvTlVFVG1QcjlzeU5oUzc0UTNZaktjOXBIYnNxQlMzTU9KMGhVT2hPYl9Ud2stSUxIVGEtdkItQlg5SHFsSVd0NnhsNS1sUdIB2gFBVV95cUxQUy1JMUZvSWxxZThicjc0cllhRlhfYVNNMlJ3VnEyUGl0NVpSVExZMm9Dd2JhYXJ5UENvOHp5YjFncU9oQlVTajFkbDFqMEthdVE4V0s5aHhVNGIyUmxfVVhBWGs3akliRFJzU2lZRHRjTHFtNHV1dVhHajA4VE1xR1E3UWhIaEpvXzl2T3BIcG42VGdvTlVFVG1QcjlzeU5oUzc0UTNZaktjOXBIYnNxQlMzTU9KMGhVT2hPYl9Ud2stSUxIVGEtdkItQlg5SHFsSVd0NnhsNS1sUQ?oc=5,0.0,neutral
2026-07-06,2026-07-06,PEP,"Berger Financial Group Inc Cuts Stake in PepsiCo, Inc. $PEP - MarketBeat",MarketBeat,https://news.google.com/rss/articles/CBMiuAFBVV95cUxQY0xaV2xPNDhYR1ZfZ1JXWV90OFFlOFVJMDVUenIxRkZhVGM0anZkZ1phbFd2dmdTVWhDVTZpc19rbzF6cVNjb0luckRHWHhUVWxJSXhqUXdJeFc3U1pCTHEwQzN4a29lOUFjR2FwZ1VWdkhDYWQzZjY5QmN2Z2RRY2w1bFlPcUhfb3h0TDVZZkZMUlNOVExnaVJKZzRsbUowMG5uQmQ4T0dENGhKVkRFQkRwQkwwYUp5?oc=5,-0.296,negative
2026-07-06,2026-07-06,PEP,"Stephens Inc. AR Buys 39,516 Shares of PepsiCo, Inc. $PEP - MarketBeat",MarketBeat,https://news.google.com/rss/articles/CBMiswFBVV95cUxOcFMwQ2JQWml3MVlkRTRLRkdmTVVZdDJKSm44blByaUhEMGV5aHFTejRJTno0cFFMaWVyRFNBUXlKQTNDQjgyc0hMWmEtaU5VRjI5djhhQmNRS3lYTFlWaVp0a0VQNHNMTHdkTmF0VkJEdElhYk9lcWU5SDJReVZSMHdSRUFtNUl0MDJWdkZFTmRtcnVaYUh3bF9LYmYtSDFBTGxzQjRFR0pLTFl2Q0hVNWp1UQ?oc=5,0.296,positive
2026-07-06,2026-07-07,PEP,PepsiCo Stock And 2 Consumer Staples Picks For Sticky Inflation - simplywall.st,simplywall.st,https://news.google.com/rss/articles/CBMi1AFBVV95cUxNazVZb1FBazRoRG5IQUtaaExwdHNCZjhpYW5RMnZwR2FqYUtxd0tUV09IOFFNZndlMkkzYWNVb2t5bEhSMm85OHpWWFBNclhlRFUxOXMzNGs3bW1fQW1lTHNERzQ2MFYwUTN3OGNFdTdYdERaeDFSeXV3YVg2WUlXT0h0T3hLemNiclBxM3JDT0tWOTlvb3BEb0c2eWJwci1RYUoyTlNXdkdpMGxpSnJNYjMwOXFiQnRGZDNlX3ZWdWJ4dl9pbTJZZ2RFRVhDaml6aFVGVdIB2gFBVV95cUxNMU5KNDJzUHpOWkFwZmRobmdhUGJrQlZRODhXSmFvVkEzU3dKenlJYUR6SzA2SVAtNjA3STlOOTgtTUZld3I2clBUVEJRMTZWMjdQeXZzX0txQk9PMHV3WVliMTg3azNWV2I0VzJKd3dXT2J0SEoxYm1LejhOYVR5cDk2NzRMX0VVTjhPME1ZTmV2eHRRTHo5VVN4RWVycTVwdWVQbXZDSFRpZ1VBb2hhaXNocktDMDhpT2pVUDhxenp2cEdpTEVoTjRVTWRmYzNBM3d0eHFhNDJ0Zw?oc=5,0.0,neutral
2026-07-06,2026-07-07,PEP,Why You Want PepsiCo To Miss Earnings This Week (NASDAQ:PEP) - Seeking Alpha,Seeking Alpha,https://news.google.com/rss/articles/CBMikgFBVV95cUxQN2UtTnJSOWV0YWVjbnFPVm9BczMxWUx0ay10QmNJTXU3MGVQOUMyVk1Td1lrS2pMTmNUeHcyUlJ6ZDQtWkJUbV9JS3FNSDE0dk9VLTFQaHFKMWhkcjVLcmVkc3ZzS01IVlRvSkFkWlBLLWVoa1pLcy1SejE1MnNtbzRQU2JLdVJhRE8xTGF4dDhIUQ?oc=5,-0.0772,negative
2026-07-06,2026-07-07,PEP,"Nasdaq, S&P 500, Dow Futures Kick Off Fresh Week On Strong Note: Why META, NVDA, MU, IREN, PEP, HOOD Are In Focus - Stocktwits",Stocktwits,https://news.google.com/rss/articles/CBMi0AFBVV95cUxObGY1Y3VoaTRXNjRRZnNPODZnYW5jcUh6cFFJV2xJTnM2aGFpS1pMQWI4SHBib0FESE1SUzFFM25XdDhLR3VzTFJ0Ry0wN0NzWk5GRWc0YTVUWDRzbXlzNWZUOFJoUkNDTlg4VnVYX1d5bDNPRFdObFBwOTMzUDkwNVVpSHRTNHRXUWhQOWpEejJ6bXFHcFhZLUN1MVRJNnl0ajZqY3ZFeWloZ01xdkdKN2VJZmUwc3R1N2otQ05JdUtlOTl0U2tScVlKcS1acktj?oc=5,0.6808,positive
2026-07-06,2026-07-09,PEP,"PEP Stock Faces Fresh Pressure: Barclays Cuts Price Target, Warns Turnaround Is Losing Steam Ahead Of Q2 Earnings - Yahoo Finance",Yahoo Finance,https://news.google.com/rss/articles/CBMimwFBVV95cUxPMkVCWE9taUpXYkhtREhRVkF4Z2tncndkV2xlMGRkU0pZWmM2NERkdUxFaEZyVG9jR3g1SmV0YkliTzFfMkctVy1Wby1TQ0RhTW5YSnl2QWRyMUNaWGE2S0ZKLV82NGh2N2ZZLVU4V2p1QVh4NjdtVHBtd0YzVlVoaC1RWHRRaTA5MmlIcTZ2eHBWYW52TVRDb0JrOA?oc=5,-0.6249,negative
2026-07-07,2026-07-07,PEP,"Ascentis Independent Advisors Grows Holdings in PepsiCo, Inc. $PEP - MarketBeat",MarketBeat,https://news.google.com/rss/articles/CBMiwgFBVV95cUxQcVFSeE5faFNkTlNnenh5dWs0bnFEWTZ2TVpJME4tc3dEdWx0di1HTDZ3OWpIMmE1dmE4VUpIbmJMSnN5dXRpSlNJMWwxbExJSW5hM3NHZTN5d3lZUkdYVDhBcjJSZFA4ZVgxSHRvYkZ5dk1zOThIQXplc1FhVktFeG5QTFBYd0VvOWdWSld3NWRta1hnUW5VMWxxWkpDM3dCUWF6QXdfTG1ReGl4UEppXzQ5UnJFVVJIRTRYTEkxajRRZw?oc=5,0.0,neutral
2026-07-07,2026-07-08,PEP,Here’s How Much PepsiCo Stock Is Expected to Move After Earnings - Investopedia,Investopedia,https://news.google.com/rss/articles/CBMioAFBVV95cUxORVlnbTdSZjhZU2JONUZ5SDBDRnBpX2o4NXVzRzlGM09jajZHMC1nU2RKYzRyUy10NzFFeEZsTkdWWGxYbllvTVUyNGxMdFYycWFjcXBBQUtLNFV3bmVnTGI1MktJNjJCaGZMVlAwVFJ5VGp0NWZwTVlYNUpQU0RaVVpsMTF1YjRjanRIM0dhMUZqdmZWWVNYdGNleVh3d1dV?oc=5,0.0,neutral
2026-07-07,2026-07-08,PEP,Pepsi Stock: Buy Before Q2 Earnings or Is Coca-Cola the Better Investment? - Zacks Investment Research,Zacks Investment Research,https://news.google.com/rss/articles/CBMiswFBVV95cUxOYWxHdktzWUU0RjVKSmd0OEN5M3J1V2VvcDNJSnBPVzVrTk91Q0JTRTRsM3VpTkZDd2x0Q2dhNHR0cDc5R3AzLVYtRWdvU0tRZ2JMZGZWMmlKdnRRSmNkUi1PZGhQMWFhdDFsV2pMMHc1NDRJa1RlVXJ0MUhpY2NDd0dJLUV4UHkzLXdSUHdZbEVwQlYxUFJRd0ROM2VGanpIQ1JOVnltVmFCeml2clJJYjBtcw?oc=5,0.4404,positive
2026-07-07,2026-07-08,PEP,PepsiCo Rises Ahead of Q2 Results as Investors Bet Turnaround Gains Are Holding - Quiver Quantitative,Quiver Quantitative,https://news.google.com/rss/articles/CBMisgFBVV95cUxNQmdzVlpNalZtenJUNDlFQWFrZENrUURzUlpxY0d1OExGbkNXOXVuQ0pIUS1TQWtVZHEtRzEtbExwaDNvOUVMTGN2R1lDdVhWaTFUUDRZbm1fWW56R0pqQU16YmRMcllZY0xremZfVUVzZm5FQkZXOUI4U2FuQjFPaGF5eWJFQjU0RU9rYzRtRmEwMjFwQ21JTFQ4cHRsTlVHSG1XaWR0SW1jY1BwcUJrM213?oc=5,0.34,positive
2026-07-07,2026-07-08,PEP,"U.S. Stocks Move | Consumer Staples Sector Rallies Against the Trend, PepsiCo (PEP.US) Up Nearly 3% - Moomoo",Moomoo,https://news.google.com/rss/articles/CBMiqgFBVV95cUxPUDNBdVNQUDA4S1VPam85ZndSbmFROWJ2UDFLR0xPbHdZOVJnbnVMMUI1TU42MVRaTXVRdjZuVkZZMXJRWWRTUjRyOFB4czRJX2czSy1lQ1Y3Snk3MXl0c0RFVG9uaXJnemFCOFVEdzFCVkhIZjJiLVdhREMyN3AwQlZCOHVmcnJYanJPRjhnR0lKaGVjSTN1bXpsdl92NWVBYjlLT0EzV0I0UQ?oc=5,0.0,neutral
2026-07-07,2026-07-09,PEP,PepsiCo Will Report Q2 Earnings on July 9 — What Options Traders Expect for PEP Stock - TipRanks,TipRanks,https://news.google.com/rss/articles/CBMiswFBVV95cUxONzBEVWMzQ254MDItU2NBS0p2bUFEWmYzRUtuQjlSYVg0WmdmZXBZcU12OWkxblpwRDZuNXE5Z2FLT2JJVXA3X0hIMGR4WUhiNjFkUVlZa2p5ODVPLTFWYk1lVExpamJqSGkxWmV1TUJzdDk0MUpia3BCR0hXZWVabEd3cmZSVmp6X0xKRHhaTlg2T0E0VmRTb0JxOHBTZVFCcWdhWGVVMWFZSGdWZ2QtbC1NNA?oc=5,0.0,neutral
2026-07-07,2026-07-09,PEP,Pepsi Stock: Buy Before Q2 Earnings or Is Coca-Cola the Better Investment? - Yahoo Finance,Yahoo Finance,https://news.google.com/rss/articles/CBMilwFBVV95cUxPclVTb2wtWHlkMHJXQlJNTmhlbEo4cUhEU0VYS0U2TXlZcVRPdmlTNDE1bHltdkxxWmlOZUZHZ0syWDZVN2tTRWRBaVhfLXM3V0FwZmpYaTdrcGhQRlU5N0xmRzJxLW5UM2Z2cmswa3dEcEdER3AyZzNFQVA1bDFEaWtzcXJrTXh4dGNFcU54Z0JiWHVVN1Fj?oc=5,0.4404,positive
2026-07-08,2026-07-08,PEP,PepsiCo (PEP) To Report Earnings Tomorrow: Here Is What To Expect - StockStory,StockStory,https://news.google.com/rss/articles/CBMivAFBVV95cUxNTEEzNGdXckNIMm1jcjV6VUc4Sy13UWw4RF9mS29QRHY0YkZwYWZSQWNJcVlPNVM2ZFZBTzM3TjhuZDM4YWVCeXRnNVZBMDJER0xFMWRvYVhYay1Vc2MyVExRVm0tNTNqcGl1eWdmRTBwMHl4a0JSand5TXc2OGdscGVnNmpaNUlpM2V5QjVYTG5EalVwUmhFZ2hKUWlmMnZHSkppVXJmcWh4S09XVmdTcWF4NVlreUpVUW84Rw?oc=5,0.0,neutral
2026-07-08,2026-07-08,PEP,"Swedbank AB Boosts Stock Holdings in PepsiCo, Inc. $PEP - MarketBeat",MarketBeat,https://news.google.com/rss/articles/CBMiswFBVV95cUxOcHE2Ti00MWc0dXpjSFJka2UzSm1pWHVRWXQ3ZXdFSER6akw2MDMwNWc0eks1N2l3ZHJyYlFtaXFaWEFwRkRWd0dhaTZmWmxkZDJyTjFBTExUQzFNaXlCNDZaUlpIakNkcDI2eDRId0xMSWpIMEdSUHBSYmlKaURWcUxXVGZlQ0lPYlBLSFF4bTBOaGVzNzc2YTdwV0hrR1V2czZSSC1rMzdjX190RjBucVhVcw?oc=5,0.3182,positive
2026-07-08,2026-07-08,PEP,PepsiCo Earnings Preview: Can Snacks Drive a PEP Stock Rebound? - EBC Financial Group,EBC Financial Group,https://news.google.com/rss/articles/CBMigAFBVV95cUxPY3BudUIxejNicV84VDZXTzJQRDlNWDY1TzFkUDZ6Y3V3LWxXTi1FekZKekNOWFVGX3ZxekdNLTV6TGJ6MHNPUVhXcHpQanNfSFZQS1FLOXRtU0NkOXB5azNRcF9UR24yQWFQMlJLa2NvYS02RlByUlJiZV94SVZZbA?oc=5,0.0,neutral
2026-07-08,2026-07-08,PEP,PepsiCo (PEP) Price Target Trimmed at JP Morgan. Here is Why - Insider Monkey,Insider Monkey,https://news.google.com/rss/articles/CBMiowFBVV95cUxQcmZsZTE4bEcxVW1YZm91ZHR1ZnRYVGhjdnZKMXJPSnVYZnFZUE1uR3FjN0RROEwwWWhHRTlRZk5qck9GcVdYZFpaYzU4OThGLW5Lbm13a3hUWE9ia2paYnpqSXFJWlc0TWwyUFlicHhjYmhQY1FEMUp0V1NueFladHp0bzF5NkZaR0kyeXozcDhfZzl4d2N2V2NaRkNuanhyUjVB0gGrAUFVX3lxTE1fZGZmQUZiV0ExS1FqLUt3ZjRtM2xZT296MFJOUDMtUG93Q1hld1puVXVUYS13RXo2S1BTY2JOc3AyZFdUTzNiYXNEMG0wMzlPbnVIc2pNY1h2X2RrcTRBclVMRmpqOHJveVBrRGRQTEhRU1VHVFlEUXowVF9uM1hsd0x2cE5JZF8xU0FLSzNmYTJPNUd6SlpjV1JaVENYMFlRa1VIYy03bXJBUQ?oc=5,0.368,positive
2026-07-08,2026-07-09,PEP,PepsiCo Stock Could Swing 4.16% After Earnings on Thursday - Benzinga,Benzinga,https://news.google.com/rss/articles/CBMiswFBVV95cUxNNGl2QVpPal9vRjRXUF9CazFRc3pzaW80NnNoeUhXXzNNYS1IY09EcVZTUlQ3b3VSZTh5Zl9RNGFxZ3g2TE83ZGhOdmRxSlJfbkhvN1VCR3BITDVaLUUxLW9ObS1wYURVYUxORUxhTXh6Ujdqa3MybEkxYk5IUE1OUDJDcjVhTXQxZkt3XzJzd0xrOWU3LW9UNWxPT2xLRXoxQ3Y4akVoVm1kMzUybEVhNnh1VQ?oc=5,0.0,neutral
2026-07-08,2026-07-09,PEP,PepsiCo (PEP) Price Target Trimmed at JP Morgan. Here is Why - Yahoo Finance,Yahoo Finance,https://news.google.com/rss/articles/CBMingFBVV95cUxQZS1ScEkyUWZEWUtjNzY0Rmw3ZlY5TUNsZmxyWHRUbDJoVXJKMWhvaF9fOG4xc1prY0tIaGJPNlFZWm9PcVVWM0dyZndrWkpPa2hnUm5uWFF4NHpGdC1HSDBJb0RBNjVqX2lHZXVXcTZnZGVaVzdBRzUwRV9fajR5YXFvcnNQM0ZyVXNlVUVrWkVVV3p4Y2k3ek9yUFRxdw?oc=5,0.368,positive
2026-07-09,2026-07-09,PEP,PepsiCo earnings miss estimates as North American consumers tighten their budgets - CNBC,CNBC,https://news.google.com/rss/articles/CBMic0FVX3lxTE55ZzRUdGNETEl3MXdFSFFJUWgxRllERkhaMVBJOHpDc1c4WHJaaUNKeFlKZDlKUWZud0p5NjhkUXRja2tVenNITTJKY1Vqa0xSc2ZQc1dKUkMwb3NYWWI5QmN6WFZjd2thenlxUnZlVk5qVmvSAXhBVV95cUxOLXFfa2hqYnBUOW1LUVpHWWdGd2hYcXEwTWEwVkE1dmd6ZU5tNGNWaEpuMF82b1V0ZGFfdFZmdGxvSVhMbThJTjVVQXFWdzg0bUxGWmQ2Q2Y3ZFo5Z2s5dmh5cnBJYXpZdHNVeVRBUm9HUGdaYTZuRFA?oc=5,-0.1531,negative
2026-07-09,2026-07-09,PEP,PepsiCo Revenue Tops Forecasts as Global Volumes Strengthen (PEP) - Yahoo Finance,Yahoo Finance,https://news.google.com/rss/articles/CBMipAFBVV95cUxPRjFPaEpxNmdwR3M5cGpjSW9MN1ROQkt4c2pfWlVqRVhDa0N0aXVLUzRBeTBlMG1mX1kzem92OW9XR0NUVS1hVXdDaVlLWGtMYWQyTmxOT0ZLaEhyalN3R09xOFlqVEZtcnJUS2RBVXBiQzdmdTNCc2V3UV9GaXJvUmJHSV9ZNFBPX1pkNFBVRUczMDNoS2ZfTkJmN3hOY284Snl0MQ?oc=5,0.6808,positive
2026-07-09,2026-07-09,PEP,PEP Stock Tumbles After Q2 Earnings – CEO Flags Consumer Budgets Tightening In US From Inflationary Pressures - Yahoo Finance,Yahoo Finance,https://news.google.com/rss/articles/CBMimgFBVV95cUxOWktJZlgxejl5b3hqWE1haXdwcmowd0wtWVlON1ZjT0hET3VObkRmZTkxWWc2OU5FUlV0b3E4U3JzVk9BRWVNbDdpREtGZ1VDZFh4VTd2Zk1jM1JzRjhKRHZkNENrdGM5bXBwMzlZOUN5MTZOaDNER0twaDF5Q29tbDdEZzRLdWdSNmZ3TDlHdFpZa2Y5VUZhUl9n?oc=5,-0.3182,negative
2026-07-09,2026-07-09,PEP,PepsiCo (PEP) Q2 Earnings and Revenues Surpass Estimates - Yahoo Finance,Yahoo Finance,https://news.google.com/rss/articles/CBMingFBVV95cUxNWDJyeGowbG83YzNNMFRIRWZsS2Q0YWh6Tmp0TmhJSjZ2VThxTkY4VzdCSWE3TEYtbWFqT1g2Q3UzbS13Z0xCX2RCSExfaEladDE0Y195WWR0aVdMdU1RN21DcTZ2MElhVElFWWZFRWlzMU84V3dEVGZ6ckx2Z2tlZkMxVUxXQUMxV0lCNUJheGUyb0M0eWp0M24yVVdZZw?oc=5,0.0,neutral
2026-07-09,2026-07-09,PEP,PepsiCo Stock Needs More Than an Earnings Beat as Turnaround Cracks Appear - Barron's,Barron's,https://news.google.com/rss/articles/CBMiekFVX3lxTE5GRXJPbklKQ0M4TFpiczVPbV9wX2FmQXRnejNuQ3RqRGJ0RFlSMEZBU1hTSENLMzJEWE5TSmZubDZzdFFBanpNUkFUVVlHdy1UX2plU2hmZ3E4bTFKd0ktdVA5R1ZWWU1MaDZ0QnQtd091TkdkWnVNbGR3?oc=5,0.0,neutral
2026-07-09,2026-07-09,PEP,PEP Stock Tumbles After Q2 Earnings – CEO Flags Consumer Budgets Tightening In US From Inflationary Pressures - Stocktwits,Stocktwits,https://news.google.com/rss/articles/CBMigAJBVV95cUxNQ3AtRnhZaDFnNjNUOWsxZkxuam1YZ1RHdzlfRDFIcS0xUDlEX2N0TUtodTRVNmp2RUt4SHF0T1BRSlhNUk4wWXJCaHk5OFRLQVpNRGtScTVkWmd6bmlmTVdpVWNSMExOT3l6d1BrMGFkdXpRYmZ4QzRNNWk5ZVRkU0ViLU9iMjlRNWFoN3B6bjFhd1RZNWIyVGtSZmZGWHpXbzNHNDl6Nzl2Yk0xQWk3eWkxZEZ2OUNwWnMzb3pRb0h2OS1vaW5JVTZSb2NXanhPV1NmZjBpZEdPV0ppZngxV1JBdC1zSDNIWTNOVmh6b2cyZHdFand1VkpKZnRDZmFv?oc=5,-0.3182,negative
2026-07-09,2026-07-09,PEP,Why is PepsiCo stock slipping today? - Investing.com,Investing.com,https://news.google.com/rss/articles/CBMingFBVV95cUxNZGJuZ0tMTWVpNHVhS0lIQjBodWc0M21MM2xDN21uckZHV3FRTTkxcEdOaGk4LUJFeEZ0MnBNVTRXdmkxNEx4MzhqQXlwcGRRX0g5clpHRzl3VU9PbjlXMllvQXVaZGhfa0pmQXB6X3Zsb1psTHdoVWdZMHdacDhxMXE4VzJRUDVqeklLN1BINmpjRWkzYXFOZ1FfanRCZw?oc=5,0.0,neutral
2026-07-09,2026-07-09,PEP,PEPSICO ($PEP) Releases Q2 2026 Earnings - Quiver Quantitative,Quiver Quantitative,https://news.google.com/rss/articles/CBMihgFBVV95cUxPNmR0TmNLRmw3SmFJYTd2bmJhM0dJclRYaklNcTJlWkVEVFBjODVNenlDbnRXNTZoZHlzVkd6VVN3YlBLdHg4b3dXaG1KWjczeHk2TFBoTjBKZUlFODlNM0thR1pSVTVZQ2xZQlFLckNZR0gxLVRmbWxyeklZaHdicUxlc3NmQQ?oc=5,0.0,neutral
2026-07-09,2026-07-09,PEP,How Will PepsiCo Stock React To Its Upcoming Earnings? - Trefis,Trefis,https://news.google.com/rss/articles/CBMitgFBVV95cUxPNlFXOTExUlFLRW1ybmp0X1lGSXBiWDlRUmFJVk1ncTd4enZtT1ZZLVZ3U3VIWVJEak8wRndCbkctUWhZWXRDOXBkek5BcEhBQ29IRzlTZHU0eC16aE14NjFTcklsY1l1U2hlOHllVEFaWFk0Um01c2N0N1ZuVERzSXRHRjVnZE4yM1I2bVd5aHdPUlZKamhrM3BvbkhmN05tV0V0SkNlU2pqRE13Rkx2Zi16MkNnUQ?oc=5,0.0,neutral
2026-07-09,2026-07-09,PEP,PepsiCo’s (NASDAQ:PEP) Q2 CY2026 Sales Beat Estimates - StockStory,StockStory,https://news.google.com/rss/articles/CBMiqwFBVV95cUxNQTM1LW9WRWVuU0tsU2EtUXFMUnlUTUc2Y21ad1I0RlRRaWpUeEFfMmlVNnJVVEQ1bmpjT2ZRaC1pY1NZeFBmSVdvUzBHTFNxSXZTOGZQcEZqd19jS1c2QmpFTjRsN3VBWk40ZG5rd2dsWng3cnBaekZSVGJDcVFVcmd0XzhWTmw3MG96RHAwZUNSWjM0YVFTdlBtS05mWU1JM3FWdkRZeVozUzQ?oc=5,0.0,neutral
2026-07-09,2026-07-09,PEP,PepsiCo's international demand makes up for pressured U.S. consumer (PEP:NASDAQ) - Seeking Alpha,Seeking Alpha,https://news.google.com/rss/articles/CBMipAFBVV95cUxQZjlRalNxRXo1cVdHMWRmOHd0YXItTm9tNE01eW9oUlU1THJrd2R2enNHRmI3TkJwalhsX2xkUEZnUHYteTJ3ekEyZWRVUE5FcU9RaVRQNjdCbG5QUGxUenhaWjNEbTlBMDFockJhbHItZzEwT3E5a1FkYkFqVFZ5dF9WWmIxQ1RPVXlTcExGczR6bUIwR2JkR21MaXRvVWcwWUVwdg?oc=5,-0.34,negative
2026-07-09,2026-07-09,PEP,"Resona Asset Management Co. Ltd. Grows Position in PepsiCo, Inc. $PEP - MarketBeat",MarketBeat,https://news.google.com/rss/articles/CBMiwwFBVV95cUxPT0xxVGxRNi1SMVlIOTJkSHVYV0swcXIzaXRiR3JDR2ZOcFNEM1otRjBxeGo3QlRpV2xYRXltYUxVdEVqaVpVd192Qjg1LWhienNlUUVpYUdDSTNVdUZjOG1zYkJxZTNMcURtSlhLV1NoT1JXTkZobC1CempLMUtGQ2FDYTJPamN1eWF3SkthRy1wc2FYaThyc2VYeFlFRGFSSTEyclpPMHhkaWdhNXBlRi1fdGN6dlBRQVNlQnI3T2pKUmc?oc=5,0.3612,positive
2026-07-09,2026-07-09,PEP,"Greenwood Capital Associates LLC Has $1.71 Million Position in PepsiCo, Inc. $PEP - MarketBeat",MarketBeat,https://news.google.com/rss/articles/CBMi0wFBVV95cUxQSmFSOUcyRTg5aGxUNEkySVQ4Z3huZDh0ZXNRMFEtbXNaV1g0dHFNSFpUWjJCX0ZxaHg4WV9adGpQa3IwSGEtLUhsWnhQWWxfV2FjSFpRMkU3LUhqWWRxcDE5MUFZeTFRUDdJQmtmLUc0NnZxX0I2d1lCZkNuSWZuVkRyNzVUd1dyUDhUd3RhQVJtRWdYbF9UamVISWEwQmhaaVo0VFhiRENQRXRqN1lFOXh2TWp1TWxHeGdfdVVidlFqSWhrdmpGQzlVcm9jUWdscmhr?oc=5,0.0,neutral
2026-07-09,2026-07-09,PEP,PepsiCo (PEP) Could Be 23% Overvalued As Investors Eye Q2 Margins And Volumes - Yahoo Finance,Yahoo Finance,https://news.google.com/rss/articles/CBMinAFBVV95cUxPbjhoM1Q1aVdzSGkwa0dITzRsM016MUxMNGJqWDA3SnR0cDEtSzluNDd2aVBJYmRSRE9Xc29OdU1PdDY1S0NwenQ0X0xTMU1LYlMtNS1hTmg2MGxDVDdidnBrYlhtbWpsYlNHSVROX0YtVHpNZFV5QWEzQ1doUElqQWZXLXFaRnBMN1dJbDNBR0pueXpkRklkX2hhM1A?oc=5,0.0,neutral
2026-07-09,2026-07-09,PEP,Jim Cramer Thinks PepsiCo Is a Great Buy Ahead of Its Upcoming Earnings - Yahoo Finance,Yahoo Finance,https://news.google.com/rss/articles/CBMinAFBVV95cUxQVmQxVkpYLTV1ZTdfUmwxMVIyV3pMVlJIcTVjeE5kbmQ2ekNsUjY1cEpJOVlLenJnSzN6TEhUeXZqeFRITFdjVzdDbHVBNjdwdkVVU1NDOE5DYl9ZZnVQWUFsZU92TDh0Tmk2Y1U3WTJyLVlJY0RaMVU0U1hnMWhFZDhPY0Z4TW1VSjVwc2wweHNmMUdxa0JUU1MtVTc?oc=5,0.6249,positive
2026-07-09,2026-07-09,PEP,"Sumitomo Mitsui Trust Group Inc. Sells 86,654 Shares of PepsiCo, Inc. $PEP - MarketBeat",MarketBeat,https://news.google.com/rss/articles/CBMiygFBVV95cUxONzNLVmlrY19mTmFNYThwWU1JZUIxaXQ4S2ljODhuWHBvem4wT1U5Qjl2UmNPTXYxSF9LSGN2cFZHcDFZVVJDRjhHaWt2U0Q0dm8zZS1BcW1BVWVPWTF2WE8wSnFfcHlOZnRBb2VjNVJPLTlrME1CcEVFR0lSRTNJSWRjYlJhcTJpdEZxQk1nNEhtbTFPbGNTVGlFTndTcUtPV2FsaVFUNVpLZ2k4b085di1tV0JRMEVRdXVwZndnRllGQmR3cXVBc0lB?oc=5,0.6705,positive
2026-07-09,2026-07-09,PEP,"PepsiCo (NASDAQ: PEP) posts Q2 2026 revenue and EPS growth, affirms guidance - Stock Titan",Stock Titan,https://news.google.com/rss/articles/CBMioAFBVV95cUxOMFhnM0lOWENGSGQ3VWhlckQwQ3pENDJEeHlkWG9sLWplcjk5a3RNbWNDYnpQNUtITG1zb1hkR2s2U213ZjBEaVUxTEZrQS11VmdhaTJUbFh6UUt4N00xQlBMaGlxYWtxV1A5dTFLRmFKUUMtdXoxU0ZTRnlqNGxHV1dmdkFDbWdfUzBXYTFpbWJZbmpnbV9sVGhURFAwZGZX?oc=5,0.3818,positive
2026-07-09,2026-07-13,PEP,PepsiCo earnings miss estimates as U.S. consumers tighten their budgets - CNBC,CNBC,https://news.google.com/rss/articles/CBMic0FVX3lxTE55ZzRUdGNETEl3MXdFSFFJUWgxRllERkhaMVBJOHpDc1c4WHJaaUNKeFlKZDlKUWZud0p5NjhkUXRja2tVenNITTJKY1Vqa0xSc2ZQc1dKUkMwb3NYWWI5QmN6WFZjd2thenlxUnZlVk5qVmvSAXhBVV95cUxOLXFfa2hqYnBUOW1LUVpHWWdGd2hYcXEwTWEwVkE1dmd6ZU5tNGNWaEpuMF82b1V0ZGFfdFZmdGxvSVhMbThJTjVVQXFWdzg0bUxGWmQ2Q2Y3ZFo5Z2s5dmh5cnBJYXpZdHNVeVRBUm9HUGdaYTZuRFA?oc=5,-0.1531,negative
2026-07-09,2026-07-13,PEP,Pepsi Earnings Beat Expectations. Why the Stock Is Dropping. - Barron's,Barron's,https://news.google.com/rss/articles/CBMid0FVX3lxTE1UUDBnR0pLaEllWDhyTXFTMDJCVTM1ZWxPa19WdjlUZHZ1Z3pTZ19jUDdCd0c2OWhucUpWUXNqVUtBTUNaNWRHRW5pRjhBZTJBOXdsOGZvNGJOMmdQS0FLXzJMUG5VOUJXQmd2czFud1h5amRYUkU0?oc=5,0.0,neutral
2026-07-09,2026-07-13,PEP,PepsiCo (PEP) Stock Looks Below Fair Value While Earnings Look Fair - simplywall.st,simplywall.st,https://news.google.com/rss/articles/CBMi1AFBVV95cUxOSERQMWRudUl6ZUpLQjk0akNQYzlmWTlBM3pPUEgtMktDS04wZDhhaUIxYXphbnV1N3A2MjJWWUVVUVB0OWdGdUV1RkNKR2RTYjNzWkpGaHVWdks1UkJ5dndILS04VncxVnVsRUpEdjhRUzJxbUZxQkN6TFREU2w1ajJZNTA4cVlPNWgwZlNMenRLMHdJQkZfV3BWTWZtZTExN014Z2ZvQ1luOVZYVE1zZ3JhbHZ4VVV2dTM4R0todW9NY2o2a1lRdjRXZTBINThkdkVIQdIB2gFBVV95cUxPQTBKQVVzWEdGaWUzS3JMUFRiMHRFbmt4SmFrZjgzOEpqWllFc0VSRUV0NEp6OVQzS25tU05zampkUVA1cG94X3lZMlQxZEw4R3AtdXU2U20zekktRGh4MmhjelB2WldoNWxQN0p0clZ5MGNaNVIzTFkxc3VEX0hmU09qTGx6OXVhNXRQUTA2OTJETndjZHliZ3lnSEsyNGpTeGFRYXJoX1lfbktCcDhhc1J4bzk3bUFTb1FHWkFscmxWMmVaTzA3SmprdnlLQVNxY2hldmVTdWdfQQ?oc=5,0.7184,positive
2026-07-09,2026-07-13,PEP,Puts Pop on PepsiCo Stock After Mixed Q2 Report - Schaeffer's Investment Research,Schaeffer's Investment Research,https://news.google.com/rss/articles/CBMiqgFBVV95cUxPenpqVGx1QWJzSGpWUU9rOVhINFpxdXVDZTVvVkt4TGZnenNKeHB6YjNqWDRVQXBUcG9nNV8yZWhTdFFzS3EzYzZTdkNBX1ZjSE1ld2FLTHpoREQxUlFmcmVxNWxKYmZIU3d4VXNOQWxoeENHVS1nYlNZWHc1eG5xNE53dC1KN2s2X0hPR2VmSG9PSndDRUQ3Z2d2M05memNMSTU2MW0tY2dlUQ?oc=5,0.0,neutral
2026-07-09,2026-07-13,PEP,Why PepsiCo (PEP) Stock Is Trading Lower Today - Yahoo Finance,Yahoo Finance,https://news.google.com/rss/articles/CBMimgFBVV95cUxONHJfbGdUcFhkODdXVWRiWlFUTjJoc1BFWVUwZ2M3Ri1hUGJZNDRScVRGV29zSEtTUzlyZkVGSmdhR3QyRUJvWG5tSnh5Z3Zvem9QMXVEYlZDa2hET211NWFRbXFXUXYwWkNsV3p0UE5iOW9Sd0pwZkcxZDg0MEJXOEFkd3kzazRuTDNoQXZneUZmTmh4VlpTVFB3?oc=5,-0.296,negative
2026-07-09,2026-07-13,PEP,PepsiCo's Quarterly Results Beat Expectations. PEP Stock Is Falling Anyway. - Yahoo Finance,Yahoo Finance,https://news.google.com/rss/articles/CBMirgFBVV95cUxNOGVZX0JsdVBMRVhGdVRQNnhkaEgxZjhUMy0wTm1kN21nN0p5QUhhdG16VkdHc3FpNERHTjFYc3lsOEhDcHRGWXk2MWE4OW5oWC00UFNIZUFjNlVwQnhEc0tSZDZiVVh2dEhlaTNzYlBZNHl2M0hHQWp0d29yc0hZZ2dBTk9VMkRTOE9BMEI1RlcxRUhFY2VEdmtST3M2UjBsa2ZFLWJobU41SG5zTnc?oc=5,-0.1531,negative
2026-07-09,2026-07-13,PEP,PepsiCo Stock (PEP) Opinions on Q2 Earnings Results - Quiver Quantitative,Quiver Quantitative,https://news.google.com/rss/articles/CBMikgFBVV95cUxQZ0dQQXBFcjcyaTEzNFpoVTFXRk1ZX2VnRzI4UDc0VU9ITDllYklCaC1kSVAydHpYZ2ctQ3lwVC12NlhYelBPSTBjZ1pTWE84RDU4T2VUbVZVMTF6ZFNuOHU0MGo3ZVNpNXZ5WE1veW9UcU9Ob3A4aldRRUp6dDJ5bXEtenR2clo4aGxFRTNNTm1odw?oc=5,0.0,neutral
2026-07-09,2026-07-13,PEP,Coca-Cola vs. Pepsi: Why KO Stock Is Winning the Cola Wars After PEP’s Earnings - Barron's,Barron's,https://news.google.com/rss/articles/CBMiigFBVV95cUxOVzU4WlNiYUhPaTBxWndkNEtOVE9tQWxWNzlxUVFEZ3dyZkdWVHZRRTJXS25MUFAyUUFCQVZzdElfWElmMEV3RlJpd3JjTEZhQ0VreldSWnpVZ0otc0FhNzdMak5wMi1BSzV4LTBKa0k1bUhxVVNyRkNud29YQXR5VXBhOUxJc0NiTXc?oc=5,-0.0516,negative
2026-07-09,2026-07-13,PEP,PepsiCo reports that US consumers scaled back on snacks and soda as inflation bites - Yahoo Finance,Yahoo Finance,https://news.google.com/rss/articles/CBMi4AFBVV95cUxOY1hVV3VvbHlaaEk4VWJ3OUJQV3hWMHJjaVAyWVFIdUQtc0ZCYWticlBXckpXejA3OGRTWFo2ZG5DeGhRZFFidWE2eG02SnJmNEFibDBvQkF2QUloM3RzS2lGZzl2bExyRVZFdzUydDBuMGExRXJCWjZhcFlfaFNBV3R0cEJCbUJyWUtocjdBQTNXZ3IwUXFzSkdTRVFockhkcU1CdUxXZ1cwbUtJRkIyRDdrRTFPSGRHbFVqNnFtamMzSEMyVk1XYXdQU211X0ExUEw5bENIMUVuaWhsMWRmXw?oc=5,0.0,neutral
2026-07-09,2026-07-14,PEP,"PepsiCo (PEP) Earnings Preview July 9, 2026: Analysts Cut Targets - Can $144 Hold? - TradingKey",TradingKey,https://news.google.com/rss/articles/CBMiuAFBVV95cUxPSGZHWnYtOVh3TVlqcWFLRW1hOWdkVVp0YXdOeUplV3pxRVhaQ0pkMl9BQnp6cVZTclZrT19LdlBpNTJQZjIxdUhNa0RBRHJiN1ZUbDNvUXZ2NU5PaVk2N2Npb2lGTHJNODR4Q1E2RENweExQNEF1dXNDQllSTFlfdlZ2QktZVldTZnZYMlByWFpxOEpEQktnQTBGX2RvNjV4RW83R2NXUWltR0JwdU96OHJidzE0LWFl?oc=5,-0.2732,negative
2026-07-10,2026-07-13,PEP,PepsiCo (PEP) Stock Fair Value Edges Lower As Analysts Split On North America Execution - Yahoo Finance,Yahoo Finance,https://news.google.com/rss/articles/CBMimAFBVV95cUxQNlVsREtMMFdRUHhTWTROeGFSd3FCUi04TUhfTXFQQXBlYlVUMUtFd0dnck5mdVRkSXpaTkVBTVNPVEl1MjIxaUV2dVczYlIzNURuX0syUzhXTDk5VEM3VHFmS2tkazZKNGR1dFBNLTYzMjYxS1JtYThmQTlPdGdZaXYwYUprTkJzLWNlUzVzNUR0MUc4bmRQMQ?oc=5,0.3612,positive
2026-07-10,2026-07-13,PEP,PepsiCo (PEP) Stock Looks About Right Despite Its 18% Slide - Yahoo Finance,Yahoo Finance,https://news.google.com/rss/articles/CBMinAFBVV95cUxQRElFSnpZcGRjLWdwV3k5Vl91cVVHZFNuRk1OemFWWnVwbFNZclRYQ2FoY0Fqbm1qYlZlTFBVUVhPbHIxMUVPRHlwQzB2a3AwSmdMSEE5NTYtYzRLV3N1UEZTdl80VHFLUm9NLUNmQ1FjeVctRjAyMnNCdkMwTl9GWERSQXJLWUx3SWJXTUNvUjB4LThtbGFhRE1vRG8?oc=5,0.0,neutral
2026-07-10,2026-07-13,PEP,PepsiCo (PEP) Stock Q2 Net Margin Improvement Tests Earnings Optimism - simplywall.st,simplywall.st,https://news.google.com/rss/articles/CBMi1AFBVV95cUxPTmZlckt5dGNScVc5emFFX2xnQkd3TlR2eEdiUmhVRXc2QlQ5RE5pYWFGRWp2a1FzN1o5aThMZmVZTUd1SEpOUVhnVlpmZjlnREJrd2VxUUdiX294SjdPTjkwVXhJY0J1WklVcDFjakdDSEQ0QVY5T0pwSW9VbG5oMWcwNmc5WGFFMVpTRi1WRjNRbjEzNlFMWEZfSXNZSWFlZVZWRmJxeWtkQXBDdm5zbGZqSzhFamg2SXl6R1lYc2Y2UmF6SVdpaUtkUmwxcFdNci05LdIB2gFBVV95cUxQUjRodjdsZ1RCVHdBNEZGRG5HLUxmWHNTUTJqX3RZdTRlUVhqVldxcHB5aFVzVXR2RGdseDFhODlvRFJqNEhfU3ctamgzM1JqWDBpMHNhWE8wWTF6Rkg1TlF4d1lFWjBfYklMSjVpeUJrb1haS2RoRmxobThfNGE4WTR4RElIV0ZONUlEbWVFeHJzbTNWTmdnTV9LQUM5bWxJU29zejBXZHl2WThZb05HVko2VTVTaTlUUHFWYVBySWpSUXA3dEY4X3FnNVRBVWV1NmtwN0lSeW9HQQ?oc=5,0.7579,positive
2026-07-12,2026-07-13,PEP,"PepsiCo (PEP) is One of the Best Quality Stocks to Buy According to Wall Street Analysts, Here’s Why - Yahoo Finance",Yahoo Finance,https://news.google.com/rss/articles/CBMimAFBVV95cUxObG03dmk3OHRXTVZKbTFFdzFud1ZvX1dqMHZxcVc4SmN0SXd1VFpWOHpXekhQYmpUY0hWZkl3Y1F1NGFxLUNEWWRYSW9TTGFPd2J6NG1Yci1ub1dIaW5IYUM5Z1daZ0ZyVXc4VXNhc0RTa3lqbDN5SUhjQ2ZxQzlyM2dWb2EyQ2phZDZKMmtmWmlYVXNYaWk1Vg?oc=5,0.6369,positive
2026-07-12,2026-07-13,PEP,Procter & Gamble vs PepsiCo: The Better Stock For Passive Income Investors - 24/7 Wall St.,24/7 Wall St.,https://news.google.com/rss/articles/CBMirgFBVV95cUxOU0xBamZlWmw5TXdBb3EzTVRoNVpsMDVxa1o1bHRUWFFucUo4QWNtNVJqVUhoc0UxNVdVbXlLbHBVU0R4U2NwckZnVkhOWUZ6RGU4WkZzTGZJalBlRFFtalRMLTlaVFJVdHNzbGR2Z1FFQ3g3YndSYVFESFQ4SU5jNlFmQ1lzeGN5TGdfbktzOWNfUVVZVHdEaEI5M09hZUVjTVJRYXUwZkxoSnlHZ3c?oc=5,0.5719,positive
2026-07-12,2026-07-13,PEP,"Welch & Forbes LLC Cuts Stock Holdings in PepsiCo, Inc. $PEP - MarketBeat",MarketBeat,https://news.google.com/rss/articles/CBMitwFBVV95cUxNZHg4d2lSelFhQmdHbGtFWXM3RjZlSTVCZXNsalRkc0JiOTdiYUNDZDcwM0hWTDhtSnpvd1BNcHVjWXdFcDJrSE9FRnAxd3NaTE1vdm9ydDlRdnZqbDBZVGRJLTFDbEs2TFhUWE1QZ0M2dVlQcGk4cFNDSXBzOUlGRFRsNjdHTENGdllfdXNGSGFISXZOdzhjSjhsZTF1TThOVnEwM2JmcV83QUo1RWVFek42VWh4d1k?oc=5,-0.296,negative
2026-07-12,2026-07-13,PEP,Procter & Gamble vs PepsiCo: The Better Stock For Passive Income Investors - Yahoo Finance,Yahoo Finance,https://news.google.com/rss/articles/CBMingFBVV95cUxORkgxMlhIaUktNnpIVmtqYVdYbkhGX2dSdTBvRUh1ekNlTGlzaDA5MWQyTW9mOWR3bVRfZWxLdlhKaXE4OHBfUjlXQjB0NnlwQm9LUFVGdkN6TDhLSC1vOWpGb0I2UjlodHNaanpUSlRxX1BIZ0QyQmh1WTlpN1hzYkpCSGhPclBuZmVMLUFmeGRqVEhaYTlXT1Z5UE53UQ?oc=5,0.5719,positive
2026-07-12,2026-07-13,PEP,"LGT Fund Management Co Ltd. Grows Stock Holdings in PepsiCo, Inc. $PEP - MarketBeat",MarketBeat,https://news.google.com/rss/articles/CBMixgFBVV95cUxPWlUzZkFuMzZ3UjlhbWVhSWFhVTc4cklNenRBOGpvamdHd0E3RWg0bXJFTjBqb2VSemtaLWlGTnVGcC1FVkhvYkRIWDVUMzFhNnVDTDhaSmZVMFJ0N0cwU3ZIcUVZV05oVFdmNlRwRkFfQS1yUGo4VjBmcGJySUpzZld5YnpJM0NMVUNwWldUbDRtcGZvTzhEWUNqdkswVjIyM0xuMkxjb0oybnBlMnhrdUgwVWZXS2hYb2lzUVF2STRKUUdnMXc?oc=5,0.0,neutral
2026-07-12,2026-07-15,PEP,"PepsiCo: It's Undervalued, But Recent Growth Struggles Are A Concern - Seeking Alpha",Seeking Alpha,https://news.google.com/rss/articles/CBMiqgFBVV95cUxQT2VqX19IZVNqQnVTblVOYnI0YW1IVkdaejQzeDhfS2ZTbTN5QkMzcjZrMmxmWjJjNG1NaGtmR24zWnMwTGNQVFRtSTdVNm5tc2xWc21MMXd3TkJiQ0hHTmE1Mi1KSlY5UzR6eHRWMWUwRlFXdHRhR19WSF9uRU1OY0NueXpQSW4yTzdleUtNc0l5S2J1RjhsQUJuV0dsMTdnbDBzUXpqd3l1UQ?oc=5,0.0387,neutral
2026-07-13,2026-07-13,PEP,PepsiCo Reports Q2 Earnings. Here’s What Stood Out. - TIKR.com,TIKR.com,https://news.google.com/rss/articles/CBMif0FVX3lxTFA4eHV5cksxNEVCYWxWbU5OMDN2bmEzREJ0N0ltS3JqaXozZlk3YmR2enkxSU9MLXIyWUpUZFkzRW51UWVIbjNUWm1oblRtQ0VGdW9sWktzZThPYmpjUERQdzl5d3dxdDJURzZqNTE1NWVNTkRpYXp5TkY4UU9zNTA?oc=5,0.0,neutral
2026-07-13,2026-07-13,PEP,Is Pepsi Stock Hiding A Deeper U.S. Problem? - Trefis,Trefis,https://news.google.com/rss/articles/CBMipAFBVV95cUxQNFE3alhrWjRzbjU5R1l4TWdUckFRWlBRT2dHMjZUaXVWYy1iNmtvQXFPQUpLb1l4b2FFbzZYd0drRGo2aW13RFlFU1RXS1NpZ0c5MFRzN3RFTXBUVThqZnBoWHQyT3pmQVdZSkw0LWFlOVNlN2VRUE9JdlM0NFdLVXV4LVBxZTJSMEI2UmR1MDgzck1RYnhhQ2lkTE1nVU9DMDljSQ?oc=5,-0.5994,negative
2026-07-13,2026-07-13,PEP,"Arbejdsmarkedets Tillaegspension Acquires Shares of 168,249 PepsiCo, Inc. $PEP - MarketBeat",MarketBeat,https://news.google.com/rss/articles/CBMi0AFBVV95cUxOdjB3eXdKVE4zeG9pZHBHQ0stcDl6Q3l6YjBYRlQwMzUzOWhhM2NaamNmRFp6Y1FDV0hXSWt5cWhkd3VId3MyVG05U28xaTVsdTNScHdOeWlvMC16Z0FLa0tBWkgybnZzRnRrNnhtTEpRRkJ1NnJwY1lMVnRXOTVxa0RKRjItWndjUkpma0FoZ1Fad2ItUEtLR1h3cGQ2aTlSYjFIQ0VHT3pnTnVzWFhnZHA2aFZNTDlCV2tBYTVzOEpDQzVhMkE2VGN4TkhIVUNs?oc=5,0.296,positive
2026-07-13,2026-07-13,PEP,"J. Safra Sarasin Holding AG Buys 16,702 Shares of PepsiCo, Inc. $PEP - MarketBeat",MarketBeat,https://news.google.com/rss/articles/CBMiwgFBVV95cUxOVG9RUmc4U1J3bFdHU1prZ3YtdFZleFdScm5ZSTZBV0pkUW9rQUtROTRrcGFHc3RmX0dENEl0V0QyVXhyTEw5c2RKa2paWVlmdmFtNmdfOVhwVW56aGRtZWU4a0JmU1RiRDVhRDV0Q2JkWUFOV2l1cUxTZHFtRlhteWRIbThibE9oUWZfalU4NnBtY2R3a0w1M1Nla0JHbVZPcWpHWjNmOUNTUXdKS1pqeWZ0M2hLNzZWNFMyZG1Vc3YyQQ?oc=5,0.296,positive
2026-07-13,2026-07-14,PEP,PepsiCo (PEP) Could Be 19% Overvalued After Mixed Q2 Growth Trends - simplywall.st,simplywall.st,https://news.google.com/rss/articles/CBMi1AFBVV95cUxOdXJFR1RRWl9CWWVSb2lIQ2ZsYkswLUVhQkN6Z3hUZmFETk9EUUY5ZkVQcXN0d2o2TXNnMjlXRmtycTV6RnkzRFNCTDhOOExneWVYcTQ1b3B3M1ZIREZyR183b0N3UUQxcjk2eklCYWRqNDhiSkJhQmZwVnB3YWRBY29fWk0ydmNjM0tiQzFkc2R6am1vS0xYc0RBWDZibTBkcl8xWFBKaVd3N1hmd24wNlNlcEstbFl2ZFBuLTE1bl9RUUV5VnBwVjZRb2FHTV9LMy1tedIB2gFBVV95cUxQbXBhOWFsSHRtWlRsakFlSzNXTEhhUFdwZTkxU0xuNlJjRkZob3B3OXhzYVhqV1lnaHY4RWlXOExUVVpZb0pnamRQZVoxblgwdDlPZmtXd090aGpUeUZjMDJMdEd5Nmkwd2ZMODV4LUhXbFphcHMwd2ZEa2thSTdJN1VjY3pLa2VwaHR3SGpjUTRLdjBhT09uUnpvVDlGVTBLOGN4c3A4QXV4Y0tHQWhpS25xelhkMWxRMXVKTTMxYXh2QlFTSEc1dkhLZUU5cnJzTGNSQkkyTEpodw?oc=5,0.3818,positive
2026-07-13,2026-07-14,PEP,Will Mixed Q2 Results and Circle K Tie-Up Change PepsiCo's (PEP) North America Profit Play? - Yahoo Finance,Yahoo Finance,https://news.google.com/rss/articles/CBMilAFBVV95cUxOTWFSLXJmMVFQUE1yVkY3bVB4eFZlWUNmeTRrbTQ5Y0ZNTzlnNVRJMXE5d29FdThQdzFtZUw4ZVR5dDl6a1FZOW9XSE0wZ0ZCNU5IV3M0Z1RUTDdLWFNHajhqT3pNZVRnb2Zfdzh1c1J4c241elNyeUZzdllDQVd1WjJzSDI0UnNEWXdJOHphZWROZUM2?oc=5,0.6486,positive
2026-07-13,2026-07-14,PEP,Better Buy: Coca-Cola at an All-Time High With a 2.5% Dividend Yield or Pepsi With a 4.2% Dividend Yield? - The Motley Fool,The Motley Fool,https://news.google.com/rss/articles/CBMilwFBVV95cUxPR0Z1bGlzdU8wdmpWclJueUFmNDk4UXJCMUxpeTJ3cy1LejRNZEh1TENYSzVSYlV6dGdtbWxNcENvWFYxU3ZFZjBBaXg4VFdsUmhGRFBpYUw2b0pnZy00UV93Wm41clVtNi1VQ19vTkdDbVVuaXliczd5MU1ld1dBRUZNVDgwS011emdCTS14ZnlyQ3BteGx3?oc=5,0.0,neutral
2026-07-13,2026-07-15,PEP,Jim Cramer Explains Why PepsiCo Has Turned From a Market Darling Into an Ugly Duckling - Yahoo Finance,Yahoo Finance,https://news.google.com/rss/articles/CBMinAFBVV95cUxQV3JkVHpGNlIzelM3cU12Y2F2ZHVBVThGSnhjSXFRdVdDcXFNTmM3NXhhaXlDU2R4QjdTU1hCNUhHTDlfbXJyYXduMVU3eTg3V0h1R084M29MTzBjeXpMXzJTVHZabEJ5VGR3Tkt6V3dfY3BKZUxYNVhZVnVNVjdySmdqQkkwcW9vYlZsS1Z3em5jOGtTZWxQZGlnUTg?oc=5,0.128,positive
2026-07-13,2026-07-27,PEP,Coke Is Trading at Its Steepest Premium to Pepsi in Years. History Says This Is What Happens Next. - The Motley Fool,The Motley Fool,https://news.google.com/rss/articles/CBMimAFBVV95cUxOSG1ock44YWt6aW9CWTNMalZEX3hSM25vVjB4ekVCT2VUdnFVZk9CZlk2SWVBLTRwdXY1NVJCOXNSaVM1YTF4X25HdXFoN1JWZWpMYnA3WV9NdUYzY2N5c0FWamJCVVdONEI0dFNua0d3cnh4YjEzbExiU2R6R3kxM3hsY20wMUwyWGJWWHIxLXNHdUJ2eXpvXw?oc=5,-0.4404,negative
2026-07-14,2026-07-14,PEP,"Calamos Wealth Management LLC Grows Stock Holdings in PepsiCo, Inc. $PEP - MarketBeat",MarketBeat,https://news.google.com/rss/articles/CBMiygFBVV95cUxPRm9rYkZiV1dzX1c2SWI1LXoyVUhwWDVPS0JiZUpEOFFZS0VXek0yWGtLVnNZd2pXa1g3Q1VONzVLN3IzSlJfYk8tcHdrcHA3VnZYVVd5RzNEeDRpcGdOTFJiZHl5cWw3eWl0a1Y3LWdSU1B4ZGFRSUh3alozTGl1ZzhxRDVoT1o1aFhMNHplemZlU2FpR1ZMY015bTVWdGlDOUdTRlVjVTItSFNyYm5VUkpCYlM5T3R6dkNMOGxFd2JnUlMtVWt4VXl3?oc=5,0.4939,positive
2026-07-14,2026-07-14,PEP,The Market Hates Uncertainty And Pepsi Is Giving Us A Lot To Think About (NASDAQ:PEP) - Seeking Alpha,Seeking Alpha,https://news.google.com/rss/articles/CBMiogFBVV95cUxNdFk5d1F0d3lETlExX19RQU5YZUp4NmRmWWwtU0lTQXZvMEVacjFVZ00xTXljc3ZwR2xzbklwNEdYTTBwa2k4NnJTZmdsSkpZNjV2NDNhSzdQWlB0Y1V2aGFqWFpOTTEwNnpQbTh5X1pzVEJRRGVWOHVWYWFOZHJYUHYxWXlBVlVqRjNXVHZxcm1vM2tEdF9zVWJReGd2aGJhVmc?oc=5,-0.4404,negative
2026-07-14,2026-07-14,PEP,PepsiCo (PEP) Gets a Hold from DBS - The Globe and Mail,The Globe and Mail,https://news.google.com/rss/articles/CBMitwFBVV95cUxPMUZ4bXUxVDU5VXV1QzJkSU9xSmxEOVhzcHFBVzNlU010TjBpeHViczZpLUZLYmI2QXBaQ0oxZks4RUFoc3RXNU8tUExLdXNMYUJ4RVVKMFdqSXdlRVpNT3BVc01mV2FpanZSUVNQLVlzcHMySERQekJKVHpORklLOVZpOE9Qbm5kNkMxWmVmWFd2MjdtMk5TYUlJeFVRZjZZdWpiZFV4bWlTT2FkNTgxMTVoRUxKMTQ?oc=5,0.0,neutral
2026-07-14,2026-07-14,PEP,"Avantax Planning Partners Inc. Has $7.15 Million Stock Position in PepsiCo, Inc. $PEP - MarketBeat",MarketBeat,https://news.google.com/rss/articles/CBMi1wFBVV95cUxOVjlzcmlMRXlXQ0kwejZib0RjaFVpMjlsYXlpUFRSSEhsZ2lnUEZvWWlia25lc0diYnhKeEVxQzN2OXpOc2M5NWNvZU9FV0NDNnd6RlZ0TzQ0RDAwMWZZNm9KTFJZbTN3R3BzU1BYWm16UWpGcW5zZlNSVUVCNUJhMXhoNUFKZjUxMmJCb2RoR3FtQ3hfT2VFUl9yb0Jnd0tucldmakxUejYyelVtOE1COTZnZTI0UFBGTXptczZHaEtab05pRXp4bWVCdjdSb0d4NGxNR2dScw?oc=5,0.0,neutral
2026-07-14,2026-07-14,PEP,PepsiCo (PEP) Receives a Hold from Barclays - The Globe and Mail,The Globe and Mail,https://news.google.com/rss/articles/CBMixgFBVV95cUxNcWYzUTg2Y0tGZG1pcXVLVGFmTlROSy1TYU54ampYN1h4V0pqQkJUQXctZHBLeHYweEVzYmNfOTVyNWdBbHpmcHVkWDZIY1YtVVRpMVBFdml3aXNCQ3F1dGpmZnFUU3U3dTNNeXNwQnVFUVRicUtkdFU0UEVwaUZFZ09vNGJwY3ZOeUlCRHFxYjR5U25GU1VFX2tXYmxjT1JtVlZURVRtbU9fUHg2M3cwSTdPTzJHaHNORjNqSHFTOGpIUzg3bXc?oc=5,0.0,neutral
2026-07-14,2026-07-14,PEP,"PepsiCo, Inc. $PEP Shares Acquired by Nadler Financial Group Inc. - MarketBeat",MarketBeat,https://news.google.com/rss/articles/CBMivwFBVV95cUxOaUJlTzNJSjRVN0NtVFFGZGlvTkRvTTZrdXdOWDllbmlEc3o5ZUtMQVVHTVcyQTZvSGN3WDRTSTJhZnF5WU5JYUZKbVA4cVZzMzEybng5MUsxSUVCQ2VZSEp0NnVYQ2k2cXdsM19NMmtYeDhiM2sxcDc2TjlaWklPY3JiQzJwX2xVNkQ1Y21HbEpaUjBHX2xhTTZBUWRrY2FZYjhmeGFPMVRZbzNFUTVqRlRsS041dFllUVZFRUhkbw?oc=5,0.296,positive
2026-07-14,2026-07-14,PEP,"Calamos Advisors LLC Buys 70,041 Shares of PepsiCo, Inc. $PEP - MarketBeat",MarketBeat,https://news.google.com/rss/articles/CBMiugFBVV95cUxPVmprUWFHTzh6U3hqM2lySkEyTVRhNmlUSmE5dzdHQVRHQ0ZydG1mNmE0YU9qMU9JTHIzYXJ5RnV0enJPUElfWkppRnYtZ3BsRWJ3QlQzR3kzZV9uOWY2TmJVS2lVNW5aOGZsTlZYMjhfQlo0UTNaeHRTaDV3QjhzTm1jdWZhYi1kVWlqcm5jUGZqd1h5aXpyU1VISTNBbjlzTmYweWh3QmhueklvbGIwTzJLWU1ZbHNyQ0E?oc=5,0.296,positive
2026-07-14,2026-07-14,PEP,"PepsiCo, Inc. $PEP Shares Purchased by AMG National Trust Bank - MarketBeat",MarketBeat,https://news.google.com/rss/articles/CBMivAFBVV95cUxQUlU0ZXZPbnJKZDVES25JaTJ0eS02aXBodlQ0dWFUWTEyNUJ1OFYxRWQ4Nk5KcDdUaUJDRHhlLWVfelVFOGs4LWdxcWtsTEZRcWVpUUw3dnpHOVhya3o4SEFlX1laUE1TNHRlWDZXSHRuSXBhWTdqVUlXR01qWW1Lc2p2ZzROdHVmNkNzSl9JbzF2a2hLcXlmTHhZT0M2RTBrZ1B2TEYxUS1tNnJlczZubnJiTkgzQjhBQndNUg?oc=5,0.6705,positive
2026-07-14,2026-07-15,PEP,"Jim Cramer Believes PepsiCo, Inc. (PEP) Can Do Better - Yahoo Finance",Yahoo Finance,https://news.google.com/rss/articles/CBMinAFBVV95cUxQZXJhV184QVFVWngzMDdXclJ5V05WSVpiNFRMUzZKSXMxTy1nODdib3VhZ21XZEtFMC15RDdJNUJSX19rU2JSa2p6eER3M1J4NndRWDRERjRSa0FubVMzQlZqdWZ6WUF5WVhfY3RiQUF3OGZCOFFHTEVfcDlOMWZpMFJrUWRfVGwydEJ0U1ByUURQTDI5QVdiYjREX2o?oc=5,0.4404,positive
2026-07-14,2026-07-15,PEP,Where Analysts Pushed Back On PEP Stock's Latest Earnings Call - Yahoo Finance,Yahoo Finance,https://news.google.com/rss/articles/CBMimwFBVV95cUxNQ2ZmNnlUMHJpaUQ0QnlzMkZmWFc1SmY3NjZEWFZpUl9GSm40Tktpa0tIdWNYVmVTcXlBZ0ZxOTc0SGVmejFQTk9DeG9YYVFzdWZwRU5LWm40U0ZTTkdSWWctOUtCZ3BLUVpCZU9Qd1N0cWJ5OW5abVp2Q2c0cHBweV9sbThaenVTajNuUGd1NXZxM1ExblBYRjN5TQ?oc=5,0.0,neutral
2026-07-14,2026-07-15,PEP,"PEP Stock Faces Fresh Pressure: Barclays Cuts Price Target, Warns Turnaround Is Losing Steam Ahead Of Q2 Earnings - Stocktwits",Stocktwits,https://news.google.com/rss/articles/CBMihgJBVV95cUxQVUFZRlR3TXptU0NYNjBubm5HSEw0NkMzRUlXaHQ3VUlYQTNXbmdGcVZBTjdBZlRUaUNTeThCc3Rva3Axa2FndXdfVTl1dFdoVEtncklVcGtOSXFZT1BwR0hrMUdjdjc3VmE4bzlUUFI4RUZqbHJhM28tdFRFWkZhZjRUcUV4LWpCUC01QVkwWHVzc1NlVnk0YWR2VlJCR2RyY1ZxQjVBRTJPRmR3TWVodDFRbklzQmQ2d3o2ck5QcGtOQno5d0VCSmlYZTYwYml1YmcyM0pnQjdfMFNEUXB1akcybm9yYmtQVGRhWklWYV9qYThiUklMdXY4enc1aGk3SEdxSDFB?oc=5,-0.6249,negative
2026-07-14,2026-07-17,PEP,Where Analysts Pushed Back On PEP Stock’s Latest Earnings Call - Trefis,Trefis,https://news.google.com/rss/articles/CBMivgFBVV95cUxQcjdxbk5oTjFmaU5iWjN3LTM2WHJrRURuSzBjR2RTY3pGdGRMVTF2UDZUbzE4MmI5bjIyMzBQMTJKdVFfTDI2eWtuWGM1dWxEOWRVVk5XS3RianFSTkcyemItSWtET1oxYjU1bWtaLUdqa3hwX3JhTzdBbjFyM1UyWWw2TVFCbHZaV1h3dl9FQk41OV94blB5R2FVTWFHMHR4aUlTdXNmdUdTc1lLbHZLS2dQXzJDRkRzOHk4cnFB?oc=5,0.0,neutral
2026-07-15,2026-07-15,PEP,Where Analysts Pushed Back On PEP's Latest Call - Trefis,Trefis,https://news.google.com/rss/articles/CBMitwFBVV95cUxOeTBONXFidXB6RXZ2MW1OWXhmUXlQazktVTVzTWNTUFJKTzA4LWZHOXJQdWthWWR6eHk0OHpQcVZfSzdLY0R2dGExeWhLMUJhc2ZuYjNGQ1NPU1VLcWllc1NNOEFLbldDUWU4M1I3WURBZU8zeTZDdlVEV09oU1RDZ3lNYlhVVHIwMnI3dHZ1bXFjOU9oUFpnR2NoczFhSzhWc1FaSmxqM21UV0Yzak5GSFFMeG1LTjA?oc=5,0.0,neutral
2026-07-15,2026-07-15,PEP,Is PepsiCo (PEP) Using Flamin’ Hot Partnerships to Rebalance Its Premium‑Versus‑Value Brand Strategy? - simplywall.st,simplywall.st,https://news.google.com/rss/articles/CBMi1AFBVV95cUxObDYtLXMxclk2V001VUs2Mm1PNVB1Y2hxQl9wUlJ5b0RZN1FJWG1Qekk5aDVVNUVueGgtWVhSLURrcTJNcThOMDRCVWxGT2w5S0kxbzdFY1JZbE5WX2g4NmQ4Qjlmc2F4bXJ5UEJjeDI5WjNtY2xWWWhyMjZXYzB1V1pKUzktYUVpdWpWNTBOeXJ6T242b1BMYUlHYkFVYnNPSkN3aGNtTmY1LW94eUJBUGlRWjk2ckI5bERBNHkxdUQ5bFVYRUJId1JEcTE4UEtIOUhhOdIB2gFBVV95cUxQODR3UXYwTVBMNGtSWlVLd1hIc1hUV1VEUXN0TWsyX1A4QVREMDF4RE1JSWowaGVhWTFaWl82NzhHbXNXYnhpajdtWHJucmZndk15R2l1T3o2aUk1V054Vk5WRVc5UFFFbW9KZU9TQ2hZa1RKMnBuLUQyMUc1cnZaM1JTTTVFT3NfekRGcHpZQ2F4LUhEZ0xvdlRrQVhyTXB0cFlKdk1qc2s4ZWFRbFhORTRDLTN0X0JIalp5RmZ4cTlvbVcyaWF1Uk5BWkZkMXhxRGdNZzVsUjQ0dw?oc=5,0.0,neutral
2026-07-15,2026-07-15,PEP,"Sanctuary Advisors LLC Raises Stock Position in PepsiCo, Inc. $PEP - MarketBeat",MarketBeat,https://news.google.com/rss/articles/CBMiwgFBVV95cUxOQmxVUlBVRnJINzh3VFROVUt6UFl4YWN5M0lNZzF6WF9qWjhJTjBuZFVqWk9GRkNCUE8wdTdpQ0lBWWYzVmI3U01VaHJ2bHdWdkM5cVpxc1FxeHFGbFN2VmpxS2VGOGtra0lMeEljSlR5d2d0ZFV4MEZRdWdYZzBIMERmSlhzQmVCLUNicHJYcG5FNUl5cnExZC0wcVFnTjc5VlJTU1F5bGtKUDFmeXNUUnJtN0xFZGd3NHVDOVhiZEVPQQ?oc=5,0.0,neutral
2026-07-15,2026-07-15,PEP,"Livforsakringsbolaget Skandia Omsesidigt Sells 13,200 Shares of PepsiCo, Inc. $PEP - MarketBeat",MarketBeat,https://news.google.com/rss/articles/CBMi1gFBVV95cUxPdFRnbnBfX2dkdnViUVNIVEZaNG1aUFdLLVhBa0NrTVBNVEZSY2dzVk1reHBUS1dENzdFX3ZpdDcxSXkySWR0N0N5UVlZQ3Z6VTNFcEpzVl80Nlp0RTA0aUpkSnlRY1ZadDl5LWpCVUo4Tm9Cekkxc2hSbXhscFVJS0QtemVVck50eEQzR24zMldoX01xS09fNFFsWmJYbUJSSW9LUnc5OEJOeWJjSzQyX1VFbU5kTTFSMHFpWkFpd2lCMkhUd2FUSlgwbkVqdDhGTWNSck5n?oc=5,0.296,positive
2026-07-15,2026-07-15,PEP,"Principal Financial Group Inc. Boosts Holdings in PepsiCo, Inc. $PEP - MarketBeat",MarketBeat,https://news.google.com/rss/articles/CBMiwwFBVV95cUxOc0s2S2o0ZzhUSWJtcTFZSGVJalA5b0ZlSHBrUTFwZ0R3Wm5NYXoycDNPY3doQ1NVU2xOaWVpWlQ5a1ZaZjE1SkpNRWhvWXJGYmx3NGVHNXRCNjdYSlB3ODFPQzNrR2o0UDRGVXlLSzNCb1Nidmw5TmtQTjhfUlJSU1BEbk02OXFwRTBuNmNreEtNVDNSS0FFX3ZUcFFfTFdQM2Jqc21hM1BUWi1zckVDU3IyYVNlTUZ2X3pRLWNnWU94dFU?oc=5,0.3182,positive
2026-07-15,2026-07-15,PEP,"Hillsdale Investment Management Inc. Increases Holdings in PepsiCo, Inc. $PEP - MarketBeat",MarketBeat,https://news.google.com/rss/articles/CBMizwFBVV95cUxOcmM1ZlpaaDNlVFJSNmZVVE1MX2czMldHX0JmTjNnVFFtODdmWG54UmpzN29IMXJXNjAySmdMQTRKbXY0YnZGekRpUFBQUFFfWUk5dTlPTGMyZ0JJMG8yY3ZTTkVwaDY5ZnNTSEFJVi1UZG12dE94cXRNMFlLLThwVjhINWR4eVdqbGxnbG9WN1pnTUhsUW1BY1NFVldaOGh1WndtcDdzbzBxWGNsUFhrS1d6T0d3ZVBDMERBckdBM3VNWjduVVRQQVZmd1hmR2s?oc=5,0.0,neutral
2026-07-15,2026-07-16,PEP,RBC Capital Keeps Sector Perform Rating on PepsiCo (PEP) - Yahoo Finance,Yahoo Finance,https://news.google.com/rss/articles/CBMingFBVV95cUxQNXM0ZU5IeGUyU0lveG5NTVhUTlJRcnhqTXVHeFRQbUhZc3pyaGFtU3lFWUN2ZmJCdXF5WGtVYnJHQTk0RExLdUlRbG5sQ1N5R092VEtvbkdnbU1mU2lmaEx0QXR1djUyT2VmN1FWcWpfS0RtYUl3aUdSZThaZVJHWklpYjJSTHFKekpSclBRYi12cjV5WVhGS2ZBTHUwdw?oc=5,0.0,neutral
2026-07-16,2026-07-16,PEP,PepsiCo Stock: Dividend King With Double-Digit Total Return Potential (NASDAQ:PEP) - Seeking Alpha,Seeking Alpha,https://news.google.com/rss/articles/CBMipgFBVV95cUxQUXRBdDlfVUxRXzdNdHlJeXRnUXEwS2RHVnNGVkR4UHViQlhjdzFUaEp6c3hmZFdVeU4xNWxnV2ctUV9wRHFsNHlsdTdqQ0xMbnRBZGdSR3laTmg0bVE0NnhPSG0wZG01anktM1BGRUNTSTdZLVJCcklnaGlRMjhKUjZPR0M5ZGF1NWZBbXcyQk5wM2FzaHZTSUNnTjBqdU9kcktDenFB?oc=5,0.0,neutral
2026-07-16,2026-07-16,PEP,"Illinois Municipal Retirement Fund Trims Stock Position in PepsiCo, Inc. $PEP - MarketBeat",MarketBeat,https://news.google.com/rss/articles/CBMi0AFBVV95cUxOZlNUT1F4RHVmdi1wNDhxQlVIQU41aWhTOWJEbk5ZQjVzY3hYbmJIeGVoT0VFdVA4cHNSTUl1OVlPc1p3cy1lMHU1c0FTOV81OUtCMnNEODJ4cGxtak4wWUFOS3pBbThpZDhlYlo0TFZ6UnlnWW1NcjVRQ3k3NGtoZGJLNzVLWGlJYmVoN2pfdUY2bC1YTjFzTzFKM092azF1cVdoWHNsc2tJZ1lZZ3NfOFAxeW1BYWxkUEZsZ2tlZ252bHB3ZXFQaWRyWWdxUHY2?oc=5,0.0,neutral
2026-07-16,2026-07-16,PEP,(PEP) as a Liquidity Pulse for Institutional Tactics - Stock Traders Daily,Stock Traders Daily,https://news.google.com/rss/articles/CBMiyAFBVV95cUxPYVRuMzNPMXU1aFFFUlNVMWZ1eEU5aWI1RldCOTZuSmF5RlpnUGF3ZXFGR0FNaGdhdGZkMjFaNzhnZVhpczN3LW9BLWJQWTBkMkxuOGlNZlJOYTB2dXZyanExMTBhUHM2ck11OTUzdi04Q213ajNlZkM0NnFtVGVWRThKbHZsdmZBR2RHcm5lNDdBOXRXU3FfQlViUGxhUkxwWGppUFkwNmlyUW5fV1ZOVUR2cnkyUFF2X0FMTTZvRFcza3JLbmhlcQ?oc=5,0.0,neutral
2026-07-16,2026-07-16,PEP,"Wealthfront Advisers LLC Has $40.49 Million Stock Holdings in PepsiCo, Inc. $PEP - MarketBeat",MarketBeat,https://news.google.com/rss/articles/CBMi0gFBVV95cUxNVURIWloyOS01emRBLWdfRnhhODVISVFzR0xMVnBCSG1EZTBIR2dISUtmejBKQW5LcnFseXN0emgyVmVTMGVUYUtMQ0JNM3A2eV8wcWlPV010TWF1LWZldWM2eElGaTFkRWd5T3kybnhpMU8zcC1ZclFrNmtSX3JKemktM0JVRFdjTXNyV0lNbG00MzRMdzJsWUh6TFFRRFVNYWNCMnpDbWl6cDFrRmYzeHRKQnhtQ2hWR2cyZjZzWEVmT3FFSi1vYWNOTjQzN2RrMEE?oc=5,0.0,neutral
2026-07-16,2026-07-16,PEP,"Bank of New York Mellon Corp Sells 319,810 Shares of PepsiCo, Inc. $PEP - MarketBeat",MarketBeat,https://news.google.com/rss/articles/CBMixwFBVV95cUxNcW9POE5UQlBDTlRtVmpSOXVWMG1Uc3hxMGhSV2ZROG9jUmdOU1NTeUZULU1tS3ZGdDNMdTdjVFZmNmJkYWo3Wm9odGFCdExXZk9MMTFSY2ZGTW1CM0M1ZXNtdjRUX0MzNERyVV84YmVKR0FRVGh4b0pER2wtdnVIY19BQ3FZYlVvcEYwbDl6d0JUODAySldSdDlobjNDWnRNcTV6dFpMSUE0SHZpMlhBYXM1R203TURoSkM1LU1nTTBvamhkU1Bj?oc=5,0.296,positive
2026-07-16,2026-07-16,PEP,"D.A. Davidson & CO. Acquires 11,296 Shares of PepsiCo, Inc. $PEP - MarketBeat",MarketBeat,https://news.google.com/rss/articles/CBMitwFBVV95cUxPS1hMSHQ3SWpMbFlXYTJpZ0I3czMwM2VzWWUwb2VqR0wwWkZGUmNMWWdaZ05nQ2txZEVkSzRGX3JiNGZ1THNJLXotbnNvalhyUWZBQXFlb1duXzBlYWs0NHh6ZXRLeGhlRHdEOHFJMHJSMl8zS3Zxb1VnOXRjd2RLbHA3S09YYWFpenVkSklwR3J2SmljbFdWVVBFaEZqajBsdTAyeHRCbjdrY2QyNkJqeFhxTnliNFE?oc=5,0.296,positive
2026-07-16,2026-07-17,PEP,Why PepsiCo's stock is at a 1-year low - Yahoo Finance,Yahoo Finance,https://news.google.com/rss/articles/CBMiowFBVV95cUxOcU1IVEd6UV90N2paMEZYdk9TYkJmYmpuNlN0aXp1VlRVQUhVOUp3LVNyVUVhdHplNjB0ejhiZVJjN1V2SDJpUFlEeXVrSmd1eFpJdE9tUkpITEFsUXpvZ3ZPbk1OckZSVGZPR2UxZjh6aUswS2ZKR0pBZEJsc1JWSHM3cE1uWi1VWUZYNGhPT1lxWVdza0p5M0g1eDgtVFBpMlNn?oc=5,-0.2732,negative
2026-07-16,2026-07-20,PEP,PepsiCo: Dividend King With Double-Digit Total Return Potential - Seeking Alpha,Seeking Alpha,https://news.google.com/rss/articles/CBMipgFBVV95cUxQUXRBdDlfVUxRXzdNdHlJeXRnUXEwS2RHVnNGVkR4UHViQlhjdzFUaEp6c3hmZFdVeU4xNWxnV2ctUV9wRHFsNHlsdTdqQ0xMbnRBZGdSR3laTmg0bVE0NnhPSG0wZG01anktM1BGRUNTSTdZLVJCcklnaGlRMjhKUjZPR0M5ZGF1NWZBbXcyQk5wM2FzaHZTSUNnTjBqdU9kcktDenFB?oc=5,0.0,neutral
2026-07-17,2026-07-17,PEP,"Gerald Baker Financial Group LLC Acquires Shares of 8,675 PepsiCo, Inc. $PEP - MarketBeat",MarketBeat,https://news.google.com/rss/articles/CBMizgFBVV95cUxQdzA1S29vN0JLcjBNakVILXcyeEZhcEJXWUtnU3lLNXZXSXJ5RXROZVhnR2VwX3JGNGJhWHRhUkU4ZGlFaXI3aXZNd1FjWmRwS0FyRnBXWkdsbV9xX0ZPeGJ6NUpJVlZHTXlCR0pKdlFjQS1WR2FKX1FSdkNuU1NMT3JPYWY2c1ZnSXNtRkR0c0xVLUJCT0g5UXF5aWVONmlMWDhHb1VoekVnZmh4S24ycXZLbmh3bi1Sbk5RRlh4SzBiRXJjX1VFTzIweUxzdw?oc=5,0.296,positive
2026-07-17,2026-07-17,PEP,"Financiere des Professionnels Fonds d investissement inc. Purchases 17,308 Shares of PepsiCo, Inc. $PEP - MarketBeat",MarketBeat,https://news.google.com/rss/articles/CBMi8AFBVV95cUxPM2djQmhVc0doYmhORlV4RXE3ZGF2eGZqa2hDMGZqUnJHRy1Bbk9wcEN4VDQzVG45UEZseXJxUHFFNUNYalJPWkNTQzRTWXBZRTNfaFRYYURrMnota2VXSDVaVWpiOGZKUThwYUJ6VHVhMENYZWRLOHNNSHVQM3VOZDFqU0k3YXRfTnpsdG1GbFVKbmlpV2tjMFRLNFB6UGJ2bF9sN2hUZjd2Y1E5VEFORWNvLWJ6Q0tfdW9YNUZTbnJWdW1zYUZRWEhtM2tPQzN1enlBNW1MTmpBMy1vTHNvNjlSa1VzdmpDU3daWjVfSEE?oc=5,0.296,positive
2026-07-17,2026-07-20,PEP,PEP Stock Slides Overnight: Wall Street Reconsiders PepsiCo Growth Outlook As Consumer Spending Pressure Dents Prospects - Stocktwits,Stocktwits,https://news.google.com/rss/articles/CBMikgJBVV95cUxQLVg2SGpjQ0tfVFZDdy1LcXdTRzlNM1BTUFFiYjVYR1hvOWNVLUhBWk1mVVFNZEYyMGw4b2ZQM1B5dFZhdkowTnFhMGdzUlhuTDJTckh2X3RzWW4xWGlNaGppbmtoRlZ5X2FHcEFiSFdjVmdzWjd6SXc2SXlWMi13YTEta05LLU1UZFNFTUdNN1VOVHJHckE5b2VzbGxaS1FXUFhXLTJ3bG9SS2NOVkg5c2FSSVVaNDE2cGcyOGRwNmFrQTBQMlhmaVFhbnd0dzEteXNhR1VnY2dhSjBmOHZUZERLdFZjMXZEMGFIaV9FbXBPZDJiX0dzZ1ZKbkd5TzRmT1JteTMtRk9MZGlTek1aU1RR?oc=5,0.3818,positive
2026-07-17,2026-07-20,PEP,PepsiCo Declares Quarterly Dividend - PR Newswire,PR Newswire,https://news.google.com/rss/articles/CBMilgFBVV95cUxNdEZKVmhWRExUMEJ6RUxYcERROUxhNXBCeGtROS10cXp5ZHpSOTJHcjVINlZwMmFocFUxVjMzcVlSN1pxSGpoOXVFM1VoUG5aMjFoVUd4LW1JSzV4RUVoWmFySHdGeDk0dEhGb0Y2RXFRaWwyRmUzVXNHc2xRQjhCVmVmRWlUSEktUkkzdHNYbjZHNThtUWc?oc=5,0.0,neutral
2026-07-17,2026-07-20,PEP,PepsiCo's $1.48 quarterly dividend is payable Sept. 30 - Stock Titan,Stock Titan,https://news.google.com/rss/articles/CBMiiAFBVV95cUxPV0lobDltX1Nqc28wa1ZOOHFsZlZ2OHQwUlk2a0tBNGtNWXhSck84LTNBcnZWR2xlcVcyTEY3Qjh3M0JDcnBwZFN0NHNZR1ZPY3lUUkRRQXdpX1BWZ2Y1RDJ2T1NkNjBVMUQ4S3dFRFZsQUE3V0x6UmpyYy1yZmF6R0lQV2hNbVRL?oc=5,0.0,neutral
2026-07-17,2026-07-20,PEP,"PepsiCo, Inc. (PEP) is Attracting Investor Attention: Here is What You Should Know - Yahoo Finance",Yahoo Finance,https://news.google.com/rss/articles/CBMiogFBVV95cUxPUjNkVm01SHNEODYyb1UwQ2VkZlZ3cjZvcHpZckRBM3NvWmJwMDdmNkZDR3NQRVRNTE1BVlc0dUoyamd4TWRtWG9LTWp3SUxuZVZpcWxxNndkbi16LVN2NmJxQ1NaLURpdGM2bFhneXFNQ0JJNWlQcUFydlExR2pmZGJneDJhMXJnWm9TNk11cEFWQlVVY0tFUjhSdl9mMzg4eHc?oc=5,0.4767,positive
2026-07-17,2026-07-20,PEP,PepsiCo Inc. stock outperforms competitors despite losses on the day - MarketWatch,MarketWatch,https://news.google.com/rss/articles/CBMi3gFBVV95cUxOZVZDUHd2Y3pSWDhhVWswRU5KdDd2TmRWNDVYX05kRkZybDNpdWlGdWFLTjd1RG1Fbk5TR0NFb1c4SkJMRkg1VlU4Q1J4UEUwUTJLeTBvVVNBdnRFQ20xQ0xhUUdwdXpjTkJ5S3l1MHFzOFNOTkEzTmlCUkRzbzlockszOTQwX2FudGVsdFI3Qk5Pb3BqZDBiUER2cWFYNWJkV3dSXzhMMkl0Q2kzV0IxalhmUWgwNHdOaWRVMmtnUDkxRExBeGUydVdsMW5tU19HcW1Kc1prMVdzZUlCcnc?oc=5,0.3089,positive
2026-07-19,2026-07-20,PEP,"PepsiCo Beat on Revenue, Then Watched Analysts Cut Their Targets. Near 52-Week Lows, Is the Selloff Overdone? - TIKR.com",TIKR.com,https://news.google.com/rss/articles/CBMiywFBVV95cUxOQmdqVzV2WnBQNkRFTmtFMU5iMzlCQUEtVWdnUFFXSXFpMUtnTThzVHBtMUoxSTh5RnhLb0JGZjlydHEyNVRjZ1A0dWgtOXNwUzdsb0ZaeW1Qb3R2b1ZJQ1N4eDJEWnE0cnhLcGoxMnhjZVhWZ3ZaZE9KQjFWdHNBUExrNzF1anNhUlhSUElhYzJNVXhCbVU5Q3h2Z3NHWGFtRW5mVjR1M0c4SVRjTWNfR25xX1BaWHJNd1lKaTdYR3FnOGRPaVpIZXBSNA?oc=5,-0.4404,negative
2026-07-19,2026-07-20,PEP,"Assetmark Inc. Trims Stock Position in PepsiCo, Inc. $PEP - MarketBeat",MarketBeat,https://news.google.com/rss/articles/CBMitAFBVV95cUxORmdqTUVDZERDN1ZsN0lBV295UWJlaHloYnBYU01aRTlzamdBY1FlLUd3Nlg0M212YTM0VHpVamdNbDFySV9MMmd3ektHSlFmaE5sdFhEUkpkZmhNNVFFSUh0bk5NQkdJY1dPME94QnlHcjlDOUVXYVp3T0UwOHJRemNkSW5yaDlpYnVCOE5vVkpTQ2tPUE4yVGJuUDBYU0dORDlPSW1sQW9pdjBUVUxLTkhaTHg?oc=5,0.0,neutral
2026-07-19,2026-07-20,PEP,PepsiCo Stock Rebounds From 52-Week Lows; Can Q2 Earnings Fuel a Bigger Rally? - TradingKey,TradingKey,https://news.google.com/rss/articles/CBMi1AFBVV95cUxQSWtjeVctTnZoWm9PWVFQc3Zrc3NwRmJXbml5WTV4aVR4eFlFNWF3MTZFQTBQaEpEZm0zSE9DNk1FR2M5a3BmUXZQREZTT1hBMm5lNlVqWTdfZklLNHVXZ0ZGVktobTU1NXJ2WEpmdmliNk1scks2b3Zid0MzMlBadnJ6TE9BWm5DTnFVU2swMUg4SWNRcE9DUmhvX0dDcnREaHhHZlRPLUwyREZDTzdNUnVJLVJiNk9tWUNSTGRGdFcyNEI1WkZoNUl3WGVrZURHN1lldw?oc=5,-0.2023,negative
2026-07-20,2026-07-20,PEP,"Dimensional Fund Advisors LP Boosts Stock Position in PepsiCo, Inc. $PEP - MarketBeat",MarketBeat,https://news.google.com/rss/articles/CBMiygFBVV95cUxNdGh0R0RsWVYzc2xqYXVISURRQ19NRFNjSmdsejBTdXJPTG9POS14VW5WLWt2QlljZUJGZlpvYzdMQnBOYkNWellxYzZIbHBCcjJnSGxsQTdfYXkzSlplemdZUU5pdzZjNmZpeHF0QXdWbGc3UmtmMXlaZjVhNlNxd0w2ZGRBdUF5dGVZUFdlOVI1T3R1Zk54aU95MldqcDNDX0duOEJqbUtOc2tpbllRV1U2QTlVclBaR1dIS1IzcU5LRWRBS1hCVFBR?oc=5,0.3182,positive
2026-07-20,2026-07-20,PEP,"Testing Support Level, PEP Stock Drops: Explained - JournalArta",JournalArta,https://news.google.com/rss/articles/CBMikAFBVV95cUxQQlROeE5OdjZmZnFVMzE4QkFlRmVGb0RtcmZqWlBHUS1CSzVkemtWMjhsYVlPWjFlRkk1ZXJDanFBNjZmYmU0RUJLSEw1aUVpZWFWamZ6VHlZdTRhVkV3TDVjM25oSkVjalltUjRrV3RoTE9pSlRJRFlJQ2JHYjFDT3FBRVdFT2lsV0V6YkhRcXU?oc=5,0.4019,positive
2026-07-20,2026-07-20,PEP,"Jennison Associates LLC Increases Stock Position in PepsiCo, Inc. $PEP - MarketBeat",MarketBeat,https://news.google.com/rss/articles/CBMixwFBVV95cUxOaWtnTEljVGZacF9GQklBdkNnUUxoWm9nZjRjcXJFYmlFNVZZbEROTnNPMzR0bTdzY05uVURwZlNOX0hieXVfaUdCVXFFenJUT1M4OTJVME5KRVNZTHFOSlJFNWZQS3d5ZFA3eGlfOFFTM1IwTFBFYkJFUmJKcHlfZTdzVzQ2WWlVS2pGcDFOV3loN3doSjhraDRENkNYRWlIZHpuMG9qdDNJb21iTTQ0VXBPVFZodktvZU0xV2c1MzhWV0k2eWx3?oc=5,0.0,neutral
2026-07-20,2026-07-20,PEP,"KBC Group NV Has $95.63 Million Position in PepsiCo, Inc. $PEP - MarketBeat",MarketBeat,https://news.google.com/rss/articles/CBMiugFBVV95cUxOdjd5RDRPTjhXMW1jMGRXUl9TZmEtbWl3WUNwQzYtT0VjVUVkZW4tWDA5Zjd4Z0NobUZneHpiSzY5UjJ2bFVlU0duNDdyMEo3dDBBbWpoaWJTWEIzOVRWaTlNVl8zdWtUcnFZZlZKRGpYa25mWU92ZG85TUs4QWJvbWViNlBQbEw3NGQ4M3FkRFhpdjBQcHR1Q1J2U0UweWZyZDc0WFBaMjZoYnl5U1VFSlVNc2xZZEFpYVE?oc=5,0.0,neutral
2026-07-20,2026-07-20,PEP,"PepsiCo, Inc. $PEP Position Cut by AIA Group Ltd - MarketBeat",MarketBeat,https://news.google.com/rss/articles/CBMiqgFBVV95cUxNTWRGazVyd2J0Ry1RYV9BY1h5NUJiZ1RWY0NlWGtTX3lpRUc3NVdLb1BJUGRMZnUyN1Z3X09fME0wQUlySHM0RGFTb2htcUpzQ3N6aWhkcTBQZ0NqMXVPeHRyUGk2eDA3RU9QVUxjNm0tbVhtd1ZLUW9DVVE5VFYzeW5PVDZiU2JPd3BXTUNuV0xuYW1kOFdvRm1pMnlrNk94UnUzSWFtQV9XZw?oc=5,-0.2732,negative
2026-07-20,2026-07-21,PEP,Dividend Stock Showdown: Is Coca-Cola or PepsiCo the Better Buy Right Now? - The Motley Fool,The Motley Fool,https://news.google.com/rss/articles/CBMikgFBVV95cUxQZFQ1R0hWYkptUEJ2clV5OGx4dHhpemFOa25fekdpTERPVjBwaFVqMHVnaVU4bmxqeDB6am5yS0poWk1BNXEzRkIyZklaMVFnS3NUQlVjNHRyS3pKcEN0YVFxQl84YzA2YmZFNDRMT05aaVFlRWkzVmtsdmNwWjZXV0tMYzBqbmNQQ3J5Y1E2SmhtZw?oc=5,0.0,neutral
2026-07-20,2026-07-21,PEP,PepsiCo Inc. stock underperforms Monday when compared to competitors - MarketWatch,MarketWatch,https://news.google.com/rss/articles/CBMi3gFBVV95cUxNbVpRVldETnFjT0ZRWnVKYWJoMzNSYUtVd0M1NVdlY01pbmdlMndMamhoLUM0VjgycjU1QnFJQlU1enVGbURNVTFCN2dSS0FzWEYybzg0aHNuMlhKVHA1OHJMcHBycEVHekwzNHJIT25zanFrM1YtTEI2bE5EUTF5Ml8yTjJhbDY4b0RQNElpS2FLc3VOdjdxb1ozdFFZb1YyeTlDOTgwZnVITEJEVlFJTk5BdWdlb2wxZ0dudFU1SWlVRG1ZenJ0eFdvakNGcnAxbHRsS2ZqOHQ3c2VlTGc?oc=5,0.0,neutral
2026-07-20,2026-07-21,PEP,PepsiCo stock hits 52-week low at 134.65 USD - Investing.com,Investing.com,https://news.google.com/rss/articles/CBMioAFBVV95cUxObXlrZ0c3WnNrY29qZnBLYWVhbUJtZ2dHYnphcndHRFJlaXFINng0RHFuZ3N5MGZnenFaZkVjRGpINktBNFpCT19xTnlUc0ktZG1ucXNRWi1YUnFmVVpMN1JJcWhkNEd1VjZqanFjTEVZaHo0Nl9LQUNKSklJbDN1ZkxSMGk5bVlKY2djcm9RVWotZXRkdkZoYzkycGJIZ1Nl?oc=5,-0.2732,negative
2026-07-20,2026-07-21,PEP,Dividend Stock Showdown: Is Coca-Cola or PepsiCo the Better Buy Right Now? - The Globe and Mail,The Globe and Mail,https://news.google.com/rss/articles/CBMi6wFBVV95cUxOZDVjMFNCRjBNbVJEakZFNWJHdXZNX2s5bkJvOUJtLUhIbHBwREExLXRhOWZ2UmpDaDJrZmlPMEJBM3JOc3JtaERHYk9BNU9UeTFEaE9Xc29aZHl5Z195MHpWU1g2cjBFZ1hVZUYtYzdUYTFBYldSRl9tcjI5SlpEN3RjRjROUjNsdFVMNGFtdFdQM0dlVUVoMkxQT1lpWVgyVzd1cTNZcnRfTVlOdTUtSHhaeXVJNHdsRVFNWHZUZ2RTUVNVYWI2dVJhZXpIXzluQ2p4MVhKaXZWdnZIVElaSm1VMzVrd1J1Q3lN?oc=5,0.4404,positive
2026-07-21,2026-07-21,PEP,"Summit Global Investments Trims Stock Position in PepsiCo, Inc. $PEP - MarketBeat",MarketBeat,https://news.google.com/rss/articles/CBMixAFBVV95cUxQZ25scVpGX0JvTzNZYnczZ3BZaEEwM2JMWTlILUFiaWd0YVUtRmpycWlDdWc5U2o5djg1WHZ0OV9ha0I5eXd2ancwUmdXMDg3dHd6SlNEd0dWUzFLZEY4NVpteml1VDZxbDdLNkJ6cnFIUVdtU3hHSVAtRThsRzZDVjBaS1RqWHlNTlhGdWxnS0xZVU9jSUV0R3BXMVdHQTJzcUkwbmRPLVBFZ19TbGFuOXp4SEVVRlJSZHJTS19sRzF1MDVY?oc=5,0.0,neutral
2026-07-21,2026-07-21,PEP,Analysts Offer Insights on Consumer Goods Companies: PepsiCo (PEP) and Lamb Weston Holdings (LW) - The Globe and Mail,The Globe and Mail,https://news.google.com/rss/articles/CBMiggJBVV95cUxNVkJmVmtHcWtQY1FHR0dXRkI4YkNCX19UOVR0Zmp0QUdzcDN1VV9UTWowdFlQbEJnYkRXQ05DUHZkTk1qRW1feTdGY1ZNX003bjFET3pEZ2FyYjlOcmQxMTd5ODh3aWNoUGZ0VWQtT1BNRW5DMVVrWEFELTBPdUZ1VVRscnJ5cmU1R3I1R2JtUjRjWVhMbjNsM0V4UG0wLWJJdkdueEtpNFFkdEM3c1R1eDZ5aHJNWjNZaFRaMUEwcExmT1pld0xxNzZBaDUyVVc0THpOSmJGMWxfSVNRLWJEMjVWNTE3X29MTWU3RGxwdUVKWl9EVC1ub19famhJdXRKQnc?oc=5,0.0,neutral
2026-07-21,2026-07-21,PEP,"Madison Asset Management LLC Has $28.64 Million Stock Holdings in PepsiCo, Inc. $PEP - MarketBeat",MarketBeat,https://news.google.com/rss/articles/CBMi1wFBVV95cUxQRGxpbmw3LXBvdHhXeXREUDBXVWFfdE11bEdydWp4OGduZFFTdFJoU3Q3NjlaVVRsYmlMSGpMQ2ZTWDVDOHpHMUdhV2VUdW4xNU9yc1ZpREo0aV96dU9Cd3RiQzRkZmFxcXRWSV9MT2tnb0JaTGk5QjJqRjFQMHltRW4tV2VxVzU5R2RwcUxvSEJJaEpZV0ZkQXA3UXA4M1UzdlQ5eS1CTlh1UkhJT1ZxSUtYRDE0OEFRVWxnczZ3ajJEZ2NwX09JVEFlWHBYUkp4Y0lmYVMwdw?oc=5,0.3612,positive
2026-07-21,2026-07-21,PEP,"DJE Kapital AG Acquires 56,459 Shares of PepsiCo, Inc. $PEP - MarketBeat",MarketBeat,https://news.google.com/rss/articles/CBMitwFBVV95cUxONUlnV0FMZENUX2ZqNzBvVGptZGtRdFF5TTZWdXRxRGxTTFNfbjFiUms5SFRBLUhCeUtkeWFHYkl1ZmFuNDRrSzFLbWFsZFBaVzJiVVQ5Z3F5b2NjRjgwdG5SaDJvam1Nak12SkFVTFA5Y2hCUzlVUlAtUExkQjJPTWRMSVNTU1hXWEZFVHBrS2JQMUxHcnRMUlVkZmNLUlU1NGVtNXZYWFo0RkRHUmhkamdha2trb1k?oc=5,0.296,positive
2026-07-21,2026-07-21,PEP,"Andra AP fonden Grows Position in PepsiCo, Inc. $PEP - MarketBeat",MarketBeat,https://news.google.com/rss/articles/CBMirwFBVV95cUxQTFdadmhfWmE2YlNIMHNUMXJNNlRhMmV6dGNXbWtFSVBiY1RBY182RmJQUXZ0c1NMcFlNMzlkZ3ZyUWNWMTBiUngwLVFkeVJob2taa2Z4eEZrczlQU2RueThmRGYtaE9aSmN2dnltVzJlOGpYMUdwN0JrWUJjQ0Z6X3dGbS1VdVJhMGtfMFdUelpvOVlJbHBYazJ1dmZKd0JWMkZieUNfeFRPN1ZXR3I4?oc=5,0.0,neutral
2026-07-22,2026-07-22,PEP,"PepsiCo, Inc. $PEP Stock Position Increased by First Trust Advisors LP - MarketBeat",MarketBeat,https://news.google.com/rss/articles/CBMixwFBVV95cUxQZldxRWZnMXlXWHY4R2xDSnJKNlVoNl85d3VGalVwMmtMTU5hXzdZNjJ5RGRHNzJmLWpMel94cW1DQkRSdHA5Z3RPT1ZSX1RUQ1hNcWNxZEMxRDBTOHVmVWIyajJLbk9lWHIzUC1GblBHTllqWFJQSzZNQ2RwN0ZQeFl1U293ZjJhSlZRdTMydTVZR1MtQzh2N3FQbFVkLUNnX3FtZkVTUVZ2QWlXQzBCWHNtYWxjSmZYcGd2V041REFVVW9uS1Zr?oc=5,0.6597,positive
2026-07-22,2026-07-22,PEP,"PepsiCo (PEP) Raises Its Dividend, Is The Stock Below Fair Value? - simplywall.st",simplywall.st,https://news.google.com/rss/articles/CBMi1AFBVV95cUxPV2tmVTVvRVFxMm40TUJGV3FGQ2FtRFdvVWhZak1vRmw0N3JRMU0zOXh3Si1wNTgzVU9Va1BBT3VSaWhvd08tREpqSy1lTVV6ZmJiWXZRYk5jTGljUHN4WDYxWnlieE5XMEU4TV9uU1ItMDZqMG96ZUtZb082V1pxQThRcGJqZ0IyOTEzUUZwTC1lQmhYREFQWFdXcGNlYmp3SHdsUzYyd1c4Rkx0b3pUQVFDU0ZZUEY2ZWtyWVFQUjZyeWdlVzZaU3I5emQxc3BheEMxT9IB2gFBVV95cUxNMUZieXllU3lNMGVId3JNMl94R2RoejZ1RWFUd0FFSnVUeUdGZ2xLQjJjNVJETktZZDhNb19UMTdqcnItYVFnb1JSRmxYM0VQLTZ4N0hlUXh0eE9jMnZKUWl0TDNoNDI3YVA0Y21nUkZSVFBHa3lFLWh4MXp6WEh5b0VLa3YxUUFwMXo3cTFEdmVBQVdsVHBxQ0lfTVRWQ0R2ODUtLUZsS3hHamVwYnBiTG43LVI3SkxIZHZYOTJ5R2ZnaWNrd2txUjZnZ0kzM2NaOXZkRmtxUXV6QQ?oc=5,0.5719,positive
2026-07-22,2026-07-22,PEP,"PNC Financial Services Group Inc. Cuts Stock Holdings in PepsiCo, Inc. $PEP - MarketBeat",MarketBeat,https://news.google.com/rss/articles/CBMizAFBVV95cUxNeTdHR1VWT3I2OTVGUm9aSmh0ZHZrLU5naC1GQ2VadURFYTVsZmpuQXo4QTlEdEFxYm1NWUFnOWc1UTYwaVJ3TFl3eEhzTGVqcVlfcmRvaUZMc2VPM3ZZMWlxX0FPTjRZbzFpNUUxbUkwVWRsazJiOTRMTlZzMFBma19zRm85YmdMMDZqbVFOeFlwMHJZRWFDVEVwV2UyejJ2Z1BSTEtWZkQwYUg0Q2ZpTTIzMTZYdEhaRUJaMTA1OTJ3NTRYdzZLcmpTc3I?oc=5,-0.296,negative
2026-07-22,2026-07-22,PEP,"Temasek Holdings Private Ltd Raises Position in PepsiCo, Inc. $PEP - MarketBeat",MarketBeat,https://news.google.com/rss/articles/CBMiwgFBVV95cUxQVmVUR0pSTzFTRmpHbkVBeUtEQ1NIdHNxWkpPbEVseU5ZMzF0cTduOWtPN2pSdm1rc1VPb253aURJVTduNXFHa0pTOEpKTlJ6MlFUNDRYVHVsRjZJSzJpdkZ4a0lvZ3RzNE9MOExhdHp0LXRSdXZfbkFQaFBWTzRpaTdhNkdOZG5KNFlrNDU5WF9iTDdnd2lIcU52b2xxWF84LURQZVJpZUotWWxuZzZSb1M3SHd5eUdwUF9hRGNncHl6Zw?oc=5,0.0,neutral
2026-07-23,2026-07-23,PEP,"Lido Advisors LLC Has $26.64 Million Stock Holdings in PepsiCo, Inc. $PEP - MarketBeat",MarketBeat,https://news.google.com/rss/articles/CBMiyAFBVV95cUxOSlZUeTlockI2OFRBS3JSc3FSWmc5OGpMd1NNamRFVk5lek5QblNwcG95SGFUSnhybDVkQ3VZTTE5VzNFUlFyQ0ZqSEZpYXlYOEFaTjM1SzlyOW01QXAxX0FnTUtJRDRvdXAzajRjSGloWU9TZWo2UjJ0Mnhfa2Nja29ZdWN1SXR2ZDJsNlh2VGp5cDhjdEtMOVY4dzR6MjBpV3FONTFkZzFzU1lzc0swbXhOOG0tLXI1ZUJjMkk3ZTVXSzVsUExxRg?oc=5,0.0,neutral
2026-07-23,2026-07-23,PEP,"PepsiCo: 'Upgrading' Strong Sell To Sell, But Still Expect Frozen Returns (NASDAQ:PEP) - Seeking Alpha",Seeking Alpha,https://news.google.com/rss/articles/CBMiuAFBVV95cUxOVEZ3aEFJRGFlZXAtQzJZVy0xc1FXWmZPNW1IYkVSbDY5SldZMGV4TElWR0VIX2ZucVU0VG5SUU5ncjFxb3BPd1dkWmV0dnZvUWlOYjhLWkdEU1ZoOW0zZDI3cW8zN2gtWkluendvTTBLNzN5Q3VKd21zMElNWjA1dVJJTkpXNjFPdi1MZngzQmFHbUxkekJTWnU5ZU9maVY3Q3hFRm1TcUpqS0o4cTQ3dF9MR0Z0T1Fi?oc=5,0.2846,positive
2026-07-23,2026-07-23,PEP,"52,678 Shares in PepsiCo, Inc. $PEP Bought by Danica Pension Livsforsikringsaktieselskab - MarketBeat",MarketBeat,https://news.google.com/rss/articles/CBMi3gFBVV95cUxOcm0tZG9WSGlzSnZBeGlUVWRBQlY4NklQSl9JYW1MVXBRSXd6aUEzaEdCRjJ5QVB2RTN4QUtVMTdFSk1SU1g1bnVPUjdYYVJ4THhmOURMaGVubTltdXBoTkRmdEFrV05QRjVxeFo0UEl5SFM2Nm11SjlDMDdYajhaUjJ4UU00dkxkUEszMW9GcVVDRFhjVUs3dm1wWHBPdXNOZUVKeFgyMzJqTUMzQWczSXY4akdYNUROSzctUjlfd3lrMUlScWViTXFIVEVEcTRlRnNzMWdQM1M0bDhhX0E?oc=5,0.296,positive
2026-07-23,2026-08-05,PEP,Should Investors Buy Pepsico Stock Instead of Coca-Cola Stock? - The Motley Fool,The Motley Fool,https://news.google.com/rss/articles/CBMimAFBVV95cUxQYko5M3ByWHB1a0RWWHVISWlRc0owbnRSTzlmMHFGZi1qLVVLTnBjZkJBdHVPemZSV1VzY0hsNjJQRWRVcE0wOGpLbnR6YVl2XzJfMGdWbXhxbVlEenM2SU42MXZXcnRaS0xNVjBLYm1Hakt1RnRud0ZXY3JMbTc1YzVha1BzWjAwVzFNeHBfRFFvZ1lsSS00TQ?oc=5,-0.4404,negative
2026-07-23,2026-08-11,PEP,Should Investors Buy Pepsico Stock Instead of Coca-Cola Stock? - fool.com,fool.com,https://news.google.com/rss/articles/CBMimAFBVV95cUxQYko5M3ByWHB1a0RWWHVISWlRc0owbnRSTzlmMHFGZi1qLVVLTnBjZkJBdHVPemZSV1VzY0hsNjJQRWRVcE0wOGpLbnR6YVl2XzJfMGdWbXhxbVlEenM2SU42MXZXcnRaS0xNVjBLYm1Hakt1RnRud0ZXY3JMbTc1YzVha1BzWjAwVzFNeHBfRFFvZ1lsSS00TQ?oc=5,0.0,neutral
2026-07-24,2026-07-24,PEP,"Sei Investments Co. Raises Holdings in PepsiCo, Inc. $PEP - MarketBeat",MarketBeat,https://news.google.com/rss/articles/CBMitAFBVV95cUxQV3dOQ1N0YzU4RERQeEVDcTNSWlgxNThsNXpiQk0xdTFEcGZVc2RXU3gySkJld1dtMFpST0VHUnh4ODNDa1VYR1g2ZWo0dEJLSm9Mb3hzMnpaNVZHeGpUUUI3elZXamRVZmtXcTNpeE5VeTFmc091VlZnSUV6a1VNUVN4bDRidVlyV0g1RTBFbVhwUjZRZGlHRjJ2R19PMVcxUlMtNEZpbk5fT09SaDlHMzdHeFg?oc=5,0.0,neutral
2026-07-24,2026-07-24,PEP,"3 Absurdly Cheap Dividend Stocks to Buy With $1,000 Right Now - The Globe and Mail",The Globe and Mail,https://news.google.com/rss/articles/CBMi3wFBVV95cUxOR1lxMmgxTmdVaUJERFRNMWp6R1JRd0xWVzFvVDRJM2M5OEJQRGpINWVSWC1xU0haS0NBZWt0d1hzZ0VPME81MXVOV0Mtck1nZDM2RTVvbEltTlQyVWJQUDFDRWdKQWplZDkzNWFsRmhsazF2bTB0cVVueGtMUGZQZV9XdmwtWkVQMVpEb3QwYXFPY0NoODNsU29hU3lUUVFXX1JPM01fc2N6R0tHRTVwYXd6WUIwb1dodktwenFtcnpBUmxlWmQyNDBqRjdNVDRWdFZvNEp5Tm94MktsVVVV?oc=5,0.0,neutral
2026-07-24,2026-07-24,PEP,"Keebeck Wealth Management Increases Holdings in PepsiCo, Inc. $PEP - MarketBeat",MarketBeat,https://news.google.com/rss/articles/CBMiwgFBVV95cUxQYnp3c3BWMjJpTDZQZlp0ZGRud0tSaUVNM2dYc3k2SGk0NGVhODdublpvS211QnU1OTNCMjBOckduQkZKYmhlV0Y2TUY0c2VKYlBwWVdwZXd0X0pFOWFEVmVGSk4yRnYtZUlJVVNCdnptVmIwQmV2QUpIWGNNdGJybG1UcWpCQlR2RmpGT0RCWWFRT2h6YmNfSVk0bmdtMWVEdldqWjZQeFo2MGlBeWc5UUpRb1VqWXE3dGp0Qnd0Rld1UQ?oc=5,0.4939,positive
2026-07-24,2026-07-24,PEP,Should Investors Buy Pepsico Stock Instead of Coca-Cola Stock? - The Globe and Mail,The Globe and Mail,https://news.google.com/rss/articles/CBMi3gFBVV95cUxNdkVmVGF0TWx4eXR4cEtyZGxJVUE0Sm5nTDdZQmc5T2tGSk8zUzFJVUxxRnpJMHFMb25HMERhVTBSdEtSX1phQXFIUHpXQXRBU0U1bWR1SkxaMWVtdTBJQnBSLXNjSGVjQmJWaDdDQ0pNMEk4MlhLc29KckI1WTNVVW01TUZmX0RPN2Z0V1JrYzZrR0RKVG93QkNveF85TkRway13cVVlOGxQRk1TZV9SX0FVTEZ4X3U5NkdrOENweXNGRV8zazFlSTk2blY0QUxINUFWdWRNeVJKQ29ncXc?oc=5,0.0,neutral
2026-07-24,2026-07-24,PEP,"PepsiCo, Inc. $PEP Shares Sold by Mizuho Markets Americas LLC - MarketBeat",MarketBeat,https://news.google.com/rss/articles/CBMiuwFBVV95cUxNcEZxamJJQmJGYi1mVGE1MjBwU1R0SFdLVjZsc2txdE9QOTBQMTJhVzNoemRzaGVMcGZFRkdsNm14TUJVMUI4VG9xOW1ZNTR6MUNWaGJJUkljbFY1dW5sTF8tZlRXc1FhSW5FQk92Z0xLcEk2cWJGZGR3dW1PSE9scU1nY3pRbXZSbFJtYTVRbW1KYTNpM2pyQVVsamU0cTY3UkFvaWhwTXBkMU56RmcyR2tTcEp1VEVwb29j?oc=5,0.296,positive
2026-07-24,2026-07-24,PEP,"Bank of Nova Scotia Sells 134,729 Shares of PepsiCo, Inc. $PEP - MarketBeat",MarketBeat,https://news.google.com/rss/articles/CBMiuwFBVV95cUxPbFltdXgyeTlVSHVyRlJ2V2hfU1JxUG91bjVqazh1NlNySjVpNnhYelA1VFN6MHZqSWNTcGJjaXBPci1jMFhaNFEtYnhIUEM5RkFJOXRQcEZ2aVREOFVGeHFvbVlCcnNCQmVzUkJXVEVGSVc1RHhEVUhrSkMzNV80eTVYOEoxUk9aVk5rQ3M5WHhxV1Z0SDRXS01NSU1PTGRJSVpCRVA0MWhTVWQwaHduWmZDeGxuS0g1TkNZ?oc=5,0.296,positive
2026-07-24,2026-07-24,PEP,Zacks Research Has Negative Outlook for PepsiCo Q3 Earnings - MarketBeat,MarketBeat,https://news.google.com/rss/articles/CBMiswFBVV95cUxNT2xWblVLQjdBSl9lSnlzU1BwU0hmdnRtbHdiRGduek5sdU85QjcxcWhEQTM1RXc1X1BjeEVmZ0laQS1aZ0pxMjFjR0I0TDNvS3VKQzFBTmloamVkRHMwejVFWkNfbmcwMkpyVVZuWlBaRHd3MzI2NmsyNXZQSl9Qa0daRmFYenhNOXBsV3VhZnlVQ19ONzVUVmhaaWMyQkdCM1dIVWY0cElIZFpUT2s4RUZIcw?oc=5,-0.5719,negative
2026-07-24,2026-07-24,PEP,"PepsiCo, Inc. $PEP Holdings Decreased by Clarkston Capital Partners LLC - MarketBeat",MarketBeat,https://news.google.com/rss/articles/CBMiyAFBVV95cUxORDRNNW12Q242aVNNaHpqelR3MTZQb1NNanFmdjc0dWJWWS1ab054V2dBNV8wMDZSdVB1UEpzREVjRWZGaklPcXRDVnJGNVZ2V3BmMFRRdmtBTmdzNnIwaUVnemNCOVJnR0l3STZNRXQ5dHZHYXBiRWo5NUFCTDFkQ0YxZk8xbkdfck11elM4bWMzQ3FjWWZ4cWJxWjhwcE5BZ2hRNUVUVXV6THM3cUtsTW11ZzA2eGxnOEFOaW5QTU1qZi1pYm15QQ?oc=5,0.0,neutral
2026-07-24,2026-07-24,PEP,"Arrowstreet Capital Limited Partnership Sells 924,577 Shares of PepsiCo, Inc. $PEP - MarketBeat",MarketBeat,https://news.google.com/rss/articles/CBMi1gFBVV95cUxNc3FvdS1qRWNxNEdUMTFpYW1YcXFKWlNsT1pqVkVPLTFtQzRGbzctLTUxbDJjTk1QbE1VeVlNdm4tNTAtWVpBZ19YN0NjNlZRSEZoczlNb0ZvZUlDZjdpT1NPMTBVWE5COGJveGFhemdwNzlDWnZHX0JzMUtTQUE2bTlKNWxFbkZ2N3RpRjFkb21aSXhEMVJHQUI3aWJVcjhNSFFRZWEwMFlnd3NYZkljSW1ERndPN2xUdmgzeGdtQzNmQ0syckFpSzZad1dDUEhwSW5qVkJB?oc=5,0.0772,positive
2026-07-24,2026-07-29,PEP,Own PepsiCo Stock? Speak Up for Bulls - People for the Ethical Treatment of Animals (PETA),People for the Ethical Treatment of Animals (PETA),https://news.google.com/rss/articles/CBMigAFBVV95cUxOX1MzMnhPakp1VTBtM21KSDM3QTVVQXBWSHBMZVM4dkFWb2hFLU44dFdiWmVZRk1LLWZ6TTRxc0lnY1VGQ2M5aXd1MVZBRFlhOU93cUIzaDE0M0FvQjhIVDkzbDNOVjFETWVtR1pPUWtBa1hMQjZUQ2VuRkNlV01zSw?oc=5,0.5106,positive
2026-07-25,2026-07-27,PEP,PepsiCo (PEP) Stock Fair Value Moves Lower After Cautious Analyst Revisions - Yahoo Finance,Yahoo Finance,https://news.google.com/rss/articles/CBMimAFBVV95cUxPZ19GeEhCMHo0SndxYlBHeE1fQXVjeVp3QmVBS19FSm5IZW1ELUZsRExtbWdDX0FCT09JZ1dYcXd3UzNfa291SVBKak40SGJacjItYWdrV21ZMDF4VFQwc2hhY1RCXzBQVmU4cE5fbWVISmJZWVBvaXJxNVgtWVFIajVmNUt3ZWdUbURtdFlTSFNyaWFrR0NYWg?oc=5,0.2732,positive
2026-07-25,2026-07-27,PEP,"Healthcare of Ontario Pension Plan Trust Fund Reduces Stock Position in PepsiCo, Inc. $PEP - MarketBeat",MarketBeat,https://news.google.com/rss/articles/CBMi4gFBVV95cUxNWnZhclFBaWxscXdEc2VXWDdma19jclVLRmszR2tVd1NnWFdFRXJ3V2RnbmcwX1M2OWh2MV9LSlNLN0JTdGM3bXBiVUZab0VIN2hXQ1FQQ0NMZko2azhOa2VFZ3FzMEhvOVVKZEZYOU9SRmV1dnU1U1V3MmprLXkwQ1pJb3BHZXVTVUt3TzFpM2F1RkVaN2tEX25SaXo2RmtCUlBVdGdmMUJ3UlR0WUpNOHlrS2RDdDRoVkVaUjRPSlR4RWxsZG50UlpRcjM5Zkx0cG5LRURFcWZyWTJqT29CS3hR?oc=5,0.5106,positive
2026-07-25,2026-07-27,PEP,"Dai ichi Life Insurance Company Ltd Lowers Stock Holdings in PepsiCo, Inc. $PEP - MarketBeat",MarketBeat,https://news.google.com/rss/articles/CBMi0wFBVV95cUxQV05UTnNvWFluZnIzQkpDTUNFUXFkRmZqLWMxNy1xZG9lMzllbUFlbElTeldqeXJBR3p2T3JvRUNwTnd0a2M4a2o5T0tQMUdYQnQ4b3FSU0V6bHN2Z0tWLTR3bTk5S3lacHItTm54NnlzMnd2ektlS0F6QVg0RzY2MEE4SFNLaVVKLVpNb194U1llaFhwSTBiMlc4dlgwMzY1MlRrYWYwYjMxbERZMmNuYmdJbEdiMmV0UnUxOU1ORGZqbDYtSy1ZSTVONDBVblpXd2Fn?oc=5,-0.128,negative
2026-07-26,2026-07-27,PEP,"OMERS ADMINISTRATION Corp Has $21.16 Million Stock Position in PepsiCo, Inc. $PEP - MarketBeat",MarketBeat,https://news.google.com/rss/articles/CBMi0wFBVV95cUxOUjB6cXloZGNUel93VnpUWkRLbGFQZmEzdjE0X2JoblFVNkxxdFpRSVpYU3BTNm1hQTlXWnM4WTA3NFRycjdkbG1XNHYzX2RIa1NKN2w5QlR2b09zYkx2R19KRllqMlduSm5rMDBDZ0VxZ0hfd1hoVzN3d19FUi1qYTdFUTdGNjZ6dHU3N3JrTHppdy1sNmU3Uk0zVzNuOWJLR21hOVdKUDRVV19XMDF1SHRkcE5nbW9aNjNPS0RzS1B6T0xYdGRCSVZaU0RCRWl4NHc4?oc=5,0.0,neutral
2026-07-27,2026-07-27,PEP,PepsiCo Stock is Down 21% From Its High. Here’s Why. - TIKR.com,TIKR.com,https://news.google.com/rss/articles/CBMif0FVX3lxTE5Cc3JYdUJ5ejRZbjZLZ1pGWHNRRmN5UjRtY0FQZmM5RDdDMU5ZV0drbWxVbFdzTi1nU2tNWk1oZld6QzlXaHo2ZFc3MjhzT3RBdjdEbGlWT2NsNmFoSlZrU19mb2xzS0hXWGttRTI5U2xzMXZpelJhTm5ib0RDSTA?oc=5,0.0,neutral
2026-07-27,2026-07-27,PEP,"PepsiCo, Inc. $PEP Shares Acquired by Lazard Asset Management LLC - MarketBeat",MarketBeat,https://news.google.com/rss/articles/CBMiwAFBVV95cUxNX0k2TFhVeXE5TXVwMzI1Y1RyeWt4M29td21tb052M1A1WG8taVlJMTJWcWk4ZVFLc0x6Ry1Ua2dyNXE0bncwNDFBR3dHUE96am1ybmlfVmphdjdhcnNTMGxIX0w3eFR6US02ZzB4N3lFSHFtaHhDaTZ2UDlkSUNkSWt4Q1ZWQXd2dGg3ZFBJLVFKMkZvc2Nmc1MzRW1QMi00QkdBbkhNN2p0Q1ZlVlg3c0xfZC1VWUtSLU5WMVZtSUs?oc=5,0.5719,positive
2026-07-27,2026-07-27,PEP,"Gamco Investors INC. ET AL Cuts Stake in PepsiCo, Inc. $PEP - MarketBeat",MarketBeat,https://news.google.com/rss/articles/CBMitwFBVV95cUxObmpYSlh6cWxBTldObmMyZUR4TTlHdWtHWWVSMGFSSXA0aWdFOUVsclZ2b1RqRkZhY1hrU0Rkd2c5RGhoWm82Z2JsRUdXWUlvRUVHWUtFTGxNd2tCQlNTRy1mQXdDT29Hb3MwN1J4R3dfS2Q5YXZVNDFVVDl1bG96aXZGLWdMR2xZNG81N2IzdEkwOHhUQjl2eWlUMjFBb3hDYVBKUVJaQktfQ0Q0c3Y3MW9kVWUyNzA?oc=5,-0.296,negative
2026-07-27,2026-07-29,PEP,"Coca-Cola Q2 Preview: Stock Near All-Time Highs, Will Outperformance Vs. Pepsi Continue? - Benzinga",Benzinga,https://news.google.com/rss/articles/CBMi4AFBVV95cUxORGZVYW9XOFRteHAyaUZFVDFvTjNQcUx6eGFvVHFKUTUtcGNvLUJEM3hNMmlKd3JkYTQzZkpfd3BkZjMtbEZkQlFiZldDWFhFRzVhQmlna2tveFB5cGhfY21aMEVxa3NsVzVpTVRZZ1NqeUFrS3hONGFrOHVmQ1RqQVFiVmp1X1lNQUI3M2llMkk2WDhxbjNSSzM2MmVWTnJyWDhnSkl6eFJsUlVCQnpsN0gyOWx1NlFqX2ZGZ1VnYlRuNXB3Mmh6dzVtYnJEMVF5U0FjOXlBZDdiZEJjdEJYTg?oc=5,0.0,neutral
2026-07-27,2026-07-29,PEP,"PepsiCo (PEP) holder files to sell 2,900 restricted shares after 2026 vesting - Stock Titan",Stock Titan,https://news.google.com/rss/articles/CBMikAFBVV95cUxOMXFPZWdKS2JHMzVxN1RtbU1SWXMzazMzeTRLUTZ4Wi0zSnYxV0hTNm9nRzVmb09UTWp0VER0LUtaUll2RGQ5a0xkU25EVTlzUVAxTU9UWGdLN2pqWlJjZm5xcnhyYU9wbEVkOFNIb2VjVGtyY3BEZmZtQl9hOEozVFFMRlo0V3FqeVpjdEpKejU?oc=5,-0.1027,negative
2026-07-28,2026-07-29,PEP,"Evelyn Partners Investment Management Services Ltd Has $1.70 Million Stock Holdings in PepsiCo, Inc. $PEP - MarketBeat",MarketBeat,https://news.google.com/rss/articles/CBMi8wFBVV95cUxOczRFZVlfUmhiTlVpUy1sdjRyUWhpUi13OEV0WmxSZGlOeFpIM1J2QXUxOGY5S2JYQWhyYWpZZHJrTnVKX0dsRWNtREdDcGMtVDhOLXBncUxsblUxcWwwQzM0Wko2R3ZseEVYLUpfWWtyM2V2UFR2ZnpOSktWSzZuWmZUMng2Wkc2S29RNlJlRm81T0VkblZoUFBNRGhucWJoWHJmaGE4X2dkRTQzaUE3ZDB5aG5qUDYxcGVTTGN6cHAyZjUxY1JZNHYzNmswb0F1Q185ZllORnJyMmRXdWhabFR2WVlSd1lsM2R3Qmt5dGpLUGM?oc=5,0.0,neutral
2026-07-28,2026-07-29,PEP,"Evercore Wealth Management LLC Sells 8,607 Shares of PepsiCo, Inc. $PEP - MarketBeat",MarketBeat,https://news.google.com/rss/articles/CBMixwFBVV95cUxQdXN0dGN1bExFMFFQTXVKV2lFTkNDMDd0WWpqUWFSanZzSE9CalUxdm1UVDRZS0swVFVPRmNjRmRMWEFBWktFRzZrWWJ4SXd3bmhjazkzdjlIMVBaRDBNZUhpdjZhRk44V2xpQ2R6QXdndm5lS3diSTBIUzY1a1RIRmhNN0pPV2ttajNEaGJiYWV2bWlKRGg0czV5SlhiS2xsT0pKSjBsTFNyTE1NcUVJSUl4MWg3VUh0cEVrYnNuOXRNQmRRdm1r?oc=5,0.6597,positive
2026-07-28,2026-07-31,PEP,Own PepsiCo Stock? Speak Up for Bulls - People for the Ethical Treatment of Animals (PETA),People for the Ethical Treatment of Animals (PETA),https://news.google.com/rss/articles/CBMigAFBVV95cUxOX1MzMnhPakp1VTBtM21KSDM3QTVVQXBWSHBMZVM4dkFWb2hFLU44dFdiWmVZRk1LLWZ6TTRxc0lnY1VGQ2M5aXd1MVZBRFlhOU93cUIzaDE0M0FvQjhIVDkzbDNOVjFETWVtR1pPUWtBa1hMQjZUQ2VuRkNlV01zSw?oc=5,0.5106,positive
2026-07-28,2026-08-04,PEP,2 High-Yield Dividend Stocks to Buy Now - AOL.com,AOL.com,https://news.google.com/rss/articles/CBMifEFVX3lxTE10a0h0THBuNVFvbVE3a3NpZ0cyVXNrOHJLd1RUVGVyQWN3bmNrNEs3RndiaGNFWUtrSzJiRFF4MDhYbmtpZkJRLS11V1AtUUNoQ3hBZDI5M3NTdk4xQi1mUm1Fa3NONTNEOENhQ003RWNzSlh0NkJueFFEQk8?oc=5,0.0,neutral
2026-07-29,2026-07-29,PEP,"PepsiCo, Inc. $PEP Stock Position Lessened by The Manufacturers Life Insurance Company - MarketBeat",MarketBeat,https://news.google.com/rss/articles/CBMi3AFBVV95cUxPN3VGa1hCS1N3REpGNFdlVS15Z0dReUVTdGw4d29fY1JtekMtYkcwWkFSYUN3THFRRFVhQUlnRUlwRk1mNzlxQkQwN3ZwUlJxSVVKUWNBQVcwSENIQ2ppX2c1X1hJZzU4eFNoQjlqWmR3NUJzOTBVY2pmXzAyTER2bDc1NFhXdGhrdS1oeFk5N1MxemRJUnpaWnRGVGRUS1d0ek1iNEQ1WGlOZ1VNV1BHWWctOEc2Q1lWZ1J5TlpfUl9EWllFU01ocHVmQjdSRnJoYnNfOGIyeDZKSDRQ?oc=5,0.0,neutral
2026-07-29,2026-07-29,PEP,PepsiCo: An Undervalued Dividend Grower (NASDAQ:PEP) - Seeking Alpha,Seeking Alpha,https://news.google.com/rss/articles/CBMihgFBVV95cUxOTk5YNlF6TUlOUHJSdEJOd3lJQ2hDVWRlbmJ5OEgxRkFtMEpKN3BMbHhNdFFRbVV6WW1TbjF3cks5di1RRXpoZWJGU1dYeUZUM183TGJ2UjJuRk1pLVNqYnh3MUFuWlRPTlFXbk85eUhMdHVkVjhqN0RmcFV4Zks5ZHV5VlFPUQ?oc=5,0.0,neutral
2026-07-29,2026-07-29,PEP,"California State Teachers Retirement System Trims Stock Position in PepsiCo, Inc. $PEP - MarketBeat",MarketBeat,https://news.google.com/rss/articles/CBMi3AFBVV95cUxPSlhicWpVTDA5cXFZcHhfSW9PYjNtMmp6ZTN6LXlybldrMFUzSGlDTlZDTktmUnZTY1BBRDlHTGNDSnVGUXNXdEZIZmVfS3dTZEVQbmpFOVR5UUt6eG9oX3RSdGhHUHNSbkNxdC04bjl2SmY3bHBhVzN2bDZlcFFkekZ1Z0k3ajZjUG1kZHlPSkdlLW80MlNIdXZLRk14bXByNFBiYVJYWmwwVHN2Rzc2TVNLejM2dkl5X0VrQjVSaWhnbnJYbXUwX0FHenlvRXQ4c3NLTzkwa3RlQUVo?oc=5,0.0,neutral
2026-07-29,2026-07-29,PEP,"Amundi Buys 1,647,506 Shares of PepsiCo, Inc. $PEP - MarketBeat",MarketBeat,https://news.google.com/rss/articles/CBMiqgFBVV95cUxQV19xcVZqT3JtSE9iaXFwNUVHeUwwdUVHRzlmM254SjVOeFNUQ1k0R3RfY3Y2N1M5WmstZkNPUVBvRzd6X1F6Q1pMcTlwSjJOdlpBUzhTZ1FFaEdkUDVaZE8wMjBaM3FuN0JHUlZWeUQ5eUJwN2dUSTUxRGFLU1lMemUyeER3N1AyZHdTTlJsMDB4dkZVdENzOE1SWlcxTGFRRWtKbl96WVQ4QQ?oc=5,0.296,positive
2026-07-29,2026-07-30,PEP,PepsiCo (PEP) Stock May Be 15% Undervalued On Cash Flow And Earnings - simplywall.st,simplywall.st,https://news.google.com/rss/articles/CBMi2gFBVV95cUxPVDYtc0ZpTU9tX1B1LUpMRUJSanB3bE1ZWFZsd2ZTeVFvcFMxY1hpSy1DVDNieXFLOEpTRzdsTHNYdmhWOUpVeWx0Um40LXJOWjFvakE5NlRyTFJBVllvRWgzZ21aZjQtd0VSeTN3TjVHekFONEFCcU02Q1hnUHZPUnhORk4tTlVDcW9FRFlGZUJjVGJacnFBUTh5MHlzMkRVQlZMTUJxZms5d25Udl90SGRCUTV1REwzc3pYamFXUkdnVGE1UUxxNGxXTmptNWNFczBQRmFHSzhCd9IB2gFBVV95cUxPVDYtc0ZpTU9tX1B1LUpMRUJSanB3bE1ZWFZsd2ZTeVFvcFMxY1hpSy1DVDNieXFLOEpTRzdsTHNYdmhWOUpVeWx0Um40LXJOWjFvakE5NlRyTFJBVllvRWgzZ21aZjQtd0VSeTN3TjVHekFONEFCcU02Q1hnUHZPUnhORk4tTlVDcW9FRFlGZUJjVGJacnFBUTh5MHlzMkRVQlZMTUJxZms5d25Udl90SGRCUTV1REwzc3pYamFXUkdnVGE1UUxxNGxXTmptNWNFczBQRmFHSzhCdw?oc=5,0.0,neutral
2026-07-29,2026-07-30,PEP,"PepsiCo Inc. (PEP) EVP David Flavell reports sale of 2,900 shares - Stock Titan",Stock Titan,https://news.google.com/rss/articles/CBMipwFBVV95cUxPMWFqNmxJekJnYVJCVUUwUDA3YVhZeWpGNWVsenloTjk3WnZ3U25pU1FEck5jcVRVQ2RFV1RmalExWDRpOWRSTnlJQkF3TW42cGltY2lhM1MwWWRMNmlRcHpRMC1sSHFkY21xNmx6eUxaX2hZMHUxQXB2bnJGOVEtN21seE5YRmZPYjJrUk5TMGRodnNLbzdnc2ZBU1lndFdILUxFNWc4Zw?oc=5,0.296,positive
2026-07-29,2026-07-30,PEP,Pepsi vs Coca-Cola: The Better Buy For The Second Half of 2026 - 24/7 Wall St.,24/7 Wall St.,https://news.google.com/rss/articles/CBMiqAFBVV95cUxNT3hUU2JyVUFLRFhIYmlRVnRsUmp4MkpUNEhsXzF6aGs2Rlp6UzZOWnI2dGxmbEhCTWRwTjA0SnBTeEVKTUFBdUdIeC1FRWpqejMwUDZaaFJ3MUVmWFU2amczVnNybHdUelhQVGNtZUo2Ylg2U2MxbzNqYm1JLXRyS1dWSXZFVVA0VzZPcTJKbjQxZGd3bjJENFJBNjk5cXN3cFE4ZFB3eFU?oc=5,0.4404,positive
2026-07-29,2026-07-30,PEP,Is PepsiCo Stock Attractive After Q2 Earnings and Margin Pressure - Yahoo Finance,Yahoo Finance,https://news.google.com/rss/articles/CBMiowFBVV95cUxNdXMzdnVQMDRZVmNTRldId2o0NXVJMGFPTWlDT3NmcDFBcnZZdDJyU0FVanR3ZTZabVBsa0dKTURJS211bUNoaGVGVWhVQmc0NmZzcWwtS19wWl9xMU1CMFpMQUU5cHBCRElDbWRKOF9GdndKaTJLTk9QbVNBTkVHRTJWM2tGckhnUmFtbXVPNHJhMFpNdi1GNUc2NzBxTl9USEFv?oc=5,0.1779,positive
2026-07-29,2026-07-30,PEP,"Is PepsiCo (PEP) Reaffirming a Durable Brand‑First, Dividend‑Led Playbook With Its Latest Moves? - Yahoo! Finance Canada",Yahoo! Finance Canada,https://news.google.com/rss/articles/CBMijwFBVV95cUxPWDYta056a3lncmpfLUJYaTRFV043RHBXbFBjWHJUQkJZNGdmRndMbDk2YVlEd2ktYlo3RE1WcGo1cngzek5oX0c5ZUFPME9JbFFVb1p0ejdtVTlCZVJjMjdaMU12dm50R0VaWl9MMTkzVlNPYl9lNzBsa0t5cGl6LXRfa0hlNDI4YXpwS1o0Yw?oc=5,0.0,neutral
2026-07-29,2026-07-30,PEP,"Insider Selling: PepsiCo (NASDAQ:PEP) EVP Sells $404,666.00 in Stock - MarketBeat",MarketBeat,https://news.google.com/rss/articles/CBMitgFBVV95cUxQTXFWbkUwUWdwdTZZZGdYMHlDUTJSUFpPQzJtRncwcTRfRURJSTkwcGxhV2JxX3VQalpUQkxEVm5NVEhka1hYeFlnTWp1MzMwVFBOeFBueVdCUFJSMGFySmRsTXkzdXk3SmtLT21fNTF6SElDRkpnOWpUVWVUS2t0U3I2cG0yOGhRR3lPeHJRdGJFQzUzZGUwNFpaZUpVNWNxaGI3R2hSanF2TDh0NE1LTkJ2ZHJZdw?oc=5,0.0,neutral
2026-07-29,2026-07-31,PEP,"PepsiCo, Inc. $PEP Stock Position Lessened by The Manufacturers Life Insurance Company - marketbeat.com",marketbeat.com,https://news.google.com/rss/articles/CBMi3AFBVV95cUxPN3VGa1hCS1N3REpGNFdlVS15Z0dReUVTdGw4d29fY1JtekMtYkcwWkFSYUN3THFRRFVhQUlnRUlwRk1mNzlxQkQwN3ZwUlJxSVVKUWNBQVcwSENIQ2ppX2c1X1hJZzU4eFNoQjlqWmR3NUJzOTBVY2pmXzAyTER2bDc1NFhXdGhrdS1oeFk5N1MxemRJUnpaWnRGVGRUS1d0ek1iNEQ1WGlOZ1VNV1BHWWctOEc2Q1lWZ1J5TlpfUl9EWllFU01ocHVmQjdSRnJoYnNfOGIyeDZKSDRQ?oc=5,0.0,neutral
2026-07-29,2026-07-31,PEP,"California State Teachers Retirement System Trims Stock Position in PepsiCo, Inc. $PEP - marketbeat.com",marketbeat.com,https://news.google.com/rss/articles/CBMi3AFBVV95cUxPSlhicWpVTDA5cXFZcHhfSW9PYjNtMmp6ZTN6LXlybldrMFUzSGlDTlZDTktmUnZTY1BBRDlHTGNDSnVGUXNXdEZIZmVfS3dTZEVQbmpFOVR5UUt6eG9oX3RSdGhHUHNSbkNxdC04bjl2SmY3bHBhVzN2bDZlcFFkekZ1Z0k3ajZjUG1kZHlPSkdlLW80MlNIdXZLRk14bXByNFBiYVJYWmwwVHN2Rzc2TVNLejM2dkl5X0VrQjVSaWhnbnJYbXUwX0FHenlvRXQ4c3NLTzkwa3RlQUVo?oc=5,0.0,neutral
2026-07-29,2026-07-31,PEP,"Insider Selling: PepsiCo (NASDAQ:PEP) EVP Sells $404,666.00 in Stock - marketbeat.com",marketbeat.com,https://news.google.com/rss/articles/CBMitgFBVV95cUxQTXFWbkUwUWdwdTZZZGdYMHlDUTJSUFpPQzJtRncwcTRfRURJSTkwcGxhV2JxX3VQalpUQkxEVm5NVEhka1hYeFlnTWp1MzMwVFBOeFBueVdCUFJSMGFySmRsTXkzdXk3SmtLT21fNTF6SElDRkpnOWpUVWVUS2t0U3I2cG0yOGhRR3lPeHJRdGJFQzUzZGUwNFpaZUpVNWNxaGI3R2hSanF2TDh0NE1LTkJ2ZHJZdw?oc=5,0.0,neutral
2026-07-29,2026-08-03,PEP,"PepsiCo (PEP): Buy, Sell, or Hold Post Q2 Earnings? - StockStory",StockStory,https://news.google.com/rss/articles/CBMirAFBVV95cUxNOXMxM3NRNDVoTHNOQVM1VnFxUm5veVdmZ21SS085VkZtb1NzUGlTdk83ODltRXFMeVM0bU9VdzAxclU3Q25nbHd6TDFMbFhBSk1lY3QyZWdtcFFSNzVsUVV1MlE5YzFsTnpqRmpPSnJQR2pwMDVxWHFsUlkyV2RBSmFxQWRiUDIwdVNmZ0Jxc3dZUUttNWJjTERkaVdpeUt4a2gxYVZQOV9MU01R?oc=5,0.0,neutral
2026-07-30,2026-07-30,PEP,"16,269 Shares in PepsiCo, Inc. $PEP Acquired by Bull Harbor Capital LLC - MarketBeat",MarketBeat,https://news.google.com/rss/articles/CBMixwFBVV95cUxQcGdfQlR1OElUX2VxVVFEVjI1eldheXB6bnZaX1hsOURtOGpGRnZaWndEYjZHX2FMamZmc2Vjb2VIcjBpZFdHdWJCNDNUY0otZmhJLUtDeGVsMkFtVWlLbW85T0V4RnphMHhrbUNmdjBrbGhDQjZCRjN4TVZoaUdpYVhab0NRbG1tZDlVU1A0bmpNeTFhclNxZ1ZUYzFSclpEU081aDFqOEpSWEJ5OFFGQWFMbW1JNG1lQlpnTlRDemp4Vk9LaHBR?oc=5,0.296,positive
2026-07-30,2026-07-30,PEP,"Zacks Earnings Trends Highlights: MU, GOOGL, SPCX, PG, CAG and PEP - TradingView",TradingView,https://news.google.com/rss/articles/CBMiuAFBVV95cUxNc24wMXRMNUM4WWRoejRsb0VENmpJVlRPUjIxeE5WMkZFakwtQ2xKT1NBTjZZYUxMV0Y3dWhsU005Sks1Zl9jUTdCSUhUNjJsQWx2cEhqclVvYV9zTEdEajNlQVRFcnJReHQta0ZnYjhRQXNtV0l5Qk5vR0FQMkZxb2Vjb1BBNG5maFc2am8xZDJibEZUY3BsaXR3VUZmMlB1ek9VbGYtRFRnTFZZMzlJZHNyMnI5UElW?oc=5,0.0,neutral
2026-07-30,2026-07-30,PEP,PEP|PepsiCo Inc|Price:143.550|Chg%:+0.690 - TradingKey,TradingKey,https://news.google.com/rss/articles/CBMiWEFVX3lxTE1ueG9iM0dvejRQcVYxOUlwaV9KeXhCWDExbDNCWDVXTjBDYklaMjBUMmpyZUhidk5QSWI5dktENUR2cTBOYUxwN3JxTjZiZEIycW1OQmh5Q3Q?oc=5,0.0,neutral
2026-07-30,2026-07-30,PEP,"Kentucky Retirement Systems Acquires 40,580 Shares of PepsiCo, Inc. $PEP - MarketBeat",MarketBeat,https://news.google.com/rss/articles/CBMiyAFBVV95cUxQaGxMM2ZCOGg0MHJaVW9xR3BCdnI0RHA1VGVCbFFnekQzcGNWTnd0Nm5mSjZaeWlqSUhvbmV5Zjc4V0dSeDYwODF0R3RLaDBoRzY3eE9zWEpGVDI2cmREYm9KQVBwelRaclhhY21EaUxjZXl6NlMzLUhCV0RNeFRaWFN3NEVKLXdFR3hldE16cm5JZFEyU3ZhTEFzeEJqcVJhdVh5NXJTbVc1RkRRS185VUJzWHV5MFk4dFYwMGY1elA2aU5IdVBEbA?oc=5,0.296,positive
2026-07-30,2026-07-30,PEP,"Bank of America Corp DE Buys 133,325 Shares of PepsiCo, Inc. $PEP - MarketBeat",MarketBeat,https://news.google.com/rss/articles/CBMivwFBVV95cUxQOTdTR0NmVjJ5VEQ2WFVheXpQYU9CYmRMcllfMDBtblBqYTQxM3pKN2U3UzNITUpYMDc1LUtzWTZrWW9VRDZ2b3RNNGRKOVM1YUdMMlVPYVBmbjh0UjMyekFobmxHaVgzbWlyM3NpRkNVLVQ2cEpPanVDT1RmWWtWYllBVmRXN1gyUC1qTF9DVkV6RkZocEpkck94alRLbnBmTzBOQ1pyUV9YdW5pMFZSMkItZndFc1NvaWl1NmdiVQ?oc=5,0.296,positive
2026-07-30,2026-07-30,PEP,"Strategic Investment Advisors MI Buys Shares of 9,761 PepsiCo, Inc. $PEP - MarketBeat",MarketBeat,https://news.google.com/rss/articles/CBMiyAFBVV95cUxQaXZCek5ZUnI4M3NlcUx6RDQxaDBmbGZDUWM5SHMwMUpmc2JLLWxfT2c2bDV2NHhSRHFJZUdCR0I3SnFBS0RGUTFzN1hiMHFSTi1GX21naGVFMXByWTFYa3ZfZnJrb3VTM1JwRmZNV0tySkpUYVMzNzlXOThnUExrOUxTX21wVFI1dVhTcjJLWUd0ZnM0SThDaUgyX2Z1WWZOQk1CNk5SMU5KZXV3YzRaQ1pyWXF6cjJMdjY3dVFHb0JYbmlSUk5tWg?oc=5,0.296,positive
2026-07-30,2026-07-30,PEP,"PepsiCo, Inc. (NASDAQ:PEP) Given Consensus Recommendation of ""Hold"" by Analysts - MarketBeat",MarketBeat,https://news.google.com/rss/articles/CBMixAFBVV95cUxQcXBHUE5hWjN1V3R0a3MzM3JHc1MyQXAzMEVQMFhfZG1oZURSdC14TlJodVRIV29RWl9Pd3o4UmthWWF2OFNzSTc1emplUERQaFk2OUl0aHlVZ3BGaE9VeW55R3BWM0I0cUpyd1VpdXY3NW9ySVh4UENCUnE4cDBUalFyS0R5YzFENk1nUXhpbEkxVWhReFpKalN4RTZxY2VSdGdVeGQ3UEpTSGxNam9jR3FheEpobVhmaVpvbW9oVVNtbDBJ?oc=5,0.0,neutral
2026-07-30,2026-07-31,PEP,PepsiCo Inc. stock underperforms Thursday when compared to competitors - MarketWatch,MarketWatch,https://news.google.com/rss/articles/CBMi4AFBVV95cUxQQWdIUkQwalNsR29fc2RYX3d5NFU4eEdMOGNTZEdxOTltc1d1eXQ0bGtRc1Nzd0lyUWEzUWVyZlRRNGF1TTE5TDEyNDhDLUtaMEVZRHRTTTNwTW5iRlpETG52NzNpSlJKbGlWZDlta0dJd0xyMHRqd0lnc2ZqYWp3SFpMclBQMUc2V2pZOENrdnpjNExWZGNlX2Fhc2hoemxDcFNjU0VYaXVTcHIwZzJYaVJvQ2hOcy1uN3A1aTVmU3RfQ29vWURvUmRLLTRCTFdsLThscDZ6aXRBRHpBU2dBYQ?oc=5,0.0,neutral
2026-07-30,2026-07-31,PEP,"PepsiCo, Inc. (PEP) is Attracting Investor Attention: Here is What You Should Know - Yahoo Finance Singapore",Yahoo Finance Singapore,https://news.google.com/rss/articles/CBMijAFBVV95cUxOaGJBMVZFZDFhTnUtb28tekJ0OHJwMENZMDVXNzBBRHBaOEZZc0gtNGY5cTFaMUVhekVXSHdHTk5XdlBqVk4zTzczWF9wZkFHeHk3RlpFTTV5ZDViMDFfRlhudUtDU1RFTW4xYWRxdGZ6aHUwRVhDekpTWF9jRm96VXRrUG0wV3F3d21ZTw?oc=5,0.4767,positive
2026-07-30,2026-08-03,PEP,"PepsiCo, Inc. (PEP) is Attracting Investor Attention: Here is What You Should Know - Yahoo Finance",Yahoo Finance,https://news.google.com/rss/articles/CBMiogFBVV95cUxQdUQtRnQ4SXczbTYweDRvVXNwS1BMNWgyWV9FN0J4dzQ4am1fS2VnaHoyMHJHdmdIc0tXZF9mN2pPenNJZU5mZlpOem84akhTRmF3cGNfZGRtSDg3YzRxd0xKbkhHY2ZIZGlrU0hRNGJJb2QxRGZSN19MUGNOVWtHdDd3elVadTY4cmV0RFphZG9wOHZiZVBRM3RFTGpibmhRVlE?oc=5,0.4767,positive
2026-07-31,2026-07-31,PEP,"Vestor Capital LLC Grows Stake in PepsiCo, Inc. $PEP - marketbeat.com",marketbeat.com,https://news.google.com/rss/articles/CBMirwFBVV95cUxNaUFhcVowMVFweU1VRkxoWVJrUHVlc3JWVkxRVHRXak1NNHBLZjV1LWNrXzNDRXdWZGlwamNMUEJsbEstcGVuWk82SlRnOFYxUktGWG1FRTg2OUdxT0prU2NsOUlLMjhSNGFMQ2tySmZvMmU1c1B5d1ZXdHNvMnQ3eC1QXzZqVkYyTUpKMUMyOHZRQlpZVkhXVGdLTHRieHF1NlRRUTBmRFhNaG9BU3hZ?oc=5,0.0,neutral
2026-07-31,2026-08-05,PEP,Nasdaq-100® Inside the Index: PepsiCo Inc (PEP) - Nasdaq,Nasdaq,https://news.google.com/rss/articles/CBMitAFBVV95cUxPSHNDb2JDdW5tRXpCeEM3ZjRncnFqYUpzR040YmRuZU9VRW9ZdzdFVnJsTXFEMWc3Q2VEN1haeC1ycG5IYTBYbzdsTUVoeHVrYkZfTWdzSkFldnduZmFwMGUwZXA3WFo3dmFtWXM4d0pjQ1lNLWlSbDltaWd5TmlmdFJNV2toYUEzQVJ1NFVuQTk1VGZ0cDlYODdsV3FaZ2NwMVZDVFU5QW9xcW0ydGR1NzlyMTc?oc=5,0.0,neutral
2026-08-01,2026-08-03,PEP,PepsiCo (PEP) Stock May Be 15% Undervalued On Cash Flow And Earnings - webull.com,webull.com,https://news.google.com/rss/articles/CBMiWEFVX3lxTE1VTXdSaHFRckpTNmYtT0hIYzdXdm9QUk41engyZGhyR3V4aV9BUzZwVV9TRUlSYXJpYUwyWUhYcHVjTnA4d2dzUHhRY190QlRDWFJpUS1sR1U?oc=5,0.0,neutral
2026-08-01,2026-08-03,PEP,"Summitry LLC Raises Stock Position in PepsiCo, Inc. $PEP - MarketBeat",MarketBeat,https://news.google.com/rss/articles/CBMitAFBVV95cUxNRXlhTm4yd2ZjSUZUVjBsbHc5ZjVvb0pQY0J5TWZhbVozTXJZUDdPa0J4ZV9TLUNVd21ZZU0tLUIzenZfUUNvRWZKbzRqU04yRXFqb3dnei1zSDR1UnB5TzYzNDJHM2poSG16STB1RU0ydS1ETlEyN09DZ1lxQU8yOTdvd09YTVZoci1DRGE2SnJobktTcWRrbnNVSGlNNDhLa2ZZcU9zTUZrR21XaGo0ZVFYX0o?oc=5,0.0,neutral
2026-08-01,2026-08-03,PEP,3 Magnificent Stocks to Buy That Are Near 52-Week Lows - The Motley Fool,The Motley Fool,https://news.google.com/rss/articles/CBMijgFBVV95cUxPcWdyZ3VuQVpKazh5T1JpaWFUVmlaRnBMd205X2Nhek02NVFBejZ1aWZfeUozUHNxdFJmZFFTVXZOU21XY3R0U29vUTQ4TkJpbkN3SU95MktlbFFpNlNMNG5aWmZNWlMxTW53di1KcnloMTZJZ2RsZ0NQaWsxX3RnbDBEN2czQzJPVFh3Sm9R?oc=5,0.0516,positive
2026-08-01,2026-08-03,PEP,Coca-Cola: The Surprising Reason Investors Should Choose Its Stock Over PepsiCo's - Yahoo Finance,Yahoo Finance,https://news.google.com/rss/articles/CBMipAFBVV95cUxPMm5XcXdNMXJjeUJVMDM1amtscWFsVnE4YlhVY2lkMVN5VjY4NGdIRG41WWplRWg0b2dLZHgxblBhU3o4bXFRSGMtQ2g5SG5kV3lWdlJqd1lFTVNRX0E2aGktX2tvWjhEcFR2QzRIODRJa1BiSTlLNVhOU1FPQnZndUtXVnlneVpJNlRscjhmMElOMFpwSDFHR21lZkM0U2JKQk9WMw?oc=5,0.2732,positive
2026-08-01,2026-08-04,PEP,PEP Stock Quote Price and Forecast - CNN,CNN,https://news.google.com/rss/articles/CBMiT0FVX3lxTE1Rd3poSmg1aDVlZng1eThyeTVIWDBqdGx4dDlxdVVUOEpyWV9uWkl1MzJrSGRJTW5ZWllYMzROS0l3N0M2VVVCbGg2dzVSYW8?oc=5,0.0,neutral
2026-08-03,2026-08-03,PEP,Why Is PepsiCo (NASDAQ:PEP) Leading Consumer Stock Focus? - Kalkine Media,Kalkine Media,https://news.google.com/rss/articles/CBMingFBVV95cUxOLXhDWFZiLVdKV0RGejhwY3FGR3l6Rk9qd0VsekRFQmZsRnJYcnNadXFJemNObndzT2NoTkRwOThxLTNUYm14dmdlZjVreW1KdFJtSjE5NVlINzZtWTdCVlFkejNYMFBnNV9VaUVDdW4yY1JvY2s3ODBRRVJNTkZ6Wm8zb1g0VldoTUFZZllpMy1BTV94QlEwdWdrM0txUQ?oc=5,0.0,neutral
2026-08-03,2026-08-04,PEP,"Janus Henderson Group PLC Grows Stock Position in PepsiCo, Inc. $PEP - MarketBeat",MarketBeat,https://news.google.com/rss/articles/CBMixAFBVV95cUxPOVA1QnJhSWxYMHhhNEl2ZzVfbHNSc1hpbU9FQzBST2hVamZBam1icUp5SHc5WERFRV9rSll1aC14bTNmOW5ZRlptLWZvaTJLQXU5NlVjQ3oycVVBQ2IyNnFJcjNNdV9MLXBVVG4zTEVlaUxkMkhPZXNSb1ZvejZVY2VJN1Y5eVFPWVpkWEVIcjV6X1czRENzaHotQVFnY0dnNWl2N2JkOGRTeF94VldhOVg1QmMzOGNnazFtclJRVHI3X1Bi?oc=5,0.0,neutral
2026-08-03,2026-08-06,PEP,JPMorgan cuts Pepsico stock price target on lower earnings outlook - Investing.com,Investing.com,https://news.google.com/rss/articles/CBMixAFBVV95cUxQVEFPbU9WaG9EWUgxOWdFa3J3VHBEVVdsVWRDRDJjTUtlRU54Ti1BbDBMXzhaSHBEa05YU2JoS2lIa05INFVnbXVUT21ITlBfdXp4elEweUZfVGduSlBJX2luODJkNm1MVjFaS1laclI3SkdyUWptbGJPZGdrak16LTdFdlBlcm5NV1lNMWJ3QjFwaFExeE0tbzhlVm5EMHpWYU15NnBsRy1lZ0dzSld5eHNJalYtZl9CaE5zdTIxbWZoX25Y?oc=5,-0.5267,negative
2026-08-04,2026-08-05,PEP,Coca-Cola and PepsiCo Both Saw the Health Trend Coming. Only One of Them Actually Got Ahead of It. - The Motley Fool,The Motley Fool,https://news.google.com/rss/articles/CBMilAFBVV95cUxQa25odzJ2UkM5SU9nSVNlc1FXcVlUSFdnLXE5RDZySGN5TDF6SnladkdlM0RYMUJMczdFc01JVGQ4UEZKRTRuMktxNThjb1ROQ0t0UjBOZzMxb213UVpnY3FEQXNwa3NGZ2lwY2k2ZkNMQUJ3S3Q2QTFIM3Naa0RqM3pVVzhueWNSYThCSTI2bmFxYXFx?oc=5,-0.4404,negative
2026-08-04,2026-08-07,PEP,PEP Stock Quote Price and Forecast - CNN,CNN,https://news.google.com/rss/articles/CBMiT0FVX3lxTE1Rd3poSmg1aDVlZng1eThyeTVIWDBqdGx4dDlxdVVUOEpyWV9uWkl1MzJrSGRJTW5ZWllYMzROS0l3N0M2VVVCbGg2dzVSYW8?oc=5,0.0,neutral
2026-08-05,2026-08-05,PEP,"58,678 Shares in PepsiCo, Inc. $PEP Purchased by Canandaigua National Bank & Trust Co. - MarketBeat",MarketBeat,https://news.google.com/rss/articles/CBMi1wFBVV95cUxOVHlpTER0UndNWmZXdzRvdkRPTDdiZDY2d1lsdWIxdFZpcXNuMFV0OTI1cTNPSGl1MmpMWnRtUnNVU09saHEyM29abEEyUXZwdnZRU1M4SHBwN3g2ZG9tRnpIWTBfcm9sU1M1cXFZci1TeWp2b0s5U3haQTgxWW9OaHBGUjNXT0RzMU9DRnhxYWxfM3kxOERCdVUxSk5RY0QyOTM1WDhRc2kyTkszUzNkSG1wNFBvc3V1M3JJaDlHREdqZE1pS1V0b1B1aW1QWXZOQVFjVHZoSQ?oc=5,0.6705,positive
2026-08-05,2026-08-06,PEP,"PepsiCo Inc (NASDAQ: PEP) exec moves 5,688 and 1,320 shares to GRAT 2 - Stock Titan",Stock Titan,https://news.google.com/rss/articles/CBMipwFBVV95cUxQNmN1M3NVRDNMejI0ZkJNUF9GTGtRM2xqUTdrMmhMOXJtREh1V2U1NGpoTzBLaXk0UlAwbzgxY3JMRTVhWkxHbjNyb2dyUW5oRFhrdFl3ZHhLbDBXUE5WZWNlYUhxdTg2Mnc5QjRjdVphcnpOMVh6WDQ0WERkWlo3WVpTdEhrSXZ1bVRHeFh5V2s1MU1SZU1TMkpwb0dNcDRMSkpUQXJDdw?oc=5,0.296,positive
2026-08-05,2026-08-07,PEP,"PepsiCo Inc (NASDAQ: PEP) exec moves 5,688 and 1,320 shares to GRAT 2 - stocktitan.net",stocktitan.net,https://news.google.com/rss/articles/CBMipwFBVV95cUxQNmN1M3NVRDNMejI0ZkJNUF9GTGtRM2xqUTdrMmhMOXJtREh1V2U1NGpoTzBLaXk0UlAwbzgxY3JMRTVhWkxHbjNyb2dyUW5oRFhrdFl3ZHhLbDBXUE5WZWNlYUhxdTg2Mnc5QjRjdVphcnpOMVh6WDQ0WERkWlo3WVpTdEhrSXZ1bVRHeFh5V2s1MU1SZU1TMkpwb0dNcDRMSkpUQXJDdw?oc=5,0.296,positive
2026-08-06,2026-08-07,PEP,PepsiCo (PEP) Stock Looks Reasonable Despite Low Carbon Supply Chain News - simplywall.st,simplywall.st,https://news.google.com/rss/articles/CBMi2gFBVV95cUxOdFhuSC1PMmw4REw5Wlo1c1pNRC1mcEkwYUVKRmg2VWZoME80ekJLTDZOVzFLaXBfOUdrUUtQdGVKXzlhRmNnUnFrVXJXcGJCbTQzTFhzY1Y1R1RBa1FoRnpXWXVCcVZDZS1vU2hGelp4RVc1dm9GQk9UMFFiRTVSa1dhcW95NkF2dE5IUFhSMFNRMW1FeTRWY1FxcDdWTmZGQjBLa0FsTFVEaXRHMDVKdlBfTHhXMzBSbTFrOXhFVGlNV1ZsaDlUZjc5ZGNkZGZhTC1jdFVGMW9CZ9IB2gFBVV95cUxOdFhuSC1PMmw4REw5Wlo1c1pNRC1mcEkwYUVKRmg2VWZoME80ekJLTDZOVzFLaXBfOUdrUUtQdGVKXzlhRmNnUnFrVXJXcGJCbTQzTFhzY1Y1R1RBa1FoRnpXWXVCcVZDZS1vU2hGelp4RVc1dm9GQk9UMFFiRTVSa1dhcW95NkF2dE5IUFhSMFNRMW1FeTRWY1FxcDdWTmZGQjBLa0FsTFVEaXRHMDVKdlBfTHhXMzBSbTFrOXhFVGlNV1ZsaDlUZjc5ZGNkZGZhTC1jdFVGMW9CZw?oc=5,0.2057,positive
2026-08-06,2026-08-07,PEP,Pepsi Stock: Where Is The Sense Of Urgency? (NASDAQ:PEP) - Seeking Alpha,Seeking Alpha,https://news.google.com/rss/articles/CBMiggFBVV95cUxNejJ1Q0RsallCTUhqNkJ0Rk5FdmZ3REtnVWoyWWRzdGFxcXB6bFEtazU1a3VEek90SzdHZlhXelA5NzdrYjRGUEN3M05PMEE3cWJiQXYtTDk0MzhfbURvY2xDcV9od0VCeXJIa0pUMW1ZX3JBQ180LVFybWU5ckZyUlNR?oc=5,0.0,neutral
2026-08-06,2026-08-07,PEP,PepsiCo's 90% Payout Ratio Looks Unsustainable. The Dividend King's Earnings Acceleration Changes the Math - 24/7 Wall St.,24/7 Wall St.,https://news.google.com/rss/articles/CBMi3wFBVV95cUxOQ1ZOa2xfcTdmNkRPeDBsVTVjdEhadVRqdjRFdWRrcUtObnNIWFdDXzBlZWdtY2FHSko5aW45RmZFTTRHLTlOemdGM1JLSTlvTzZRZjZvRjZ5UnNQZ2kxc2VrVV9nUTRweFRjX2ZwNHpkUFVyM3JSTnJVclRlRjMxRnQyaVlLVnZvM2FYNmdwNVl2b0ZnVEtGdFZrekVxMVdDWVZRSjZMemh1NFdnaGJWalVfT3RRWlhJZUFYT1RIbDlHOTZKQ0xILWxLZjgwbVRSR0JMT2dHUy0xM04xaTNz?oc=5,0.0,neutral
2026-08-06,2026-08-10,PEP,PepsiCo Lags Coca-Cola as Domestic Sales Stumble - Yahoo Finance,Yahoo Finance,https://news.google.com/rss/articles/CBMinAFBVV95cUxQcllUR3BqOVB1eEMxMnJFcmFiOU1vWnpCN29VUXhvM1pxYTMteXRuc3JVbVpCa1BsaVB5NHlqZGQ1c0V5dDYyYXZqT18tS3lPeXJFcmQ2LV83WDRwRUd0ZThIWXhmYWFhdzRKc0VHZHhFZHJ5Q0l3clRidHZKd1N2dUZfVjJtUW1JdUZzYkZLOXpWb2tNNVRZTmRpNWg?oc=5,-0.3612,negative
2026-08-07,2026-08-07,PEP,"NewEdge Advisors LLC Has $35.71 Million Stake in PepsiCo, Inc. $PEP - MarketBeat",MarketBeat,https://news.google.com/rss/articles/CBMiwAFBVV95cUxNdmdhdFRPUWtZQ2JIcTdBejN2aXZaZmN4b1FJUGx3RlNQQWdEZk45VWJwWld6VkY5YzJmTnBZX1JURDg5N0RpVjlQV3dpQlhwVnNCZVRaaEFuTXpzR0xpUGN4RnpWczVjUl9MdU95Y3F6NWhCRjJUV3BRdlVNelpQRThPNTN0eldZWnlubWt1VWwyYjZWTWJUZGd6MlBhRV83SXItR0R4MS1xM0FkVnRCRnJfS01LLWl4ZkEwWkZZNmg?oc=5,0.0,neutral
2026-08-07,2026-08-07,PEP,"Cohen Capital Management Inc. Has $12.24 Million Stake in PepsiCo, Inc. $PEP - MarketBeat",MarketBeat,https://news.google.com/rss/articles/CBMiywFBVV95cUxNTDJJUUZBSWpUcS1nZ1pIZmxzdzhka2phZzViUWVYT3JjaDB0b2JCSXB4LWJYYzZFTlRhbXdwb1ZUUEMyRXVUNzNhdWhHRU50Q3NfemhMbTBZZ3IzSG0zb21UNU9ST0V2Z002MG5aZnFrUUR5SmxQa3F1cGE4YklONXQzY2htWGNya3duYnhfblVncUFTc01GUUxEcU9NMURrWGFGWWZFVVJIbjZkemhLcFU4LUxacEFNTklIOWtwa3lvUVhkSnJSRFZ6aw?oc=5,0.0,neutral
2026-08-07,2026-08-07,PEP,"Czech National Bank Purchases 16,834 Shares of PepsiCo, Inc. $PEP - MarketBeat",MarketBeat,https://news.google.com/rss/articles/CBMivwFBVV95cUxNcHFsV3pHaV92WTB1TUFxZG5URS1JbGNlUzJ0TC1tUWt6X1FwanQza1BtMTU0SXVPLXFVZGIwY1dpYzFYVVo3cHFuQW1TN3RraE5DQWtqRDl1cXJRNkk0UWNISEdWb2RFUHVLLUtLaENQWm5pd3ZRaVVveGF6TVEwRTBiYUlzNFNoUzdqNHVSWUcwM1Z1QXhSU1FabjB5VDZ3V2x4eHNINTlwbnFkSkRWcEVNb05qY3BHbThraHpyZw?oc=5,0.296,positive
2026-08-07,2026-08-10,PEP,PepsiCo (PEP) Stock Looks Reasonable As Shares Fell 16% In 3 Years - Yahoo Finance,Yahoo Finance,https://news.google.com/rss/articles/CBMioAFBVV95cUxObEI3cGVBQkk4WWU3ZUFQc01fdW0yZE1xS1E0c0FRN1dYNV9sU1RKdWFhQTNLeF96cFlDc0toTVp3SnkwOWJhS0ZuNTVMb2Y0S1NMWmpFSHYxWUg5MThTLURKWnNtTnRHeGNUbkgyb1RDYUMyNDh4YXlhVVNUektqendoWE1oWE15YU43WFl4VS1aZjdYS1pxUVBQV0VkR3Za?oc=5,0.296,positive
2026-08-07,2026-08-10,PEP,Are Wall Street Analysts Predicting PepsiCo Stock Will Climb or Sink? - Barchart.com,Barchart.com,https://news.google.com/rss/articles/CBMisgFBVV95cUxQUnRtbk1YZHNKM0ZqWlppY1ozYWFSb1ZxUVh2ZEVEQ2tYelVXUDMtTlpuV0pQMVAyVkdmX2sxRUp3UWtFMEw5QUs5X1ZxVHBLRFQ5U0RyMEJ4SWtYYkpwbjVaNW1TaXg4YUhmLURFNVNxZlRTcW5GVUFMdEtvb1B2WTQ5Q0dscGN5V1h4TmEtWHpDOWhJQ1hHRDJzZTFoSzJaVXJxQzhkOW1DdFU1T0tDZ3Zn?oc=5,0.0,neutral
2026-08-07,2026-08-10,PEP,"Robert C. Pohlad shifts PepsiCo (PEP) stake with 900,000-share distribution - Stock Titan",Stock Titan,https://news.google.com/rss/articles/CBMipwFBVV95cUxQdlhnaEItU1FTaVhvd1NoRk9rU05YUjFMb05CQWg4THk3Z3h3MEEtVFZvZTM2T3lxSlg4OG9ZRjdONzhjM3JERUo1eU5JeHpPRVd0TlFSanBWR0JXR3pzbmlHcFRCcW82NFE2SU5oYnYwMzJQZmVvM3NXalZCcDdjdGFjWVhTNktSOUNTcWhWTTM4b1JqSFlTaUREaDJHNzctNk9zQWZXUQ?oc=5,0.0,neutral
2026-08-07,2026-08-12,PEP,Are Wall Street Analysts Predicting PepsiCo Stock Will Climb or Sink? - Yahoo Finance,Yahoo Finance,https://news.google.com/rss/articles/CBMipwFBVV95cUxOOXVzdk5SamZNTzhmMUl5Ukp5dDlPdXE0M29uUTNMR3VqRUJGVHpQaE9tLV83XzUzMnpWazZoaG9tamNDcTZjcUQ5R2RNcVE0ZVJPNTV6NzdxNklrVmFuS0l2TXo2VS1FTEVoVzFUbFJWV1pPNm5PV3BwUjVSLWx2WWJzYU9oSkpFNlpIVEdfelljVUhick1jV0NoYXJxV3luVzNsSzZvbw?oc=5,0.0,neutral
2026-08-08,2026-08-10,PEP,"PepsiCo, Inc. $PEP Shares Sold by Avior Wealth Management LLC - marketbeat.com",marketbeat.com,https://news.google.com/rss/articles/CBMiuwFBVV95cUxOUU12eVBPWmtiZWw2OThUMU51RzdNdVlzM1lnbTNwQWt6UFdXNlpJTHlRa0w5bDNZXzkycmdsMS1iS3FJZTQtVlc4bjR4WmJyMGpNQnpRd05yVnJIYkJSYXh0d3RoUGgyMW1DalFkVHhrOHFMQlYwSGlfdXMwOVpsdGtpTUd4V0hWYWNueElKOHhwOEZNd3c3NFlsQlI4NUVPYjh4Z1RSZDM0cS1DTE1SenpDQl8zSFl2S0tZ?oc=5,0.6597,positive
2026-08-08,2026-08-10,PEP,"PepsiCo, Inc. $PEP Shares Acquired by Professional Advisory Services Inc. - marketbeat.com",marketbeat.com,https://news.google.com/rss/articles/CBMiygFBVV95cUxNcTk4SnNfbUc3YTNUV3c1X3FkMzlYRVpOZFk1aEFhclRBMGtSdGRfY3JGSHRrRVZLM3Z0OWwtRUlncDJ4d3ptRy1TRFQzM0lTUGpubmJRNW1uUm1mOTFtVTZyWDIwTk1nVGZKME9Ba2dxUTRrcUZrR0dXQjBjU1ZZb3ZrbkdNMld6MHp1SVpaNmhZRzBWVE1lbkVna2liSXl2OXNKdE9uRWtNQWRjclJIOVRCUW9ZU2xNMUE2SVFSWXRTV2dYV1J2M1J3?oc=5,0.296,positive
2026-08-09,2026-08-10,PEP,"Here's How Many Shares of PepsiCo You'd Need for $20,000 in Yearly Dividends - The Globe and Mail",The Globe and Mail,https://news.google.com/rss/articles/CBMi7AFBVV95cUxPZEhRRWlJOFBJQS1BUkpEWmdBUGtEYTJyT0lmdUtBRVRhQXg1eTR0WV9PaHptY01hb0gzcWZ2R3dPMnJ3cjBBOEdGZTJUdWpWS0pLVVlyWUo2Vkd3Yjk1RnBBVGFNSi1wS0UxazV6bFVOa205WlJGRkp3dEotT0VZSkFHNWVjOGF6SURIdkx0TThDSFh3NG9scXhFUmlQeHdVRnMyRENpNk50Q3B0VFBKRkNaR2dIYmkxQ2lzQms5RGM5WmRqT0d0SE1zS2EwYkVYMjd4SVFnZ3UzTF8zWnRsZWVZOVd5dEdQOS1tbg?oc=5,0.296,positive
2026-08-09,2026-08-11,PEP,"Here's How Many Shares of PepsiCo You'd Need for $20,000 in Yearly Dividends - Yahoo Finance",Yahoo Finance,https://news.google.com/rss/articles/CBMimwFBVV95cUxQU0pqREU0bEFjNDhmbkh1QmhjbXo0TUpXYU1acWpZeUhwZi1LQlBVbVJIRDdwMy1ERXBlZlg4QjE2MEk4ZDBVam5nSDNSRnNOcFVjYVpmcXBUai04WTJOdTlKc25rNmpCb2dCSXFoRE40aUl6Qm0xSUcyOUFGS1FnZ2NRblJVa21YV01IckR3bWdUR1hSRlYtaUgzdw?oc=5,0.296,positive
2026-08-10,2026-08-10,PEP,Fund Update: New $87.9M $PEP stock position opened by JUPITER ASSET MANAGEMENT LTD - Quiver Quantitative,Quiver Quantitative,https://news.google.com/rss/articles/CBMivgFBVV95cUxPODhWLTkwV0RNa2lhYXlEQ3phSTRkMWN5V3JZbXBnek9JcjEzWDFrVzEzUGozX2lVM2lLbDNqN0VDOTVvZnhtcFBKc2h3SDlFejdUQmZDNzhVYWVCdGUzUG5wRm9WeUY3Ykx5c0lob3dPX2dpMkhwV183cExyTmZXT240TVFJVFdRZ3hlVS11LXJQQlo0TTBYZFlSTEt0ZFpMX1NSTGpuMS1aMGtUNnVLYXRhNU16eE1Vd2NpUER3?oc=5,0.4995,positive
2026-08-10,2026-08-10,PEP,3 Cash-Producing Stocks We Approach with Caution - StockStory,StockStory,https://news.google.com/rss/articles/CBMirwFBVV95cUxOcF9PaVg4MG1Lekh4VnZzTkE4WTJ0dXI1b3hvTzdIMmU5THlEdHJwWTB1Q2RLYkJlbElwSnZ3bk5jeGlHR09fSVhMLU0zTmZfd21xVXpRaEJkaFlSck94ZjAySERZSmtzSTN3U0FrY2ZrNmdWWEI1SXdaQnQyVE1EcUlZdndNNTM3cUM2N2VBNzFjWWxaenJMbTM1Q1BabldJRWowamRHT29yanNLSU44?oc=5,0.0,neutral
2026-08-10,2026-08-10,PEP,"Franklin Street Advisors Inc. NC Sells 11,108 Shares of PepsiCo, Inc. $PEP - marketbeat.com",marketbeat.com,https://news.google.com/rss/articles/CBMiygFBVV95cUxQaVRzeEMxQkFHazIyS3MtNzRhdTJ3bTJIN3FhZXRtajNudktpOS0yNkNCbGFReGNzMDNua3FvQy1ZQ2o2bTk1dGdUWFhfWlJIaDFwcFY5ZXJ6UFdGMFRoVENvS1B1eExEVjRZNXR6VGtKSFlxczV2TEFQd0RMeTFrbUNpLUtRZXFNTEN4ZzRWd2VsOGEzTlotT2VsRllGMXFTR1ljazczWGt6a2ROQUxOaUdfZFpQVEx6TVE2dkM5QVFZQVBCSDE5WWJB?oc=5,0.296,positive
2026-08-10,2026-08-10,PEP,PepsiCo Inc (PEP) Stock News Today - TradingKey,TradingKey,https://news.google.com/rss/articles/CBMiX0FVX3lxTE56LWMzY3JhR1R5MThrVUMyVjhBY2N1eTB0SGRJaDE0cmZGdzJnWGhJLV9FUUwyT1QxQlpzeW9VcHN5N3ZWenF6YTEzZWFlaEZibVQzVW1XbFpMdVU2eUJV?oc=5,0.0,neutral
2026-08-10,2026-08-11,PEP,PepsiCo Stock Rebounds From 52-Week Lows; Can Q2 Earnings Fuel a Bigger Rally? - TradingKey,TradingKey,https://news.google.com/rss/articles/CBMi1AFBVV95cUxQSWtjeVctTnZoWm9PWVFQc3Zrc3NwRmJXbml5WTV4aVR4eFlFNWF3MTZFQTBQaEpEZm0zSE9DNk1FR2M5a3BmUXZQREZTT1hBMm5lNlVqWTdfZklLNHVXZ0ZGVktobTU1NXJ2WEpmdmliNk1scks2b3Zid0MzMlBadnJ6TE9BWm5DTnFVU2swMUg4SWNRcE9DUmhvX0dDcnREaHhHZlRPLUwyREZDTzdNUnVJLVJiNk9tWUNSTGRGdFcyNEI1WkZoNUl3WGVrZURHN1lldw?oc=5,-0.2023,negative
2026-08-10,2026-08-11,PEP,PepsiCo's Foods Segment: Sustainable Recovery or Temporary Relief? - The Globe and Mail,The Globe and Mail,https://news.google.com/rss/articles/CBMi3wFBVV95cUxNbGhyNkI0TW9zaEZNUkFtS0JreUZmQ1NxOTQwVGxHQzRTOTUzRC0tYmZVX2V1QWxmS29vRXltQlE3VVVoOVhnZzZuUEJaTG01THhOSFFqSnBOeFY2RGN4ZzdjZUhTUEtka3FPRGNiVldKU1ljM3M2VEhsVF9jVUw3bVhNUGw0LWs5NzdHTlRJR2Z3MEVBN25sZ3dzR1M5WmVCbThWTmtrTFRmTXBlcmhPeGFBQ0RXRFNMaXg4aTJMYUdSbS12Njh2a1l2bG54V2wzVHlaT3hOTlhjWFlqdkdv?oc=5,0.4767,positive
2026-08-10,2026-08-11,PEP,"Franklin Street Advisors Inc. NC Sells 11,108 Shares of PepsiCo, Inc. $PEP - MarketBeat",MarketBeat,https://news.google.com/rss/articles/CBMiygFBVV95cUxQaVRzeEMxQkFHazIyS3MtNzRhdTJ3bTJIN3FhZXRtajNudktpOS0yNkNCbGFReGNzMDNua3FvQy1ZQ2o2bTk1dGdUWFhfWlJIaDFwcFY5ZXJ6UFdGMFRoVENvS1B1eExEVjRZNXR6VGtKSFlxczV2TEFQd0RMeTFrbUNpLUtRZXFNTEN4ZzRWd2VsOGEzTlotT2VsRllGMXFTR1ljazczWGt6a2ROQUxOaUdfZFpQVEx6TVE2dkM5QVFZQVBCSDE5WWJB?oc=5,0.296,positive
2026-08-11,2026-08-11,PEP,"Handelsbanken Fonder AB Has $76.14 Million Position in PepsiCo, Inc. $PEP - MarketBeat",MarketBeat,https://news.google.com/rss/articles/CBMiyAFBVV95cUxPZno4NFNkeW5acFN2X0liejJqaU9kaHBpdWtmbS1YX2ZPd3hQdTEwYVNQSERWdk80Vlh0Z1RqV3pYZHVTZkY3Y0VqczhCeEdEbGl4anRYenJ0Yk1TY2tKdmVqeWJXaTlSeURxbDNnQ1ZuVFdKRXFYejJwWGotYWhLQzZwYjhTZU8wcXNYN3U0ZUx0YVpwSTN2bDhFVkhQbnVCZGV2ZXotdkNyTk5nanZDNFRzb1htUWhrQ1FSTFc0U3V0cHNZUFZPcA?oc=5,0.0,neutral
2026-08-11,2026-08-12,PEP,Coca-Cola vs. PepsiCo Stock After Q2 Earnings: Which Is the Better Buy? - Finviz,Finviz,https://news.google.com/rss/articles/CBMioAFBVV95cUxPclJPNWdXWmdXLUpPLUppRnpPT2tPYzRLbE9wdC1MSTBVcmpLeVUxVzJ2cXhwNU5RcTFZRnFjQ1lYRER2cTFBeThIb29PUEtrSU9wRnc1bXpEY21ZcEFiTUxfX1ROanI5S0dtZGt5M25nYjNRbnhhUWNqQmw5ak9IZENvSVVBS2xKay0weEl5bFk3a1NkSDQzNmxJU2t0V2xs?oc=5,0.4404,positive
2026-08-11,2026-08-12,PEP,PepsiCo Stock Drops 9.3% in 3 Months: Buy the Dip or Stay Wary? - TradingView,TradingView,https://news.google.com/rss/articles/CBMitwFBVV95cUxPRlg2VHhqYldtNWpWVldfa1E0bzRmTnZ4cllwYW1pNGx0S0NNSkxZQjhUWUs4YklqdEdQUFo5endweFRDeGdobFNObzgwYXRuUXZvb1l5MUtaSjJMZXdtOHNwUTdBYzJYZ0lHSXAwNXl5T2hrQmo0QUFlR1o4b3g2M3dHZFRiREJSSi1iblRpM1FFY1MtQXVSbzNGVU50djJXUHhWYmRiRzhCQUhYN2RvMi00YjRZVEE?oc=5,0.0,neutral
2026-08-11,2026-08-13,PEP,Coca-Cola vs. PepsiCo Stock After Q2 Earnings: Which Is the Better Buy? - Yahoo Finance,Yahoo Finance,https://news.google.com/rss/articles/CBMilgFBVV95cUxOWkRobkp2aXBwSk96SzVXLW9XVjVSQ3hqZG9wcGVMc0tZTk1jVVpQa2FZRW9PQjQ0TENVNVhrbzRQWURPUjEyeG1PSzRQYTRRNDFzV19QV1FKZjJwZUpidGRpZmpuYV9KejdvMTduY2NPSU8xa2lHMTVPcGpXRmNhRXNsWmFjU2tKNGNTNmZxVHVKTW5mdnc?oc=5,0.4404,positive
2026-08-11,2026-08-13,PEP,PepsiCo Stock Drops 9.3% in 3 Months: Buy the Dip or Stay Wary? - Zacks Investment Research,Zacks Investment Research,https://news.google.com/rss/articles/CBMiogFBVV95cUxQMWh5Yk1ZYzhmUVB2aVF3OUh1RFlFZGV6QkhtazlDcmZ2S2N0Mms2dDB2VnBVeWRmT01XYzFFRTJyMUpvYTg5VmhzblZjRFZZdThhS2M1N18zQzM3dnJIOFVlR1JidzkyMklRejNMMGNNeEZkR2JPb0ctWnQwVVczUVZDZW1pTXB2Z0plamZXVHh2eDdJRDNKZlB0VW5EMlNkTUE?oc=5,0.0,neutral
2026-08-11,2026-08-17,PEP,PepsiCo Stock Drops 9.3% in 3 Months: Buy the Dip or Stay Wary? - Yahoo Finance,Yahoo Finance,https://news.google.com/rss/articles/CBMikgFBVV95cUxOTG90R3dsQ1hnclF4SVhHUHVhRVVIaDRWNXhDdzVHTDVVYUhkc0ZuTzRqUzM0WVpBV1g0NzNlRlN4b3pBd3kwNHhoQ3Jxd3JLb2pzdGNZa040bWw5cEpQaUZLY3FlclFob29WN0ZzeS14MXc2eDRuLVYzWWJFeVoySzhROVd1akFnanBEYVVyZDVrQQ?oc=5,0.0,neutral
2026-08-11,2026-08-17,PEP,Coca-Cola vs. PepsiCo Stock After Q2 Earnings: Which Is the Better Buy? - Zacks Investment Research,Zacks Investment Research,https://news.google.com/rss/articles/CBMirgFBVV95cUxOQWRXd2I5R21Kb0sySDJWNTlJY3lvQlItbEpsMUVHRDF2YjQyb3djRGZ1cXVYc0pONUdkcUw1V2x5NC1DTEh2M05WRml5Q3VMSnpQZjBqN2VMbjhlcy1TcUtOMEZ3TkdGVVRNQ2NTVi1CY1NINWJfYTRfaXVSbF9UOXdTRE5KM0tpZnhGem5wRWh5OVhGSjItOVRJQmFLR0dnRWg5OFVWQmRhTEhkUVE?oc=5,0.4404,positive
2026-08-12,2026-08-12,PEP,PepsiCo Stock Has Stalled. Here Is Why the Second Half of 2026 Could Be Its Turning Point. - The Motley Fool,The Motley Fool,https://news.google.com/rss/articles/CBMimAFBVV95cUxNOE03ZHBVVVEzVHJYR0RfeTh5XzJwY193S1d1TV9DdUZyZWlDTDlpMnBDVVZZWmlFNHJueWpnV05sQ09aZnFlc2dYQ2NsZFhhTTV3eDFMdG4zZk5pTnFoMXFkUzFfT2J0enk2MENmMXBMaVMxYVFFa2ttYkE2ZUFnY1hZX2xtYTktSEJlTjd4VTFQblVQMjNQQw?oc=5,-0.5719,negative
2026-08-12,2026-08-12,PEP,PepsiCo Stock Has Stalled. Here Is Why the Second Half of 2026 Could Be Its Turning Point. - The Globe and Mail,The Globe and Mail,https://news.google.com/rss/articles/CBMiggJBVV95cUxOXzJUSXl1cTlDV0xWbWtidGRYNlU4S1RuYWt2aW1IOHZMeGdGNFo0YURkdmVnR19UTnIxNEV0M1ZRYVptSGVubllKZlgzVy1xeUFid1RjWEx2MGhYSGJjNmtaYmdBUjZTODE3b0VNRVFFczgySjMtQ1duX3c1OEdNWnNPRFpZb0VPcUhfSzM0U1QzU1Z5T0NIbzVPUXl1aE03ZndRSDg4Q0R5REVnY0h0RE0zY2l2b1VEOXZCZ3RBYm9CZW1OT2FRRDlPRG1aazhxVnBRVHJBY2ZKcGhTWndPbng4djVOX3h5ODlLZnVvaVhOekQ5YUlwZTVOb1dhODk4YlE?oc=5,-0.2023,negative
2026-08-12,2026-08-12,PEP,"G&S Capital LLC Makes New Investment in PepsiCo, Inc. $PEP - MarketBeat",MarketBeat,https://news.google.com/rss/articles/CBMitgFBVV95cUxQOWp4bGJlak1uUFZ5N3lKZ2tXWEJpWDF1MjNseS1VWE1pUWV6czNpcVQtVmVwLUphRHdVazlJWmRNR1JRWUFNNlp6ZS01T0tuYU9oaTJwVVJ2Z01MOEVod21hbkxLbmtLR1lwX3J6TzQ0VWtKcDN3VjRhOExObURSdlNoWld1eXBDNE10SVh5NGRUOW5XUl8xaHZLbEc5V3ozd0doeFZUWjh6aGVlWjZnMXJ1b0hkZw?oc=5,0.0,neutral
2026-08-12,2026-08-12,PEP,"Diversified Management Inc. Lowers Stake in PepsiCo, Inc. $PEP - MarketBeat",MarketBeat,https://news.google.com/rss/articles/CBMiuwFBVV95cUxQZGNFNGk0RVZPMGpvTzVJUWNxNGxQemZXc0JCOWhQM2dWRnhxVUhqQVE1LXc3YmVZZnZZbTBGQzZ2Y0pxYXdjdTNvNnpYVFNjSF9xWDROSUVtVjUyS01laDM2RHVuSDUyX29DUEhzVFo0Z0ozMFVPVGVMVFRGbkUtMS1IUEVQb2lZMkRRSVJCNDI1Tlc1TUhybWZTRWlfbUJURE9UWFhPUE5RYTB1NS1uS2ZBeXoweTlIVXZV?oc=5,-0.128,negative
2026-08-12,2026-08-13,PEP,Is Investing in Coca-Cola Stock Near an All-Time High a Better Buy Than PepsiCo Under $140 Per Share? - fool.com,fool.com,https://news.google.com/rss/articles/CBMikAFBVV95cUxOdHZQeTdabk5HY2ZLaXB3MDNYcVRRam1qUEJycUpDUXBRWjB1RmNzd0t5Qi1KeFZDQ3NCLTdRUzRwMTNONE9rcE91MFpwX1Y3X0VVWnRURTViZm1qZ21sNGFRZThGVnVDbTRKM2kySkVEaGtyZnVCdzJIWFpYV0FGZTAzZHBCcXFBZEhmeFg3T2g?oc=5,0.6249,positive
2026-08-12,2026-08-13,PEP,PepsiCo Stock Has Stalled. Here Is Why the Second Half of 2026 Could Be Its Turning Point. - fool.com,fool.com,https://news.google.com/rss/articles/CBMimAFBVV95cUxNOE03ZHBVVVEzVHJYR0RfeTh5XzJwY193S1d1TV9DdUZyZWlDTDlpMnBDVVZZWmlFNHJueWpnV05sQ09aZnFlc2dYQ2NsZFhhTTV3eDFMdG4zZk5pTnFoMXFkUzFfT2J0enk2MENmMXBMaVMxYVFFa2ttYkE2ZUFnY1hZX2xtYTktSEJlTjd4VTFQblVQMjNQQw?oc=5,-0.2023,negative
2026-08-12,2026-08-13,PEP,Airbnb vs. PepsiCo: Which Stock Is a Better Buy in 2026? - Yahoo Finance,Yahoo Finance,https://news.google.com/rss/articles/CBMimwFBVV95cUxNaXNvUGtCU293bHM3SWljaW1TUXA1cTJtcjNSU2E0LU5DNndGWlBDZVYzbklSMDZNN29kLWplMm1lQ3hxRmtQVHljR2QxMWN0R0RDWUJ1WnlFZXdNejJaWWRwbGIxeFNBMHJrTVdtOEJiVUQzMGxoWjVhUjZjdndRTFNSb2FZeTZBMW8wRlA2d3A4cXpvdUtwT2VkTQ?oc=5,0.4404,positive
2026-08-12,2026-08-13,PEP,PepsiCo Stock Has Stalled. Here Is Why the Second Half of 2026 Could Be Its Turning Point. - Yahoo Finance,Yahoo Finance,https://news.google.com/rss/articles/CBMingFBVV95cUxNSV9hNmtubzZxUHdxajFUc04zRDJpNGwydW16UzVNc3N3cHdCRXU0dFBtakRRdmdGZlRpb21Tb1B4ZGN6d09pUVQ5ZEhSYlJHUWFtQl90RGhueW9YVFZ4SGlWNndMUjB6R2Jqc1JYRVlUd2pCS3Z1b21saVdxXzRtdHN3V2hlVGxZd2dTQUZ1LVFrMWZXdlo0UjhJd29Wdw?oc=5,-0.2023,negative
2026-08-12,2026-08-14,PEP,Is Investing in Coca-Cola Stock Near an All-Time High a Better Buy Than PepsiCo Under $140 Per Share? - The Motley Fool,The Motley Fool,https://news.google.com/rss/articles/CBMikAFBVV95cUxOdHZQeTdabk5HY2ZLaXB3MDNYcVRRam1qUEJycUpDUXBRWjB1RmNzd0t5Qi1KeFZDQ3NCLTdRUzRwMTNONE9rcE91MFpwX1Y3X0VVWnRURTViZm1qZ21sNGFRZThGVnVDbTRKM2kySkVEaGtyZnVCdzJIWFpYV0FGZTAzZHBCcXFBZEhmeFg3T2g?oc=5,0.296,positive
2026-08-13,2026-08-13,PEP,"Moody Lynn Lieberson & Walker LLC Reduces Stock Position in PepsiCo, Inc. $PEP - MarketBeat",MarketBeat,https://news.google.com/rss/articles/CBMizwFBVV95cUxNMnVPRU9NS0xqU0ZTclRjMk5vX1o3UHRTQ3VzWmUtWmNLX2h1RUR6SHJwNktYdTR4NXNGY205WnpaM2hVaWlubGFPc1NOc215elNSUzlvSzRKSHYwNHpTNHBKQzJlWE1SSFRhNmdoODU4V0xGYTBFTHQ3QWN4eld4R3FVcWwzNXF2M1k2SzBoLWl2a1I4dk8xbHNTblB4UFhOMXNMRlJsWXNCWTlRSkdFWmRGWnVzdjV6OV9ObzNFbkF3VElxa1ZPYnp6ZTdWdlk?oc=5,-0.3612,negative
2026-08-13,2026-08-13,PEP,"PepsiCo, Inc. $PEP Shares Acquired by Mission Wealth Management LP - MarketBeat",MarketBeat,https://news.google.com/rss/articles/CBMiwgFBVV95cUxPaFROcUNZSnlIcWo5SG4xaFEtX3hWYXNidC1PbUdiOThlU2pINEY2eUItc1I2WWhFaTJwXzI5TTBrOVE5cUNMV25nMlEzSUMwVXpwblVmQjhDLVNwZ09yUVFhTVN0Q3hvSHpOdzBkajZ1SGpzbnhuT3BKWGlMYUlHM2RIWEdiWGk3T0lLbnNsWVpxbE9IZGtaaU83OTZBN1Nwdm52QXdwdXRwQzNBNmhkNEZ0cUlUSUI0WVpiQWdybkJ2UQ?oc=5,0.6597,positive
2026-08-13,2026-08-13,PEP,"26,529 Shares in PepsiCo, Inc. $PEP Acquired by Prevail Innovative Wealth Advisors LLC - MarketBeat",MarketBeat,https://news.google.com/rss/articles/CBMi2wFBVV95cUxNeUpfaFd3NUYxZ2dZYmpwNG1BLU9HV3l3RU1YYk1NLWRDZzJ2S0xnNzZ4N2MyZl90alVVN3JEUU5TdG9sMFVVOUZUV1BGRXlCOEhKc0paTmIzaVZXSXRReWxpaXY2VG16elFLT2ZGU2Q5SXVXRUdWdUh0b1UwU1BaLU14VVN3U05DZE1BYW1wZUxfdWhqWHE2ZVdOX1ZSV1ZHOUlqQ2NUYXVFbUJKZGhiSG9hRnl2cXE4eEVWaU1fZ0UwMlNrRFJwQkM5OUVOOWFoY3hsWFZPU0Y4alE?oc=5,0.8074,positive
2026-08-13,2026-08-13,PEP,"Rep. Mike Kelly Sells Off Shares of PepsiCo, Inc. (NASDAQ:PEP) - MarketBeat",MarketBeat,https://news.google.com/rss/articles/CBMirwFBVV95cUxNVjd5aXpoME9kRWppS09TMTZEaTJaMGx2T09oSGk1Vlhpa1RoX3ZWMHNPTmVTajYtVGdmM04zakZkV0NIT3l0c0g3TUgySjJlSjJQOEYzTGJ4a3JhYjM1andncU5jY3hFWjBGRHlxTks3ekR3c0JCc0ExNXVTdVUxa3RVNFJQZVVFaV83dkdMd0RSckZNQ2tST0cwdHdoREZZdGZKaURxMkRMSzZ0MVpZ?oc=5,0.296,positive
2026-08-13,2026-08-14,PEP,PepsiCo: A Behemoth Trading At A Decade-Low Valuation (NASDAQ:PEP) - Seeking Alpha,Seeking Alpha,https://news.google.com/rss/articles/CBMikwFBVV95cUxOejlSV2E1TVRfcTJqaFFpX2FocmJJclNZWUk1em1BU1k3bGlZVVllLXRWXzNxaWRnaGlqbHRXQ2daSDdFZFF4VVc0YXk0d0xwamVjc0NVZ2VUYUhzbU56eGhJUXVwTXB2ZHdTajZQeDlpZ19jYk5od2o4Z0E4TS1fOW42bkJrZEFidmRGSlUwWXY1QjA?oc=5,0.0,neutral
2026-08-13,2026-08-14,PEP,"PepsiCo (PEP) Expands With Alvalle And NFL Deal, Is It Still A Bargain? - simplywall.st",simplywall.st,https://news.google.com/rss/articles/CBMi0wFBVV95cUxOaWFXaVZxSlRiLU9oQU1uLTlHcGhaczFHb25QM2R5dXZ0ZHlzMHR1aTRUdmJfdGk2dldmejBvRUNCNXA2ZzFqeHNOR25MS1ZfZk1KdmFqcUdLYTJ1MFE1ei1KdWMxRzREU2pueG8tMXU4WVJwS01ONllOaTFscGZWbVdwUGZscl9Zc05RSWY1UVVwcWtnT3NlaFpvNmlMYmN6R1Q0MTBWRng5Zy1vNktGMkJpS0lzWU5tS2VTbjV4aUp4VzBFWXFtbjdmZ2EtQlFGZ29R0gHYAUFVX3lxTE56UHlKQXZnYkRfdTVmMS1HMDJTMnRvNmtKNHVMV1lCLUx4REZVT2hCdE05bUxpUDRQd2RXYllVV3BhZHFOamItcnkzZ3UzNUVTTlRub3d4T2RRU3VrOEU1SlNWQXdaamd2TXkzZi14bUdxbm43ajFFSUsxaElWNlcwZGc4eDE4ZFd2M1l0ajFhNlU4WWF6WGxHeUJacW9fYXVaZFkyMGU5MXYxaDlGVkYxODlLT0lGRHhLUEZ0Q1I5SWV5dzVTSkhacjFiYlJBSkFkcjNxV2VLQQ?oc=5,0.296,positive
2026-08-13,2026-08-14,PEP,PepsiCo Used 18% Recycled Plastic in Key Markets for Primary Packaging - Stock Titan,Stock Titan,https://news.google.com/rss/articles/CBMirAFBVV95cUxOYVgxOGFCSjJZVGFtb0NmQjNhOFk4bVBmeExac3hpNGlXZTd5ekJZSDdDdjJGcU1nMG1EYlA5VkV1R21DcmNZNk1tZ1BKdWl1WWEzcVl4SWFqa0RLQkpGTFZUM1B4NWdCaHUzMmVMX0Z5WENxelYzNFJORFlIZUt0N1FLajNUdDlEdWN2akpHQUFVWl9hc00xLXN3OHZQcDI4VDN1V3VHZXd5UGVC?oc=5,0.0,neutral
2026-08-14,2026-08-14,PEP,"Gateway Investment Advisers LLC Decreases Stock Holdings in PepsiCo, Inc. $PEP - MarketBeat",MarketBeat,https://news.google.com/rss/articles/CBMi0gFBVV95cUxPcnZGUzZMM25ra1MwcjVpc3BPcVI0TldUMzNIaDdiMnpMVXJrWTB0ekpGbzZrNnozaFpSR0dIWnZBNUpvWHNVWTRoNjdOUmZicTA4NE85RmRLdDJ1bjRTY3JEMTBHcWRGeVp6NnZNMVU0cWxOVVhlQ3VWUGdnTTBHVy1iU0xjQm1URUdMaVdMN3kwU2hZN3pjbjFIUWwwMmJXQW1vMnEzNTR0UEVnVUw1Y1I3UDdxeVhmUWJ4b0t3U2JHdzdEeEtUaEVEOWRGb09hTFE?oc=5,0.0,neutral
2026-08-14,2026-08-14,PEP,"Thomasville National Bank Takes Position in PepsiCo, Inc. $PEP - MarketBeat",MarketBeat,https://news.google.com/rss/articles/CBMivAFBVV95cUxNMHZBOXF2Q0sxTUo3RDBzXzlyTk5YekRUeWhIYzdpVGtuUXNHaEF0Nl81R0ZpZFczX2FUVFc0VElzRldzNlh3MklQMG15T3FUbVR2a2hkejFGa3lnMkhFR3JudHVKSjJ4by1sUG52bmFxQkJWR0tWV05ReVFkY09GbDUzcGprMDE2Zks2UVprVkVIOUJoUDJyRFc3S0QzaE9xaWl3Vk9YTXc0N2dxSjh5QjRubV9mcTd0d0U1dQ?oc=5,0.0,neutral
2026-08-15,2026-08-17,PEP,"PepsiCo, Inc. $PEP Shares Bought by Envestnet Portfolio Solutions Inc. - MarketBeat",MarketBeat,https://news.google.com/rss/articles/CBMixgFBVV95cUxORy1WSzJhYmFKd2lENG54QmJwcnBMMWdtVVBfYTd2N3NsdVBxOG5MUlJkRTdXQWR4QjlmUkdYeHRWaTFyV0xrVFk4M211REJMZWM2UmdtYVhIanJYam9TUmV3RTV4RDJZUVdHWjBaNllSeWx4UzVYampwR1VXc1Nqb211ZUhicEl5TksyZDJNQzUzbW4tVVNEZjBJZU85bUQ3cUl2WE41cHZhZnN5dFlOTEpJTU9fdFljTEV1a2QzclZFUXVfV2c?oc=5,0.4404,positive
2026-08-16,2026-08-17,PEP,PepsiCo Stock Rebounds From 52-Week Lows; Can Q2 Earnings Fuel a Bigger Rally? - tradingkey.com,tradingkey.com,https://news.google.com/rss/articles/CBMi1AFBVV95cUxQSWtjeVctTnZoWm9PWVFQc3Zrc3NwRmJXbml5WTV4aVR4eFlFNWF3MTZFQTBQaEpEZm0zSE9DNk1FR2M5a3BmUXZQREZTT1hBMm5lNlVqWTdfZklLNHVXZ0ZGVktobTU1NXJ2WEpmdmliNk1scks2b3Zid0MzMlBadnJ6TE9BWm5DTnFVU2swMUg4SWNRcE9DUmhvX0dDcnREaHhHZlRPLUwyREZDTzdNUnVJLVJiNk9tWUNSTGRGdFcyNEI1WkZoNUl3WGVrZURHN1lldw?oc=5,-0.2023,negative
2026-08-16,2026-08-17,PEP,"Confluence Wealth Services Inc. Boosts Stock Holdings in PepsiCo, Inc. $PEP - MarketBeat",MarketBeat,https://news.google.com/rss/articles/CBMizAFBVV95cUxOQWxaSkV4QVI4M2VpTE8zMk53X0haaENhN0RMaDJnWXgwQ1hFaDJMaXg0UU14Z3UzS294Y2o2M0loTktMMVFNTXM3RDVxeEdjY20zdE84Nkx4NlkzUGpLYnZMMF90SklmQ0lLdkxDa2J6cDZjenNyQmtFZlF1VUkzZTk0dExwQ2I2M3BuclpYNmVfbmFQT1gyaDdHSHVJdjZybkNLTFN0ZV9qWm9Qc09GSzJrR1ZTZHVXRko5NU5fX1h0czV1YXFPbWJXQlM?oc=5,0.6705,positive
2026-08-16,2026-08-17,PEP,"Legacy CG LLC Reduces Stock Holdings in PepsiCo, Inc. $PEP - MarketBeat",MarketBeat,https://news.google.com/rss/articles/CBMitwFBVV95cUxPWVFFOW45XzdRV2FNdXNiRTVWcFhYc2JzdWNic2JwbVppdHNYVHJVSVhldGV6NFVZYUIxVXdWQ25hRHN3MUsyclRUMDBuU285YXRiWHE5LU1FUjZCM0hKNHlqOXhyQTNlVkQzVmxlMFVrWTlzQ1B1ald4SnhqbU84eGJVenE3RGhua1NPZkphblZqd0RNVkRNdE1zSlNWRTNrUW5uZGdNOWlUTldMZGFJWHhjZXpfbkU?oc=5,0.0,neutral
2026-08-16,2026-08-17,PEP,"Albion Financial Group UT Sells 41,386 Shares of PepsiCo, Inc. $PEP - MarketBeat",MarketBeat,https://news.google.com/rss/articles/CBMiwgFBVV95cUxNMVlSX3RmTW1nZ2tNdGpmZER5bm41VXRsTC0xWEI3c3lkRGFkb3JTb3BYX2tSYlhOQkZXbVV1UExiSWJfSHdscDB2ak1DSjR4WXM3NjM5SV9uU2lob1dLZ2FFZlhETXdjU0IzVW4wS3VFemZoT0N3cDBhZk5kSDU5U1dzY0hVNG5USVRjWmJRQk56OVlHTXE4X1VLamRDVGpadERTMTNHYWhDdDNMZGZRSTJKSURXenFnd2laWFNqLTJnZw?oc=5,0.296,positive
2026-08-16,2026-08-17,PEP,"PepsiCo, Inc. $PEP Shares Bought by Sumitomo Mitsui DS Asset Management Company Ltd - MarketBeat",MarketBeat,https://news.google.com/rss/articles/CBMi2AFBVV95cUxPNHJiem94REVqQ3FBQThFcHl3X1kxeDFqd3pBX0RHVlBjOWlrWDlMTmxBamdZV1JLeF94SDV5M081NlhMSlUyQVdXSmFPYkFMQjhvR3Rja0p1eUkzQXMtZzRsTU1pWUxSNUhqS3RiQ1dtQnZDMy03WTlNZGJEUzZVLTBEWkZPdTc2WDdPbUYyVXlzZkxieDVhTFVoaV9tTjh1S3hiMjNoS0NWOWJNTGQxYmNmVHVFUUdpVmJUQmtjZGRaaVp1ZjE1N21PME90eHllM2YxRTJfdGw?oc=5,0.5719,positive
2026-08-17,2026-08-17,PEP,"Saratoga Research & Investment Management Has $22.30 Million Stock Position in PepsiCo, Inc. $PEP - MarketBeat",MarketBeat,https://news.google.com/rss/articles/CBMi5gFBVV95cUxOOEtLN3ZzenVvVnlIUnlTOFRzRXFlYnZmWGtiT1hjbG9YeDY4VnNQNFBtTFI4RzhiZ2F5dEsxdUI0TzlQY0hndmVBd01iTUFmS3FhWVlrTFg5eExfSGlwWktOSEJ2dEJWUHZDTUJESlJHOTNjTnFyeTJJeU11SV9fVmZFRTdRRkdIWGZoRzdDazlmM09oRmczc3k1YVVDOEhlRVMyb1BxQVNOd2tQSVQzaXBZYjhLQlUwUU9rVkVVODVNRkVSRmhNUC1HV3hIR3E0c0hySHVoRUdVZmJOY1A3cl83YU1fdw?oc=5,0.0,neutral
2026-08-17,2026-08-17,PEP,PepsiCo stock holds steady as investors watch earnings - ad-hoc-news.de,ad-hoc-news.de,https://news.google.com/rss/articles/CBMiuAFBVV95cUxQa2o3RzFfQlJmdHE3SDVZcmREb2FaWF9uSjhyNVc5X0ZlS3lhbk1aQ1ZIRHNoYkQ0eGhLckZiZHdmd3NBcm9GSGhTZTF6VXA5VkNUMFRSZi05N3k3Z0xyd3NnSDhBeTQzWFIyeF9zRHNQelhmbERsODF0YTdWdUFYYWI3VUp4Rk56bTREQjIwLXUwUndzbkcyZUN4UmJpWXZ2dDM5bnVlNlBhTjNiWXVGeXlfZGk4d1li?oc=5,0.0,neutral
2026-08-17,2026-08-17,PEP,"ABN Amro Investment Solutions Has $23.45 Million Stake in PepsiCo, Inc. $PEP - MarketBeat",MarketBeat,https://news.google.com/rss/articles/CBMizAFBVV95cUxNbW15VVVhVDQ3THZFLTRRdS1jVDg2WlRwLWI1SGVheTEwVG9qRDhNcTZZQnlPNG9COXJ3YVg5RHlOTU9VWEhOY2Fyb1gyUmxtcUJER2FXR3E0UHRLRXVuWGpQd0VKYlJvRm96ZFVYTW9rWlJ4aU5NU2loaERYVHJBT0xyWmE5UEpyeUJXb0NCZ2pwRGNCMXliV3g2YjM2SE9PbTQwVUthUlZETGZlZWxBNE1lcjg2N29QRUJVUTUyZ0V0eUE2Mmk4WlBUWG0?oc=5,0.1779,positive
