published,fetched_at,ticker,title,source,link,sentiment,sentiment_label
2026-04-22,2026-06-29,PFE,Pfizer (PFE) Stock Sinks As Market Gains: What You Should Know - Yahoo Finance,Yahoo Finance,https://news.google.com/rss/articles/CBMimgFBVV95cUxPS0J2MXlTaXpoVWRZdG5RRmpmdXI0ZWZ6MEF3SFFSak4xMXk1VnFlamVNeFNVT3YwOUVfNy1zRWNVX2YwLXVxQUJoT2ZrcXpEZllwQTFwOUh6d3doYzQtSXBtUXpMVkhHRDJXMzJrVGhYNmpSQnNUUGlhbDFRZlUyeGVNaHRtSlcwTFhNY0NuR1ZjcUFicDh4eFdn?oc=5,0.34,positive
2026-05-14,2026-06-29,PFE,PFE Stock Declines Post Q1 Beat: Book Profits or Stay Invested? - Yahoo Finance,Yahoo Finance,https://news.google.com/rss/articles/CBMilgFBVV95cUxPNFl0YmFDZmQtdXZybzRFS1V3alVzZ0hpWloyd05LVDE5S3R1dXdrUHBVUURfRXYybzhjRndIQ2Ytd3FrODBCQ3MzN3l2dkoyUVJzWDRJVzlSdzAwLVYydjI1N3BMVUdMUEhqTlVXbnI0b2Y5MEVuWnpHdXpYM3VZMXZ1UEkyV0Q1SzZ3eUVrSVJuaEY0TXc?oc=5,0.4404,positive
2026-05-25,2026-07-29,PFE,Why 1 Wall Street Analyst Thinks Pfizer (PFE) Stock Could Soar 38% - Yahoo Finance,Yahoo Finance,https://news.google.com/rss/articles/CBMilAFBVV95cUxQclNCTEs4YUVmSXlDZ3dwX2RfaUpQeUVuWWQ2UTRrdVVQaE0yZVlfejdpNFZoUk84aUxFZ040VjVIWWV3WGpxMkRfdlI1cWFaakJPZUNyWklXWWtqaTdBc1U5WWNuQ2dFcUkybUx6V2lIU2w5YlgxMUhieExfbndiZ1lDRkw0b3EycDd3VjZsYmlRTzdj?oc=5,0.0,neutral
2026-06-01,2026-06-26,PFE,AbbVie vs. Pfizer: Which Healthcare Stock Is a Better Buy in 2026? - The Motley Fool,The Motley Fool,https://news.google.com/rss/articles/CBMitwFBVV95cUxPQ2tYc2tTcURRcnBISlBWWWxwdHk1MzBUY25oRzRaNWlJdDBfQ2VzOUZFZXdqZGU5dElRVzJNekxkaGRPUDZ1VkM4bmpIRXdackF3bG55YllTdDREdU9lMzlhS2dDZndNZDNnN05rNWsxRnhUcjFIbnU1ZU9vUFhCeDdBcWZYd3VMZVR6ZTYzUnBnNjhoTHlQdGlNWnNMVTljRHh2am45anlVV0xPcTYyOGNwZlRPUjQ?oc=5,0.0,neutral
2026-06-02,2026-06-26,PFE,Why Pfizer’s Current Price May Be Too Cheap to Ignore - Yahoo Finance,Yahoo Finance,https://news.google.com/rss/articles/CBMimAFBVV95cUxNbG1fbTE0MWpscjNlRTBlb19jVjB0aGdsVXdBZ3R4YnAwUXg1NGFEZDV4akl0SjlaQk1rbTAtZXhsRlZUcTFMRDE3TXhEMFV6aUZmcl9tWS1sRFNkZG5PX0VTS0ZUQlJjdk43eGJ2ZzRYSDgySUE3cURTV0ZSbmRSTlhzNGgyWnpZeXQ0YTM0bXU1M0JuU2p5Tg?oc=5,-0.3612,negative
2026-06-04,2026-06-24,PFE,Why Is Pfizer (PFE) Down 4.5% Since Last Earnings Report? - Yahoo Finance,Yahoo Finance,https://news.google.com/rss/articles/CBMijwFBVV95cUxOQnhFM0M5N1pScy1lck1qRFFUTE5EZDdXNnpjNF9aLVdQWi10enBReHl5U1IyV2JwVHNJMEpKZ19BSjB0OHlQeUl6ODlOMjF1YWw2YjRMNzNyRm01X2JUSHNGZGp6ejRnWG1LZ2JMSTlWenowQUhRUnY0UU9xVm5kSU9XVnRTYm1nbzI1bjVJMA?oc=5,0.0,neutral
2026-06-05,2026-06-24,PFE,Assessing Pfizer (PFE) Valuation As Shares Recover From A Mixed Recent Performance - Yahoo Finance,Yahoo Finance,https://news.google.com/rss/articles/CBMipAFBVV95cUxQR2JDSEZQb0lJQUp2Q3piSG4wYjctbFdhbVhuM2Z5U3VqQzVKTmoxajVaS1ZkMkpvRHR1S3gzMVV5cjY2ejVfWGozYjhEc0F5eEplazE1LThUWkpNV1Bxemc0NWVWQzNCYVJjQklaQVhUdFBKSXByZ2VndGhzR2p0dGlwSV9UUXpFMlJNMm5namY0ZDhaUUd5SlVwSENiS2pFYVhULQ?oc=5,0.296,positive
2026-06-06,2026-06-30,PFE,Pfizer’s Berobenatide GLP-1 Obesity Data Might Change The Case For Investing In Pfizer (PFE) - Yahoo Finance,Yahoo Finance,https://news.google.com/rss/articles/CBMipAFBVV95cUxORkQ2N2RoVU1TcVpraHd0OUxtQS1oamNoeGdnemV3YUMxUVY4T3VUQi1kRGhPNW8wRGE1Wk1QcmZNUzZkRzBNZnl1cVd3QzlxSzdmWnpmcW94WmJweGx0cUlWZFNadDdnVmZzaGk4VG5qRmljQjZIeFpNLTZfUU1GYWl1UEgzQ1BXRFRtWndxRGU1RGc5eFpBUmdYcW80cGwyWFZFRg?oc=5,0.0,neutral
2026-06-09,2026-06-26,PFE,Prediction: Pfizer Stock Will Double on This Date - Yahoo Finance,Yahoo Finance,https://news.google.com/rss/articles/CBMiogFBVV95cUxNV0tXb3dDRlpZYjE5ZnZKc0x5NXdKVFV5ZmkySGtjNFZSeWZJX3o0ZHNWaDBPeHJKMnlMay1SbFJRTHFBR3lEWjZ6VVFJSERrb0cxREhwcmJ6YmZrdHBlRVlpOGotX0VoeTFGNS1LZFZpRXE2NFhYUmE5dUc0YWtIUUhMS1JyOVFJako2c3djRVlkajkzSFlINmJTZHlKUVNsUlE?oc=5,0.0,neutral
2026-06-10,2026-06-24,PFE,Prediction: Pfizer Stock Will Double on This Date - 24/7 Wall St.,24/7 Wall St.,https://news.google.com/rss/articles/CBMilwFBVV95cUxPV3ZZWjZabDF3Y0o2VnVaSk1ubDhmRTdzOG1BZUcwZkU4dEE1TjJQNEZ3R3VvbnowcHRhQzZ5eHR2UU5Ja1RDNDVJYmpOMnNQSXZBcEROa0pUMkRzN2hEMTJza2xzSnp3NDhqejRQM2FtMmJTdFVpZHhxMWFpUkRZbmZKbzgtU0RJQzZoWWU1QWtjNk9rU3Uw?oc=5,0.0,neutral
2026-06-10,2026-06-29,PFE,Prediction: Pfizer Stock Will Double on This Date - Yahoo Finance,Yahoo Finance,https://news.google.com/rss/articles/CBMiogFBVV95cUxNV0tXb3dDRlpZYjE5ZnZKc0x5NXdKVFV5ZmkySGtjNFZSeWZJX3o0ZHNWaDBPeHJKMnlMay1SbFJRTHFBR3lEWjZ6VVFJSERrb0cxREhwcmJ6YmZrdHBlRVlpOGotX0VoeTFGNS1LZFZpRXE2NFhYUmE5dUc0YWtIUUhMS1JyOVFJako2c3djRVlkajkzSFlINmJTZHlKUVNsUlE?oc=5,0.0,neutral
2026-06-11,2026-06-24,PFE,A Sizzling 6.7% Dividend Yield? 1 Under-the-Radar Reason I Am Holding Off on Pfizer Stock at $25 - 24/7 Wall St.,24/7 Wall St.,https://news.google.com/rss/articles/CBMi0wFBVV95cUxQSXJvRklCRkZvR2lkZGg0R2tXNzNkTGFRYVBHeEhVRWRSSnFmZDlPc20xUEhrVEU2OEFCYnVsVTJzMURvV2lJNnNOVU1QWEdocEdNUFBWTXJHcExUQUY2bzAzOHlHOXdrdDNBek14bGFFUTFJa2NVNExOSm5zV0xaeGJQNGhoUHN4X3QxTE5qeWhaeTV4ZWlETy03TXprRzY2Tm9POVlxU0VqUElDV0JGLWdPZUxiTzdkdmd5Z0w0bV9CTnIyLTlhMG94c3IweWI2NmJZ?oc=5,0.0,neutral
2026-06-11,2026-06-24,PFE,Pfizer (PFE) Outpaces Stock Market Gains: What You Should Know - Yahoo Finance,Yahoo Finance,https://news.google.com/rss/articles/CBMingFBVV95cUxNMTN3Q2M3elVjNGhhMU01N2p4SUFiUEZLdmJTVWRjeFBwVEpVZm1KQl83M21hbFplb2Y1ckZYM2loNVJsb2l4TGtaSjZEMWFRSDB2cFFsT25mTHdNT0h3aVdwU2I5ODZjb3pKckRSZ2VWd1htTWVHODR2RHU4ZFVVcWd2SUtuclY0Ql9ac1dMSXl2VTNnNGRGUkd2NEd6UQ?oc=5,0.34,positive
2026-06-11,2026-06-30,PFE,This $25 Billion Acquisition Just Unlocked a New Era of Growth for Pfizer — and Why It’s a Flawless Safe-Haven for Retirees - Yahoo Finance,Yahoo Finance,https://news.google.com/rss/articles/CBMiowFBVV95cUxPSGhIM0NuV3ZFNXV3ZnExeFI4bFA5OUxXcTNJekVsRko0N0tSNnFZTlNMcFZoMlZGcVBpYzU4RzRJWU5JSU1pMGUxVmxrekVsNmN2T05DNDFyLUs5LTl0Sy1zdjFFMGlGbk9EYnRfNF9ZbS00S1V0Mm1DQTg5cV9TRDkwd0tJTGJkbmw4dWg2cERqLXNnV0lpbFhoVDJUZlB6cW9J?oc=5,0.7096,positive
2026-06-11,2026-06-30,PFE,Why Pfizer Stock Popped Today - Yahoo Finance,Yahoo Finance,https://news.google.com/rss/articles/CBMimgFBVV95cUxQUUJlQ2o2bklVOVFrZ2hKX0JnYjczSDRIWXJTTGduV09NcnJGZXU1SU9feDFyUUozVUlnaFVBUV9UOThVa2JjZkc1dWo5RDFBLV9lSzZEOVhWc2s2eE1FZlo1RTM4R0pzNFpocjc2T19wLVgwZG14aFRwMXlQZE1YNFNRbGJWSXJmTjVqaTFRZlNlMWFvWjFLNjJn?oc=5,0.0,neutral
2026-06-13,2026-06-24,PFE,Pfizer (PFE): The Best Longevity Stock to Buy Now - Yahoo Finance,Yahoo Finance,https://news.google.com/rss/articles/CBMiogFBVV95cUxQeUJhVnlTUzZibzU1aTBqY05FNEZsZU1LSmV3dDlya0xLMkd2T0wtVHBhb3AwVm1zRUlMRjlia2U3dXI0eExsTjk2ZFluQzN4OHdJMnF3U3BHMlk5b2xEa0VQQnVzZWplTjlkSnhlakxYcC1XWE1Ockoxekg0UDAwblZlYWFUemJRbjd5YVNVcWtVekxQb3BkdmluRjZIUnRDN1E?oc=5,0.6369,positive
2026-06-15,2026-06-26,PFE,Here's When Pfizer's CEO Says the Company Might Get Back to Generating High-Single-Digit Growth - Yahoo Finance,Yahoo Finance,https://news.google.com/rss/articles/CBMimwFBVV95cUxOM3pTVVNFbHo0MjdlV3NPckRVM2RnczdHNnFFTXp1UDB5UkJRTlFYdGZUN2pfaUl5WDBlMEtoYlhyeWFkNWQteElJWkZEeEpLODhETUh1QWx5aGRXd0NURDV5aHFqbHdPRzl5ek5pWmw0NE1jbTBSZjBQYlJKTjJMdm03SDN2QXpVeVJxMk4tUmlzalFQc2o0dE51QQ?oc=5,0.3818,positive
2026-06-15,2026-06-26,PFE,Here's When Pfizer's CEO Says the Company Might Get Back to Generating High-Single-Digit Growth - The Motley Fool,The Motley Fool,https://news.google.com/rss/articles/CBMilwFBVV95cUxNU0VoQ00zNzh5aEYxTExsR1paeTlhNDA3QU5DQkFReF9sZnZXWUw2OWxROER2QWo3Y2d0ZEMzU00zMlJDbkZJYlUyN084NzRSNlEyLWNLTjlMaUx3TzVWQWxvNmtVcmdtbzI1TEhTWGVyZGphYVp6M1RwclhGSDBNVFJ4UFVvWG1Xb0I4RnNhLXRlNEE2YW5v?oc=5,-0.0772,negative
2026-06-15,2026-06-26,PFE,Is Pfizer's Discounted Valuation a Buying Opportunity or a Value Trap? - Yahoo Finance,Yahoo Finance,https://news.google.com/rss/articles/CBMitwFBVV95cUxPanNOWTBIWmRMUFpsbWNZYnFQbk9lS1IzTkRYWXFRQ1JSbGdINnlzRGdqejBFSDRaeTBVeDNob0hQbWdfSUN6QVZuRFhXZmFIWVJweFVxNHF4S3BsYVpxQk1Uc0NJYUR0dDdCWG9ocHpsUzZEZF9Ua0FkNW9oTU5BQnZYWGtMdWxpSkJoTkw1Rk5rUlMzZVF0RGhqR0N3NWoxQ3FUZFo3OHRKRmI2RUwwcmxRSHdLbE0?oc=5,0.4767,positive
2026-06-15,2026-06-29,PFE,Investors Heavily Search Pfizer Inc. (PFE): Here is What You Need to Know - Yahoo Finance,Yahoo Finance,https://news.google.com/rss/articles/CBMiogFBVV95cUxPTGsyNHliSXRWMXhrU3A5TkpvX016cHd6TFpqWDYwTEJzXzJSYzltR1RGMGNUX1ZqdklhdFZLSjFOaVp2RWpzU2M3aXZfb2otb3ZRQm11azF1RjdkVW9TamxRbFlHcU1TaWI4c2pwV3R4TmlBS3pGaGlQbWVUcVJscTdhSzZvZmo0U0RNSXBBbFUxQ1V5VEZuX1l0dl9HS1BHV1E?oc=5,0.0,neutral
2026-06-18,2026-06-24,PFE,Pfizer (PFE) Stock Declines While Market Improves: Some Information for Investors - Yahoo Finance,Yahoo Finance,https://news.google.com/rss/articles/CBMinAFBVV95cUxPbzhnZEtKelBoR1BFNmR0UmQxOUU0S1Vsb1pwZHRkM0VvOWNpVm1xbFpmMHNHVlVicllLU25EeGxvZnNOaktCNjQxLTFUWlRXaXc5aldjcl8teFU5am9BQUxGMVI5ZFdjOUNNeFVwYk5WVWZYb3FUTVZNSzBpOWFHVm9ReWRJMlhlNWxkZzdyWFFKb3ZiYm1oU01LNXQ?oc=5,0.4215,positive
2026-06-18,2026-06-30,PFE,PFE Stock Drops 3% On Surprise CFO Exit Despite Reaffirmed 2026 Guidance - Yahoo Finance,Yahoo Finance,https://news.google.com/rss/articles/CBMilgFBVV95cUxQbkp4X3ZpQUUxR0FudlVSaTNRZmtSZ0JHRV9MNTNnekhfRjE1TVRqTWFMbkpXVVVPTHF2b2ZZa0RFRTlMamE5NkZVMG1YYU1leDE1VXBhV0tWV0ZqdEhhS2lFODB3MTRlWmZoYzhSQWZ3QmxMajVzMmwweFQyekdiX0NtWUI0Q0Fsal9aLXRRNlhqVVc4TEE?oc=5,0.2732,positive
2026-06-19,2026-06-24,PFE,"PFE Stock Slides Following CFO Exit, 2026 Guidance Reaffirmed - Yahoo Finance",Yahoo Finance,https://news.google.com/rss/articles/CBMilgFBVV95cUxNSWowa2QxajJvLXhnb1V2bzRaWGN6Tm1vNDl6cTd2WTVtLUd5czc0U1RZeFlRZUxheWNDRzVSTEpIY1owd2pCMUpKcTBrdWZ5MUgyTk04SkFDdm84eURiQ1E1dUhIemxuNDhodExDaTFzcTlFanNzZ2lvQUdaZFd2R3p0MkFBbW9MMVRQTzUtVmQ4ZXF6V0E?oc=5,0.0,neutral
2026-06-20,2026-06-24,PFE,Pfizer (PFE) Stock Could Be 10% Undervalued After CFO Exit Raises Execution Questions - simplywall.st,simplywall.st,https://news.google.com/rss/articles/CBMi0wFBVV95cUxNU2NvT2NQNFNmXzVIYjl4eFBudThzLThULXJBc2l4UkZDYVZXRVlaX25QaWxZQnJ3ZTZkYmpTcWYtTzNLNUtJQ0NVTVlWblBHbVpZOEdFN0o1WmY5WU43TzBJeEZmTEdjaHlYcXpqdlFhZUZ4V0UwZExsdjFJUlZ5d2o3d2RWWlZMcE53LWxLemhPMlNtcUJDSWdidFM0U0k0Q0k0aE01dWMzbHJtT2RMR2c2cXNJaDFrZHRGSGxzeF9PVzVmUjU5NUVYajU1czlLYmFR0gHYAUFVX3lxTE9BcGNRclVjd1NpRmJreWVneml1aW5Nc0FuMDFpdmhpN3p6SFI5ZTh4NmpEV0ZqbG84VlVFZ3dwb2l3aUJJMWt0aFprU1pjbjBFVTZFYjluTlFyUGIxNGVTdlBybGdnbVpJNjJERmRoeGhnSzdrelhHQ01STkY0b01BLVpZMXRXRUlDY3JFV0dabEhJR1o5clJZbHNlWkJQbFhTbW9zNzg4emNtcUpqUVgzN2RVdXE1Vk93dGZ3WVo1Y0Y0aU94M2t6RExZLWlrN1VFYnpNeTRCcg?oc=5,0.0,neutral
2026-06-20,2026-06-24,PFE,Pfizer (PFE) Stock Could Be 10% Undervalued After Recent Results - Yahoo Finance,Yahoo Finance,https://news.google.com/rss/articles/CBMilAFBVV95cUxNRUxiNTR1QWl5bl9QWVVWaUZQR2FHdm11VTJrODU1RGVhc1daSUJXSFNwQlBBakZDZU81T1ZZdjlyM0VTcDVvb0RxVHBLQ3MwS2R0MlA5RTdvS3VyQXk1ZUJka29DQTIzOC1yS2tFLTZVTmxaSEZLS185b0RnaXZJZVI3ZmFEM0FEdG1KMGNPUjNPaDRV?oc=5,0.0,neutral
2026-06-21,2026-07-01,PFE,Could Pfizer Stock Be Your Ticket to Generational Wealth? - The Motley Fool,The Motley Fool,https://news.google.com/rss/articles/CBMilwFBVV95cUxOajNoYVhGUjdXb0hIdlZZMkJRRWtfUllLeVRjR1NjTTdrMzRGV3poLVRzZkhIcHVxSDhZSEVFWGl4eFJQMU1EazduLThwQkIyMjJ5Y2htRHlldlJGQXdtQzJYbnk5c1FCSmVObFBpaTVWLUdKQ1JrVW1ZQ0NCbDBjMXhqUnBCSVZvYWlNVW1nTjg0RTRuNUdr?oc=5,0.0772,positive
2026-06-21,2026-07-01,PFE,Could Pfizer Stock Be Your Ticket to Generational Wealth? - Yahoo Finance,Yahoo Finance,https://news.google.com/rss/articles/CBMipgFBVV95cUxQSm81WXhLQi1ZWF9nV1NoenR4T1QyUjQwSkMwWFlzMHMxOHN3QjlNZkYyb251YjZHV1pvUDVSeWF4cEZ6MFlKRFpoTHhqNUY0R1JmZG1tQ2xBWVRuMjZ6cUxsQmd3enN4RkszQWkwTndDWWQ0N3ppSGJJZVZmSW5HWGVxRnpCbE9SR1lDR0xWR0U1aU5jNVRzcW1yU0p3aHVVeHJWc1Jn?oc=5,0.4939,positive
2026-06-22,2026-06-24,PFE,Why is Pfizer stock sliding today? - Investing.com,Investing.com,https://news.google.com/rss/articles/CBMimwFBVV95cUxPa1dQRXAySWhfZTlPY0pnZmN4TkZ4TXVmMENFb2hNVm1XY0xfLXhlM1RMY2xzVEl4TzFKaWVjaXZYQmxQYUFTWkRHck52d21RclRSZlhlWUcwOWhMaHVjeXV4cFViV1EwWnZhVjRhQzJYWGhBVVJINFdtREIxZGhDRExTNGJzUHpwLW9DZzZKZHVldS1keUh0YlJjRQ?oc=5,0.0,neutral
2026-06-22,2026-06-24,PFE,Could Pfizer Stock Be Your Ticket to Generational Wealth? - Yahoo Finance,Yahoo Finance,https://news.google.com/rss/articles/CBMipgFBVV95cUxQSm81WXhLQi1ZWF9nV1NoenR4T1QyUjQwSkMwWFlzMHMxOHN3QjlNZkYyb251YjZHV1pvUDVSeWF4cEZ6MFlKRFpoTHhqNUY0R1JmZG1tQ2xBWVRuMjZ6cUxsQmd3enN4RkszQWkwTndDWWQ0N3ppSGJJZVZmSW5HWGVxRnpCbE9SR1lDR0xWR0U1aU5jNVRzcW1yU0p3aHVVeHJWc1Jn?oc=5,0.4939,positive
2026-06-22,2026-06-24,PFE,Pfizer Stock Edges Lower Monday: What's Going On? - Pfizer (NYSE:PFE) - Benzinga,Benzinga,https://news.google.com/rss/articles/CBMiqwFBVV95cUxPSUdJM3FUZDZNOTh0clVJVGc3cVBuVVMtVWtra2xYRGt1OGRXTXVzbmIyelRkdXVGMGlQSElSdzZtcU9vdWIwQ1VmSnZUUDFLVEpJdkVRVjBQTm96ZjFEdl9XZmFfTVBrV21MSWllbndsSjBYZEl4SFVRVDM0a0NnMUh0U2o4YnZwSDhIY1JTVlhwWWNFVEtTNE1mSHpuMHNrMnlMaFR3ekxzZnc?oc=5,-0.296,negative
2026-06-22,2026-06-24,PFE,Could Pfizer Stock Be Your Ticket to Generational Wealth? - The Motley Fool,The Motley Fool,https://news.google.com/rss/articles/CBMilwFBVV95cUxOajNoYVhGUjdXb0hIdlZZMkJRRWtfUllLeVRjR1NjTTdrMzRGV3poLVRzZkhIcHVxSDhZSEVFWGl4eFJQMU1EazduLThwQkIyMjJ5Y2htRHlldlJGQXdtQzJYbnk5c1FCSmVObFBpaTVWLUdKQ1JrVW1ZQ0NCbDBjMXhqUnBCSVZvYWlNVW1nTjg0RTRuNUdr?oc=5,0.0772,positive
2026-06-22,2026-07-06,PFE,PFE Stock Reacts To Mixed Topline Results For Seagen-Origin Cancer Drug - Stocktwits,Stocktwits,https://news.google.com/rss/articles/CBMi0AFBVV95cUxNVGdoYjBIYTBmSnhKN2NCY3lkMTc4QmhxUWp2Rk92djlIQW1pcVRiNlltcXRqTWUwajQ3amIydHZkam42MjhWYngzS3dmcmFZUjhLWDdxMXBsSmF0WG5oVXozekhZR3RZektaYkVWUHRwU0U3M0tvbm5MaVJ6Q09sa0hXMDFfSGlHSnlIVm1NUjh0XzBKVDduSFVXcmdsd05qODRzWkYxWVJMVUpvNnB0SFd1R1lPeGJZcGxMbFFRTHE4TExsUDItR1ZWenVRU3Ja?oc=5,-0.6597,negative
2026-06-22,2026-07-06,PFE,Pfizer Has Fallen 57% From Its 2021 High: Why Its Obesity Bet Could Reset the Stock by 2028 - TIKR.com,TIKR.com,https://news.google.com/rss/articles/CBMitgFBVV95cUxNNHlKLXZRYW45VXVwWXdpenFsUVZYYWQ5cGZFMDJkZFRVX0xheEVZNkVtNFZJbDNTeC1IS1VjX0h3SEk4dUdZSjdhQmdWUUUyLV9xTTJBbTJwVS0yeUVnaWhBczNWT1hvaXpKQS1yVDRRNWVpandXLUlQTWZwQWZ4dzRWTWs0NjNmV213YnNNT0VBTlhjTk04SjBpbHRYQUpYRmExc3hwSUQ5czRNYXp4QjVPRmdTUQ?oc=5,-0.3612,negative
2026-06-23,2026-06-24,PFE,PFE Stock Reacts To Mixed Topline Results For Seagen-Origin Cancer Drug - Stocktwits,Stocktwits,https://news.google.com/rss/articles/CBMi0AFBVV95cUxNVGdoYjBIYTBmSnhKN2NCY3lkMTc4QmhxUWp2Rk92djlIQW1pcVRiNlltcXRqTWUwajQ3amIydHZkam42MjhWYngzS3dmcmFZUjhLWDdxMXBsSmF0WG5oVXozekhZR3RZektaYkVWUHRwU0U3M0tvbm5MaVJ6Q09sa0hXMDFfSGlHSnlIVm1NUjh0XzBKVDduSFVXcmdsd05qODRzWkYxWVJMVUpvNnB0SFd1R1lPeGJZcGxMbFFRTHE4TExsUDItR1ZWenVRU3Ja?oc=5,-0.6597,negative
2026-06-23,2026-06-25,PFE,PFE Stock Quote Price and Forecast - CNN,CNN,https://news.google.com/rss/articles/CBMiT0FVX3lxTE1Wa0dBazNWZnpRSFNIVFB0clpaZndBUzQxdVlQdUV6ZDk5NmNoSGRmYVdOZ2ZxSmdYNTZwTlh4ZGJ0UHQ5aEtQeWpWVFhSWVk?oc=5,0.0,neutral
2026-06-23,2026-06-26,PFE,"4 stocks to watch on Tuesday: PFE, INTC, FDX, TTWO (SP500:) - Seeking Alpha",Seeking Alpha,https://news.google.com/rss/articles/CBMijAFBVV95cUxQazN4LXFzMU9Makp4UzQtcnlXMkk0Zkh1bWRRVlpUSUpDYWxkWWtsX09pX2RNdS1QNEV3MkpmelZyVjdobWxXVHozRHo3ZVlkbTBNd2hkeG9MOENNREg3bjZTTE0yUUJPaGtuc1lmYUdxNWU1N1B4ZjlpQV9yUnV3THJiZHpyX1RxVUZBNQ?oc=5,0.0,neutral
2026-06-23,2026-06-29,PFE,PFE Stock Reacts To Mixed Topline Results For Seagen-Origin Cancer Drug - Yahoo Finance,Yahoo Finance,https://news.google.com/rss/articles/CBMilgFBVV95cUxOQkE1T3pDZDYxN2g5UWNrRUFSUjVRdGotak9YMTF4VVZhQ3NFMFctREUyZTB6cG5GclVIWW5mWVAzaVVJZE1KTWhPMkluOUp6dlI5ckhXeWVJS2h2S1NITVp6eWxjMGRuQ3A1WnZRNmZpUHEyYjJfUkdIVE5JRlVabVVPUU0wVGRzNzhSZEUtSUJKQmRRVGc?oc=5,-0.6597,negative
2026-06-24,2026-06-24,PFE,LLY or PFE: Which Drugmaker Offers the Stronger Growth Story? - Yahoo Finance,Yahoo Finance,https://news.google.com/rss/articles/CBMimgFBVV95cUxQTFlFVUszcFh0cG1EYjBJa19FZkRqNU1oQ2w0aElsUkcwRkF6aVAtNW50czZZbDc5TEpsdnNGUUZVV3Q5NUs5eXplSC1wMnNYbWswUUoyVGpkdFdfRmZ3TWhiZENvR056cmJoTFJoalhRMHVxTUxqMWRZa1d5SXd1cGxfbDIzcUpIVjY3M2pFWnU3Z0Q5Q202dDF3?oc=5,0.6369,positive
2026-06-24,2026-06-24,PFE,Pfizer Inc Stock (PFE) Moved Down by 3.16% on Jun 24: A Full Analysis - TradingKey,TradingKey,https://news.google.com/rss/articles/CBMiigFBVV95cUxQWm9Ld0sxMWUwSElZRGY5eG1PR1M0b29OdlQ1b1F1Y3p6ZkhHVGpIYzJQWk9MN251dTU3ck9EZjFMV2RoTkN3YlVxV0pOQjBGSlFRUzAzSGVSSTBPdXdsSVNpeGhsVWJXSWRjZUQ1M0JvUEc3LVB1aDhfT3JEN1VUdmpjWmZjdDlIRFE?oc=5,0.0,neutral
2026-06-24,2026-06-24,PFE,Pfizer Stock And 2 AI Healthcare Picks Worth Watching - simplywall.st,simplywall.st,https://news.google.com/rss/articles/CBMiyAFBVV95cUxON2F2a3Nlb0YyYlN2UW5iR3l3ZGRZWmVPU1JHSTdLblZveXd3UEdwS1lQTzZPQ1dhcWZYTEpYemZTV2czd25HNzFRWG9NYTJYdTFOVkVkbzVHYWNwOTRnbVRTRTRFaDBQRmRudlFCZ21HNDduM19kSERvMXN2TlBoZUtPYnNicUNxN0pwTlFETUVuXzlwVVlRYXhTM3g3NGRONU5fSkR1OFV4TUNwWWV2RXRnc1dZckVkMndhVzBlb2pTODdNbEZLQ9IBzgFBVV95cUxONGNtc0YxU2VwZjl4ZkpmbjNDb0pXYXJuaUtWVks3bWpRd1U5Zmx3VGcyUDFBTzhFUFQ5R3BFdXAzYkFfaGUycG9tOUFjd09xeThGNm9UR3JjeEJXMGRKb3pvOEZNTHpuclRCcGVmbVNyNzEwVUJncGJENU5Oc2JMc3RiVUdvZEc2WnZwRUxPVUc0bldaSnE2UC1uR2Nzc3lod0pubFlaQ0lPWU01dHJjNXN6UjFodEV3RUZER0c1c3hGWEFveDYzanNJQVN5QQ?oc=5,0.2263,positive
2026-06-24,2026-06-24,PFE,Nike hires Pfizer’s Denton to take over for departing CFO - Crain's New York,Crain's New York,https://news.google.com/rss/articles/CBMifEFVX3lxTE1JQ1YyWlRoY28yeTB4RXM0aWxqeXNlQXdZUTB0X1pEaldXNXNfMFVfbGpMNjBSeERCdDBmQ2gzeHRnVXE0NFlVcWpBdGxCNFdxd0dBcGxRbTA0WlBGN2RsaHF6cTA2Zjh4cEJlYWJhbnR3RHRsMVVQYWV2QjI?oc=5,0.0,neutral
2026-06-24,2026-06-24,PFE,Pfizer Stock Trades Flat Following Mixed Phase 3 Lung Cancer Trial Data - Benzinga,Benzinga,https://news.google.com/rss/articles/CBMizAFBVV95cUxOdTRFYWRJTXlLaWJxWmp2cU1nTlJZa1ZYVkFjd1pkM0lwNnF4NEN3SXVfU0NFbVF6a3lPRmsyc1BneFVQanMwWTJFUVdYRGJxemxwRVFSQ0pwZE1MaXd6UkhYV3RxNjZyX2pHLWdzcmVLZU5tNE5WYllPazk0ZEtDUEJfaVZ1a0FqTlpFRkRKQ2Y0dmdLRmRqbXBySktWeURMQkQ5bVBJRDhlQ05oQmxuMGR2QXhzX2I3TVp0a3hjRlNkN3FSM3h1SlNMR1U?oc=5,-0.6597,negative
2026-06-24,2026-06-24,PFE,Can a Former Pfizer Executive Catalyze Nike’s Sluggish Turnaround? - Barron's,Barron's,https://news.google.com/rss/articles/CBMiigFBVV95cUxQdng5QjM4MDZndXFQQkwxcnZKTldIMGJUYWo2ajNXYlNkQVc1RmhQOWpBTHgtcnFWTjlWYU5YUWpYQ2VrQmlFRXJCTVhsNFVIMGpiOTFqWWJBS3Q5Uk9mNzlmNXBIdUJyUElHMUtobGcwSUlBQ2RMTi1oal8xeDlMR1BNdlVSZWZIS0E?oc=5,-0.4019,negative
2026-06-24,2026-06-24,PFE,Nike names Pfizer CFO David Denton to replace Matthew Friend - qz.com,qz.com,https://news.google.com/rss/articles/CBMic0FVX3lxTE03Q3JBQW9ySXJxSUExMk40YW9lSnZUaF91TjEyR3JqdjB1T2ppeno2ejNTZEx4RXA2TEZ3cXJWVms0cXIzc3lsRGlLX2cybWVpM0FJVGxqT2JBLVVoaENsYkpUeFMzUVNYVWRxN0Vtbkp0SUE?oc=5,0.4939,positive
2026-06-24,2026-06-24,PFE,Pfizer Declares Third-Quarter 2026 Dividend - Business Wire,Business Wire,https://news.google.com/rss/articles/CBMiogFBVV95cUxNRHNqVjBjcGJQd0g0SGhFNkdlVll5dmVqc1JVdjFTajJrX0lDWVVoNXprbWZtR09mdDItUDduRHNXVjd4TnhIRDJ4bGlmczdxdkFtd1JYT08yVy1wY2JqeEVhQ3JpTjBOR0YtSFk4ZXVVNldiVlh4WkFtNWo0QkQxcTNaVkZ4N0JKdzAtRDlKRWEzNlBQdW92N01ydmctb1RUalE?oc=5,0.0,neutral
2026-06-24,2026-06-24,PFE,Pfizer wins FDA label expansion for Ibrance (PFE:NYSE) - Seeking Alpha,Seeking Alpha,https://news.google.com/rss/articles/CBMigwFBVV95cUxQWjRRY3g5RVBEdmFsWTNEY0R2MXc1aW9BR09IdEFtM1JpeWVZTERoanJlTXFxbjJsdlJkeUNyWDlNS255YTc1NjFiN0JMa1BkeTEzR2hmVG5HcE1qUS05bmpPazZsRGdLU1laQjFNSWFoQ2hRTWNfZFZoU2kwM3pFUFJSWQ?oc=5,0.5719,positive
2026-06-24,2026-06-24,PFE,Pfizer (PFE) Reaffirms FY 2026 Outlook Amid Leadership Change - Insider Monkey,Insider Monkey,https://news.google.com/rss/articles/CBMipgFBVV95cUxNWVFWX1RLZ0hEX2pwLXJrMV9xQjNkeVhFOFN3M1NfdFF5T2x5b005QW00dDVyQWFENTNCaVoxdDM4alQyMnBTYXNoZkJfeGl0NlZEM0FxMDBZVTRZNzdCLTZIMmFhX1B6SFVfX1hva1FwQnZiTWpxSEo2cU1paFRza1FwN004MllBRlE4MkV2LURBbktRYkZKeVFGSDhzU21Ybk1aYWVn0gGuAUFVX3lxTFBJQUxzY0F5QUxsQ2tmZDJQcDJTVnE2SEt3anFaUEdYZUl3LWMxQzRWZXFoem1UZDlTdElkT1IxeWc2UWp1WHdsbVhVdXZ5WDNCMHFWcmpweTlZNHhlR1NGaldNVlQ3QV96QnBlSUc3MTczVkxXbjl0UlNMMXpPdmFITV9mQV9iT0FkVnlVbDJYZlNJekJYM3R3NFBSTVN3aTFIR0xXa1FIZzBSNlNEZw?oc=5,0.0,neutral
2026-06-24,2026-06-25,PFE,PFE Stock Reacts To Mixed Topline Results For Seagen-Origin Cancer Drug - Stocktwits,Stocktwits,https://news.google.com/rss/articles/CBMi0AFBVV95cUxNVGdoYjBIYTBmSnhKN2NCY3lkMTc4QmhxUWp2Rk92djlIQW1pcVRiNlltcXRqTWUwajQ3amIydHZkam42MjhWYngzS3dmcmFZUjhLWDdxMXBsSmF0WG5oVXozekhZR3RZektaYkVWUHRwU0U3M0tvbm5MaVJ6Q09sa0hXMDFfSGlHSnlIVm1NUjh0XzBKVDduSFVXcmdsd05qODRzWkYxWVJMVUpvNnB0SFd1R1lPeGJZcGxMbFFRTHE4TExsUDItR1ZWenVRU3Ja?oc=5,-0.6597,negative
2026-06-24,2026-06-25,PFE,Pfizer (PFE) Falls More Steeply Than Broader Market: What Investors Need to Know - Yahoo! Finance Canada,Yahoo! Finance Canada,https://news.google.com/rss/articles/CBMihAFBVV95cUxNRl9uUXZRVjF0WlZJWjlyd1BrX19QZDhGU2g3SlYxWnR2a1hQcnY2OWI3MmtsVWl6SmJ4eDFRS01WZ3Vwdk5ISkFGaW1JSUpNdDFNYnpzcE5RMWZsWFY0TmNjMmplVTRtcXAzMy1OeDBJc3plMjY5eFNtZll2OGdENURhZ3A?oc=5,0.0,neutral
2026-06-24,2026-06-26,PFE,Pfizer (PFE) Falls More Steeply Than Broader Market: What Investors Need to Know - Yahoo Finance,Yahoo Finance,https://news.google.com/rss/articles/CBMimgFBVV95cUxPMEhoNTl1UEU0dVZJV01xQ0FaZks3OE5QZ1VubGNlYUNTOUZZM0M5dkxxeWFaRzdtSjMxYkh3dzc0LWtHOHdkYzJxVUk3YXBVbTRnSE56ZnRmRFVhRHktbF9QX3hTN2VWMHpwUkJOVllHakNhRTc0QWhEeV9BdXdnTzlXLWNHZVV6Y3F4SkRPakloVjJsZ24zUkp3?oc=5,0.0,neutral
2026-06-24,2026-06-26,PFE,Pfizer (PFE) Reaffirms FY 2026 Outlook Amid Leadership Change - Yahoo Finance,Yahoo Finance,https://news.google.com/rss/articles/CBMikwFBVV95cUxNTFdMaHFTV3Z0S253WXJfZnNoVVFldWlKQnplRjJsd1UxLTdSUVpfWHBwSXVzc3hHYWVwOXJXeTdYVDg4U0t2M2trUTk0ODBhb2pRSm1GRzFWcElMQkN0RDRwN2x6UFRaZjdGY2JnQWduR21nQlg4SXE0M0ZLc1lWZWd6TFhGOWFvTUhsNlN5aUd1UDA?oc=5,0.0,neutral
2026-06-24,2026-06-29,PFE,"Pfizer’s next dividend is $0.43 a share, payable Sept. 1 - Stock Titan",Stock Titan,https://news.google.com/rss/articles/CBMikgFBVV95cUxQWEp0WUFySnppbG42V19adHgtdTNGdy1OVGFLQ2t4UTdZUWNTY2h3SUJpMGhxX1NuNnJfakNfZnp2cjFhd0pmWlZhaWRXR2dwNHVRUlozVlZoeXdVTXdZTDhlVUE0RllCZ05ucC02SnZaQ0x0WjR1cGdVakVQQmFzeDVUQ0ViZUplczNLcFhhSzJ4UQ?oc=5,0.296,positive
2026-06-24,2026-07-07,PFE,Pfizer (PFE) Is Down 7.3% After Mixed Oncology Updates Reshape Its Long-Term Pipeline Narrative - Yahoo Finance,Yahoo Finance,https://news.google.com/rss/articles/CBMihwFBVV95cUxQVERVWmhTd1AyZHB3SWFZbllxa0JqSWdLS3lUblo2WVJZYkgtTWJScUNlbXE2TFU1UGhDSVdIMTZxbnJXRGtxRDFvVEtZYkFJRmFvdXVEM2FQMl80RkMzUU92dFBQTDhUcEk5VXZMOENyWUZNTS1Pem1EQXNQUzJrRDc1NmxfYVE?oc=5,0.0,neutral
2026-06-24,2026-08-10,PFE,Pfizer Declares Third-Quarter 2026 Dividend - businesswire.com,businesswire.com,https://news.google.com/rss/articles/CBMiogFBVV95cUxNRHNqVjBjcGJQd0g0SGhFNkdlVll5dmVqc1JVdjFTajJrX0lDWVVoNXprbWZtR09mdDItUDduRHNXVjd4TnhIRDJ4bGlmczdxdkFtd1JYT08yVy1wY2JqeEVhQ3JpTjBOR0YtSFk4ZXVVNldiVlh4WkFtNWo0QkQxcTNaVkZ4N0JKdzAtRDlKRWEzNlBQdW92N01ydmctb1RUalE?oc=5,0.0,neutral
2026-06-25,2026-06-25,PFE,PASG Stock Slumps 16% After-Hours — What’s Driving The Selloff? - Stocktwits,Stocktwits,https://news.google.com/rss/articles/CBMiuwFBVV95cUxOSzk2bW5oOEkzbmhCWlZTdHQweFBBamVILUVPYTNsYnhWVEN2QXlkUjJnY0thbEZuNXZKWV9QUHdIemY0a3ZvWFRZMVVfX2c3UUZONXc5NGxSTFlubVNDUTNHRmRmNVF5OGNDNG02VEZFWjBDa2FZZ3pZWHRJRTVYVEludUZpQmQ5VjFnSm9OMXdVdnc4dVdUWURkS0s4dnFFSkd0ZnAxWU1jN0N4MTdxQlFONnR0bXgtcnFn?oc=5,0.0,neutral
2026-06-25,2026-06-26,PFE,Pfizer (PFE) Is Down 7.3% After Mixed Oncology Updates Reshape Its Long-Term Pipeline Narrative - Yahoo Finance,Yahoo Finance,https://news.google.com/rss/articles/CBMihwFBVV95cUxQVERVWmhTd1AyZHB3SWFZbllxa0JqSWdLS3lUblo2WVJZYkgtTWJScUNlbXE2TFU1UGhDSVdIMTZxbnJXRGtxRDFvVEtZYkFJRmFvdXVEM2FQMl80RkMzUU92dFBQTDhUcEk5VXZMOENyWUZNTS1Pem1EQXNQUzJrRDc1NmxfYVE?oc=5,0.0,neutral
2026-06-25,2026-06-26,PFE,AbbVie vs. Pfizer: Which Pharma Giant Stock Is a Better Buy in 2026? - The Motley Fool,The Motley Fool,https://news.google.com/rss/articles/CBMiugFBVV95cUxQRGRLc1ZXM2FBLTROUUlMQ0NWMWY1c0U4SlI5YnVKMmdETVJkQXROM3JxaUl4TTRvRlFsUUZMc29QTWY2akZJX0t5ZG5XZW9FQVQ2S3VCa2oyWUUxTlhEdm5VWVlqMnVNdHlIM2h2RzVIZUJMWTNPUXg4Q3EyeUk2Zk1aeFVZNUJ3Uko4QklLZTcxMF9hSTVFZ0hneDRCM29zV2ZJRjhxZ0RIbkF4VnBHdEdRUVMxdEs2N0E?oc=5,0.0,neutral
2026-06-25,2026-06-26,PFE,PFE Stock Continues To Drop As Lung Cancer Trial Disappointment Overshadows Ibrance Win - Stocktwits,Stocktwits,https://news.google.com/rss/articles/CBMi5gFBVV95cUxQdFhnbWwyTFZLSURtM2RDNVZxY3FxemQ1N1A4Ym5RSDlubW91YnBONHlxRjdqdjV2ZjNKaFYwakQ0VVRlXzhrUVlSYnIyZjdxZWY4VGtOdVRscDExT1IyLW1zSlhMOHZpNFl3b0N3YUxJTU9rbC1kV2FQV3hsYndwUlpRaGdEeHFSTWRuN2F3MjVvVnAySmNQTGQ5bV9rYnlJdkhjbjNGa05jVEhIQk04T2hzOUl3ZnpnWVo1ZkZNTnNYNUk0UWVsWXFSUnluNTlGRG9zcmt3WkJGa3NuZ0d3YmlRdlFxQQ?oc=5,-0.7184,negative
2026-06-26,2026-06-26,PFE,Pfizer (PFE) Wins New IBRANCE Use As Lung Cancer Trial Tests Its Pipeline - simplywall.st,simplywall.st,https://news.google.com/rss/articles/CBMi0wFBVV95cUxOMnExSzR2SHhiY2xNS0pfcWpxM0FnTkliNHVLamU5SEJNUW5Pc0EzRF9ySkFnWWs2SmJSSFVfd1BaaUR2ZEg2QUxTNmNLMy1RakJfMzRiU0dmV1BGVXFJc0ZzMVdHd2RyVmEya1N6NUVNcTh3eUxOdFV6MHlZU3NoaE8zVGhPRHFtdzJ0VUN0RXRiZGNEcjdWalh5N3Zmazg0OUI3RUJjV0p1VkJ1Z3hXNmt2NHpqeE9FR0s3OUxRSHFtTU1qanIzdnhhdVNKcWtQTWdV0gHYAUFVX3lxTE9jQXlZOTZOVnVKYS1VTHRCVl9TTks2N2hwNUw4QVdMaDVOZG5YLTFpWk96cjVIbDNoQzg1ZVB4S0VTRy1SSVFscTRHVzhobWxhTzNTWmxSaC1KRkxQNjdrS0ppNkhJV29Yd25yVnotdDA0eTVYZzRrdkhVTUNha1VLVnpTSGRxbG1lVlZhaVNBdEZkZlhxXzF3dVdOSGlxN0g4ME1WN0ktRklmenpmYXpHTEZIMFB6QjdOSm53cERzSGNUZGp6ZTVuQ1FrQXdrSWZjVnlKQnRXeA?oc=5,-0.1779,negative
2026-06-26,2026-06-26,PFE,PFE Stock Reacts To Mixed Topline Results For Seagen-Origin Cancer Drug - Stocktwits,Stocktwits,https://news.google.com/rss/articles/CBMi0AFBVV95cUxNVGdoYjBIYTBmSnhKN2NCY3lkMTc4QmhxUWp2Rk92djlIQW1pcVRiNlltcXRqTWUwajQ3amIydHZkam42MjhWYngzS3dmcmFZUjhLWDdxMXBsSmF0WG5oVXozekhZR3RZektaYkVWUHRwU0U3M0tvbm5MaVJ6Q09sa0hXMDFfSGlHSnlIVm1NUjh0XzBKVDduSFVXcmdsd05qODRzWkYxWVJMVUpvNnB0SFd1R1lPeGJZcGxMbFFRTHE4TExsUDItR1ZWenVRU3Ja?oc=5,-0.6597,negative
2026-06-26,2026-06-29,PFE,Pfizer (PFE) Earnings Date and Reports 2026 $PFE - MarketBeat,MarketBeat,https://news.google.com/rss/articles/CBMiYkFVX3lxTE5JVUQ5VDBkYW1TaEpqWlJZRG1JWE9pN3BKYVZzcW1USjZvc3E2Umg3eDVQUW9mMTRvNkNFUHdZVWtrUjQ2QjFmYktvVU1Mc2NZNVBrZEFTd1Z2eDNxZ01OdEZ3?oc=5,0.0,neutral
2026-06-26,2026-06-29,PFE,"Pfizer (PFE) Dividend Yield 2026, Date & History $PFE - MarketBeat",MarketBeat,https://news.google.com/rss/articles/CBMiYkFVX3lxTFBwMEs2N1YyODEwVkFubDJCV3kxME9hZ2NSQmFERkJpZTlBbi13ck1oSTM1QmJ0eDdSdGNKWlRXVV9CM2o3VHBFWE5uZDUzQzRVQjAtdWVuSkM0RWVmM0xxRGRB?oc=5,0.0,neutral
2026-06-26,2026-06-30,PFE,Pfizer Inc. (PFE) Is a Trending Stock: Facts to Know Before Betting on It - Yahoo Finance,Yahoo Finance,https://news.google.com/rss/articles/CBMimgFBVV95cUxNMkFFYVBRc0hhWXRfZ3VtWkU2bnVxTk0xUVg0TTlpTGhvT2NWTjBEVm16bWRrS3gxN2FJOEhPX0VxQmlESkRKYU1XajBJV24weGpuSUZwU2pXc2tXQ0VLaDhxZ25wbDMtaUVjTm9SdFdrTWdIbmJJRnlQZnlTb3pybEstNWl4clpTTUVkYU15NFRRYk9HWVJnYWl3?oc=5,0.0,neutral
2026-06-26,2026-07-01,PFE,"A Prostate Cancer Survivor Shares the Importance of Early Detection—and Why Knowing Your History, Monitoring PSA and Talking to Your Doctor Matters - Pfizer",Pfizer,https://news.google.com/rss/articles/CBMikAJBVV95cUxOejRtVW9WYzZnLW9hUmVIY0JLOVlqRkNJcHBac0UyMmJUSXB0VnR2NWlTMjdOMlFIZ2dWUDZMblI3V2FkN0x1ODJfNFZobnl6YUJ2cDBsdkdCbVBCakhuUllmVWpIZ3h0Mnk0YVpNWGtFbUcyX3JaX2tNcmVoN2ZYY2ptSU1FRUsxRE9wVGlQUDRTTTFqOHZUMmV4T1NaUWJGX3loLVliQ0VwZ25WOUZRS3pIWW0yOTBpR3hsTFBGVW1MVUJ2OHFfTlB3VERoVUFaelRyeUgxcXhMMHl4RnF1dEtEa2RmNUVkUUpPVVFvME1HVExXNVJDeURkSV9tLVVKUnRsLXRmMlVGOElsR3Y2OQ?oc=5,0.2263,positive
2026-06-27,2026-06-29,PFE,Opinion: Pfizer Is a Fantastic Dividend Stock for Income Investors to Buy Right Now - The Motley Fool,The Motley Fool,https://news.google.com/rss/articles/CBMimAFBVV95cUxQVU8xQ3hGUlZYSWc3aFZZMlhXWFoycTAwX1FEUS1ycFZGWnJZZzNFMG93SEltSWY4RVg5WVd0XzdxdTZWVTBkcGdGV2VXUG5PaVpOaVM1a0w4RHFObVNsbnptS25vNVdXS0Vhd3gxcTFzVWszb3FvZ1huMEkxSG51X2I5UWRuUmFwRGhfUlhERVdmTVMzVURyVQ?oc=5,0.1779,positive
2026-06-27,2026-06-30,PFE,"Here's How Many Shares of Pfizer You Must Own to Get $5,000 in Yearly Dividends - Yahoo Finance",Yahoo Finance,https://news.google.com/rss/articles/CBMimgFBVV95cUxNRmxPSXNQaXp0cFlFM2hkRVh0djFvUVEtNU5Lazh3SlJ5eEFsR29MdnV3SE9icU9FbFpZd2swTkxaQnRpX21fMGkwUHNnUDg3NW5UTHI3QVlkeWExejNDTmdZQVE3R2tlSGNXdEF5dGtvOVFFLUl0MXAzc09rNkt3M0ptLXBDa010Nm9qTUV0UUdyOWJUZXlaZDJR?oc=5,0.296,positive
2026-06-27,2026-06-30,PFE,"Here's How Many Shares of Pfizer You Must Own to Get $5,000 in Yearly Dividends - The Motley Fool",The Motley Fool,https://news.google.com/rss/articles/CBMimAFBVV95cUxPbG1kUnFTakhaNTJkem14RlhkVVJMUUlJdEFGRWNTVmFHMDBMTzJyOGV6cy1UTTRkeVVlODNTNlZZR00weUJ1Sll2YlRjYWZuRDFBNVhGOTZ2VHlJNWhYM2dfVkR4YlltRjhxV0tZZFN1YnhWZUUxTFA4alFCRU5BcER4MFhwYmtCSWhpTkQwdG5Eb0lYY05yZA?oc=5,-0.1779,negative
2026-06-27,2026-07-13,PFE,"Here's How Many Shares of Pfizer You Must Own to Get $5,000 in Yearly Dividends - AOL.com",AOL.com,https://news.google.com/rss/articles/CBMifkFVX3lxTFBPcjFEaVlWYkhOX3dQWGl3U2dhNGNKYl9KNEpad016elZNNkxneHJid1MyT3J0RnJhTEpDbDQtYURwZ2hIVDdLdVNxZkJiMGF1VktRWnI0TEtEWV9rVDAxckttNHc4MEpYZ0RNU3pobUFxdHpCdG55VWVubjE4QQ?oc=5,0.296,positive
2026-06-27,2026-07-13,PFE,Opinion: Pfizer Is a Fantastic Dividend Stock for Income Investors to Buy Right Now - Yahoo Finance,Yahoo Finance,https://news.google.com/rss/articles/CBMiogFBVV95cUxOUkJhdGdKXzNZRVFXRWVHUTU1MHdzbW1GWno4dEV1VjdUQ3lJZFFQN2RoVXNGcUtadkZmUFNMcHFUQ0d0cUZDNVFFS04zbGNMUzB6SmpzV281ME93UjJNNURUSnJPR1lZaThDMGZZT3ZQeGRsQ2pZRDlRN094Y2drcjdQUFdIN1B1cVJrbGl2WExWRHJpRURWcVZoMTBHS2J1Y2c?oc=5,0.5574,positive
2026-06-28,2026-06-29,PFE,"Pfizer (NYSE:PFE) yield math back in focus after cancer drug miss, shares recover Friday - TechStock²",TechStock²,https://news.google.com/rss/articles/CBMiqAFBVV95cUxNMkNzZnZTVEhJbzF1QlVIN1lKbnMxV2t0MGM0VGJaR3NuVW9ZVWpubTRnZUQ5UGdPQzlISnN4dk9Db3Z3VmFGOVItZE96a1RNb0tUS3hSOGtQblU3RnlyS3lWaHlvcVhlR0QxdXNwYUFXcjdZVk5sc3hRYVBZZ1BhZ1ZtbXJ6T2IzTXZHQVp5bENDQkpKOFpReVFHVUxJSUZ5VThHTjZoNzk?oc=5,-0.5859,negative
2026-06-28,2026-06-29,PFE,Pfizer (PFE) Could Be 13% Undervalued On Mixed Oncology News And CFO Change - simplywall.st,simplywall.st,https://news.google.com/rss/articles/CBMi0wFBVV95cUxPVVlRN0Q5WWpZWEZHZ0RjTHFscXF0VEpMNXFqaXVqaGdENndZdHZZTWlrVy1hVENZcHhrbVFkX2JhSHBUTEdJR2UwcFhPSFhWcGVWeE01QnN0QUFKa2FMRUxSdUNPcEhYNnpvb0xmanhrQm8tcGpCWEJHdFdTMkRiOVdXZnZXSlRNQXdnZkdfMVNDX21jZWV4NkJ6TTg3clRXX1I2SW0xOGJMdHpJZGUzX1hrMFE4dS1lX3VHZ1Iwb3U3dU12cnBUQ3FTNHNqZ045VUI00gHYAUFVX3lxTFBITFQzUkxSUGNRY2kxazVjWUhjbXN6R1NTemRld0hDV3E2dmd3aVRvTWNpVUYtdGl4a0ZteTI4RzNWTG4yY2MxeWVQUEk3eVlMQ0ZUTHNBeGpUb2FOLUVXUjg2N21qSS1uVzVtZlV6azR2c04yaUtkOHoySlN5UW52a2k2S3ZFWkllekRrWHBxNWJvWFZISmkyU2c3OVhPMlAtdGFXUHhnSk5MX3ZzdWktTVdqQUdHSTJFeklFYklFUmdtbXN2QVg3WE84Tko5UzJLd09yUFBiSA?oc=5,0.0,neutral
2026-06-28,2026-06-30,PFE,A CFO Departure. A Clinical Miss. A $43 Billion Question Mark. Should You Throw in the Towel on Pfizer Stock? - The Motley Fool,The Motley Fool,https://news.google.com/rss/articles/CBMimAFBVV95cUxPOVh3WmZtQUdaNjZWUEZMM2d4b05fQU9hWU1mVkJGNHFsNEs2c3M4YkdSQVl4VEE2TnNNOG9rMzBhY0tuLTJLb3VHejcyaEZUU2Q0Wl9rLWNvWVlscnJUMFNRNG1HaDd5d2hCYmplZFR6bmpNeUhrSEJ4RXA4X0lQUTVyT1JiZlNOTDN0X1RfNTRab29rZ0ZvUw?oc=5,-0.5423,negative
2026-06-29,2026-06-29,PFE,Pfizer’s CFO Just Left and a Key Drug Trial Missed. Here’s What That Means for PFE Stock in 2026 - TIKR.com,TIKR.com,https://news.google.com/rss/articles/CBMiuwFBVV95cUxObjh1NlVvZU5ReWo5V2VIc0pBRUZFRk1DQzVZeENqMGtfcFBMZXMxVUVTclc0TTd6MjlOckFsUU5TXzVRWmlwRGtHM09URHhLR3c3TDB0ZlFwY3dMdDdCV3daMXMtUVpXZ0VVM3EzcjVHbUFrak1DSmtLTW1LNk1qZklWOE12TEt5d2t5SmlLLXNUTWVFbktmaG9RYmxpZ215bmt2LURSMl93Sm9hdTVtY1FLejl1MkFoeE9r?oc=5,-0.296,negative
2026-06-29,2026-06-30,PFE,Is Pfizer Inc. (PFE) A Good Stock To Buy Now? - Insider Monkey,Insider Monkey,https://news.google.com/rss/articles/CBMikAFBVV95cUxQTXVJaTZrUWZCdmY5by1RUmFrbExvbnFUZmFSSi1KaUdVU1RCVUhjZTFxZnZFeFUxb3J0R0JqX0k3eDliUFBTb2xTNGFqZnpFaTRCODRRZXFYUmZlbTVxNF9icDBsZ1I4SDl6ckNFZHFZOVVSM3B2SlhLY2JQVGVybVpVV3VSR3h2bXVQOEVqV0rSAZgBQVVfeXFMTmVxM3RlZXU2NTktYjcyVThCUWRyTm5Lak9KYW1CVnpXMUhqaWs3dnhmUUQ1TEIxY001Q0tOSFpjUVM5QUlQUjVMWlBCTnVhRTlzSUpZMkxBQkxQZTVGbUlyWEt6eFI3SGdxSnlJWmNrZjFfWTRIcENEOFBxQ3J6blVwSl9HVlVUcU5TZjRmeEFwTHVCcjdUVlo?oc=5,0.4404,positive
2026-06-29,2026-06-30,PFE,Will FDA’s New IBRANCE (palbociclib) Maintenance Approval Reshape Pfizer’s (PFE) Oncology Narrative? - simplywall.st,simplywall.st,https://news.google.com/rss/articles/CBMi0wFBVV95cUxObGRhbVNiUjNkZEFCVERHX0RNNGVFaVBKSXdrTWQ0WE93dFlyYU9qUlhXQjAzckQ5b01XbTNQV3JTbUc1UXVpWmpCVW9PUkNkMDN5Q0RLSmlJcEJqRDByUXZ4NjVKSE5OdGhMUzBJRmdWYm9kV1lCUVEzczBydVR4UFNHZ3lsM3RWb3M4eDRDbVh6ZjdTRHVQSFlhX2V5aHNIWkhOSDdpR0FldnRHTThUWlUwNjhnd1RUYWRMYzFmdjBwQmlxUUQwWkl3S3N3N3pHSDY40gHYAUFVX3lxTE9pNHpmSnQzdXhiX25vUHJRbm1ZamMtc0ttV19aM0FPdnI0UHBwMHI3cHlqWUwyampWbkNHaDBPTlpmZWJrSWFsbE91aVpJb1lxU1ZTUVU2NUZGNG50UXloVUd6cHZqSTlibVYzcEdBZndpTEtLQnZPTFN2MWQ0Y3MwNFYyTXR6bDViVmpLWDNONTctdWNONU0za3BqbnpsaUEwbnBuZkNzOVd0SFJZcHlQTjNQdTBGRTNtZG03QVRJVGt3Y21LRjVMd2ZCcDNXZWhXWFdyN2tITA?oc=5,0.4767,positive
2026-06-29,2026-07-01,PFE,Is Pfizer Inc. (PFE) A Good Stock To Buy Now? - Yahoo Finance,Yahoo Finance,https://news.google.com/rss/articles/CBMilAFBVV95cUxOMk1TZ0EySmVsUmY0WXREekdZS2VQd1Q2dmpIRl8yX1dkdW8wMUIxTTFzN1FuTU9HUFZBQWJHOEd6ekU4QnNaZDZGVC1rRDVsaFdTUTVRZXBrLWxKSUM3Qi1xUXlwMGl0OWJ5NG01NWw3TkdraF80bVJuck1FTmNTbUxIWE84MWRVTkVieDBkbzlndEto?oc=5,0.4404,positive
2026-06-29,2026-07-01,PFE,PFE Stock Continues To Drop As Lung Cancer Trial Disappointment Overshadows Ibrance Win - Stocktwits,Stocktwits,https://news.google.com/rss/articles/CBMi5gFBVV95cUxQdFhnbWwyTFZLSURtM2RDNVZxY3FxemQ1N1A4Ym5RSDlubW91YnBONHlxRjdqdjV2ZjNKaFYwakQ0VVRlXzhrUVlSYnIyZjdxZWY4VGtOdVRscDExT1IyLW1zSlhMOHZpNFl3b0N3YUxJTU9rbC1kV2FQV3hsYndwUlpRaGdEeHFSTWRuN2F3MjVvVnAySmNQTGQ5bV9rYnlJdkhjbjNGa05jVEhIQk04T2hzOUl3ZnpnWVo1ZkZNTnNYNUk0UWVsWXFSUnluNTlGRG9zcmt3WkJGa3NuZ0d3YmlRdlFxQQ?oc=5,-0.7184,negative
2026-06-30,2026-07-01,PFE,Pfizer (NYSE:PFE) yield tops 7% after stock falls on China GLP-1 news - TechStock²,TechStock²,https://news.google.com/rss/articles/CBMijwFBVV95cUxPbEROQ1FuMGJSSk9VbDNPSTFCUmJXdTFmeU1RRmY4VW5tYjZ2UmdDT2xlcHBVMkp0Y0pOUzBSQkhfaEVxdE9SMTZIZnVfdllkWFNjNTJRZl9vZV8tVV9sXzFoYjdvZzEyUEUzMVMwNm9na00wS005Y2JZT2t4MlJuR1FMOFdkRjBwLTF2dGhMMA?oc=5,0.5106,positive
2026-06-30,2026-07-01,PFE,Pfizer (PFE) Stock Declines While Market Improves: Some Information for Investors - Yahoo Finance,Yahoo Finance,https://news.google.com/rss/articles/CBMinAFBVV95cUxNY0tRMEFHVTZfMl9weDBXMGdVSEFuVWRrN3ZtTk1kV1ZvczlnQ0hwMk5tX19NU0pBS0VfZWhERlNJelJzWGNLQWdHR2xPVGh5OXJVVGdBa3AtSnZMQlIwQTM1QUV5OEY1cFU2RUxhLVJ0Y1VWbG1PcmFUZm1HS05MamszX1k0QjJFRU5nWG9VN2ZKb2dDXzBZSmJTeEs?oc=5,0.4215,positive
2026-06-30,2026-07-01,PFE,"Wall Street Walked Away From This Powerhouse Stock, But I Am Buying It on Repeat - Yahoo Finance",Yahoo Finance,https://news.google.com/rss/articles/CBMioAFBVV95cUxPTmpJLWRvc085Q0c3UVpqT0Jjb1FubmNxazJoclplQk1EZldFOEo2NWRJaV9JNUgySkdyb0xJd0tFVTdDSmpMZnQ2R3ZFdmZaMnJLSVVTdG9UOVZhRXVoWTNUUEZFOUctNmlZb0dwUzVTdmR2N0REWmEzNHNuN3ZoMFFzN1hFZFRQeHBCZTlDaVVzZlh0cjhDOUNKVHg4WFpq?oc=5,0.0,neutral
2026-06-30,2026-07-01,PFE,Why Pfizer Could Prove to Be an Underrated GLP-1 Stock - The Motley Fool,The Motley Fool,https://news.google.com/rss/articles/CBMimAFBVV95cUxNRG1laXpERDhLeTdCXzhOb3BFQ2NXb2tfYmhUcGlEUFJrNl9Qd2RMbDJ5dXNJdktzaE5mQ2tDc3FZSXR2UkpPY0JfdzNOaDJ5b0VNbU9NOHpRb0pjendXSklFY3NDZjN5OXRJanlrUHZHdmVpUEp4My02Mk9pRjQ1TFpWRUM5MXAyNjNTWTJLX09rTU8xNFVIWA?oc=5,-0.4404,negative
2026-06-30,2026-07-01,PFE,"Wall Street Walked Away From This Powerhouse Stock, But I Am Buying It on Repeat - 24/7 Wall St.",24/7 Wall St.,https://news.google.com/rss/articles/CBMiwAFBVV95cUxQenZNLVBBUl9LZDNuUnlicnFZS3ZHWjdkcWJscFpqU1V2a0JXRkNsaWdXT3gtOHh4S0JtR0ZUMHV4c1l2bGg4cS03TjFZQmZvZDR4c3U1MWkwYWNGWTI0WXd5U0lSN3Q5UENzVjJlSWxZZktWZHU1UmI3b0hxVldBcXJTS3k3clU5UU81MFdHMllfOVZQVWpEXzNuY1hKZEIzZDM2TXNxNV95cGxVOVIwRnlEM3I0S2ZRemozc0JHQmg?oc=5,0.0,neutral
2026-06-30,2026-07-02,PFE,3 Dirt-Cheap Stocks Under $45 Built to Outperform in a Volatile Market - 24/7 Wall St.,24/7 Wall St.,https://news.google.com/rss/articles/CBMiswFBVV95cUxOQmJza1hSNEN3SlRKamZaOTZIWTRrNldZRkRNX3NNb2tTYjl0Vi05V2Z6a3hRWks0Y1Mxa1pKWFlXN1k4cTZTLTJjZlRTQVZfcFlIb1FuaXZPTkxaRlVvTGZfbjFSQ1lmX1o3VTlGek5IdGVRSENuenZEOTNkZzVrMXNFTnlrYkdYRk54RGY0RkZOSUV1aW9CWDFRYUFlUW0xb0w1X2d5VHNFeWFnM2x4b2lJNA?oc=5,0.0,neutral
2026-06-30,2026-07-02,PFE,This 7% Yielding Healthcare Powerhouse Belongs in Retirees’ Portfolios - 24/7 Wall St.,24/7 Wall St.,https://news.google.com/rss/articles/CBMisgFBVV95cUxPcmdTeXpqX2pHMy1UVWRHRTFxaXhLSmdzVDMzMVlyRjh2MVc3OU9JakExNVpGQzdOU2QwVDhTNEFfSUJIVGl5VzBmeEE4V3NuaVU0REJCZEdpNU1wU3FUWVdXTlFEYmJNeURBOHlZenpwYnRmT1ZOem9FUmgzSExTLUFTVExtcWZrZ21Qd0kxMHFzVDVXVlFPRVkxX01HWEM2amxlRlpMZmE4di1LaThpRVNn?oc=5,0.0,neutral
2026-06-30,2026-07-13,PFE,Is Pfizer (PFE) Stock Undervalued Despite Mixed Oncology Progress? - Yahoo Finance,Yahoo Finance,https://news.google.com/rss/articles/CBMiowFBVV95cUxPRkFfTW1SRnRIbGhvUnVtZXZEYnBfVkYyNUljN053RUFOdHRFeXFZTmtwT0k3NlZLYkFyRXZ3MUVHaHJHSlJ0eWN5V3ZsOXlUS0xPamFHd2ZSZmZ4TDl1d1Y2M0RadFJtZ09iU01WdzU3bnZNV2J5WllmRFhMYnZWa245dW5VX3pqdW8yemJMMFlpa2JWZkpJOVpxUFZoeXFwUm93?oc=5,-0.3252,negative
2026-06-30,2026-08-11,PFE,Why Pfizer Could Prove to Be an Underrated GLP-1 Stock - fool.com,fool.com,https://news.google.com/rss/articles/CBMimAFBVV95cUxNRG1laXpERDhLeTdCXzhOb3BFQ2NXb2tfYmhUcGlEUFJrNl9Qd2RMbDJ5dXNJdktzaE5mQ2tDc3FZSXR2UkpPY0JfdzNOaDJ5b0VNbU9NOHpRb0pjendXSklFY3NDZjN5OXRJanlrUHZHdmVpUEp4My02Mk9pRjQ1TFpWRUM5MXAyNjNTWTJLX09rTU8xNFVIWA?oc=5,0.0,neutral
2026-07-01,2026-07-01,PFE,Is Pfizer (PFE) Stock Undervalued Despite Mixed Oncology Progress? - Yahoo Finance,Yahoo Finance,https://news.google.com/rss/articles/CBMiowFBVV95cUxPRkFfTW1SRnRIbGhvUnVtZXZEYnBfVkYyNUljN053RUFOdHRFeXFZTmtwT0k3NlZLYkFyRXZ3MUVHaHJHSlJ0eWN5V3ZsOXlUS0xPamFHd2ZSZmZ4TDl1d1Y2M0RadFJtZ09iU01WdzU3bnZNV2J5WllmRFhMYnZWa245dW5VX3pqdW8yemJMMFlpa2JWZkpJOVpxUFZoeXFwUm93?oc=5,-0.3252,negative
2026-07-01,2026-07-02,PFE,Pfizer vs Verizon Communications: Which High-Yielding Dividend Stock Is the Better Buy? - Yahoo Finance,Yahoo Finance,https://news.google.com/rss/articles/CBMipAFBVV95cUxNZVN0Mm1MbVVHeWxmOTJVUmtjQXVSd1JBNDlFdXdvaF9naDZ3SUFlelprRkxOTFdWYlc4R01maGh5Mzg3RVludGhGWEJCbXQwTldPSWpVeGZ6blV0NmVvUHIzNkx0S0p2ak11Z0JrYlpoaVpTb19aazdXQ19UNzVSV3dDbFZVU0pjWEUzRmhET2Z5YjRPM0FoZ3VmMXkzbEtJWDRFYQ?oc=5,0.4404,positive
2026-07-01,2026-07-02,PFE,Is Pfizer (PFE) Stock Undervalued Despite Mixed Oncology Progress? - Yahoo! Finance Canada,Yahoo! Finance Canada,https://news.google.com/rss/articles/CBMijgFBVV95cUxOWFJpS242YlROS3VlZ2RESzJIZmNqb2toYW5wSG9icVBFdTh4V1F1SlhTbUFaOHNzUG1kc3EyQXN1aTZUcGtXM2toeFVvTkh0T1NOMkRKWkRoV2c2MF9iSjZBY21pMXhiTWNBWWFPVFhWd2pYUmxPZEl2SjlRVVpyTU9EUzNma3hDREJQSmhn?oc=5,-0.3867,negative
2026-07-02,2026-07-02,PFE,Pfizer (PFE) Stock May Be Fairly Priced On Its 22% Slide - simplywall.st,simplywall.st,https://news.google.com/rss/articles/CBMiygFBVV95cUxPSlpBZW5LS1l1X2lwNEFHR0ZzMEcyc1BoRmx3SzFvUjVlOF8waEUtVU9Sb2Z2ajdmbUZFS3lfSEJGajRDYlhKTDJCXzBLYjNhYlVkaWtDWVVaMTlTcVpFTFo3N1FkTWJodThPZ21YeklQa3VHQ0NiQ0h1czYxR3V4QmdnblhFdFNUckdrbTFpQzhSMG41eTAyeGwxaV9uM1dzRlhfaFhiUmRsZjdhdGZJUHIybFZydEtlVFpneUlac1lWLWJGRTR1cmlR0gHPAUFVX3lxTE5sRGMwb29jM2RubmJKbGo5YVlpLTA0QzdvU0VBRHJUMWZ5cU1zU2R3WEdpMzFIak5HbTlsWVJ3Zlo0ajl1T1hLOU5yU2ZVdW42c0dyd0xLbmVRQ1M1aXJMOTBxYVZoUEtXTFJ6SENKWTdJRnZZZzZpckIwLUdjQTBWdHVQdlpSdExWWjMxVjRwekRLLVhKOXpSOG5jLS0zY184R2NiUHlSZVFLdzIxNGFSWGlOeE1SbDRycl8waUhVLVJJY1ctUFZ0ZzVUcjBJNA?oc=5,0.0,neutral
2026-07-02,2026-07-16,PFE,"Pfizer's CEO Says His Company Has a ""Very Big Balance Sheet"" to Do Deals. Here's the Perfect Next Acquisition Target for the Pharma Giant. - Yahoo Finance",Yahoo Finance,https://news.google.com/rss/articles/CBMilAFBVV95cUxQQmFsaDgzZFl6bE5kNGVCcXo3aHQ2NWg3RUg2RnBCY1lqRWlvZFRCRDZsQUNxUURzdGtHNHBXUXgwaXN1VjhsMkVUNjdFbllTT2hMUDBlZXBsek1ieTJUTVJ5TUJtUW15Z2djV2dLYjhueHp6WGlCZHZFaXlsWURCSDdBZVdiT2hkQW5TdTZwMURrZDBY?oc=5,0.5719,positive
2026-07-02,2026-07-16,PFE,"Pfizer's CEO Says His Company Has a ""Very Big Balance Sheet"" to Do Deals. Here's the Perfect Next Acquisition Target for the Pharma Giant. - The Motley Fool",The Motley Fool,https://news.google.com/rss/articles/CBMimAFBVV95cUxOUTJGVXdGYm9hWUM3QUN0X2lzY0xkd1FLbFg0VzJtenpOMENEeG80OTJtQUFEdlA4Rl9VdTl3OGxGRlI3cndCMldBTU5yRmI0V2V2dmNDbEY4RGNFdkhELUtpdGNuY1JkYVBFdGpIalNDRVNGaFdvbEFjaTNoZGdqWnVvbFFwN1BKeGpLUndNWld0cExYTlROcg?oc=5,0.2023,positive
2026-07-03,2026-07-03,PFE,Pfizer Stock’s Dividend Yield Sits at 7% Heading Into the Back Half of 2026 - TIKR.com,TIKR.com,https://news.google.com/rss/articles/CBMioAFBVV95cUxQV3JCcFhhVTlVeDFJSXpKYmFURkZVUDlJNEMtZUU3VFp4TDhWc2NKdU9HU3RvdkcyaGlNYmNwcFQ1Z2pKWW94SHJqeFdWR2Y2T0RCdlJhd3hqeW9pWkZXMG9QVklTLUpZV0xXZkh2NnRQck5zdmFiVkNreVZtanZOS2JuTW9XZ0VkbFJXWG1jNmROV1FMTkplQWJGUnZNckt3?oc=5,0.0,neutral
2026-07-03,2026-07-08,PFE,PFIZER INC (PFE) Stock Chart - ChartMill,ChartMill,https://news.google.com/rss/articles/CBMiY0FVX3lxTE5SOTZLV3c2UEpaYjFqcTI3bUpnZkFKN1RsWGgzeDVWYlotX1BOY3JFMFVwMTNTU2JLY21md2h4bzc2ajJ1WUtDX0lKOFN2akg3X1FpQXNRaEdqSmZfU3NYbHhmUQ?oc=5,0.0,neutral
2026-07-04,2026-07-06,PFE,RBC Capital reiterates Pfizer stock Underperform rating on product headwinds - Investing.com,Investing.com,https://news.google.com/rss/articles/CBMi0gFBVV95cUxQNXl6dW1aREJCV3ZxM1gyTjBfQzFROVZENFA1cThUWGVOWEJsRjlVa3FXRk5sdXczNzVSazZlS1hfbENmMEVyU2pDVVZWcFZnbkIyWUVZcXYtN1FnOHFGazd4eDBXTmFRNDFma0MtaTBDZHBZVWVkX0x3Y2ltWHhlclRNdFpJdVNOYktPNVI4aEdkXy1LU2FUZkh2bzBFZ20yRGVPLVY1aU1ZWENWTUlxRnM0YnRMdXZZY1I4c3VXbkd5OXVwdENHRGF5SjdLdmRMNFE?oc=5,0.0,neutral
2026-07-05,2026-07-06,PFE,Pfizer Inc. (PFE): A Top Dividend Stock to Buy According to Hedge Funds amid Ibrance FDA Milestone - Insider Monkey,Insider Monkey,https://news.google.com/rss/articles/CBMi1AFBVV95cUxNZDEteW5NR0J4VHNQbXFla0R4QmdhOU5MZFdRZGZCWFRmVm13dEtiRXoxSENtV2J5aF9icjBaTi1jYW5TRHJfZjdDeVlPb0p2aDVfT01xNmZWdTV5N3VQejFHeUtnMTN4YzZJREdIcTUxRVFneGlJSml4T1loVHRmRVViamFWaGNDeGZWMjNSa2RnblJmdEZJV29ZWmk4NkYxTkc0MjhyUHFkSy1ZcloxTjF5dmFlaldMSUtwWERsdlVZdXdKZ3VJSDhoeFYzTmN3OUw4WNIB3AFBVV95cUxQZXFSYnI3anZhNXJKWlk4a3RBVGdab1c0YzYtMmVNWVpxZ2piYUxWUjdyNlNHdnRGQ09maUtXalpsU3EtYkIxZXBPWWw1VmNBLVFxZ2syU044ZzVjRE45TVhzb1FXNVRleGlRU0lfWWRUTFU5ZnloZl9yV0hYNWJJS2JSR00yUkJMWVhsZTV3bDFYRG1JWXBNZGZzVU5FZV90OXhWbHlMUFBCZ2xtX3ZsVGdJWUVfWng0TDg1V2F0NXBnOE1lN0JxY0pOVTVEelV3MDRzSmV3NmloQ3c0?oc=5,0.2023,positive
2026-07-05,2026-07-07,PFE,PFE Stock Continues To Drop As Lung Cancer Trial Disappointment Overshadows Ibrance Win - Stocktwits,Stocktwits,https://news.google.com/rss/articles/CBMi5gFBVV95cUxQdFhnbWwyTFZLSURtM2RDNVZxY3FxemQ1N1A4Ym5RSDlubW91YnBONHlxRjdqdjV2ZjNKaFYwakQ0VVRlXzhrUVlSYnIyZjdxZWY4VGtOdVRscDExT1IyLW1zSlhMOHZpNFl3b0N3YUxJTU9rbC1kV2FQV3hsYndwUlpRaGdEeHFSTWRuN2F3MjVvVnAySmNQTGQ5bV9rYnlJdkhjbjNGa05jVEhIQk04T2hzOUl3ZnpnWVo1ZkZNTnNYNUk0UWVsWXFSUnluNTlGRG9zcmt3WkJGa3NuZ0d3YmlRdlFxQQ?oc=5,-0.7184,negative
2026-07-05,2026-07-08,PFE,Pfizer Inc. (PFE): A Top Dividend Stock to Buy According to Hedge Funds amid Ibrance FDA Milestone - Yahoo Finance,Yahoo Finance,https://news.google.com/rss/articles/CBMikgFBVV95cUxPQXlkSVN0bWo1UzNGa0U1dEdoYTc5VkwzSXJBT0xvTVRFSi1fTDlINmVGYXQtYlh1a3NRRVF3a0lrdnRPdU5jUDFDM0FjMVBLM0lmNTR0Z3YwTjhxMDdseGdiUmROZE9JNktXTGZ1SWI3X2tTYjlFb1ZpSGN5dkt2bHpZQWw5UU9EM0s5bXNhUlBZdw?oc=5,0.2023,positive
2026-07-06,2026-07-06,PFE,PFE Downgraded by HSBC -- Price Target Lowered to $28 - GuruFocus,GuruFocus,https://news.google.com/rss/articles/CBMikgFBVV95cUxNNWlLbERQREp2NTNnZUZOUkMtb08yN3hnbWhJN3gyaTlZLUJZdzQ0TnRaVlRnMndYYXFNYW8zcDlCTkxRMWs2aVNYdUs5NDVrTEtVV0V1cWd1ajBlLUNhOHpNdVh2S2VPb2l0eEh1aGdEcVV1UHF2WElQSXl1SmRsR0w4VktkalhWeFc1SkJHYVRQdw?oc=5,-0.128,negative
2026-07-06,2026-07-07,PFE,Pfizer (PFE) Stock Sinks As Market Gains: Here's Why - Yahoo Finance,Yahoo Finance,https://news.google.com/rss/articles/CBMimgFBVV95cUxNd1Q0MzYyc0JtUmFoanl5dGpTem9jcEdKX3lNLVRyb2x2Zk9nYW1BeW9RLWRJMGYzSmQ1Rm9QZHZ1MWZ1UkpwSXdCSk52dms0UF9SV2UxeC1VelVUaFdockhrWjhQejFHQzBxdWlBanp0UkFIeXBrczZGMVNHNkhsdHIzNHp3RkVJelI4VG5LWTNnUml6SEMwUy1n?oc=5,0.34,positive
2026-07-06,2026-07-07,PFE,HSBC downgrades Pfizer stock rating on lack of near-term catalysts - Investing.com,Investing.com,https://news.google.com/rss/articles/CBMiwwFBVV95cUxNWXVGanlMak8xaHJ5bUhCY2hWdXE0b1VPYnppZWx6VnR4dnpYYjBjY0w2YW50UFhta0xWWkgtTEFiWTVuSjQ0eE5acjlqNlNsZ195YVhFWGRaSVVjVGQ4SktxcG03NlZCcjk2MmtWVnlZcUEwajV6ekh4R0owUXpBQy1Zem1WQVVuQnFfZG9EVzl0Vkxnc05xQ3JUdkpHdWJFWGVnUEJHc1d4X3JjcFhaREVCYXNmUk5MTGZ0WWNrNTd1WnM?oc=5,-0.3182,negative
2026-07-06,2026-07-07,PFE,$PFE stock is down 3% today. Here's what we see in our data. - Quiver Quantitative,Quiver Quantitative,https://news.google.com/rss/articles/CBMioAFBVV95cUxOb3RtUTMwNG1JaGNUaXFtRUFtSnVoaDFwbEdGN2NfX2FoZWZpN0hTbEpMQl9ycnlkUkp3QzQyazhreU5jdXc4MjJDQzhDbFQ1d0xEQWFYMkF5VG1HS0RCYVEtdUJnM2U5TGJ0VjVmNmNaR3MzVEYzdzE5aXVmdEhZcE93SmV6TnNHSU5oQWgzN3I4RWVTdmRZR1VpNlVtQUUz?oc=5,0.0,neutral
2026-07-06,2026-07-07,PFE,"Pfizer, Inc. (PFE) Stock Analysis: Exploring a 19.86% Potential Upside Amid Strong Dividend Yield - DirectorsTalk Interviews",DirectorsTalk Interviews,https://news.google.com/rss/articles/CBMi2gFBVV95cUxQS3ZLWWJiWmdWZFNfQkRWWTFKODRRTDNCZ3lBbVBpY25xUk5QSEpoWHFkNGhpaGdrMUxpLWpJX29LeExSUERYclFPUFRuZWVnWEZSbXBKSTRobVFYNGtpTWtqODNBQl9Edk8tcThIQndTREFTRGRybEJaTVNsZFNLdndCbng4cWp0aFVxQmlBWWdnTTlsTXh1WkZnNk1qbEF4OXZvOXZIa0pOS0sxMkxTNjJWRG5za2tDY19vZ0Zyc1I2aHN5ZHlsZ1RONXhyWmx1STgxU2lMRG41UQ?oc=5,0.5106,positive
2026-07-06,2026-07-08,PFE,My Top 5 Pharma Stocks Wall Street Ignores - Seeking Alpha,Seeking Alpha,https://news.google.com/rss/articles/CBMiiwFBVV95cUxNaDFiTS1IMFZOVnI3NEZzUmdXVmdlN0FGTllHQm5zZlFvTDJsV3NhYlRpOWZTR3RKMEVFSkFoYU1iWHZweVBDUGNNMHdiRHBPOEFVRkNzQTVLZGFtQ0hjbmF3Mm9jR25VX0Zibm02aXpySFdodUlONkFVUkJLY2otOXlZQkhoRmNSc1dz?oc=5,-0.0772,negative
2026-07-07,2026-07-08,PFE,Former Pfizer Building Is Crumbling—Just as the Stock Has - Barron's,Barron's,https://news.google.com/rss/articles/CBMicEFVX3lxTE84R1ZTQnlOZ2xjdVZyUE51dGVLSTMtc05NdWxiQVlncEFmbTVnWjZZd19RRTNRUjJMV1FWbmI5RnVldEhoVVJGc0FEZEthSk5TZFlGWXJJQWphRTlQX3dnemZzbXhQeTR3SFdwWTgyV0I?oc=5,0.0,neutral
2026-07-07,2026-07-08,PFE,Pfizer (PFE) Stock Bounces Back After an Analyst Downgrade - TipRanks,TipRanks,https://news.google.com/rss/articles/CBMijwFBVV95cUxQT0VtNmtIdmwwaXdUM0RybERZQ1JRV1NlNWpESFpuUEE2OGcwWXVMNzV6OUpVdFZHT3BrSzd2ZF8wMlRRTXI0V0s1RG9jRGFYUnhJNU1Nbk5RQ0hpUEJjd1djM1k3c3dnUC1JWEdYVlFFZ0hNY1ZZVV9VRlkxTDYxU24yaEM2Qmk0TWZXQTNuSQ?oc=5,0.0,neutral
2026-07-07,2026-07-08,PFE,2 Healthcare Stocks to Buy for Their Dividends—and Why Pfizer Isn’t One of Them - Barron's,Barron's,https://news.google.com/rss/articles/CBMieEFVX3lxTE1HZlVPYWhFbGpWd2duWl9lUHZRZExPTmZaQUw5TGc4OGNzdE5GcndQZnhoMmRzVWNJdGNyTjJCMTVPV1BIR29SdEJXMEd2b1B4U3BtN0ZWbkFpMk5qRmwtUXI2QXpWTlBKckVzdk5BRzM5Nmg5RndGVg?oc=5,0.0,neutral
2026-07-07,2026-07-08,PFE,Pfizer or AstraZeneca: Which Stock Offers Better Long-Term Potential? - Yahoo Finance,Yahoo Finance,https://news.google.com/rss/articles/CBMioAFBVV95cUxNa1ExMXdlbkdyNGFqa0hlX0FscGlseTUwZTU3N1lMVWFzQWxYYXRuQUl2aEwxOGNQeHBmOEZGdHNaS1ltYTl2QVdJNnZnWXlsZERpQlhUc2dWMFFuZ1BMd0hvSGNQOEozRno1Vm9jZ0xNbUpsMWVObk1fLUI5SWJkUjBYQUNBczZBbFZ2YWNYM2VHQnpXVXB2bFVMdTQxUHRu?oc=5,0.4404,positive
2026-07-07,2026-07-09,PFE,"2 Dirt Cheap Dividend Stocks to Buy With $1,000 Right Now - The Motley Fool",The Motley Fool,https://news.google.com/rss/articles/CBMimAFBVV95cUxObWwxSkxwMWd4b2pYZklfTWZSVkkxdVRJZFdQZ2UzOTE4NF81c2dzTkZyZEw4cDRUMHhIYXRHdDY0aTYwOWFBOTZWaExrNy12TWJxQ2M2R2ZxVHFmZ0h5ZVBJWk5EbGNKVWtUekEtN0hDNk5jWVVPWTNBSVZzU3A2WmpReWVSdkc1ZDZQZmVRTEdsSDZseFdmaw?oc=5,-0.6486,negative
2026-07-07,2026-07-09,PFE,2 Dirt Cheap Healthcare Stocks to Buy in July - Yahoo Finance,Yahoo Finance,https://news.google.com/rss/articles/CBMilgFBVV95cUxOWHI3X0x3YzdqYks5THhiWEs5cVNWakcxclBEclhFZXQzejQ5QnVodmRtdE5XdGVadHFLVzB3ZUF1V3A4RktoMUwwRlVQejRVRERKN0VNZlhSRkZ4cE1OaFZqSmRxWmNtZFVmdnExWEFtWW9vV09qc2hWcFF4QXVUMlFQdzI4Ti1GQlVYZVFSS2hFX2cxOHc?oc=5,-0.34,negative
2026-07-07,2026-07-09,PFE,Opinion: Pfizer's Dividend Is Riskier Than You Might Think - Yahoo Finance,Yahoo Finance,https://news.google.com/rss/articles/CBMipgFBVV95cUxOYWdmeDhCWGZGSHlaZzJKWjYtY2puUzk4TlQ1UVBkRTZpNnBaMDBNbjBXNENxMXJYQkl6bk00TnNTQnVNeGY4YjU1T2p5SUp4RVBDU2RKYnNHZ1VDdFphTzI2ZERSeFpQaDJBYUhEY0UtSmNsR2Z1OHZtQmt3WVpLVVBGc09nbmJ0UTlvV2dHNVBDS0RsdlJyTGxPaGNva2JweHRGU2Fn?oc=5,-0.34,negative
2026-07-07,2026-07-09,PFE,PFE Stock Continues To Drop As Lung Cancer Trial Disappointment Overshadows Ibrance Win - Stocktwits,Stocktwits,https://news.google.com/rss/articles/CBMi5gFBVV95cUxQdFhnbWwyTFZLSURtM2RDNVZxY3FxemQ1N1A4Ym5RSDlubW91YnBONHlxRjdqdjV2ZjNKaFYwakQ0VVRlXzhrUVlSYnIyZjdxZWY4VGtOdVRscDExT1IyLW1zSlhMOHZpNFl3b0N3YUxJTU9rbC1kV2FQV3hsYndwUlpRaGdEeHFSTWRuN2F3MjVvVnAySmNQTGQ5bV9rYnlJdkhjbjNGa05jVEhIQk04T2hzOUl3ZnpnWVo1ZkZNTnNYNUk0UWVsWXFSUnluNTlGRG9zcmt3WkJGa3NuZ0d3YmlRdlFxQQ?oc=5,-0.7184,negative
2026-07-07,2026-07-13,PFE,Former Pfizer Building Is Crumbling—Just Like the Stock - Barron's,Barron's,https://news.google.com/rss/articles/CBMicEFVX3lxTE84R1ZTQnlOZ2xjdVZyUE51dGVLSTMtc05NdWxiQVlncEFmbTVnWjZZd19RRTNRUjJMV1FWbmI5RnVldEhoVVJGc0FEZEthSk5TZFlGWXJJQWphRTlQX3dnemZzbXhQeTR3SFdwWTgyV0I?oc=5,0.3612,positive
2026-07-07,2026-07-22,PFE,Opinion: Pfizer's Dividend Is Riskier Than You Might Think - The Motley Fool,The Motley Fool,https://news.google.com/rss/articles/CBMimAFBVV95cUxQcGRMTy16dUp0cXRibEJvemZXU01yVk5OZ01ndUUzNEMtVWNDaWYxU3NCRDNPRTF2bnFVa0N1VGFOMWt1WFlYYVM1aGxhUXo4R29lTEVmTTZHeDgzZlhybEFwZmRUN3l6M0FPMk9pVkVCUTZHVUFTVUJLY1FpTFdsZFB6a0pIUmlzRGx1VmdmQXFEU25PcVEzcw?oc=5,-0.6486,negative
2026-07-08,2026-07-09,PFE,Is Pfizer (PFE) Undervalued After IBRANCE Won A New FDA Approval? - Yahoo Finance,Yahoo Finance,https://news.google.com/rss/articles/CBMioAFBVV95cUxPTm9GNjNJeDhiSUJsN0tvRWo5QUU0MTZkNXE5dU1sLWlINmROakNDSHktM2JIUUxvRmh6YzNnNXVwYks3RjNVUmNaUjNLanZfRXUyQnl0T05vRDAwTFloUEhUSE0tbFFSZDQ4OGt1TlljQnB4WXljRi15NUdQaVdFTmttYmhYWnU0WmtLOEl4Y3A4YUstSk51b2hUM0hXWjVN?oc=5,0.7783,positive
2026-07-08,2026-07-09,PFE,How Pfizer’s (PFE) Dividend Record Separates Tax Treatment From Business Momentum - Yahoo Finance,Yahoo Finance,https://news.google.com/rss/articles/CBMiowFBVV95cUxPcEFBcmNHc2JiXzcwR3VLM0VxQzlKNjhfS2ppdlhtU0lFTkw2N0pkYV93N09ZMllRQ21Zbm9LRWhBMmFVbHZOTDRXdTlWVGJlSXB0NHBLb2ZtQzJBTG16T1VSQS15TjZnZTV2dUdXVEJ1WURMZE1pVHdpRmd5ZXEyd1JrWVJkYkhFcEhYTVUzcWlYaUJPckhra0xndGw1RnRkV1Jn?oc=5,0.0,neutral
2026-07-08,2026-07-09,PFE,Two Healthcare Blue-Chip Stocks Offer Opportunities as Dividends Shine Bright for Pfizer and Bristol-Myers Squibb - NAI500,NAI500,https://news.google.com/rss/articles/CBMi3wFBVV95cUxPU2NkU21pemNNQzhjOXFtQ3NQSkF5TWFOUEVYV1NxUFFBblV5WXJfUHRHSTZlUnVnaW16NnBRejBjeks1QVJXVmFycUpZbnBvSVhGY2lZQ0xxZ2lhNDRBaWxqSWExc1dVUVhUY2xkSHIyVHdXNHk1U0ZIdFpSMkwzZ2c2NVVjM2JGUnRsTDk5MVlQYVlGczhtSlYwcDh2VVp3ZFdrR0wwYV8yWmM4Njg2Tmg1Z1pnRngxcElMdldYY3dDMU55R3JkeWNReWFkZG51SDlOcTh2YWlnV2VBOEE0?oc=5,0.6705,positive
2026-07-08,2026-07-09,PFE,Pfizer Inc. (PFE) is Attracting Investor Attention: Here is What You Should Know - Yahoo Finance,Yahoo Finance,https://news.google.com/rss/articles/CBMioAFBVV95cUxPbHRGRXdNQ20yRzVXR3J4QTdPQVRQSWV3THpKSjZXREU5Wjdkd0tzenY4Mzg5cDFJd1JpRy1jV1JvWVRrZ3BKVjcyVGhCZl85QTlQUzRwOXY1UEQ1WUVRNnFkQnY3LTdCTHJ5WXEyRHhoYWg3TDdRMnN2YnFMNlpkSm9zXzMxc0UxOHAzMGVaTzJxMlh0V1c4T2hPU05BRGdn?oc=5,0.4767,positive
2026-07-09,2026-07-09,PFE,"Pfizer, Alnylam, BridgeBio gain after late-stage trial setback for Astra/ Ionis - Seeking Alpha",Seeking Alpha,https://news.google.com/rss/articles/CBMikAFBVV95cUxPcms2ZERRVHNqNzJrb0hIUjhydkxMQldXWklOUzQ0c2dNUlFTRHFYZjRkYTctbWRlckJMSDhIblNyQldMWXNqSFdHOEFLcWxsdk8xekIwNVZYcmZ6MEdadVBMbTFqZURORlpRVUZtNDM0dm1hcFF1SUR4aDhPWDExWUJsNGxmX285anN4WUJWbjI?oc=5,0.5267,positive
2026-07-10,2026-07-13,PFE,"Pfizer (PFE) Analyst Ratings, Stock Forecast and Price Target - Moomoo",Moomoo,https://news.google.com/rss/articles/CBMi2wJBVV95cUxQVXlXc2RhQ2VJLThvSV9QbkgtRG82cDNNeG5nb3hGU3QwVTY4ZzJxTTRDVU1ybWhmUjlhT2szOVVKRzZjUHl1SF9LZ0hoUVhJYzhPSWJJSTc3TlkyeGM4LXBJbGlVMk14bUt6dG5BRUFQVFlHN1BMa0ZfbGw0TTFFOWt2ZHVlakVQNlM5RTR0RlVoSUxFMUpZcUEtRllEbm9hd3NhZmxXdk1rXzR6YW9GWndJclluM2Y5dGpDNENQMUFkSC0yT045bjBKYnQzS0p1V2N4YmlRMmJKMmpXc3k1bERFWUl0RTE2NFNIWno2OEJyUEhfN1ZUU3RqUnZlMXktQlV6bmFuOUdTQV9rREJKa0JWS3NmamJ2UF9fYjJHbmtNZXFJRnd1a2J3c2Zta25FVEs0THB3MEJ1VGljRDJPaE83dkJkRUpYR2NSRE5aUE1CenBwRUdBYW1mbw?oc=5,0.0,neutral
2026-07-10,2026-07-13,PFE,Jim Cramer on Pfizer: “I Can’t Come Up With Where the Growth Is” - Yahoo Finance,Yahoo Finance,https://news.google.com/rss/articles/CBMikwFBVV95cUxObThHanE5RHJ1dXpRRnJHS24xcnVMaURlOVVzMmVZaDRiQnpoTEJHdnAxdGhqd1FZRlhUbDN0OVBFN24weFJfMVQ4Ujk1bm1uREhHUFJ0bzFpMkIxaUNqNDVkblo4QWQ4NzFoRS1WNjdGc1pDRVgxZVIwZmh4Q2JjNFZSTEtYRWNxR0UxUDEzRjV6Vmc?oc=5,0.3818,positive
2026-07-10,2026-07-14,PFE,Will Pfizer (PFE) Beat Estimates Again in Its Next Earnings Report? - Yahoo Finance,Yahoo Finance,https://news.google.com/rss/articles/CBMinAFBVV95cUxQSjRLRmFHTkZ1V0xPZElEUkV3VzRDYVphcGNpNS1zUUZKS2dMclFnUG5mQTFGN1pYbzhGZDJGc2p6Z1V0bTlmZWZKbWRVUkUzS2N1WTZ2OGNxMkJray1VZ1dIZHpoZVkxV041cGNkX0UyQ2Fwb3o2THl6OUF2dHFkLXo3MG9HUHVQeFRSamdkTi00SGxoeHJaZExBaHQ?oc=5,0.0,neutral
2026-07-11,2026-07-13,PFE,PFE Stock Continues To Drop As Lung Cancer Trial Disappointment Overshadows Ibrance Win - Stocktwits,Stocktwits,https://news.google.com/rss/articles/CBMi5gFBVV95cUxQdFhnbWwyTFZLSURtM2RDNVZxY3FxemQ1N1A4Ym5RSDlubW91YnBONHlxRjdqdjV2ZjNKaFYwakQ0VVRlXzhrUVlSYnIyZjdxZWY4VGtOdVRscDExT1IyLW1zSlhMOHZpNFl3b0N3YUxJTU9rbC1kV2FQV3hsYndwUlpRaGdEeHFSTWRuN2F3MjVvVnAySmNQTGQ5bV9rYnlJdkhjbjNGa05jVEhIQk04T2hzOUl3ZnpnWVo1ZkZNTnNYNUk0UWVsWXFSUnluNTlGRG9zcmt3WkJGa3NuZ0d3YmlRdlFxQQ?oc=5,-0.7184,negative
2026-07-11,2026-07-13,PFE,Pfizer: The AI Hedge That Pays You To Stay Defensive - Seeking Alpha,Seeking Alpha,https://news.google.com/rss/articles/CBMilwFBVV95cUxOSDlKcWwzakRLeWZRMTZ5cmdNVk9nZmRqMUxSdEhDZ1pMdmFjak5vdVpFM1VyemtXdDk1eF9UekVHZmdYYlFxWHQydTV2WVJjNWhVY1VxN2tFb05DRzFxeHhlQ1ZjeXlVV0FKTjc4SUJ4SXVkOUFERHJ3dU41ZGl1LVpBQmtsd3k5T2JfdWFmQnlBbmhRRDhv?oc=5,0.0258,neutral
2026-07-11,2026-07-13,PFE,Pfizer: The Post-Pandemic Turnaround Is Already Underway - Seeking Alpha,Seeking Alpha,https://news.google.com/rss/articles/CBMinAFBVV95cUxOZG54bFNYMGN3SFM4TGJob1V1WFRIWVJMNTZQMy1WR29nXzcxLUtZNk8xcl9CVTB2TWRxcWZnRXh2Vkw4cXZ0Q2hiUmdaSXVWWXNNWmtSV1RSWnBNNXdKQTREeDBZSUQxdVJaUlZaUVl4eURpZzBRNnFVaTZwdFBVTTVuOVA1M2N4eFAzTERXNU10LVg1cFB6SVJ6QmE?oc=5,0.0,neutral
2026-07-12,2026-07-14,PFE,Pfizer (NYSE:PFE) scores FDA approval but Wall Street reaction muted - TechStock²,TechStock²,https://news.google.com/rss/articles/CBMijwFBVV95cUxNTFplM3VHSWFNOGdEU2Z4TTZrYUI1bHJxN2Jfd1ZUelNWTlRkWHpQRnY1bVk2YzJXajBkelgyQnFCNFFGbHJoZWpJMk9lQTVRRGhGTlVMQTBWUUpPaWZvdUpUblFrM3VRdFIwWWdNU2xhTGZuVzJ5ZVFMb094VzdWSUJSTFp3b1NvdWhXdVUwNA?oc=5,0.2617,positive
2026-07-13,2026-07-13,PFE,2 Value Stocks Worth Your Attention and 1 Facing Headwinds - The Globe and Mail,The Globe and Mail,https://news.google.com/rss/articles/CBMi2gFBVV95cUxQRk1rVW9MeU9WajA0QTNHRGFobl82akNKY2I4QnBCR19FckhLRDA2aExrODUzOWEzRW9YM0NxczZEbU45M2NiaXViUjZtblNUWXN0YndLbzQxUng0aDBUVlhkdFJsbE1VMG9vMWhIWlVwSVU4d0EzNV9KbGRjZlVnZXhSOUprb19uTnNiRnd4cmlkekFXZnJ2Ums3dmp6dEt1a0syd3U0ckxjUmt3QU5oRXEyU3RiUUVKZGV3LWZfdlpyd0lIdkFpbGI2ZnY3eE9uUVdVTGJ6eUtXZw?oc=5,0.5106,positive
2026-07-13,2026-07-14,PFE,PFE Stock Continues To Drop As Lung Cancer Trial Disappointment Overshadows Ibrance Win - Stocktwits,Stocktwits,https://news.google.com/rss/articles/CBMi5gFBVV95cUxQdFhnbWwyTFZLSURtM2RDNVZxY3FxemQ1N1A4Ym5RSDlubW91YnBONHlxRjdqdjV2ZjNKaFYwakQ0VVRlXzhrUVlSYnIyZjdxZWY4VGtOdVRscDExT1IyLW1zSlhMOHZpNFl3b0N3YUxJTU9rbC1kV2FQV3hsYndwUlpRaGdEeHFSTWRuN2F3MjVvVnAySmNQTGQ5bV9rYnlJdkhjbjNGa05jVEhIQk04T2hzOUl3ZnpnWVo1ZkZNTnNYNUk0UWVsWXFSUnluNTlGRG9zcmt3WkJGa3NuZ0d3YmlRdlFxQQ?oc=5,-0.7184,negative
2026-07-13,2026-07-14,PFE,Pfizer (PFE) Advances While Market Declines: Some Information for Investors - Yahoo Finance Singapore,Yahoo Finance Singapore,https://news.google.com/rss/articles/CBMiiAFBVV95cUxQZmNKdDdyYVAzNHA5ZWJkeW4tNTBlODVTYm5lcVhROFlpVnJMUllBbHg4MlNKZ1NYc0hHTzNtZFJkVzNiZGJiZVR6dkE2Q0Znd09NbXVsX3JWS3ljUFFZaGhPcF9IZGpVRURVTk1yWHhOd1FfRHVOUXd1NGpwQThYZXdLN3plZzky?oc=5,0.0,neutral
2026-07-13,2026-07-15,PFE,PFE Stock Reacts To Mixed Topline Results For Seagen-Origin Cancer Drug - Stocktwits,Stocktwits,https://news.google.com/rss/articles/CBMi0AFBVV95cUxNVGdoYjBIYTBmSnhKN2NCY3lkMTc4QmhxUWp2Rk92djlIQW1pcVRiNlltcXRqTWUwajQ3amIydHZkam42MjhWYngzS3dmcmFZUjhLWDdxMXBsSmF0WG5oVXozekhZR3RZektaYkVWUHRwU0U3M0tvbm5MaVJ6Q09sa0hXMDFfSGlHSnlIVm1NUjh0XzBKVDduSFVXcmdsd05qODRzWkYxWVJMVUpvNnB0SFd1R1lPeGJZcGxMbFFRTHE4TExsUDItR1ZWenVRU3Ja?oc=5,-0.6597,negative
2026-07-14,2026-07-15,PFE,Pfizer (PFE) Stock Looks Fully Priced After Its 21% Slump - simplywall.st,simplywall.st,https://news.google.com/rss/articles/CBMi0AFBVV95cUxQZFUwcUhaa3QtTXBoaER1eTFhQThRaVhZS1BnRG5sMWdoWHdERm45dV9TYkVHYmFZTEdBSDdRWTZKN0dMSHZibFk2eWROTzJOMlVSQzJjVHFNclRYVXJoSWhKa3k3UnM1amJvaUJXMjh4cXlWV2xGblNCOGJMdWcxSVJWY3FBRE9nRjhmdWRkSDl4VVRrVnNpOGRVOFh4bWo3TkR1am9KeWdiT1lORnZiRWxacjNPNWZNc0xKbXRWX29ETl9yZnhEWlBtZjhZNlpI0gHQAUFVX3lxTFBkVTBxSFprdC1NcGhoRHV5MWFBOFFpWFlLUGdEbmwxZ2hYd0RGbjl1X1NiRUdiYVlMR0FIN1FZNko3R0xIdmJsWTZ5ZE5PMk4yVVJDMmNUcU1yVFhVcmhJaEpreTdSczVqYm9pQlcyOHhxeVZXbEZuU0I4Ykx1ZzFJUlZjcUFET2dGOGZ1ZGRIOXhVVGtWc2k4ZFU4WHhtajdORHVqb0p5Z2JPWU5GdmJFbFpyM081Zk1zTEptdFZfb0ROX3JmeERaUG1mOFk2Wkg?oc=5,0.0,neutral
2026-07-14,2026-07-15,PFE,Here's What to Expect From Pfizer's Next Earnings Report - Yahoo Finance,Yahoo Finance,https://news.google.com/rss/articles/CBMioAFBVV95cUxNWXhwWVBRSW1NU094SEpZRU91S2RlTGVONmd2TUlCNVc2SUM5R1Q0am96ZFBmcDhPb0dXcE5fbExULTJNeFo4WHdQc0xEVGluNlVsN3dyaC1jM0ZaY1A3X3hfbEN5TTNuR2txWFdFNkpnUmlEdW1ER1JLOW13b09yUTVFUWtLOUJPcWhWS2Q0T3dDWXQ5dzRpdlljQm1uSGJP?oc=5,0.0,neutral
2026-07-15,2026-07-16,PFE,Pfizer (NYSE:PFE) Faces New Patent Claim After $96 Billion in COVID Vaccine Revenue - TechStock²,TechStock²,https://news.google.com/rss/articles/CBMiogFBVV95cUxNWHpvSjBpa0ZYSi0tcWNuYWF1b2YxdVJNUzI2dmxKMUJxbTI2T2NCUHlIbHg3Q0doZ1VwTVZVa2hyUktfY1E2aE5IaC1NTlBrNjNCc3NwUHktdEVTekxkbHZGVTEyNHF1NzVURzJsT1A0b3V0QWxLQ1VpVnkwcHBoUTVwVXB5dlV5VjhnMGFGSmNkYTYtX0lIUkJBY2l2NTJnOEE?oc=5,0.0,neutral
2026-07-15,2026-07-16,PFE,Is Earlier‑Stage PADCEV‑Keytruda Approval Reshaping The Investment Case For Pfizer (PFE)? - simplywall.st,simplywall.st,https://news.google.com/rss/articles/CBMi0wFBVV95cUxNVEJhUk5kMVh2R29LUFRmQnMzSmpNSFNTOEdac2pxVEJXRTNzaUtTYlVWcl95dGtGTHI1OXFBTXhkUjRpN3R1aUhfZlYyUlJEWUhRYTdSUkZtZnlFYUNDWDZrMkRTUVctbG5ldy13d3YxeF9mWXgxUE9WMVRoVWdpZC1lMGhDakVVUXM4S1JvcGh1aTlzc3hBU0ZCUlpaVXlVNUppNl9Vb3FjeE9QRzNCUjIwREYwR2JrUkFyWHBBSjRZOFhHQkpFa2F4V1NGQTZkenpZ0gHYAUFVX3lxTE9SWndVRXNVeDJTYl9JWDhjMmR3OVFHZmw1czdpZmVkTWlTU2w1bWFHbEZIaUxJQlFCQXI4V1c4VmQtaW9ONm02aXdqaDFGeFF0SE5UNG15d0pNb3cwR05aUm5tZEhsTXZHV2FoTzA1RnNKWXBYd3pBSnBzUlNaSHJvS3ZaLU4wQTNRRGxWQ0g2X0ZiU1d2TWRralhqNDhCbVRBTTFrd2s1V20xRGZiMDhVUHZQT0RsTGlYY25aZDlIMHJZUld0c0UteXl6YU5rVGMtejItVEF4cQ?oc=5,0.4767,positive
2026-07-15,2026-07-16,PFE,Stock Market Is Giving A Pristine Entry Point Into This 64-Year Dividend King - 24/7 Wall St.,24/7 Wall St.,https://news.google.com/rss/articles/CBMivgFBVV95cUxNWTRkVmJyWWZjSW5lZ0tOd1J1Q1NWTW9Md0tYNnpIWVJJZjgwMUFpX09mcUlCVldqVERzbmQyWXBiV3QzcDBBWVJRSzM1NDVueWo3Vk1uWWhqeXZuSDVieWw2cTZfT1FPdk5wbHhhTE53Mkw2Zy1hT3c5MWJ6VTJWRkJKT3J5M3RGclhQdkZpUk1HZjJOY3hPd0hOZ0YyTzJxMkVzcXJRYVdHTzJqbHhvMWVpZWVEZVZwd3ZHQldn?oc=5,0.34,positive
2026-07-15,2026-07-17,PFE,Is the Bearishness Around Pfizer and Gilead Sciences a Contrarian Opportunity? - 24/7 Wall St.,24/7 Wall St.,https://news.google.com/rss/articles/CBMivgFBVV95cUxQSHJKMXZFMnZGalRmZFYxaWRXOHFJWXBiV2tqaTRtZG9DUEo3NThMeWJ6WXNJQ19YXzQtMEoxLW1YQ1ZyVXY4czA3a0FqVmdqVEpUX2ZqaTRmMFRGZW92UzdJZzBXVUlwU3FIZEx1dU0zYWloZXhtZjRmazNXSTdnaGRkb25yQ0RmM1FyTXhVMlJIREExVlN3bURHWS1kRkZYOVlPaWFpZm5oOHVkY3laMTZOZTF6YWV4S0t6SnpB?oc=5,0.4215,positive
2026-07-16,2026-07-16,PFE,PFE Stock Reacts To Mixed Topline Results For Seagen-Origin Cancer Drug - Stocktwits,Stocktwits,https://news.google.com/rss/articles/CBMi0AFBVV95cUxNVGdoYjBIYTBmSnhKN2NCY3lkMTc4QmhxUWp2Rk92djlIQW1pcVRiNlltcXRqTWUwajQ3amIydHZkam42MjhWYngzS3dmcmFZUjhLWDdxMXBsSmF0WG5oVXozekhZR3RZektaYkVWUHRwU0U3M0tvbm5MaVJ6Q09sa0hXMDFfSGlHSnlIVm1NUjh0XzBKVDduSFVXcmdsd05qODRzWkYxWVJMVUpvNnB0SFd1R1lPeGJZcGxMbFFRTHE4TExsUDItR1ZWenVRU3Ja?oc=5,-0.6597,negative
2026-07-16,2026-07-16,PFE,"Pfizer, BioNTech face patent suits from Arbutus, Roivant (PFE) - Seeking Alpha",Seeking Alpha,https://news.google.com/rss/articles/CBMikAFBVV95cUxQMlBjSUl4Y1pOTC1nTUJBZGZZd0tUVEJjdWdlYVBUM1c4djFRZjlaMmc5UkMxa2hlZGkwRVZxZ3M5Z3RMUlkxbGpqc2pTenVYNThMUnN3V1FueG83RFVyNU0tdUVNM1pBZmlFb3ZzRGR0YV9OTU1oOWtDNURXdWNleWZRa3dKZ3J2eGlTTjFXd0g?oc=5,0.0,neutral
2026-07-16,2026-07-16,PFE,Avoiding Lag: Real-Time Signals in (PFE) Movement - Stock Traders Daily,Stock Traders Daily,https://news.google.com/rss/articles/CBMixAFBVV95cUxQcVlIVDdtYVlpZmk5M0E1b0NqcWtXQ2M3dS1abGF2R2d4UGRweVJGNXdBeXg5OTRfQ29abWgxcl9veFZMOFl2WXVtZHd0blpjMTRPYndMUjFaSjNlYjhldVJzVDVRcmNRNUk3LTZmT1YyWVdyN0pnQ2tvM3daWTZFdnJVX0NEWUJ4X0FTaEM2djRmOG04bWIzYTdTZm50aUxMVms4MHpGeV9ZeFF0NDNIZGRzZG1rVU82dWZfSTFqb2xIVVFE?oc=5,-0.5859,negative
2026-07-16,2026-07-17,PFE,PFE Stock Continues To Drop As Lung Cancer Trial Disappointment Overshadows Ibrance Win - Stocktwits,Stocktwits,https://news.google.com/rss/articles/CBMi5gFBVV95cUxQdFhnbWwyTFZLSURtM2RDNVZxY3FxemQ1N1A4Ym5RSDlubW91YnBONHlxRjdqdjV2ZjNKaFYwakQ0VVRlXzhrUVlSYnIyZjdxZWY4VGtOdVRscDExT1IyLW1zSlhMOHZpNFl3b0N3YUxJTU9rbC1kV2FQV3hsYndwUlpRaGdEeHFSTWRuN2F3MjVvVnAySmNQTGQ5bV9rYnlJdkhjbjNGa05jVEhIQk04T2hzOUl3ZnpnWVo1ZkZNTnNYNUk0UWVsWXFSUnluNTlGRG9zcmt3WkJGa3NuZ0d3YmlRdlFxQQ?oc=5,-0.7184,negative
2026-07-16,2026-07-17,PFE,Pfizer (PFE) Stock Looks Fairly Priced With Pipeline Risks In View - Yahoo Finance,Yahoo Finance,https://news.google.com/rss/articles/CBMimgFBVV95cUxPVWVkT0lTcnVOZXlXMG9STFhCUEtqYzdPTkFLTWlYeXZaZV9JOXpNTW1xRkR6akZ1LTJGa3g3MHlmTWNOYnBWNWVSMmwzeEFtbXJ4M0tMQ2ttR3FfQlA5UjBiTVhuN21HbVp2N21TRlYyQzU4US1Qamt4NXp5YmVqLVBqeUpGZzJRMHNJTlFhcHg0U05jbGtBRHpR?oc=5,-0.2732,negative
2026-07-16,2026-07-17,PFE,Pfizer Stock Below 50-Day and 200-Day SMA: Buy the Dip or Exit Now? - The Globe and Mail,The Globe and Mail,https://news.google.com/rss/articles/CBMi4wFBVV95cUxQMUxQVk5QaXB1ZXRRUURMWVZ0Rjc4S1pHWVU1VExZdlM4dXA0ZzFrcTlMcDZsMmJqSEhpdU1HbnB5cTl6RE5SZHdUemQwU0dIVFVobHhNQVo1MXZvRzc0QnQ5MVYwWHlGVzNNdlcwQzY2Njc2Vmh0LTVJR3p5Z3ZEUC16QVdUWDJKMnRlLThsR2paTWxra29HWW1PMDBCOUY5N09HdDNTdDNISG43eGJQZXdfUFU2ZkZaMVdwcVU0aWNVVTVsdHJTYWNqWHU3aWdQTlBfNnJ3eDhuQl9zOGlENy1MYw?oc=5,0.0,neutral
2026-07-16,2026-07-20,PFE,Pfizer Stock Below 50-Day and 200-Day SMA: Buy the Dip or Exit Now? - Yahoo Finance,Yahoo Finance,https://news.google.com/rss/articles/CBMilAFBVV95cUxPbkthSmlaN3J4N1JlM0tHeVN6ZTRnQklDWXc4SU1NbGdhMEVNLUpyMlF6RHJncTBxbmZFWVRVcmNrX3ZPSk04b19nTWlWanJkR3pCNkZXYTZRSks3c3ljUFo2QlgyOU5NYjFjT19QOENZQ2RaN3RyYzRkRGlTWktvb01wY1BFZkVtQzRlaF9NckpKZWZT?oc=5,0.0,neutral
2026-07-17,2026-07-17,PFE,Pfizer (PFE) Could Be 16% Undervalued On New FDA Approval In Bladder Cancer - simplywall.st,simplywall.st,https://news.google.com/rss/articles/CBMi0wFBVV95cUxPUXhsUnhtdXRwT09FaU5JdndwRVN4WHJULWtSdTN4R2pONHJZUnBYbGZzWFpxWGE0UGZSRUpENGhaTmVjZTlvTEJCSjFtMW1rUS1mMkdibkFreU9FMnR6NkhRVlp4V3Y1aG9xdUVoNkN0X2gyZHVTS2pmeFo4bTNrZVR5TW50MUc4elhCV3o0QkJJNktlNk90elV2R2FwZEt2c19RVkd0NDdSaGZjV3RGRmtka21WazRtNDdnZW1ZODdnOWtEblhyRjVMVzFxb0UyZ3N30gHYAUFVX3lxTE9MaFFHVzdnVE5mZnMyMmZCWE11Y19xNm9pamtSZm1ERTNYaDRqOUUtUTFqS1l4MjF2MDdxcDRBNVJ3MWJfb1gyT3pLMXFvWTJBZUpBSEtQZ2VWMTNEcTVEN1k4ZS1oZ0xycTBvWWFKMGNXZF9oQjJKeG9DWXVIRk9kM0RTLUo0bnktV1VfZTBkbHVVN25hMEl1UW85N3pOQXFXcnZFcDYtei1FQ2pIa3R1aGFWYW12elJRYmlzOEVrTXA1X3ZXWXM2cXJtYW5CVkpPVHRuYXZLWA?oc=5,-0.3182,negative
2026-07-17,2026-07-17,PFE,Analysts Have Conflicting Sentiments on These Healthcare Companies: Elevance Health (ELV) and Pfizer (PFE) - The Globe and Mail,The Globe and Mail,https://news.google.com/rss/articles/CBMikwJBVV95cUxPZ2FJcW1ESkk0UlNzM1JJX0ZrYmNDUnl0Q0JfaVBUVmlScWx1ZG9yYjc0SEp1S0xlaDhaYkwwaDJ2WmM3MTJwWWIyaVFtU1ZIOFNra0ROOWdrVFV3YnZSRUtNYmNfZ3J2RTB3UkxsZmVSYk93UDRSQXVDNGFNSjZzdzVRT2RXQ0lMQnZkU0JJamJ4VTZyRmNLUEctUVNCUzFSaWdJOVdidFFyNXRzdkVxeV9Dbk5hU0Y1Z011NlJKT2w0TTMtdXdZWERheXFkYmd3N3pxWUxCNlV0X0h0aXJibXQ0OXJVNndITGQzS1pDdlV0R3Juek4wRXFVSlI5M1lVXzlpbS01Q2hZRDI4czZNZ2VLSQ?oc=5,-0.4019,negative
2026-07-18,2026-07-20,PFE,PFE Stock Continues To Drop As Lung Cancer Trial Disappointment Overshadows Ibrance Win - Stocktwits,Stocktwits,https://news.google.com/rss/articles/CBMi5gFBVV95cUxQdFhnbWwyTFZLSURtM2RDNVZxY3FxemQ1N1A4Ym5RSDlubW91YnBONHlxRjdqdjV2ZjNKaFYwakQ0VVRlXzhrUVlSYnIyZjdxZWY4VGtOdVRscDExT1IyLW1zSlhMOHZpNFl3b0N3YUxJTU9rbC1kV2FQV3hsYndwUlpRaGdEeHFSTWRuN2F3MjVvVnAySmNQTGQ5bV9rYnlJdkhjbjNGa05jVEhIQk04T2hzOUl3ZnpnWVo1ZkZNTnNYNUk0UWVsWXFSUnluNTlGRG9zcmt3WkJGa3NuZ0d3YmlRdlFxQQ?oc=5,-0.7184,negative
2026-07-18,2026-07-20,PFE,Pfizer Stock Leads 3 AI Healthcare Names Worth Further Research - simplywall.st,simplywall.st,https://news.google.com/rss/articles/CBMi0wFBVV95cUxOMGVoWmI3SVUyM05vcElsRVRIdEVIVkNadUl6Q19sNTJmT004eVZBY1BGT04tcks3SlAwZUh1NkdPUlFoTmg2R1ViRGJVN3Y2ZU8xNzZfd2dHNWJnS0UyQ2hzOVpBSEtuVnB4U2p0WUpzcHJSS2gzQmJuOUd1M04zdEZrc0NLUzBva0QtUmNkM0doSm1PZkxsckQweXZYTUZPSURTZGFPZWNibDNsLVppa2NIM3dsb2xjWGN4emZQS3VJOUNGaUJ0SzlSemU0TTFUTXNR0gHYAUFVX3lxTE5QYXB2U3BBTHF4WF9GT1RkTUZ1NGloMENCcXNMazQ0Ym8yTmtmcTVMT0tuc0pER2pzNllrSUlWZmFQWEdaQ0pqRmlUR280ZldsclRBQWtoX2xEclN3c1ZoMHhQMUtYYlhQdDNkck9tZFdUR1JmM3EwREYzdnFPc3hjdWhBODNCZlVldFhjbmJwLU5ncmVPRXRkbVByWmplcjk5cXdKRGFFUXRQZk9oemhfOFRvY1oyMlZSSzJHbGJ0a0R5Q01rU0FyMWZQRW55T1hVRHFkRTU0eg?oc=5,0.2263,positive
2026-07-19,2026-07-20,PFE,"Lobbying Update: $60,000 of PFIZER lobbying was just disclosed - Quiver Quantitative",Quiver Quantitative,https://news.google.com/rss/articles/CBMiowFBVV95cUxQMHctUlZtYUkxd0dTY3JkUUd2RVpHZU5HdXFOZzIwSEYzZXV0TU1tdWJWQlVsN3NYNUNUSWlJdXgwMGFpcmFkNldGSG9FUmtFSEhFS3BuTmNUeGZwS2x2dU5WZk9XdjlzY294NkZuRGdqMlpWRlRub3hEVlRpZXR5VmtaMWxLbkJWa21fZjh0MmJncm1oOGVSOEhkT1FUTkNYVmpZ?oc=5,-0.1531,negative
2026-07-19,2026-07-20,PFE,PFE Stock Reacts To Mixed Topline Results For Seagen-Origin Cancer Drug - Stocktwits,Stocktwits,https://news.google.com/rss/articles/CBMi0AFBVV95cUxNVGdoYjBIYTBmSnhKN2NCY3lkMTc4QmhxUWp2Rk92djlIQW1pcVRiNlltcXRqTWUwajQ3amIydHZkam42MjhWYngzS3dmcmFZUjhLWDdxMXBsSmF0WG5oVXozekhZR3RZektaYkVWUHRwU0U3M0tvbm5MaVJ6Q09sa0hXMDFfSGlHSnlIVm1NUjh0XzBKVDduSFVXcmdsd05qODRzWkYxWVJMVUpvNnB0SFd1R1lPeGJZcGxMbFFRTHE4TExsUDItR1ZWenVRU3Ja?oc=5,-0.6597,negative
2026-07-19,2026-07-20,PFE,Pfizer (NYSE:PFE) shares rise 3.6% on dividend strength as analyst forecasts remain unchanged - TechStock²,TechStock²,https://news.google.com/rss/articles/CBMirwFBVV95cUxNWDRrN2xLc1pSNDBtbTAyQjIzdlRxVFFuQ3RTODBYMUo2R2JpTEFkTjJKblFtQTBPRF9MbV93Snk3bHd3THA4WVhpSVZtU3FlQjJoemNqZXpGNVo3YlMwdWtvcldLQ3hpaHYwMFprWmNNaVhNbjVRSF9lbTZWdXRUeGV2VmxSMmlYaWgyeXVhRXlKVHRBTnQtN3FQSXNvZ3FjNU5fQ1F6LS1hN2RuWUtR?oc=5,0.6597,positive
2026-07-20,2026-07-20,PFE,1 Stock Under $50 to Target This Week and 2 We Question - The Globe and Mail,The Globe and Mail,https://news.google.com/rss/articles/CBMi1AFBVV95cUxNZUFRcFNNdWlQaEN5OFliNlp0bEtiYmlEWTJLaTd3RjJhcjluMHBSblZ6cHVqc1VBMG9WUGJMMzZ5MVR0TFo4Z2xIN2s0cjNLdlAyZTdOQlhORlBjQ01DY2llZjh0Z1hVQzd5NnZNVDhuaVZ0UkhKYUdtVFFNSnNxMmhHcEdZZ0pYTExCalpRaGlLS2p6bzJBQmFDRFg0N3BmdFBZZEtaMW8tVVg4T2djaFNwTGZmbHVVUW9pUHY1bXY2NlBSLTRpa2dxNHBNbjZyTzJFXw?oc=5,0.0,neutral
2026-07-20,2026-07-21,PFE,Is Trending Stock Pfizer Inc. (PFE) a Buy Now? - Yahoo Finance,Yahoo Finance,https://news.google.com/rss/articles/CBMimgFBVV95cUxNM0NfQzhncmtRN3l1Z0VQRmtwZG9yTXVUbVp4T09qYTlreWJfVjJwNy1TdnhFMUVKMVNHb0hiNldDakFLWERkLS01SHo4TWRuUXpMMzhQTzFGRXF1bnEzYjdITEhwNDNrSVBMejc4ZGdHWWx1d0NjbjFxdnZ4RzVNSnVSMDZvTmR5M3VRVi1lYVBxQXRwRE1XcHpB?oc=5,0.0,neutral
2026-07-20,2026-07-21,PFE,Pfizer (PFE) Falls More Steeply Than Broader Market: What Investors Need to Know - Yahoo Finance Singapore,Yahoo Finance Singapore,https://news.google.com/rss/articles/CBMihAFBVV95cUxNVk9UV3pEektJZ2J4YkFfbEEtX1NINEpDdjVTZWhnczA1Y0FYNmJpRGhaWDJySE55X2t1eUEyNFloZ0lxS1pvS2dDVVNzQkdEMmxCQXphcFFqZER2NDhVNy1tSzkyd0JYMWw2QUJZdUtwNl9ZeS10S3VSTU5Zd3VpUGlBWHI?oc=5,0.0,neutral
2026-07-20,2026-07-22,PFE,Pfizer Inc. (PFE) Stock Analysis: Evaluating a 14.92% Potential Upside Amidst Strong Dividend Yield - DirectorsTalk Interviews,DirectorsTalk Interviews,https://news.google.com/rss/articles/CBMi3gFBVV95cUxOLTNIRzZfY2NPMWFSa2lsYlkzaUNfTUd6TXlmMDRBbzlOLU9tWldCUUJLdW1ITGszMVZIN3NJTnAxcDhwOURPdF8wMmd1UFBwZ0RTU1BMbGdtZ21wVkJYdWRGLW9CUTU3S0NiTE5WNkROMm93VUxMWnFSZVpVYlB4OUtRUnJEbnhHWHppLWpYU0RXbE1lc0tJNXlLSnpwNVN2d18waXBjaHJnZm5RTU1heEVVeVhqRE16LVFFVFQzNFRHb1RJQzJHRTJjN0ZYTUdzM1ZUOXJfdkpzeHQwbkE?oc=5,0.5106,positive
2026-07-20,2026-07-24,PFE,Pfizer (PFE) Falls More Steeply Than Broader Market: What Investors Need to Know - Yahoo Finance,Yahoo Finance,https://news.google.com/rss/articles/CBMimgFBVV95cUxPMnlCZVFrLWJYbDJPQkx1VnpmVHdLUGp6VUl6OFZFOWpBLXhGQ2loaUNqeDVMaXBpY2JsSHNmVEk1VUlLYTNEZVdLelhfdE5ZeVdBaXAxakF6T3RGUWl4cVJONE5HYXJxSXl0RUwwVkNpZzVlY2F4RmxfdlRJVnY1eUpHNlZSREpPcXRUanNubm03SDI4enRGZjNn?oc=5,0.0,neutral
2026-07-21,2026-07-22,PFE,Pfizer (PFE) Stock Seems Fairly Priced As Oncology Approvals Build - simplywall.st,simplywall.st,https://news.google.com/rss/articles/CBMi0wFBVV95cUxNTHZjdlNkYXJScEx1cFlvdV9odzdkNWlQM2d5ZFp3VEpubXlidzhHclJrYk94c1E0cGliODlIZk9PZktFUVg2c1JQOVpETWlnQy1Ea0ZBcmxVRDdjZTFnV01kM1JUeEhtM2VNdnBkT2FCaS02NFpWYjcwejlpYnIzenNpTzcyd2xUaWIyM1hCdUNQSmhIZE5uQ0RnbHN6eUJZRDVZWE9zWktBZDJ4d19TZFZWZWwyeFlCR3ExUDlWdzQxRlFQY3NMLW1tNmRZSkNKTUh30gHYAUFVX3lxTE5oR3N3VnE5bU45OW16TzJLbWRaQkk1TnZUcEhpU1pVUVMxNnhCVHQzM0hDbzcyNk1hb2FBMGJSS2s3X25veUZaVDJvcXVVemJ1WXhaWkhYWVFFU3hNRnpRdkVWaFpzSEJLaU9fU3ZNNUlsc3ppNWp0UFhTVkxnOWt3RmVoWWtPa29xR3ZsV2Rpc0tSeDFKT2JCV01RcXB0MmhHR0ktOTVqTXV5TGNHZld0U3Q3TmtZRkN5cks3ZjVGZ0c4ek1RRk9IdlFndmhYdnU3WThuWnpMWg?oc=5,0.0,neutral
2026-07-21,2026-07-23,PFE,Pfizer(PFE) Stock Options Chain | Quotes & News - Moomoo,Moomoo,https://news.google.com/rss/articles/CBMi5wJBVV95cUxNMVBYd3ZBWXZieFJLUnhLamxZQ0ZEREdJME5WQm94bzE4Zk9UY1BydDlCcFVzRGgzS2hHck1RNkpRNTY5c0c1b3lna1Z6dlZFMzdack0weGF3YlI5ZGliZlJUQWpvaVRUbWcxMzlUbjFSQUJmWjdtTC1sVUVEX0cyQXltNzlERDV4a3JKbktRTFJZZkZPdjZMUjVXWjdCZlVCY2tyWW8wS0pDNzhLZGN0T3pSQXFsTTRLVFl4eWgzVkt1Y1c4NDlGaE0tRzNnN2FaRUY4em5zUWlhTi1wMUhDenVkY205RW9ETEhaekhlMTNWblNFWnJDVkRBaWNCajB1eG1zU0ZKejc1MUVNdEg5Uk15V1JTTnRnblA2Tng5VldOMGFScEZyRzhJSlp4c2o4MmFsZ3ZIc3YzaXhTeGFkN2Q0QV8wc1A4SkhhS21sajcyYjViTER3VEU1WmhDajQ2RFltaVJxbw?oc=5,0.0,neutral
2026-07-22,2026-07-23,PFE,PFE Stock Reacts To Mixed Topline Results For Seagen-Origin Cancer Drug - Stocktwits,Stocktwits,https://news.google.com/rss/articles/CBMi0AFBVV95cUxNVGdoYjBIYTBmSnhKN2NCY3lkMTc4QmhxUWp2Rk92djlIQW1pcVRiNlltcXRqTWUwajQ3amIydHZkam42MjhWYngzS3dmcmFZUjhLWDdxMXBsSmF0WG5oVXozekhZR3RZektaYkVWUHRwU0U3M0tvbm5MaVJ6Q09sa0hXMDFfSGlHSnlIVm1NUjh0XzBKVDduSFVXcmdsd05qODRzWkYxWVJMVUpvNnB0SFd1R1lPeGJZcGxMbFFRTHE4TExsUDItR1ZWenVRU3Ja?oc=5,-0.6597,negative
2026-07-22,2026-07-23,PFE,Pfizer (PFE) Faces New Patent Lawsuits Over Covid 19 Vaccine Technology - simplywall.st,simplywall.st,https://news.google.com/rss/articles/CBMi0wFBVV95cUxQMWtaejQ1aFAxWENQV0J3RGdWYmlXVGF3RWhoclQxUS1PWnlrd1lIWDIwSDFLTlhuNEFlMTNpME9PbVVPSldVYVI0LUF3bXNERU1JRXVEd0k0Zy1VYmFfX2VmcHlXWDhzaGFaem9tS0xnaU5rS01meVREVEtNTVZ6R1hiUWk5cm1lNzdpc0NZVHE1WnFrMWxTZjA4SVQ2dG5FVUdDakQyLUk0bVNDTUdLWGl3T0pvMVplazFrYVltZmJ1MUFuOGI3TmZrV25UWnlqQUxj0gHYAUFVX3lxTE5lSENyZ05KcWNGalBGZFN4cDFnM3duN2phWDdDUjhRTXo1VTZmV25LaXJGVnJJYnNJWWRhYXoxZXdFVmRSdVdBSEZWeW5uQndtMGtCTFZydW5jLTJZS3JxNk50UDBSWU1VSUp2Z0lxcTZLWU9rakwzTDRZRV9fc0FQZUFucWxlTzh4T1BRZnJXMnFEOWtkSWhNUmYxSTRxenFfclB4d3dRdGhfazZ1Tk9ybDhsLWZRd0I2LVFDX1J2dW0xMHFPeXZOeUt6aUd4RFowdnNsMEVoYQ?oc=5,-0.1531,negative
2026-07-23,2026-07-23,PFE,Pfizer trial: TALZENNA combo cut progression-or-death risk 52% - Stock Titan,Stock Titan,https://news.google.com/rss/articles/CBMivwFBVV95cUxOMDFkWGZEcktZRnFxd3c4VV93QklrQWFkTFdKUTNRNHYwOWpWNzU0LTV2TmI3aHVrdjZaMUVSZVNFNnljb1BRdjhqTDY2QVREam9MRkd0OFgzZEd6Z0ZzNTNXU1FNZVIxWnZfci16azhLWWNETlkzekR5c1dGRkV4cHI3RG9sWnU3SUZQNGF4OGJ3QmpPWC1lWVlyOEdnYUp3S3g5V181QnBhMHg3Y1VwNERuT1F2dEppUE9yZU5UQQ?oc=5,-0.4939,negative
2026-07-23,2026-07-24,PFE,How Investors May Respond To Pfizer (PFE) Prostate Cancer Combo Drug Label Expansion Push - simplywall.st,simplywall.st,https://news.google.com/rss/articles/CBMi0wFBVV95cUxPNFpTMXhKSU5LUEZkSnVWRlhJUkt3RktqMkN1TUhBVlBMQkhVWmpaVzRBbHREOFFZTWo4MDVqTDlMVFV5TkFMNjNtaHdvQ2F5d0VkaFNucnp6UGJKMUFUSG9SY2NDbVR3X1djOGVMRERCZXRkT2RIUkFYU2tzY29xcEdiX0liWUdNYUVRanRBelo0UkhJYXpGTFhVY1B3dFZpV0VjYzA2UU5mdTBZZW9uSWFvdzZzdmIyMVhwdTlvejRubmtJblpaNE9nelpNYk1ucTZz0gHYAUFVX3lxTFAzRUFGdEZ1d0xvcXJJX2FVYlNybWZrRGdqNzA1UlNuMjFZeFZ5TmFfWnZOWDU5cWlWN1hfRWNIUklxTDNfYlZ0SWFRQmJ4SkVYdUY5S3F5RzZuSUpuM1RpbFEyTkVUbkRIM01HSHFDeE5QVkpkVDlPNFRuNnpKYVJsLTY5eFhWazhJb005MFhVT3RLeUVOLWxRYmE4YkdXdkdWV054cEdLNDBsN1U1WHZOV2JtOVZmMVh3Rm5HUENTVVhSSWZuSmhCMXZfSGZ4d1hjQUt4RFdaag?oc=5,-0.6597,negative
2026-07-23,2026-07-24,PFE,BioNTech's Next Act Has Nothing to Do With COVID. Here's the $500 Billion Market Some Investors Are Ignoring - The Globe and Mail,The Globe and Mail,https://news.google.com/rss/articles/CBMinAJBVV95cUxNTG5NVmI4aUhTdE9fQVFNLXJNS0s3M2pYcWRlaVJSWHdkVzRRbnNXaW9VZGRVZngtdjU1QklUSm83elpYR1lDdWRrNnJlem5Zd2VOeV8zNjVSNDQ4Tm1oRTBUZ2VCOWtYMnE3UzlldjE3OS03SGR3TzktdHd5eDJmVHNwaVcyYUJkRDg5dnFTam1RYWFCOE9HMXRHVkxHS0NCWHQyaXRtdkVSRmNVOWlFSVFycnhJeGhlUkdHbXdBOHFycnBYS2U4dHpWcXdHaDY0enVNZG5VTFJDMFJ6VlR4VTYyYnhWMGtqTjBFVU13QzlrU215VG80aExja1FUVXE2ZWMzR2hTZGZ4ek9hWk9VNFpwa0ttTkFTdWZrYg?oc=5,-0.4019,negative
2026-07-23,2026-08-04,PFE,Is Pfizer's 7% Dividend Yield Too Good to Be True? Here's the Straight Answer - Yahoo Finance,Yahoo Finance,https://news.google.com/rss/articles/CBMikwFBVV95cUxPcjdhUHI2V24tVEVVakdKdU1ad3UtNWhkeXRRSFlYdTdadmRDRlM4MFdTMjFGcmYzS1d0NmFHS19hWXBiTTVhTmpuY2RKdUNDVlJyUXhDYlYwcUtvcjI2aDhrcWwwMjVxVmVhcGxzajVTSDBTSnozcWY2REJzSkpmU29YZWtsZ0RzRUtFcUFGbGZGOUU?oc=5,0.765,positive
2026-07-25,2026-07-27,PFE,PFE Stock Reacts To Mixed Topline Results For Seagen-Origin Cancer Drug - Stocktwits,Stocktwits,https://news.google.com/rss/articles/CBMi0AFBVV95cUxNVGdoYjBIYTBmSnhKN2NCY3lkMTc4QmhxUWp2Rk92djlIQW1pcVRiNlltcXRqTWUwajQ3amIydHZkam42MjhWYngzS3dmcmFZUjhLWDdxMXBsSmF0WG5oVXozekhZR3RZektaYkVWUHRwU0U3M0tvbm5MaVJ6Q09sa0hXMDFfSGlHSnlIVm1NUjh0XzBKVDduSFVXcmdsd05qODRzWkYxWVJMVUpvNnB0SFd1R1lPeGJZcGxMbFFRTHE4TExsUDItR1ZWenVRU3Ja?oc=5,-0.6597,negative
2026-07-25,2026-07-27,PFE,PFE Stock Continues To Drop As Lung Cancer Trial Disappointment Overshadows Ibrance Win - Stocktwits,Stocktwits,https://news.google.com/rss/articles/CBMi5gFBVV95cUxQdFhnbWwyTFZLSURtM2RDNVZxY3FxemQ1N1A4Ym5RSDlubW91YnBONHlxRjdqdjV2ZjNKaFYwakQ0VVRlXzhrUVlSYnIyZjdxZWY4VGtOdVRscDExT1IyLW1zSlhMOHZpNFl3b0N3YUxJTU9rbC1kV2FQV3hsYndwUlpRaGdEeHFSTWRuN2F3MjVvVnAySmNQTGQ5bV9rYnlJdkhjbjNGa05jVEhIQk04T2hzOUl3ZnpnWVo1ZkZNTnNYNUk0UWVsWXFSUnluNTlGRG9zcmt3WkJGa3NuZ0d3YmlRdlFxQQ?oc=5,-0.7184,negative
2026-07-25,2026-07-27,PFE,Pfizer Stock Leads 3 AI Healthcare Names Worth A Closer Look - simplywall.st,simplywall.st,https://news.google.com/rss/articles/CBMi0wFBVV95cUxNOUwxYTlPdEVIRGRhcHdMTnk5SmRKV3lNNml4eFZ4VGRMVi15UFBmbGpLV2M5SENqNVlOTkR1emlzVkN1ZEpzVS1tVFppcWUxVVd2dUhLZmtNMjhsRGlTM1A4cG5aS1E4ZHZBSU1RbExhMEhwcVZza1B4U0lMTXluVVlNUS1sbFllV283aTRUZDhkMWE4WHYySldqNmVfeHp6U0JXZTRqVTVXNmp4aFZDUmxnVzRoVGQyaV81MjljWW9jRi1RREs0QWlsVjlSbzhUcHk40gHYAUFVX3lxTE1FbjhJamF5RkR4RHJic0JsUzkwSmZjT1p1SXRMRnpnMlFWQWY5VWUzY0tTTEFxY3FkamJ4bVZwdFJpZDFJVk50VWNlLWxDNXFfakh6ZEZ5OFFzSlk1M3dkaHRERnFSNk1fZzFwOTYwcWtvRmVUVHQ3c2tjWU1jaTlocnEtM25kdFctQzdMeDZEQnZlLWU0aVozbFJwR0hwNi1CaE5CUm1hQ284b3FsdE5ZTmx4NkdmdWRoOU1EUG5LRDNVazNxTnRIdUVLVHlGeVF2SkNfRE1iVQ?oc=5,0.2263,positive
2026-07-25,2026-08-10,PFE,Pfizer's Dividend Yield Looks Almost Too Good. Here's Why Management Isn't Worried. - The Motley Fool,The Motley Fool,https://news.google.com/rss/articles/CBMimAFBVV95cUxPSjJKSHl1WV9FOF8xMHg0dmpyREJMU09MV25HX3N3TTRaZy1nRTEwb3FKQll5Y2pZT3RUTUZTTWJheHAxNUVSd1hSb3JhLVdTVU1oYWNKTldnbXhheWZBSVZDWVN0QTZKX05oUlhzRndTZDMyVENmVHlYQ1N1WmZ0YUs4US1paklodFRWMWZHcm1MVURGMlh6Uw?oc=5,0.1555,positive
2026-07-25,2026-08-11,PFE,Pfizer's Dividend Yield Looks Almost Too Good. Here's Why Management Isn't Worried. - fool.com,fool.com,https://news.google.com/rss/articles/CBMimAFBVV95cUxPSjJKSHl1WV9FOF8xMHg0dmpyREJMU09MV25HX3N3TTRaZy1nRTEwb3FKQll5Y2pZT3RUTUZTTWJheHAxNUVSd1hSb3JhLVdTVU1oYWNKTldnbXhheWZBSVZDWVN0QTZKX05oUlhzRndTZDMyVENmVHlYQ1N1WmZ0YUs4US1paklodFRWMWZHcm1MVURGMlh6Uw?oc=5,0.5438,positive
2026-07-27,2026-07-27,PFE,Is Pfizer (PFE) Undervalued On Its FDA Priority Review In Prostate Cancer? - simplywall.st,simplywall.st,https://news.google.com/rss/articles/CBMi0wFBVV95cUxNNVRJb2M4aWZYdWZMQk51N1B5a2wwb1AxeldRODlNSFcwRjh4R2hROGd3X3RoY0lvLWdKRE1SWnN4U3cyd1NFLXBLdDV2ZV94SS1OT2RwcmZOaV9aOHJfMS04ekZ6WnR5WE5Kdms0cVRPZXpyNHVCODd3QldhZlZ2dmRzcGpIeVZJM1cyQWU2UkRad0F3NUI5RnFRNVpxSFNYdi1EYUhicHVoZGQteTZuN2pEMmVpb3ZVOUlhNTFUcWJVTFQ3enR1SFVQc2JNTTFwcTUw0gHYAUFVX3lxTE1KSUlFZm5pa0dkc2hVcDQzMEptbHh4QWJLT3NocGVmUEh5S0lrMGtNZG5kM0hyTWRpQ09mX2Z5RjQ4Xy1nZUNYMkxiMXNRMnRlNHBzZzE2bXlOT1F1dnB3Y1NOQ3VnaXlIR2tBM29HbFJYRVV4eFJxMjQyLTlpX0RPLVhsd0JrV0VFNTRrR3Zua2tqSUMwT3NPeVpNaEpVYmFVcjcyS1dhTEhFYjZLVTRlUmFXRmpZUUpQX1paZ1o4MDBQTUZLVE52UWJ3VlcxWFQ4bUdSWmFObg?oc=5,-0.6597,negative
2026-07-27,2026-07-29,PFE,Understanding Momentum Shifts in (PFE) - Stock Traders Daily,Stock Traders Daily,https://news.google.com/rss/articles/CBMitwFBVV95cUxNWkxPU0lyYmVYbWxvVGRRaHQ0ZDd2V19tdW1rLXQtQ1pqSlNLTkFvUlJoNUNhU2Nnal9uZ2k4OWlacm4yMVRMYkwyaUlkYWZ2ZW9LazF5S2VXT0xTTmpkTEUxSnhUaXY4TWR4Wms5WXNrc3l6UHFIYklqUjZXdGQ0VEVfLXotWW1NZzBCOEJuZGQzaUM4S0VjUjdNYklwalpPMXh5UmRYbVVGZHdMSng0SkFwc2hyS2c?oc=5,0.0,neutral
2026-07-27,2026-07-29,PFE,"Pfizer: Calling The Bottom - The Patent Cliff Is Real, But The Valuation Has Fallen Too Far - Seeking Alpha",Seeking Alpha,https://news.google.com/rss/articles/CBMirgFBVV95cUxPend2VlNPd0tQV3lrQ2lOZjdXQloxM0gtSFVoZ0RxaG02dDZOVnloX0V5c29SMEtDaWYzU1pzV2NXLTEwb05fSXAwZklGRFNEVUxZeERXbWw0bnM5R3JacEs0YW1jOWJNSVdjQzYxbHFkQlU5Yml4bGRZOHZFQ21XSU5Wdi1xUWFzQmtGNk1VSV9lNXNUd1dlUDZxZGpHZnk1eXVhekVhVGZsYVkzS3c?oc=5,-0.5023,negative
2026-07-28,2026-07-29,PFE,Pfizer (PFE) Expected to Beat Earnings Estimates: What to Know Ahead of Q2 Release - Yahoo Finance,Yahoo Finance,https://news.google.com/rss/articles/CBMimgFBVV95cUxNMU1DZHlIZzI2enZtelVXRE5kQldQdGU1aW9Da1ZxYTlSWU5Sa2JxcHFKRXpuTElTeUNhRi0wQ0c4RXZMdTlQNXUwdkxvcUVlMFJpUkROYVNPdm9JeHo0aW02M3ltSUZVTW9zWTFkbkhqWmRnaTRXTW1zel9uR0JoQTdydzJ3Z19FWkZGa2Ywd3JLVlNmaGtaTXhn?oc=5,0.0,neutral
2026-07-28,2026-07-29,PFE,Is Wall Street Bullish or Bearish on Pfizer Stock? - Barchart.com,Barchart.com,https://news.google.com/rss/articles/CBMimAFBVV95cUxPZjcxRUVjM3M5dFBzOGYzV3FmTXNPNWE2bTRMTjJrLTQ5OEI1d05BUnNqVHRKTnY1dktuNklUNS1OSzdZa1dERjdfUzRINGVmSWpscG9pYlQwMTBVVDRxU0xHd2VUM2tZYS02RFFrMXljNUQ0U0xIOWtmWkN0cmI1bzBCRUpjYWZGRktFZFhhcHVGdW8zMzdqZA?oc=5,0.0,neutral
2026-07-28,2026-07-29,PFE,Pfizer (PFE) Surpasses Market Returns: Some Facts Worth Knowing - Yahoo Finance Singapore,Yahoo Finance Singapore,https://news.google.com/rss/articles/CBMijAFBVV95cUxNeWVaVDl5WF80aVBoYzVYc2MwRGZfb1E3U0pPaXNPVHN3QjR2MWlQaW5mWlVVQ2FZeXNiWF9SalVkNE9wQVAzXzAwN2w1UHpmLUR5TEhTd0ZKNW56V1JZZmJ2ZTdCS2x5UGVTa3llWm95MlR4ek1ZaGVPcTFrRHU1b1dWNnVGdjhJY3hOaQ?oc=5,0.2263,positive
2026-07-28,2026-08-19,PFE,Pfizer (PFE) Surpasses Market Returns: Some Facts Worth Knowing - Yahoo Finance,Yahoo Finance,https://news.google.com/rss/articles/CBMiogFBVV95cUxPNUh1dDFUdmZlSjlobHJLbXQzNFhteThyanBXM3cxdUE3T19XalJIYjNyTndmNHVvWjUybjdvZXdrRGFQWU5mRWZnWWhUdFdPYTlWLVB5THk4NWFyVWFrWDVqTl9zWU9pb2llU3E1U2Q1S0h4aU9aX01GRHZkUEhjOGhuajJHV2l2dnViMXVBTWhZQ2pfTWRIRUZjTHFBWXFFSVE?oc=5,0.2263,positive
2026-07-29,2026-07-29,PFE,Pfizer (PFE) Stock Looks Fairly Valued With Strong Pipeline But Weaker Earnings - simplywall.st,simplywall.st,https://news.google.com/rss/articles/CBMi0wFBVV95cUxPX0JPWXYybUxkc3ctVnJnZmcyVnVQcVRkNjlsVG1lNmlGYzByM0p4a3BJdVRvX0FXOUxHYmN0YkdkU3pzcUwzeGlSRFZ1NjVUQjVVUU5jLTNKa1hCVW1MWVBWLVg4VG5hUEhFa0hTWFJ5ZGVoeWVBVFZoQU9iUFdSYUhZaXhRTEtqX3NDYTlKSXpfQkxDeE5pQVlSYm1WVU1HdFllaUtMa1h0RWxGTllBazZ2UFZtVnJhR2hMZ2xWODlwMmNLM3pOVjBMNTU4R1VmaWo00gHYAUFVX3lxTFBGTWd0emdpVjdOSjZvbWFEeUlYT3gyQk1lM042eWo3NlhlWGxRV21oNlZuazE2Z09NQzl1Sm9xazAyam1HYkJUWFI3ZnRKU2hVY2d4MzRmYVNsQ1otRjRWSlRDZjlNOW9qUWNXbE5ieWszc0E3c3N6M0w2RlZrRnJjXzZFWTk3TWdTb2haV09ub0dacGNWQVBBOWhxVk9MMHJWZnYxMnBUNGlqZTF1OGNsSFZKTnBMbW5Sdllsc0stR045VjJWRTJ5VldQbXdDcHB6ajdBWDhVWA?oc=5,-0.1901,negative
2026-07-29,2026-07-30,PFE,Pfizer Stock Ahead of Q2 Earnings: To Buy or Not to Buy? - Yahoo Finance Singapore,Yahoo Finance Singapore,https://news.google.com/rss/articles/CBMihgFBVV95cUxQSUg3X2xvZXN4TTluM2NGTTE1THV5cnNEbFFoX3BxelNKUGpPTWRhZ2JSZFlRQVlPTFE1aVVtNUlJYWJNSUhwNEVzaVNscGZHM0VmOWJTNEhVSVpocVhEX1RPLUttdl9KZWd6LTlJdGw2WmF2dXR6aWtUc1pXT2dYRmJqN0dSQQ?oc=5,0.0,neutral
2026-07-29,2026-07-31,PFE,PFE Stock Reacts To Mixed Topline Results For Seagen-Origin Cancer Drug - Stocktwits,Stocktwits,https://news.google.com/rss/articles/CBMi0AFBVV95cUxNVGdoYjBIYTBmSnhKN2NCY3lkMTc4QmhxUWp2Rk92djlIQW1pcVRiNlltcXRqTWUwajQ3amIydHZkam42MjhWYngzS3dmcmFZUjhLWDdxMXBsSmF0WG5oVXozekhZR3RZektaYkVWUHRwU0U3M0tvbm5MaVJ6Q09sa0hXMDFfSGlHSnlIVm1NUjh0XzBKVDduSFVXcmdsd05qODRzWkYxWVJMVUpvNnB0SFd1R1lPeGJZcGxMbFFRTHE4TExsUDItR1ZWenVRU3Ja?oc=5,-0.6597,negative
2026-07-29,2026-07-31,PFE,Pfizer Stock Ahead of Q2 Earnings: To Buy or Not to Buy? - zacks.com,zacks.com,https://news.google.com/rss/articles/CBMimwFBVV95cUxOZENWSjh5OXZ3SDZCUERtbWdpSTlTeTdaRlFCZ21qbVhVM3ZDM1VxVHFWdmhGWUVMZkQ1ZHVuVmJNc0NNZDNpV3V2eFFnQ1ZmbW1ZT2xuWlpwNFZqd0NjYzJ4ZG5HVUdiV3Y5Q25sT0JwbDdhYjhTNEVxdTMtV29WbzJjbl9FYTZvNE5nLVc1VE5SczJSS3F1Wm9JTQ?oc=5,0.0,neutral
2026-07-29,2026-08-03,PFE,Pfizer Stock Ahead of Q2 Earnings: To Buy or Not to Buy? - Zacks Investment Research,Zacks Investment Research,https://news.google.com/rss/articles/CBMimwFBVV95cUxOZENWSjh5OXZ3SDZCUERtbWdpSTlTeTdaRlFCZ21qbVhVM3ZDM1VxVHFWdmhGWUVMZkQ1ZHVuVmJNc0NNZDNpV3V2eFFnQ1ZmbW1ZT2xuWlpwNFZqd0NjYzJ4ZG5HVUdiV3Y5Q25sT0JwbDdhYjhTNEVxdTMtV29WbzJjbl9FYTZvNE5nLVc1VE5SczJSS3F1Wm9JTQ?oc=5,0.0,neutral
2026-07-29,2026-08-19,PFE,Pfizer Stock Ahead of Q2 Earnings: To Buy or Not to Buy? - Yahoo Finance,Yahoo Finance,https://news.google.com/rss/articles/CBMilgFBVV95cUxQYmZ3blZUbXZyTlY0b2h5djRhaHNUMjJlb3JRcmxtMDgwZ29yMjgxeVpIaVQ0SVo3bWpZbnhRbExEVHZMVXVzNVhUQjJ6NjNtRjZVYUYyU1FVRThmM3k0cEY5V1lHVGFhaHpTUlpZM0dqenhTTDMwTGZGeUZZU0pqMm16bWszTHFVSWlXdk5Ed3Q5TllnbUE?oc=5,0.0,neutral
2026-07-30,2026-07-30,PFE,Pfizer posts late-stage trial wins for vitiligo drug (PFE:NYSE) - Seeking Alpha,Seeking Alpha,https://news.google.com/rss/articles/CBMijwFBVV95cUxNTWZMMHhGQXcwVlpOUTIxRjF4ZWZIY3VkV1QzdUpZc0pCa1BzN1I4Y1ZnbWN0LThqdWFXaUQ2dXlUWGRibFF5T3RRUm42T3phT1pwcWNIVXJmeXFMT0xWVXZGNUw3dGE5Y2RhejhlUi1hRkhuQXlnUWhYRHhfRWVaelNtd2ZXdFlySWR3Q0RoVQ?oc=5,0.5719,positive
2026-07-30,2026-07-31,PFE,Pfizer (PFE) Q2 Earnings Preview: What You Should Know Beyond the Headline Estimates - Yahoo Finance,Yahoo Finance,https://news.google.com/rss/articles/CBMilgFBVV95cUxQQTR3Z25uQkdabzV4cXB0M3FtclNYVktQNUlzU2dYODJURjN0NmRQbE56ZHF4REFaS1laNHUtS0hMaW9BYkZrNnRMYS1Ia3I1QzBXOHBpZlVRV3NDNkg2bU83bUROYzd0RlVvdWFmSFo2LVdPZTRsMk5pLWxEMUprMGRDV0h6ai1VNFpYbnVhS0EyZEVYZWc?oc=5,0.0,neutral
2026-07-30,2026-07-31,PFE,Pfizer's LITFULO studies showed more facial and body repigmentation - Stock Titan,Stock Titan,https://news.google.com/rss/articles/CBMiugFBVV95cUxQOVF3SFVnOTdYRXZHTDRzVGFKSWtTLW1BWmlxOXRNdENNcEQ5clRoMzJqeDk4NGZobm5mQi1NMHlmVi15VGM5SUZkbDRPTHhOMVJobmJxUnZxSmFmcl9vZHM4MjhUZk1laWRMcjhJcEltcWlpME9fSTZYQ3Q0RHJ2d0FWS0x0NkxKSTZaVGxidXc2WU5neEFVVG53VkZBYkp6WERLbXZvQkZxOVAtNHhxak05QW5HalZYd0E?oc=5,0.0,neutral
2026-07-31,2026-07-31,PFE,Pfizer Stock Forecast: 15% Upside as Its Pipeline Delivers New Wins - TIKR.com,TIKR.com,https://news.google.com/rss/articles/CBMilgFBVV95cUxPbW5GdVE4d3pteUlGZXlLMUFZZV9xR09ITHNPWjJ1UGNfOXNuOVV2WTNQYlZKbTZ1SDVOYlc3RWFvZmdZcGRTQnBtcjY2YjBTN29jTTVjeG9GbnZ5MjlZSFUyQk1aMUJIQTJhUU1MMEtBZG9sbTRMZnhIREdERGJMR1E3bDNVWmU0eE11anhfNlJsT29YQkE?oc=5,0.5719,positive
2026-07-31,2026-07-31,PFE,Why Is S&P 500's Pfizer (NYSE:PFE) Stock Rising Today? - Kalkine Media,Kalkine Media,https://news.google.com/rss/articles/CBMimgFBVV95cUxNSXhaRzdBNzhPTGFvRnFTNG04V2IyZ1N4TGNwc3JKQS02WHFqbFdab0JkaUJ2aDlNQmVqOWN2dkx1SlhzYTd6OFZtYUo4M1lZSWZINUFxanBxMVFrN2VZZlpicTNpMU1Objg5NGJZTTRLaDN4QzM2d2dMMnJBcXVDT2RWMF85emtYeE11YkFwb1pXMjFNTnphRXFR?oc=5,0.0,neutral
2026-07-31,2026-08-03,PFE,PFE Stock Reacts To Mixed Topline Results For Seagen-Origin Cancer Drug - stocktwits.com,stocktwits.com,https://news.google.com/rss/articles/CBMi0AFBVV95cUxNVGdoYjBIYTBmSnhKN2NCY3lkMTc4QmhxUWp2Rk92djlIQW1pcVRiNlltcXRqTWUwajQ3amIydHZkam42MjhWYngzS3dmcmFZUjhLWDdxMXBsSmF0WG5oVXozekhZR3RZektaYkVWUHRwU0U3M0tvbm5MaVJ6Q09sa0hXMDFfSGlHSnlIVm1NUjh0XzBKVDduSFVXcmdsd05qODRzWkYxWVJMVUpvNnB0SFd1R1lPeGJZcGxMbFFRTHE4TExsUDItR1ZWenVRU3Ja?oc=5,-0.6597,negative
2026-07-31,2026-08-03,PFE,Pfizer (NYSE:PFE) Stock Gains Before Q2 as Eliquis Read-Through Strengthens - TechStock²,TechStock²,https://news.google.com/rss/articles/CBMimAFBVV95cUxPWFVxNFpqSF9YUllaQ3Vha3BNMlEwMnhQOUw1SUYzMEJ6Sk40N0NOOUphRUpPeHB6Xzlnb0dxVV91bW42TzRWMHppVjRkWXJDcXJzbGVRak9EbWhUcS1wb3B3aGx6Q3M1ZzEtdlJtR0NjRjBueHdBbUE4VHNtRzBMNnFVdTJVWnVySzVZN2pXOFM3QWotR2M5cQ?oc=5,0.6597,positive
2026-07-31,2026-08-03,PFE,PFE Stock Continues To Drop As Lung Cancer Trial Disappointment Overshadows Ibrance Win - stocktwits.com,stocktwits.com,https://news.google.com/rss/articles/CBMi5gFBVV95cUxQdFhnbWwyTFZLSURtM2RDNVZxY3FxemQ1N1A4Ym5RSDlubW91YnBONHlxRjdqdjV2ZjNKaFYwakQ0VVRlXzhrUVlSYnIyZjdxZWY4VGtOdVRscDExT1IyLW1zSlhMOHZpNFl3b0N3YUxJTU9rbC1kV2FQV3hsYndwUlpRaGdEeHFSTWRuN2F3MjVvVnAySmNQTGQ5bV9rYnlJdkhjbjNGa05jVEhIQk04T2hzOUl3ZnpnWVo1ZkZNTnNYNUk0UWVsWXFSUnluNTlGRG9zcmt3WkJGa3NuZ0d3YmlRdlFxQQ?oc=5,-0.7184,negative
2026-07-31,2026-08-03,PFE,Pfizer: Still Mispriced By Mr. Market (Earnings Preview) (NYSE:PFE) - Seeking Alpha,Seeking Alpha,https://news.google.com/rss/articles/CBMimAFBVV95cUxQc0FyTERRYW1tSDZRWUlzWlBJdEtXNUJRUlEzZnF6ZnEtMzBWUjRlT2tvbVN3OFJBbVVLR3Z6N1BRc2h6bmF0TmdxRTM3dHFTblRTT3NrLU9nSzVSWHpxOHMzVFhrSFhqTElwdmxndG1lN3FnbUE0cm9Ed25JVDNqOXRxUjJ3eE16S3lfcGdWSUpmaWpkRURsUQ?oc=5,0.0,neutral
2026-07-31,2026-08-03,PFE,"Pfizer Yields 6.8%, Trades at 8.5X Earnings, and Has a Promising Late-Stage Weight Loss Drug. Why Are So Many Investors Still Ignoring the Stock? - The Motley Fool",The Motley Fool,https://news.google.com/rss/articles/CBMilwFBVV95cUxNeEUwemdaWHc5ZUNzbVR6UnFKR0ZrYUVzeXlXb1J2VDdpbTgwMEdObFVUUXVGaU5nVTZDeXJRTWNUQkJqeHQ5MHF3ckE2U09zZDN4ZFdxdnBhZzhEWnQ4RDRHcUcwUU9ZTDRpakZ0SG4wdVdleDNYbzJJN0dRUGtNZFJhTXRUeEFHSmhtUE1tWTRxQXZRMTlv?oc=5,-0.6369,negative
2026-07-31,2026-08-03,PFE,Pfizer's Bear Case Is Breaking (NYSE:PFE) - Seeking Alpha,Seeking Alpha,https://news.google.com/rss/articles/CBMidkFVX3lxTE5wREZIYmtLcmxKRm5QWEF6ckVxblN3Wk5Eejh5ZDdqNDEzQmVDYW1NUGktU2F4d2o5QUpCUXRTUEJPZzc4OG1Ia21kZklkQ3V1UUVDakE1RVlEdFQxT0NXbk5HTmc0M1hOQ2hseGtVVjZlSFhJZmc?oc=5,0.0,neutral
2026-07-31,2026-08-04,PFE,PFE Stock Reacts To Mixed Topline Results For Seagen-Origin Cancer Drug - Stocktwits,Stocktwits,https://news.google.com/rss/articles/CBMi0AFBVV95cUxNVGdoYjBIYTBmSnhKN2NCY3lkMTc4QmhxUWp2Rk92djlIQW1pcVRiNlltcXRqTWUwajQ3amIydHZkam42MjhWYngzS3dmcmFZUjhLWDdxMXBsSmF0WG5oVXozekhZR3RZektaYkVWUHRwU0U3M0tvbm5MaVJ6Q09sa0hXMDFfSGlHSnlIVm1NUjh0XzBKVDduSFVXcmdsd05qODRzWkYxWVJMVUpvNnB0SFd1R1lPeGJZcGxMbFFRTHE4TExsUDItR1ZWenVRU3Ja?oc=5,-0.6597,negative
2026-07-31,2026-08-10,PFE,Pfizer (PFE) Stock Looks Reasonable Based On Today’s Broader Checks - Yahoo Finance,Yahoo Finance,https://news.google.com/rss/articles/CBMinwFBVV95cUxPRmgtdWhpX0RyWWFTNTRQS3FMZDRxVjUtNkItMDRkMlM4bHd2elAtS2lzVFdvQ2xPVHRaMEItSTFZdXE5YnlLbkNreGp1ZU5RY3FVa0V0c3Q3aFdNTGZBc2JJYV9kVDhabm1nWlNudHQ5a3Q0cmNuNW56ZmRQMzQyZHY5WF9HTjZfYVFtQ0Q5OTRXZW5yWEJIa1JiM2UtLW8?oc=5,0.0,neutral
2026-07-31,2026-08-20,PFE,"Pfizer Yields 6.8%, Trades at 8.5X Earnings, and Has a Promising Late-Stage Weight Loss Drug. Why Are So Many Investors Still Ignoring the Stock? - Yahoo Finance",Yahoo Finance,https://news.google.com/rss/articles/CBMikwFBVV95cUxORWIza2twM2Vkb3NrV0FWWFlVN1FOOGtJVld3UFpKT2dVNTgzZS1IVmcxd2NHT1FpTDNKM0E2b3NxRWpSQzF0dFktSDVWYTB1WW1QZjlBVTN4eWRuOHdCTzZDZzN4ck5GUjJxN2V1QVhtMzFRVldxNlRhTEhGZzh2RkpBX3JBcE02YWFDem01YWlKcHM?oc=5,-0.3182,negative
2026-08-01,2026-08-03,PFE,Pfizer (PFE) Stock Looks Reasonable Based On Today’s Broader Checks - Yahoo Finance,Yahoo Finance,https://news.google.com/rss/articles/CBMinwFBVV95cUxPRmgtdWhpX0RyWWFTNTRQS3FMZDRxVjUtNkItMDRkMlM4bHd2elAtS2lzVFdvQ2xPVHRaMEItSTFZdXE5YnlLbkNreGp1ZU5RY3FVa0V0c3Q3aFdNTGZBc2JJYV9kVDhabm1nWlNudHQ5a3Q0cmNuNW56ZmRQMzQyZHY5WF9HTjZfYVFtQ0Q5OTRXZW5yWEJIa1JiM2UtLW8?oc=5,0.0,neutral
2026-08-02,2026-08-03,PFE,"Earnings Week Ahead: PLTR, AMD, PFE, DIS, SHOP, VTRS, CGC, MCD, ROKU, ABNB, and more - Seeking Alpha",Seeking Alpha,https://news.google.com/rss/articles/CBMisAFBVV95cUxOTWFoSjV0YzdTeklDd1IzdVEzX19meF90TjNXWkhCX0lndTBEX0N2ZU1TX0F4UlgtQWY2ZFQ1ZXJmVFV0eC03YU42cDBBSzJrWjVLUDhzOTg1a0MtRkhmUUV5VGFVcWF1c1F0c1BlU2UxUnlSMUdsZlJnSDJrUEVnUHg5VS16WkRlak1IQU9tanY5cnduVFUyM1Y1aDl2S05TRVRPZ1hRYzB4WmNhNVJTRA?oc=5,0.0,neutral
2026-08-03,2026-08-04,PFE,"Pfizer's Stock Has Been a Dud Over the Past 5 Years, but Is It Still Worth Buying for Its 6.9% Yield? - The Motley Fool",The Motley Fool,https://news.google.com/rss/articles/CBMimAFBVV95cUxNNTNOSVVFZXJvcVFRU2VxS0M2STBRNUJvYnl5Q3VwMnR2U0J0LVdlV196Z2FCaFllMXQ0S0t3dGE1dmpnTUwzUkZyX1ZZVl9DejZPMm8weWg0WkdwaFdNSXNUaEFsMDFEMjZKeTBpTFhTdTdEREw1RzFPMHJWVFBTOTBZcFBGVkxWeVVHS3FYS3Fock9QNDFrUw?oc=5,-0.4588,negative
2026-08-03,2026-08-04,PFE,"$49 Billion In Payouts, A Lagging Stock: The Pfizer Trade-Off - Trefis",Trefis,https://news.google.com/rss/articles/CBMiugFBVV95cUxOTHpsTzl6clBicUprSWt2M1NNOXVSRjN5UXpfQVoxdTlDN2p6SUEzTy0wWjZ3LWdLUHR5bThhQ21UdWVFRGhYakZ0Mk5CTGltSEU3Rzd3TDhka0ZEX3FWWXMyYWlCTndJLXVxUUZPZWxOMWpBZ1RoWnFxel9RZHFQWGNoQlRKYURhZVhXc2M2NUozSmtYb2otcU0wQVhBZFlOdE15TGo5em0tb3VoWFN0ZFFKQjFRbHJsZ3c?oc=5,-0.2732,negative
2026-08-03,2026-08-04,PFE,PFE Stock Continues To Drop As Lung Cancer Trial Disappointment Overshadows Ibrance Win - Stocktwits,Stocktwits,https://news.google.com/rss/articles/CBMi5gFBVV95cUxQdFhnbWwyTFZLSURtM2RDNVZxY3FxemQ1N1A4Ym5RSDlubW91YnBONHlxRjdqdjV2ZjNKaFYwakQ0VVRlXzhrUVlSYnIyZjdxZWY4VGtOdVRscDExT1IyLW1zSlhMOHZpNFl3b0N3YUxJTU9rbC1kV2FQV3hsYndwUlpRaGdEeHFSTWRuN2F3MjVvVnAySmNQTGQ5bV9rYnlJdkhjbjNGa05jVEhIQk04T2hzOUl3ZnpnWVo1ZkZNTnNYNUk0UWVsWXFSUnluNTlGRG9zcmt3WkJGa3NuZ0d3YmlRdlFxQQ?oc=5,-0.7184,negative
2026-08-03,2026-08-04,PFE,Pfizer Stock (PFE) Opinions on Pipeline Developments and Market Valuation - quiverquant.com,quiverquant.com,https://news.google.com/rss/articles/CBMirwFBVV95cUxObE5xLUI5dlFLWHBhMGZ5WHVqMjRiMkt3emFfWW83Vks2LTNyN1pYd0MtZzRNenY4eG8wUTM4Y0VOcF9aN3dGZ3NYcDhyWGtpTlQwQS0xZXJVMHFlaXhQN05FbVJ0MjNHZllfdVB5WTI4MDgzejBBM1loR256cE1aMWRYazhoQmVtb21FTnhPT1JpNjJWMThHTlBuWGdwUGpHSVh4bnlqZHNQWEhnRUE0?oc=5,0.0,neutral
2026-08-03,2026-08-04,PFE,"Pfizer, Merck Q2 preview: New growth bets face legacy headwinds (PFE:NYSE) - Seeking Alpha",Seeking Alpha,https://news.google.com/rss/articles/CBMioAFBVV95cUxON2h6dzZuREtFQVhmV3BuVVh1QnVOc0hGcEhWOVduUHpEY0R4UWdnQXpzckNmOUZNa0JuY1VJdzJib3FockZhOEdvdm05V0hEVXJaSHRkR25qOEVsemQ5Q0hwS3cyWkc2eHhqQW4zNVEwT2hHSHladmktUklCMndUaHYyOHhOd2I0Qkc4aDV1bl9ZZFdWSXpvUm14aFY2anVm?oc=5,0.3818,positive
2026-08-03,2026-08-04,PFE,"Pfizer, Inc. (PFE) Stock Analysis: Evaluating a 14.95% Upside Potential Amid Robust Dividend Yields - DirectorsTalk Interviews",DirectorsTalk Interviews,https://news.google.com/rss/articles/CBMi3AFBVV95cUxOWXM3UFRydEhzTURNbUZyeG9VT0hqeS1Gek9CTk0tVDQwT1hrWFlISnZwb18xSllrNUZOSkh4VHFVM2hEWTdsbzkzdlZSUTYyYmhVdFc0MWMzLW5MMkZPYUZUUi1BSVVJZU9aWWZvUHNUVndZeEh5dmY5QkNrdUZhdTlHaEQwOTNxd2tZRExybV85X1NFV0lieGJxcjdCTVdoQ1hLa0Q0ZjN0ampKWVF1LTFEYnRJODd0eGFYYzA3MllwdG8xamdYdjRZWDFjc1BqaHFjaUozRk1Xd0tv?oc=5,0.34,positive
2026-08-03,2026-08-05,PFE,Pfizer (PFE) Reports Q2 2026 Earnings Tomorrow — Here’s What Analysts Expect - TipRanks,TipRanks,https://news.google.com/rss/articles/CBMiowFBVV95cUxNeTlIVkFzY0ZJU2Y2QmtSWHl1aUxYX282cHVGd3BZcEM4SXBXblFhVkdXQXFtT1F4WHdxYmVubXpWRnpvMW83UUVsdHBqSWVWQUVZa3B0LVV4MER1TjVRODVESUtSd3dxS2VKanZUTVR4NDROZUpuUWRnSmRTN1lmWjd1TnZLRW5SV0VwNXNiV2pHcU91a2ttY3RqczJ3Z2NSRVRr?oc=5,0.0,neutral
2026-08-03,2026-08-06,PFE,Pfizer Stock (PFE) Opinions on Pipeline Developments and Market Valuation - Quiver Quantitative,Quiver Quantitative,https://news.google.com/rss/articles/CBMirwFBVV95cUxObE5xLUI5dlFLWHBhMGZ5WHVqMjRiMkt3emFfWW83Vks2LTNyN1pYd0MtZzRNenY4eG8wUTM4Y0VOcF9aN3dGZ3NYcDhyWGtpTlQwQS0xZXJVMHFlaXhQN05FbVJ0MjNHZllfdVB5WTI4MDgzejBBM1loR256cE1aMWRYazhoQmVtb21FTnhPT1JpNjJWMThHTlBuWGdwUGpHSVh4bnlqZHNQWEhnRUE0?oc=5,0.0,neutral
2026-08-04,2026-08-04,PFE,Why Pfizer Stock and Its Covid Vaccine Partner Diverged on Earnings - Barron's,Barron's,https://news.google.com/rss/articles/CBMihAFBVV95cUxNNXEtc2UxQnNVc2QxR2VhQ3daSGpGeVlocVJ5eEhJTHg1N0pjWXlnenFDLURHR3hvMXNwTzlUR1BoSm5mOXhodkU3NjJVNS1JZUI5S2N4TmM1Q0VTZENOR3lOWW4zWlRCVzFLUkctSDBGZ25ZV2RWOGdKNXY2LXRLRkNFWEw?oc=5,0.0,neutral
2026-08-04,2026-08-04,PFE,A $4.3B impairment pushed Pfizer to a $248M Q2 loss - Stock Titan,Stock Titan,https://news.google.com/rss/articles/CBMiuwFBVV95cUxQc1JKUWwtLTVwT003WWVqSVFzazJzb2J2d3BEWTUxbWhuN0JEU1VCWlNFRmtQS2xqaHVmcWh3aVIzSWdwTzNJU2NaVE9xRDdGeE1oZ252SzNJR3JsdWJ6V1FERV9VZktScHVkYU5zWTh6SnRDM3k2RDFPY20yUDlMdzFCbnVOUjIzZm1XZm9GUTk2em1wUmsyRTI3aXEwRW9WMTV4dXpIakpPNmZqVDJ0ak5MaDlKekJfaE9J?oc=5,-0.3182,negative
2026-08-04,2026-08-04,PFE,"Pfizer tops Q2 expectations, boosts revenue guidance (PFE:NYSE) - Seeking Alpha",Seeking Alpha,https://news.google.com/rss/articles/CBMikwFBVV95cUxOMHNXRkJVNkNBU3l2eUtDMUZUZDYyVE5RQ2RWSTlCRmM4UFdsNlZRNF96NG1GZWFkMUl0OEhnM2FKY1RoNzZrZGVScVliODNaQkIxN1RWYTBUcUVjMzFJUWQwMmNNOGZSb3hNTHhsWDVObWU2SmppLTQ0eVlwN1pmTXp3TV9aQXR6QXlzRThpdF9XV28?oc=5,0.6808,positive
2026-08-04,2026-08-04,PFE,Pfizer Gears Up For Q2 Print; Here Are The Recent Forecast Changes From Wall Street's Most Accurate Analysts - benzinga.com,benzinga.com,https://news.google.com/rss/articles/CBMijgJBVV95cUxPNS1qYWtYMXBUR0xxUXRQcmRmODJJd1RaUGYwVmhnanlXQlc5b1hBTnFTX05LZmRzaVlVUjJVVHd0LXVJT3JzaVpPNlExT0w1OWlXaDVQSkxuSkxkdWR4a0JHR0h1V0tnVTRta3hrYm5BUi1BOFZmMXljUElxNnZyYXZwZV9ERXpfZ2c2LWlmU2xuTUhsY0RibklqTkVBOW42cE8yalhwcVkxTFJTMGdCSjVwTmxUU2FTNFpaS2ExRmp0NDdZZktkczRzU3ozRGtPaGd6ajhPdTc5ZjNxZnBudmV6d3ZCODBSdUlTdFhUcENScFdhVEpQMklvNHIwenNNZXpTZmNSUnBxQzAzaWc?oc=5,0.0,neutral
2026-08-04,2026-08-04,PFE,"Earnings Flash (PFE) Pfizer Inc. Posts Q2 Adjusted EPS $0.77 per Share, vs. FactSet Est of $0.68 - marketscreener.com",marketscreener.com,https://news.google.com/rss/articles/CBMi2gFBVV95cUxNWUFtbnJEY3VVY0JvQmpGS3JuR2VIVG54Q2I2YXh4bEo3X2R2ZHZFV2o5SE5wWDNNRDVtaHJyRS16LWNvWmh3aDJ0bGZtZTRDZEVIQWEtWEtCQ2paeDJRXzAzN0dkT3R6VXNSUnBHV1E2aUtYcDE4YzNHYy1CV0M4WHMxWl9lOGs4OWQtM0V5V1BVR0dab3hFbl9td2k2cm5qLWRGaVdpMzluc09QSndZMVVBOVVmLTVnNWZRZmNweEpzc21KY2pOSmRuQVZDclJ5Vl9yTENDQk55UQ?oc=5,0.296,positive
2026-08-04,2026-08-05,PFE,"Stocks to watch on Tuesday: CAT, SPOT, PFE & more (SPY:NYSEARCA) - Seeking Alpha",Seeking Alpha,https://news.google.com/rss/articles/CBMiigFBVV95cUxOZTJrWExQU2RjLWJBdXUzY3M1SDVCOXFTQjYxc1lsU2VVQmlUQ0JqR0xxMHE5c0RMbHpaN3NYVDM4Q0lKSHhuRnczeFpzcEJsWlFEZmptYmd5SkpWZC0tYnJYWDBDYzd0WW5kdTBYMGJOcXVrQXNxaEdqdTdlNkJfeHRlSVhBdXR4ZVE?oc=5,0.0,neutral
2026-08-04,2026-08-05,PFE,Pfizer Covid Pill Revenue Plunges 95%. The Stock Is Rising Anyway. - Barron's,Barron's,https://news.google.com/rss/articles/CBMihAFBVV95cUxNNXEtc2UxQnNVc2QxR2VhQ3daSGpGeVlocVJ5eEhJTHg1N0pjWXlnenFDLURHR3hvMXNwTzlUR1BoSm5mOXhodkU3NjJVNS1JZUI5S2N4TmM1Q0VTZENOR3lOWW4zWlRCVzFLUkctSDBGZ25ZV2RWOGdKNXY2LXRLRkNFWEw?oc=5,0.0,neutral
2026-08-04,2026-08-05,PFE,Pfizer (PFE) Stock Faces Pipeline Doubts After Higher Revenue Outlook - simplywall.st,simplywall.st,https://news.google.com/rss/articles/CBMi1wFBVV95cUxPM0w0cTZCZlh1Q2k1ZFdXSjI5WE1WOVUtLWNlbE4zZW9nUmFodkJzUlotNzNaSEtzTXlUV1JrOTJtTHNuZFZiamQwb2ZPTEhraE9ZUm1qeElubUt4T3BoS0F0a1dXeTlCY3VLbEd6OE9XQ0d4RUlDdjFvUmNBOHdhYlV5RGNRUVppZ1Azc3ZFSmFNRUV0WUN0R3A2RmxETW5SUmxCRkNWaWc2d2gwWWNGSXpucERUTXgzaUxQVWJBSmRIYmJBOWRNVDlHSmxiWUVITTUxNk9KRdIB1wFBVV95cUxPM0w0cTZCZlh1Q2k1ZFdXSjI5WE1WOVUtLWNlbE4zZW9nUmFodkJzUlotNzNaSEtzTXlUV1JrOTJtTHNuZFZiamQwb2ZPTEhraE9ZUm1qeElubUt4T3BoS0F0a1dXeTlCY3VLbEd6OE9XQ0d4RUlDdjFvUmNBOHdhYlV5RGNRUVppZ1Azc3ZFSmFNRUV0WUN0R3A2RmxETW5SUmxCRkNWaWc2d2gwWWNGSXpucERUTXgzaUxQVWJBSmRIYmJBOWRNVDlHSmxiWUVITTUxNk9KRQ?oc=5,-0.296,negative
2026-08-04,2026-08-05,PFE,Pfizer Reports Second-Quarter Results And Raises Midpoint of 2026 Revenue Guidance - Business Wire,Business Wire,https://news.google.com/rss/articles/CBMi1gFBVV95cUxNRm4ySTZtT0N3ZWExa0JpY2YtS3ZLVUVIeUN5SzctcG1JZURERjNqZEdmdFBHNU0tNFNRN3picmZrN3lYdzZLQzFRR3BfVncxY1I0aW9MbGMtLUk0Q1IzSFd6TEFLbGQ5RkJ2UTZvUVBQNHhMTzZtWVlhRHFySk9nYXF0cGdPNEt6bnpPTVZrVmFMcWlTdHpEMFhBdDBud2l3bURqTWVwdWE3cldLNURHWGZtQVNjVUl1TURONS1qYXViMUNWbFo4MGpKWFdsVjdoSDJvNWFn?oc=5,0.0,neutral
2026-08-04,2026-08-05,PFE,"Pfizer tops estimates, hikes low end of revenue guidance on strength of Eliquis, other drugs - CNBC",CNBC,https://news.google.com/rss/articles/CBMickFVX3lxTFAyUngzLXBKNWFqQ3VWUHlSQVFzTzQ2cS13NmRWUFVmc25NVFI0MmVia2tsczUwS0JZY1cxcXlfdVpHbVRCLUFfVnhaVjl4VEd4R0FRZnJzdm1vYWNOSDF0VFVmSHhKRWtOTjRQcmxpZHNXUdIBd0FVX3lxTFBvWF9oQXJIUkpyVkFhU1REdTFqY2hQVzRMUmpNdjljUTJGWjl5UmVaa0xSdjBUZmJ0akRqaDlyMWxNUmQtTzBQR0FJVDZZbm9raDNtbW1idjdESEFnZm1wTzRBUHNOQ0VtcmM3aS1MOFVqZXNMT3FF?oc=5,0.6597,positive
2026-08-04,2026-08-05,PFE,Pfizer Stock (PFE) Opinions on Pipeline Developments and Market Valuation - Moomoo,Moomoo,https://news.google.com/rss/articles/CBMiswFBVV95cUxQanJNdk9TdnM4V0hucnRqWmZHWWxRc0d6Ny13TU1QeVVsXzJhWGFhOEVlMjdmTTViZFlPaWJLdktQcVVqWGRLX05ySUR1OUMwOTNOZENxVk1WazB4b0MwNVlRQS02QzBRcGNRQmVJaTJ4cG50WXNHZXRyMTk5cl91ZUF0YnUzUW5FR01meVhhUGRROGNvSHo4VjJvNWxxNWdnLVV1U2ZISFpmUngxYWNsQVM3OA?oc=5,0.0,neutral
2026-08-04,2026-08-05,PFE,What's Going on With Pfizer Stock Tuesday? - Pfizer (NYSE:PFE) - Benzinga,Benzinga,https://news.google.com/rss/articles/CBMixgFBVV95cUxQYlN2ZVUwaTZtb0F3OHg0TkpfNjBLazZWVzlCbWdreUh1NWRCMkRWMVFFRXN4dTlRTUUwSzlLcmtfNkQ4RDdPX2pKTGpqblpJY3pCLUdZc2pieEtHNDRvNXItTkFEZXFmWVB3NzlXUVducmhPT3pQLUxJc19kYVF2cDJkejB4Q3prVXpMYjBIZ0c0NTVQY0hBaG9LZ3duSTA4TTdXQkRtQVZZZzlmVWxIaVpxLU52bTMxWGtNTDFFX2UyYzh6a3c?oc=5,0.0,neutral
2026-08-04,2026-08-05,PFE,Pfizer Inc. 2026 Q2 - Results - Earnings Call Presentation (NYSE:PFE) 2026-08-04 - Seeking Alpha,Seeking Alpha,https://news.google.com/rss/articles/CBMimgFBVV95cUxOZjU5VXN2ZnkwWnExYWctOVpuQnk2NTJSS0luYnlJMUJCMWFuekdrblZZNGVkckVINXNocHVMeDdxN3Zka010RzMwblNsQ2VCN3pXWGxOeVI1YThueENteGl0ZXl1R1pqMFJmNENFQnN5Q2tRQjBfeDVuNmFmOUR3bkhqT2pvcXJaWFo5eWx3U201LV8zZHFiUk9n?oc=5,0.0,neutral
2026-08-04,2026-08-05,PFE,PFIZER ($PFE) Releases Q2 2026 Earnings - quiverquant.com,quiverquant.com,https://news.google.com/rss/articles/CBMihAFBVV95cUxPM1RweDh3VG15ck1zRjRPdmM2VE95S0t5TG5pNkNMSUlOSUdZdXR0WFBwVGNyLXNhVDI4ZVV4UmVwN2JENXlyQnhVWVVxcDdiZ29UaktMamJPUHdIQm56OWNSQ2szN19DQjZDV203ZzdSMWMzaF8xRFQ4bFBoeXpVSVVDemg?oc=5,0.0,neutral
2026-08-04,2026-08-06,PFE,PFIZER ($PFE) Releases Q2 2026 Earnings - Quiver Quantitative,Quiver Quantitative,https://news.google.com/rss/articles/CBMihAFBVV95cUxPM1RweDh3VG15ck1zRjRPdmM2VE95S0t5TG5pNkNMSUlOSUdZdXR0WFBwVGNyLXNhVDI4ZVV4UmVwN2JENXlyQnhVWVVxcDdiZ29UaktMamJPUHdIQm56OWNSQ2szN19DQjZDV203ZzdSMWMzaF8xRFQ4bFBoeXpVSVVDemg?oc=5,0.0,neutral
2026-08-04,2026-08-07,PFE,Pfizer Reports Second-Quarter Results And Raises Midpoint of 2026 Revenue Guidance - businesswire.com,businesswire.com,https://news.google.com/rss/articles/CBMi1gFBVV95cUxNRm4ySTZtT0N3ZWExa0JpY2YtS3ZLVUVIeUN5SzctcG1JZURERjNqZEdmdFBHNU0tNFNRN3picmZrN3lYdzZLQzFRR3BfVncxY1I0aW9MbGMtLUk0Q1IzSFd6TEFLbGQ5RkJ2UTZvUVBQNHhMTzZtWVlhRHFySk9nYXF0cGdPNEt6bnpPTVZrVmFMcWlTdHpEMFhBdDBud2l3bURqTWVwdWE3cldLNURHWGZtQVNjVUl1TURONS1qYXViMUNWbFo4MGpKWFdsVjdoSDJvNWFn?oc=5,0.0,neutral
2026-08-04,2026-08-24,PFE,Pfizer raises revenue outlook after quarterly earnings top estimates - Yahoo Finance,Yahoo Finance,https://news.google.com/rss/articles/CBMiogFBVV95cUxPSk1VM1BZcjVaSGFJeVBELVF2a2lPS2VJT191UTVQSWt0a3hzVzNsakpYQzJiRFFsUXNYclp6dEpsbjNZLWV0Z3VIeGlQVmFqRm84czhlTGJYZEdrRWhSS1FfbDlrZ0VGb0dEdmtCakgwY1p3YU9iYU1HUFBZWXdkMTg3Wk92STJLYzQ1cG9hd1hqRlFqRWU5TDNaM3gxaDBicGc?oc=5,0.2023,positive
2026-08-05,2026-08-05,PFE,PFE|Pfizer Inc|Price:25.395|Chg%:+0.365 - TradingKey,TradingKey,https://news.google.com/rss/articles/CBMiWEFVX3lxTE1FN3JBQTFZUF8tdVVRakpoNjFlM19PQVNET091cWhUMml6WUJuUkpWOG1OUkZhbEdxVTVoX25yVmd0VENIUW1jYWpWaE5GV01WTjVGWjVzalc?oc=5,0.0,neutral
2026-08-05,2026-08-06,PFE,Why PFE Stock Hands You So Much Cash Right Now - Trefis,Trefis,https://news.google.com/rss/articles/CBMiqgFBVV95cUxOeUlFbVVsX0hXaHZIUHZEeW0yc1NlMkt0OGx2Ty1tMG5QMTFwUW1lWmtodWFDQkJ6UWJPNmI3ekJEMklra1hVbEQzcjFhOUFpQjUzdlpNNDhtNlowMDZjWmJYRjJial9zRnJEWmlyekdoek5kVUdrYUhWN3lDSnQtOGNiSmttZUp6a0lRbzNnUmxYVTNaZDJUU05lR0xobm1OTWxVejZaMnphQQ?oc=5,0.0,neutral
2026-08-05,2026-08-06,PFE,Pfizer’s Q2 Earnings Beat by Double Digits. A $4.3 Billion Writedown Stole the Headline. - TIKR.com,TIKR.com,https://news.google.com/rss/articles/CBMirwFBVV95cUxQMmVUQWF2TVl0RGVTZkpQTl80ZWJwSUc3M1doOU1FeTNLRVRBQ21QbVpDLWp3ajNJZXRvQUQydnhWcFBxbTRlNk9ZMDJMWkFsZUd0elpDclVLbHNVSU5DeXd6bDJPbDlGdUotODlIdzlfaW1zbHRKUlh6QmZPRERZLVhya2tGRVdDMl9CQzBRdTMwX3FrcEZpVjVSbWVOTko2R0taM3NBSzVTQm8zd0I0?oc=5,0.0,neutral
2026-08-05,2026-08-07,PFE,PFE Stock Continues To Drop As Lung Cancer Trial Disappointment Overshadows Ibrance Win - Stocktwits,Stocktwits,https://news.google.com/rss/articles/CBMi5gFBVV95cUxQdFhnbWwyTFZLSURtM2RDNVZxY3FxemQ1N1A4Ym5RSDlubW91YnBONHlxRjdqdjV2ZjNKaFYwakQ0VVRlXzhrUVlSYnIyZjdxZWY4VGtOdVRscDExT1IyLW1zSlhMOHZpNFl3b0N3YUxJTU9rbC1kV2FQV3hsYndwUlpRaGdEeHFSTWRuN2F3MjVvVnAySmNQTGQ5bV9rYnlJdkhjbjNGa05jVEhIQk04T2hzOUl3ZnpnWVo1ZkZNTnNYNUk0UWVsWXFSUnluNTlGRG9zcmt3WkJGa3NuZ0d3YmlRdlFxQQ?oc=5,-0.7184,negative
2026-08-05,2026-08-07,PFE,Pfizer (NYSE:PFE) Shares Gain as Four Major Drugs Compensate for COVID Revenue Hit - TechStock²,TechStock²,https://news.google.com/rss/articles/CBMiogFBVV95cUxNQzc0UXlINndPSzBZbXEzVWJHbVc4QjVJMDlIWUpHbDRyd2lSTFhoZ2l2Ykl4dk84OHdNTzhIWXdaNXZDc2EwQnRoN0daMFBEOWwxVDBLaUJDVGREZGpKWVVFTWpQSkFySmN2Y0kxaXQtRnhqSHF0bjNpM3NXUXJKeU9sbDhlalVVdXZ6MjRpNFFxMFpSS1Q4SVRrRFB6VUJ1T1E?oc=5,0.6808,positive
2026-08-05,2026-08-18,PFE,Why PFE Stock Hands You So Much Cash Right Now - trefis.com,trefis.com,https://news.google.com/rss/articles/CBMiqgFBVV95cUxOeUlFbVVsX0hXaHZIUHZEeW0yc1NlMkt0OGx2Ty1tMG5QMTFwUW1lWmtodWFDQkJ6UWJPNmI3ekJEMklra1hVbEQzcjFhOUFpQjUzdlpNNDhtNlowMDZjWmJYRjJial9zRnJEWmlyekdoek5kVUdrYUhWN3lDSnQtOGNiSmttZUp6a0lRbzNnUmxYVTNaZDJUU05lR0xobm1OTWxVejZaMnphQQ?oc=5,0.0,neutral
2026-08-05,2026-08-19,PFE,Pfizer (PFE) Could Be 12% Undervalued Following Raised 2026 Revenue Guidance - Yahoo Finance,Yahoo Finance,https://news.google.com/rss/articles/CBMinAFBVV95cUxQam9Db19TdF9ySkFGdlZ1dDVTMkVHVmQ2MTVZUGd4ZzN0Z2xHdnQ3OFZjRUtJVUZRQVl5cEV2dW02b3VPYkRzdHJUcktKRjBxcVNGVFJKYkhramFtVXlObVU4YkJzLTZEVThJV2xia1cwTUtkSmh4OW5SYmNKOFV4ak51bG5BcWdmNjdPTFlFWllaM1RoM2lFYVlMNTQ?oc=5,0.0,neutral
2026-08-05,2026-08-24,PFE,Pfizer Stock Slips Despite Earnings Beat and $2.5 Billion Cuts - Yahoo Finance,Yahoo Finance,https://news.google.com/rss/articles/CBMinAFBVV95cUxQcmVsMGNNSFk4U3ZWNnlaU3ktMFlKSU9LSzBFN1dsSVpnNTI4Zm44QWtsS2dETGhacjhBQ2NmaktCSGtLcHliTy1GOU1RZWk4ZjlmRnhJSE5INGJwZTZkZEF5QnVqbjl2NVdJOUllNkdqX1NmTUlubGhiTFU3Zm40bnBZeElVUWlOUXQwS1UyXzZ4c0JxNUNTSUFjVWo?oc=5,-0.296,negative
2026-08-06,2026-08-06,PFE,Pfizer (PFE) Stock Trades At A Premium Despite Its 27% Five Year Fall - simplywall.st,simplywall.st,https://news.google.com/rss/articles/CBMi0wFBVV95cUxNZks4UHBfRGNXQV9zUE41MjVUek54TDNyekNCYmxhY2tHdmF0VFVId3ptLXk1WXNYM00wZC1FZmFzaXBycl9oYm4tdVlQVElCSFZ0TmI3ckVaYk1rZ3h6ZjNGOE5fTUFzenhjaXNFYUtDRnJjc0lGd3kyY2NnajlmRnpuZEtlMy1uTTRXZHZyREpTSEMyY0k1a19IMkFkTzhBdjlTMzRjRXNsNGdPMVBxX2hycl9PeW51SEFHYURRdGZxU0FsTEJud04tTDhEbmhzNy1R0gHYAUFVX3lxTE1JTmlsdXZILUp5UHlBb1JiQ19sLUhzbEtsRTIzc3B6eXdnWFo0VVdmUWRhaDU2VG9iSEFUYThfQjRIOU00NGV5UlRrSHU3RFliaURSamwyV3RaMXVFUjhPQ2JOOEg4WDRjYkdnLUtoMWhqcDUxYUx5TWFXREZfWFM4azJqVFZJTF95VmwyNnM0MDczWDc2YXhfa1BuTWJONmdZelhDYVZLZ1c3OXZpbl9ZMHM0OHphSmxBMzhseHdleTFUeGFOazFQc2NzTlI0QUFrcWtkSV9iOA?oc=5,0.0,neutral
2026-08-06,2026-08-07,PFE,"Pfizer, Inc. (PFE) Stock Forecasts - Yahoo! Finance Canada",Yahoo! Finance Canada,https://news.google.com/rss/articles/CBMijAFBVV95cUxNVFRVZEdJODZyYzc3MTh4Q2xteVRNaDM2MGsyMDhTbURWS1h6S1F5cE5acFhaVGpTd1NEdUdRY2x6V2N0QmsycEJxZGY0dUU0SWlwWEF5cGp5M3d6Q3pRdHVUZTlGTkpxSUxNbFBZZ0ZxM0ExZUpwWklQdEtkcVNTR1hxaFN4VmEyM0ptYQ?oc=5,0.0,neutral
2026-08-06,2026-08-07,PFE,Pfizer: Q2 Strength Overshadows Obesity Setbacks (NYSE:PFE) - Seeking Alpha,Seeking Alpha,https://news.google.com/rss/articles/CBMikgFBVV95cUxORnVnVmJrbndRM2JucWNGQkpfbXpXUEtOeld2WnBqTnBOem51M2pPeWdtMVBOUEJwWWtYN01RbC1MQ1NwTVM0eTRyQy1lZFZNcjN2aGQxZjNYcGNJczZWQmZXVjJ4YzF5aWJXeWpsSk84cHFMeGc0SFBjWS1ldmI0WTI0cC1EaERuMHpFRXdUb09hQQ?oc=5,0.4939,positive
2026-08-07,2026-08-07,PFE,PFE Stock Reacts To Mixed Topline Results For Seagen-Origin Cancer Drug - Stocktwits,Stocktwits,https://news.google.com/rss/articles/CBMi0AFBVV95cUxNVGdoYjBIYTBmSnhKN2NCY3lkMTc4QmhxUWp2Rk92djlIQW1pcVRiNlltcXRqTWUwajQ3amIydHZkam42MjhWYngzS3dmcmFZUjhLWDdxMXBsSmF0WG5oVXozekhZR3RZektaYkVWUHRwU0U3M0tvbm5MaVJ6Q09sa0hXMDFfSGlHSnlIVm1NUjh0XzBKVDduSFVXcmdsd05qODRzWkYxWVJMVUpvNnB0SFd1R1lPeGJZcGxMbFFRTHE4TExsUDItR1ZWenVRU3Ja?oc=5,-0.6597,negative
2026-08-07,2026-08-10,PFE,"Pfizer, Inc. (PFE) Stock forecasts - Yahoo Finance Singapore",Yahoo Finance Singapore,https://news.google.com/rss/articles/CBMikgFBVV95cUxONkhWaVB5OXZMSlVXOG5SWjhWeVBVTWFINmpqU2dFcHVxNVdWdGdWWWRZRXZyT1RtMmFfU3pHTU56c1JzOFpuU0pGOXZfNGcxc0JSM2s5UXFidGd1ZVRITVBDaGdxZDB2YUhuR19pV1RBUHQ0WDBSWEtZaHotdFY5UlJEbWM0OFlsTGF3WjFWcUVWUQ?oc=5,0.0,neutral
2026-08-08,2026-08-10,PFE,$PFE stock rose 6% this week. Here's what we see in our data. - Quiver Quantitative,Quiver Quantitative,https://news.google.com/rss/articles/CBMioAFBVV95cUxNYTBENERWai1nUllNMndtYTRyWXllaFpuY25seFhmNV9fSmVJOW1ncWs4WmtvYWVhSThBbGdiUlZldkVfNTE5UFZFT2dBUWo3N1MtcktvdGxLZ2lVa3djOU5NWXdGQThQbURFaDJ5eXRDUVczeHVsaW1XN0FFN0dBa1dXMlplR0Jxa2VGMV9ZT2V6LU9GU0hNR1Q0WERPZDZm?oc=5,0.0,neutral
2026-08-08,2026-08-10,PFE,"Insider trades: Microsoft, Meta, Pfizer among notable names (PFE:NYSE) - Seeking Alpha",Seeking Alpha,https://news.google.com/rss/articles/CBMimgFBVV95cUxNdXd3aVNma0pLRWFpeTV5OFREa282VmNtaThBaU82Z1VFYm5aTWFJQXhPSHJMajk0QTdveHF5WlJmUW1wUmh3bENpYndwSFh4U1NBS29uVlBOSDRoanBqclZOcjFEMXNoUUxIRURMN2w3UHJlMXRaeWVVNFliaXRmaGgzdWZtVENKLTV3ZGdyaG5FTXVfZEo4VVB3?oc=5,0.0,neutral
2026-08-09,2026-08-10,PFE,Pfizer Stock Leads 3 AI Healthcare Picks Built For Smarter Care - simplywall.st,simplywall.st,https://news.google.com/rss/articles/CBMi0wFBVV95cUxQRGo3LU5WczJBN1NaZ0tZNXRlWG5EV0xESFhvWHJNZTF2RHhjaVpqblg1TVFhSGpFUWxkRjdLdHhOWkpqdlFOMTVvZlllUFJKbWNsenJzNldvSzlNZ0hwYXJ5Y1h1S3NyTFBfd291bk1YVXUwS2g1Y01UMUdWLURCdldZZGs5WGU3V0pqdHlBbmVsMFJNYTFmVmdlTEhkdncyOU1YNEc1a2d2dDNaWndkM2ZlMlY5QTFtRkpEWlh5aXFRVmpwcTZuTTFQaXE5b0QyWlpR0gHYAUFVX3lxTE50ZWw1cVc5WV9NR01ZelBGZlBHckJTRC1ZSXZBcWF4RmxaeDNNaDk0SkJGMC15Zzl0ZFg0eEh6TmVVRW9vWGZTUlprUHhndjZtVTgwMlBuSTk4VDUwbkEtb1B4MVFrUjhPRjJqa2JnbmxGTGhzb2VBWlpIMk5wY0owVDNjMnlkQ0I5bHRJQTVqLWJuR1RBZExMbTNBTDVfbEI2emZGa1diWWlzeVkxNWktaUM0WU9iU3F2ZEFNU25JZ1lOcWlZX3p1Y09aaTZZM3JBU1BPVDByRg?oc=5,0.7351,positive
2026-08-09,2026-08-11,PFE,$PFE Stock Rose 6% This Week. Here's What We See in Our Data. - Moomoo,Moomoo,https://news.google.com/rss/articles/CBMiiwFBVV95cUxQOWlvSjRHNnhVNElTNGRVSHZKQ0lBMWdERl95Nkk5WHRwbF9QM05VUG1FZHd0YUFrVFNQcktJUG8wekgxMGsxRUs1T3V4WEtMNjVZN2lMU2hqVFN5RXpKc0o2elVrNWdXYUp6aWFpcmVhRGZPR01ZR09BV1JVTF8ydmEySVJXVDZJTVVr?oc=5,0.0,neutral
2026-08-10,2026-08-10,PFE,"Pfizer, Inc. (PFE) Stock Forecasts - Yahoo! Finance Canada",Yahoo! Finance Canada,https://news.google.com/rss/articles/CBMijAFBVV95cUxNVFRVZEdJODZyYzc3MTh4Q2xteVRNaDM2MGsyMDhTbURWS1h6S1F5cE5acFhaVGpTd1NEdUdRY2x6V2N0QmsycEJxZGY0dUU0SWlwWEF5cGp5M3d6Q3pRdHVUZTlGTkpxSUxNbFBZZ0ZxM0ExZUpwWklQdEtkcVNTR1hxaFN4VmEyM0ptYQ?oc=5,0.0,neutral
2026-08-10,2026-08-11,PFE,Pfizer extends rally to seventh straight session (PFE:NYSE) - Seeking Alpha,Seeking Alpha,https://news.google.com/rss/articles/CBMijwFBVV95cUxNVmtaaXo1SHhsdWQ0SVFWeTJDNjhFbjRhdE9USGNqWjRzRTgzTUN2Z0ZhOEp1LWFwOHRNUjl2eElpZ2pvMURMMHgyek1XcU5jd1pxMlJkRlc2VFJOVFI1VFNkcENKUkxYMi1Ea3NMTUZoMUhmUmJDTUxVMGNaZ2p6X2VpZzNOU2JHc3Awb0NuOA?oc=5,0.34,positive
2026-08-10,2026-08-11,PFE,Pfizer Rises Almost 7% Post Q2 Results: How to Play the Stock - The Globe and Mail,The Globe and Mail,https://news.google.com/rss/articles/CBMi2wFBVV95cUxOb1JMdVdqcVhxTjlqM0l0R3lfQ3VrX3ktVEQ4Q2lxa1hfSzNGa2FpTkxXMmZwbnFZVl9ZQzdOMC00WFMwVlo4Y1QtTGJSRWJIRFhIYzFja3ctb1dobHhrWWF4T0xjblZranZHb0RZaXYzdjNIZEhELThza1JlYXlrdzZNYXA2NWxyZGlLdFJYNFFxUmRNRmRGY1VqNTk1NjQ5UENaTG11bmtvT3pFR2VEWkxiNkg2OUFqU0JNclVHUTRGSTZXb0pORVpsNDhwa2NVRUVxM3NlZGVLQVk?oc=5,0.34,positive
2026-08-10,2026-08-11,PFE,"Pfizer, Inc. (PFE) Stock forecasts - Yahoo Finance UK",Yahoo Finance UK,https://news.google.com/rss/articles/CBMijAFBVV95cUxQbDZaWE1mUnRDS0tST0JoOC1la2xrU1BHOWNoYXdkb0ZnU2dILXl1V3lQS25IYm5DUEtZSTc2cWNtdE5KOXJ0cHo5dmMxdGgxbXB6ZTlSMVVWZnZDWGRpN05sQ1RxdlUxUmlJU29pekdBcHRRU1p1SWtwNDAyU1dCZGlCbDZUSmp3UWlQXw?oc=5,0.0,neutral
2026-08-10,2026-08-12,PFE,Pfizer's Earnings Have Declined 58% This Year. Is a Dividend Cut Around the Corner? - Yahoo Finance,Yahoo Finance,https://news.google.com/rss/articles/CBMinwFBVV95cUxOUlFFRHp1bHg4aGxBVG5SUjh3MmNldFZXVG1HSFBOdlFSczdoZm9zVldlUHpKaDdpWFJCbXEwdWpSVDdYVW5FVGhpOVpVVTRPb3FXM2xjQUI0QWp2ak9FY2RqU3owTkNadm9Rb1ZrTEkzSnJtN05GdWU2dEt3QU9PakdFWG9kTWZzLVBzRWJMSGZCdVNlQkxnRG5NMFBHODQ?oc=5,-0.2732,negative
2026-08-11,2026-08-11,PFE,"KMG Fiduciary Partners LLC Acquires 39,875 Shares of Pfizer Inc. $PFE - MarketBeat",MarketBeat,https://news.google.com/rss/articles/CBMixgFBVV95cUxQdjM3ZHM0azlrSjlxVV9jNVd1Qnk0NzNxaE1DQ3p6Sk51dUtTaXBKLWo5MjR3RGc2YzJ0ZENEUGd5NFhBbFlSeFZmaFlkVjktemZjbFhsOGNPZXJKRTQ2enljOHBmTTZ5LUNSWG8xN1ZOTnplZ2pQeDNIaXRnejNhc1dncXNRU1lQcG8wMzNwZ0t2TlhsRmxuX05zaUNTOEpKZWwxTTVBcHl5MlBPZ2hrREdxZGxheDI0ZmVQUmJOcWJ1bUJLSEE?oc=5,0.296,positive
2026-08-11,2026-08-11,PFE,ANIKA NILLES - ALTER EGO (REACTION) Pfe Stock (R1hvbaFRV3) - Mshale,Mshale,https://news.google.com/rss/articles/CBMiYEFVX3lxTE9QSVhKZGQycVdqQXhxTGFiZEd3UkgtNXNOZ3FCQlpuTTRqbnk1OUZTSTlJaC1Ca1Q2eW5IRGZ3cG9IcUZIcGZmTlRlZHlwNHhyT2NUZnlJYmhJUTU5cEZDOQ?oc=5,0.0,neutral
2026-08-11,2026-08-11,PFE,Pfizer Inc. $PFE Shares Bought by Handelsbanken Fonder AB - MarketBeat,MarketBeat,https://news.google.com/rss/articles/CBMitwFBVV95cUxQTFZ1aG95c09JR1lxOFRnbnR4QkNPSGdQaUhUZVJwVEdYSVRVNzhiY2NyNEZsVXE0NHltOG1nVkV6b1ljU0JUdzZtTnd2VHR0dHVGOHVkZGg3OGVmdFY3TEhuQ25US09NN2hfQXl2UmhMMk5NWVB0QW1icXVhM2RlOHNvVlEtajRwMHY2ZkNkU25zMWUyNnJpRi00YkxFSC1RZElZdzhDS1ozZmhlT091WW9kR1BpUFE?oc=5,0.296,positive
2026-08-11,2026-08-12,PFE,"$49 Billion In Payouts, A Lagging Stock: The PFE Trade-Off - Trefis",Trefis,https://news.google.com/rss/articles/CBMiqAFBVV95cUxPVEs0ekZGbmtHYTZBOGkwV1l6UWNJZGpJNXVtSUVySWI5TklsaVBXR2ZXczhaRmpwRDBVby01VXFWRDlMYndSM3VxcFVoUmlFR2hIYlI3U3VlWFFQUEc3ZF9rNmFyNi1NVFBnQ3VtQi1YWi1lUDhiTXdjdXBCRk1pVF93VllzbnRucFBDb180RTlIenpPQnlURVU2WTZCUWpMZm9DcWQxX0s?oc=5,-0.2732,negative
2026-08-11,2026-08-12,PFE,Pfizer's Pipeline Could Change Everything (NYSE:PFE) - Seeking Alpha,Seeking Alpha,https://news.google.com/rss/articles/CBMiiAFBVV95cUxNbWxhYWpLUjNjaWlZSFRqSzViXzlGRFlYakZySzZ1OWQtZmhCeWFsZW1DY283WFdCcVZKSTU2QXJSSWd6Z1M5UjRfOW1yRG9rN3laUnVVOURzLVg5V21DUWlYNFpnWXRHNEZycXNwVFpremxnT25tWFBCNExrZ0hOaER5UjFhcHJz?oc=5,0.0,neutral
2026-08-11,2026-08-12,PFE,Pfizer Inc. stock underperforms Tuesday when compared to competitors - MarketWatch,MarketWatch,https://news.google.com/rss/articles/CBMixgFBVV95cUxQdElnRTd2emFQY3VHb0dIRnU3ZVJOeGJKa3lQbGZaWkx1QndMRzAtRGZXYWJTWW80Q0ZkR3JWMzJRZ2x5Mjk3TlhKYUM5VzBVRWN4UmoySTAyM3FIWUFWSU5tLXI1UEhNZkZwWklIS21EOElkcUhuRnZSSWNVblQ2WXJJa0k3WEx5RFdtVU1oZGlTSEZURHV2dUl6UVY2Ukt3bjJUY0JORFczMDhqNXN5OHN2YzBuSXNmWVpYWjh0MElxc1VVU0E?oc=5,0.0,neutral
2026-08-11,2026-08-12,PFE,PFE Stock Continues To Drop As Lung Cancer Trial Disappointment Overshadows Ibrance Win - Stocktwits,Stocktwits,https://news.google.com/rss/articles/CBMi5gFBVV95cUxQdFhnbWwyTFZLSURtM2RDNVZxY3FxemQ1N1A4Ym5RSDlubW91YnBONHlxRjdqdjV2ZjNKaFYwakQ0VVRlXzhrUVlSYnIyZjdxZWY4VGtOdVRscDExT1IyLW1zSlhMOHZpNFl3b0N3YUxJTU9rbC1kV2FQV3hsYndwUlpRaGdEeHFSTWRuN2F3MjVvVnAySmNQTGQ5bV9rYnlJdkhjbjNGa05jVEhIQk04T2hzOUl3ZnpnWVo1ZkZNTnNYNUk0UWVsWXFSUnluNTlGRG9zcmt3WkJGa3NuZ0d3YmlRdlFxQQ?oc=5,-0.7184,negative
2026-08-11,2026-08-12,PFE,Pfizer vs AbbVie: What's the Better Dividend Stock for Investors in 2026? - The Motley Fool,The Motley Fool,https://news.google.com/rss/articles/CBMimAFBVV95cUxOTWw1NzZQbmYzQmRWcHlvQXhkNUVvMkNOck5Yal9BNVlZT2t6T1VVRFZjYmpPa3Vta1lrUmlkU1lQNHU0dXpsZVRJMmxyTHE5Rmx3UDhkRXRtd0dlbDJjOGdkajdJOFZxZnRXZG1qWUdPdmV1VmNHYzJBQVlNc3FRRTlXemJMZElaU00wZ19UM1Z5OF90THQ3WA?oc=5,0.0,neutral
2026-08-11,2026-08-12,PFE,Pfizer (NYSE:PFE) Shares Down 1.6% - Here's What Happened - MarketBeat,MarketBeat,https://news.google.com/rss/articles/CBMipgFBVV95cUxQQ3Z4a3JUQW9VZEtTMllPTkhGRWlRX29TenNOallqNHM1UUd4YjlKREtxeDZZNEZnR0oyZEhXVGFBc09YREhrOVNXRy1pd1YxSjVna2h3ZHJwQzJ6cjhuYnV3Q3BOcmlyS2wwckFEdW1NQ2JHSVRNamlnaVNMekhrd2MzMjhSWWxGZFhERE5lcFRXUFJlajR6RFNaRGVYZ0xCVjdsYXhn?oc=5,0.296,positive
2026-08-11,2026-08-12,PFE,Pfizer vs AbbVie: What's the Better Dividend Stock for Investors in 2026? - The Globe and Mail,The Globe and Mail,https://news.google.com/rss/articles/CBMi6gFBVV95cUxPSXNxYUE0VlBLS3dramFNYmM1QVBlNDNlRUhXMHJGODBXck5LYmpRUEthOUFRSGRNVFIzenJQbzhCQjQwV0F5cVVzQTBIbEpsSWlfNGZxZWNUam5uMG1xc25LS3lrVWl5M2hlSzVqZzktSi1DMlFicEIyUDUtMG1NbE13S1ROSFhlMVdiRk00SDctSVZzLU5oUXctdUNaai1lejRiaGNoRHpqamVMTmZKV01uemdvV1B5QXpJaXlzN0VReTFiU2RRcVBCV2VSU3NNdV9HUjVXMmNaLTBUdFE0aHVobkZwMEdJemc?oc=5,0.4404,positive
2026-08-11,2026-08-18,PFE,"$49 Billion In Payouts, A Lagging Stock: The PFE Trade-Off - trefis.com",trefis.com,https://news.google.com/rss/articles/CBMitgFBVV95cUxNZ0dXamNKdUtPRUlzcXhTVmFXTVllbjN3VUZXYkE5RWNPTWN6MnNuMllGeHFrMElaMGxHdlJ0cHN6VlhUdlRHQUplUXl4N2ZOem9wVFdtXzBJMnduU0FzbkNVQmoteHJwNjNseFRoNHZZYXRJczdNcERtRWlBUjJ2QnVRTDE4U2MzZzVFT3I1R1Z3MXZiQmdRWDYxdFZYS2plX0N0bG53bGZ6dVJyVWpLa2EwckVmZw?oc=5,-0.2732,negative
2026-08-12,2026-08-12,PFE,Pfizer (PFE) Agrees To $44 Million Class Action Settlement - simplywall.st,simplywall.st,https://news.google.com/rss/articles/CBMizAFBVV95cUxPSXliS1o0TmJCb1BGRE5KU2o4QUMwRzVWdE1WRXBkN3lBZnFiQWNlMHk0ekFIZlJ0TUJTVm1WdUlfbFBMRWhWcTREWWNqeFFPR1AtWkxQNU9tY2lTbWtJa2o1cWg1N21oZW5feXhOT2lmOW1BclczdFdTMmVVRnlYMEF1TS16ZjZFc3UyS3lZNXQ4Z2hVTmwwaFFPWUNXRkRkQ1Y4TExNbHktbXpNeVA2aklNc3JVMzNJWTNBOG53a0N2QkFZOVR0TXZPd1jSAdIBQVVfeXFMTTFQck1mV2I5UGNobFNfaXNGUWlfVy1DTF9HajJ5VThPblFvMEpRZmE2aThnQkxMRXlLR1lBaDFWQlZycmVJQjBhcmRQSjN4aEhheEFXc0xBLWx1aFpuOGVpdHRyVWpTSFFkejFkWjNfTW5VSHhESWl6Sm9LVWRWQXE4dzJqT2FXeGp3T05ZZWZ4Y2dsbUlZeHZBeHgyTUlzUUtzMUYzRVEtUS15MV9KRmc5NEJnWEdYZTFWTWdkRF9RWVdPVG9KeEl4dzBZTm81UUVn?oc=5,0.2023,positive
2026-08-12,2026-08-13,PFE,Pfizer (NYSE:PFE) Shares Down 1.2% - Time to Sell? - MarketBeat,MarketBeat,https://news.google.com/rss/articles/CBMinAFBVV95cUxNM0tudkI0aDNvRXhncDNlc2plcHRVdVV2VV85bV9CU2I0RWpQT1BPbW5DY3g4dTNwMEM1VUdYUFZaemtDUS00RS1CSHpNaXhQamNSQmQ5d1RReEJjTnJFM3VadmxETHM2OExiN2hvNWYtZW5vUmlOS3FYeUl5ZDdUTzhjM1RXUXNReTJtMWR3b2ZTNVZtRjJLMGlUZXM?oc=5,0.296,positive
2026-08-13,2026-08-13,PFE,Pfizer (PFE) Could Be 10% Undervalued Following Raised Revenue Guidance - simplywall.st,simplywall.st,https://news.google.com/rss/articles/CBMi0gFBVV95cUxNUHZHRWRWbU9xbl80TThtZlQ1d2h5QTFycS1CY3J6bUJCemNVZG9XdUVYcTdxX1VLMGtpaDc0aGdfdUk3dnVuLU5QSGFMSlo1NXhJOHA5Q2NLbHNWNlBDSm4zbnpLc3lnRFlyaWE5QUlzSWlBZDQtSXNudU1GYXozaVp6a2R2dWRkemFyakxjc1NEc1RXMHlqVmhJLW1NaV9rX21FbzNtbFVNdGFOS0hHeGdTNzgwQThjcWVCYklpTGJlS2ZDeVNuRVN4cGRFM21tSnfSAdcBQVVfeXFMTU9GeG5mSDF1T1hUYjM5dXEzYlI3c2dNMmppdkZUUTA1ZHdyT0FPQzMwa0hxbnhYaGkwWmpJTUl4aW9nc1pLNjh0Z0VNUm9fUk5rTm9nZWtFZ2pPSENsZjBXLVY4YnhCSFlxQjFyejV2RGI5NVNuMldGbTkxTk94NVNxT3JmQVlDLWdfblNYUVh6Rm1JY2hGQnUxcGZPcVpmOUtSSXFQb0FybWJxQ2E0UVNHcld5MERHWnE4Z2lvaUZteVBvcDFTTjUtUXFXWE05RGlxYl9kUjA?oc=5,0.0,neutral
2026-08-13,2026-08-13,PFE,"Pfizer, Inc. Stock 12‑Month Price Target Cut to $28.28, Implies 7% Upside - TradingView",TradingView,https://news.google.com/rss/articles/CBMiygFBVV95cUxNeTMyVldUZkFROUVvLWhIR3JnZ2ZkZTl1bG5Gb2dmQkp1VTV6aXRyX1J6YktDWjVCY3pxdE14ZURBX2dHS1NqU0JwTkhrNDBjZWJsdlNQb01fM0lDUHlXb1ZMTzZjcTFYajhqWXdsVGFNNVY4TVJpQ0xhc2JLbkVXWTRiTXJZQnNrdXhLWVo2ZHQtUnFRMTFieXFLZm4tVGs3RzZxeTItZFFjNW9vTWludl9UVFdoWGViTTNFRTdLM1dmQ2V2NU8xcVJR?oc=5,-0.2732,negative
2026-08-13,2026-08-14,PFE,How Pfizer’s Higher 2026 Guidance And LITFULO Trial Results At Pfizer (PFE) Have Changed Its Investment Story - Yahoo Finance,Yahoo Finance,https://news.google.com/rss/articles/CBMinAFBVV95cUxOcE1EdmZ1MjFWVEhhVHhkSE92ZUR1ZDg5bkMyclAzOUNwaHNqZnhyNGVpVzVBOWk3UkRwSkhvOWxCZVlxZHpEcHc0ckNJUmd3RHU3WTEyX3F4d3g0eHBjY2ZuRS1jQllDcnZNNHowS1ZfN1lMWUFZckJ5X1d2SVQ1YmtKYjluQjk3cFJkT1lwS0pqSTNOcTlNQ0pSSXk?oc=5,0.0,neutral
2026-08-13,2026-08-14,PFE,Pfizer Inc. stock outperforms competitors on strong trading day - MarketWatch,MarketWatch,https://news.google.com/rss/articles/CBMivwFBVV95cUxOcDFVSXZ1aE1DYUc1TWRCRXdFYU5fZ0ZUUGdDZFNfQ25jQWJMZ1k1cEdtekJFRm9IcXBnTkpQbzdRSFJmQ3dWSndpRmpibWw4UDJCR1Qyd2JyQUJ1dkdLaml3UFFpbjgwZG83UnhkeWtBanRSd0pLX1oyUi0xbDJwSC1xZGt4b204dm1KR29uQU8xdi1GVXh2aVFCbEd2X3U5UUVzTWZEOHJxNU9vX1ZPZnB5ekk4TlljazVYY09law?oc=5,0.5106,positive
2026-08-13,2026-08-14,PFE,Pfizer (NYSE:PFE) Trading 1.9% Higher - What's Next? - MarketBeat,MarketBeat,https://news.google.com/rss/articles/CBMingFBVV95cUxQX1FFQ285ZHlwSUkzUF9hVHEta09WQWZIcmpmQTZoNlhWR2djRExUS1F3UlZmT0xxQk1xdjdFZXVnaUlwMlE0VzdOc0paR19Jb1N1OEZiSGJmTVNSQ2M5dWp2cmNzeURmeTZiSXZ5STB6Vi00bWNnRnQzRndTSnE2cUFKR3BxbFE0VjdBZ2VxLWtEQVUwd0VINjNGSlV4UQ?oc=5,0.0,neutral
2026-08-13,2026-08-14,PFE,Pfizer CEO Buys $1 Million of Stock - TradingView,TradingView,https://news.google.com/rss/articles/CBMimgFBVV95cUxPaDd6bDNkbkZqbk1JcjV2eFV5NmlmOHRXU2hvTXZVNTZaS3IwdUkzMWFENUEzcWItTXotc05iSTlzZDRKNU9EaW8wZVdNaHVxbzhBdHVsVk4tTFROeFJxV3VGdTBtS3pmbUoyczBoaFVJQ0p3d1VHMURQYmFWaDI0clVfTVZ5UHktSURSakJMRnBsM0pBeWI1ZkRn?oc=5,0.0,neutral
2026-08-13,2026-08-14,PFE,Pfizer (PFE) reports $170.4M across 20 institutional holdings in 13F - Stock Titan,Stock Titan,https://news.google.com/rss/articles/CBMikwFBVV95cUxQSWx3Z1p3d2ZUbDZua2NnMWtDdDBER1U5dk1IaUh0eUxYSDRZTDFIbHM2b0tmU2kzYUswRXk0VExMVmR2M2xTbnlPejNFY3FMWFBlUERMQjFxTWIwZmFzY0dlZXJleFVwUzhDQzVObk1fM2hGUVlMUURIU2VuQi1RcllaZVJrb3N1aHJXVDZwY2dFR3c?oc=5,0.0,neutral
2026-08-13,2026-08-17,PFE,PFE Stock Reacts To Mixed Topline Results For Seagen-Origin Cancer Drug - Stocktwits,Stocktwits,https://news.google.com/rss/articles/CBMi0AFBVV95cUxNVGdoYjBIYTBmSnhKN2NCY3lkMTc4QmhxUWp2Rk92djlIQW1pcVRiNlltcXRqTWUwajQ3amIydHZkam42MjhWYngzS3dmcmFZUjhLWDdxMXBsSmF0WG5oVXozekhZR3RZektaYkVWUHRwU0U3M0tvbm5MaVJ6Q09sa0hXMDFfSGlHSnlIVm1NUjh0XzBKVDduSFVXcmdsd05qODRzWkYxWVJMVUpvNnB0SFd1R1lPeGJZcGxMbFFRTHE4TExsUDItR1ZWenVRU3Ja?oc=5,-0.6597,negative
2026-08-14,2026-08-14,PFE,European Medicines Agency Set to Review Pfizer-Valneva Lyme Candidate - Stock Titan,Stock Titan,https://news.google.com/rss/articles/CBMitgFBVV95cUxPU0t5VDBnVW1TQjY2Z3NwMl9kR18tblFpNHRzQXU4SjVNaFNpLWU4TnczQTRhbkdDeHRHeWctdjk5TzhyX292MkZCMmVCZlpheDFHd3loMUJ3VmpTQ0xwZ2VfZ2lzNDN5R3JsX0NBOFZRSkRxTEY1M2dpMVFZeHR5Q2dOUHR0dVN6dWVmXzMtcy1GQ1ZXTk5WMXkzODg5d0FtY1VDbnVqTFREQkMxRG1nbTF3QjZCQQ?oc=5,0.0,neutral
2026-08-14,2026-08-17,PFE,Pfizer CEO Caps Post-Earnings Insider Buying Spree With $1 Million Stock Purchase - Barron's,Barron's,https://news.google.com/rss/articles/CBMiigFBVV95cUxQT2JIeXpyWUxCNGpaSl9xVUZBemdmMjVseFVkYy1QcU5GbVlLU1hqeU5nZnVzRkxOQWJsRDJsVEtwejN3dmQtNGV3aVc2dHdmLVdDQ2ZhU1h3TnJFQkhQcHhna0Z1LWR4b2N4X3h2NV9TcGJfVmpCSE9IZGVIWmFhWUEyYnY5VHRGdXc?oc=5,0.0,neutral
2026-08-14,2026-08-25,PFE,Pfizer (PFE) Stock Looks Reasonable On Returns But Stretched On Earnings - Yahoo Finance,Yahoo Finance,https://news.google.com/rss/articles/CBMinwFBVV95cUxPb3BDOE9oNEZmeWwxQnpBV1gyVDJqVVJidTZBOEhOYmo4c3JTUDAxNXdxY1hCNUlYSVNCeHNlX2dsSXVMYUpZTWVfRWk1OC1QRkFhTU1NcmJ4R2p2TjZPU1hzUFdaN3lLX3VraU9pZ182R3dUMlpGMzJaM1JDTld6VVB2VFJyeHFaVWZFQVFObXFFQnhfRjRzVE9MX2lWZ2c?oc=5,0.0,neutral
2026-08-15,2026-08-17,PFE,Pfizer (PFE) Stock Looks Reasonable On Returns But Stretched On Earnings - Yahoo Finance,Yahoo Finance,https://news.google.com/rss/articles/CBMinwFBVV95cUxPb3BDOE9oNEZmeWwxQnpBV1gyVDJqVVJidTZBOEhOYmo4c3JTUDAxNXdxY1hCNUlYSVNCeHNlX2dsSXVMYUpZTWVfRWk1OC1QRkFhTU1NcmJ4R2p2TjZPU1hzUFdaN3lLX3VraU9pZ182R3dUMlpGMzJaM1JDTld6VVB2VFJyeHFaVWZFQVFObXFFQnhfRjRzVE9MX2lWZ2c?oc=5,0.0,neutral
2026-08-15,2026-08-17,PFE,PFE Stock Continues To Drop As Lung Cancer Trial Disappointment Overshadows Ibrance Win - Stocktwits,Stocktwits,https://news.google.com/rss/articles/CBMi5gFBVV95cUxQdFhnbWwyTFZLSURtM2RDNVZxY3FxemQ1N1A4Ym5RSDlubW91YnBONHlxRjdqdjV2ZjNKaFYwakQ0VVRlXzhrUVlSYnIyZjdxZWY4VGtOdVRscDExT1IyLW1zSlhMOHZpNFl3b0N3YUxJTU9rbC1kV2FQV3hsYndwUlpRaGdEeHFSTWRuN2F3MjVvVnAySmNQTGQ5bV9rYnlJdkhjbjNGa05jVEhIQk04T2hzOUl3ZnpnWVo1ZkZNTnNYNUk0UWVsWXFSUnluNTlGRG9zcmt3WkJGa3NuZ0d3YmlRdlFxQQ?oc=5,-0.7184,negative
2026-08-15,2026-08-17,PFE,Pfizer Inc. $PFE Stock Position Lifted by Park National Corp OH - MarketBeat,MarketBeat,https://news.google.com/rss/articles/CBMivwFBVV95cUxOby1VYUQ1cjhyR1lzZzk3TF96eDF0VGcwamZxU2NQZjRIYWFIcW5PUFBiUko4NUljZnI5THdVMVE4UWZWcTNMTWlETEI1aGdfdkJVYWN2eFBXRmFxNm93MEYwNkZOSDd6N2hLa3VyRWtwYVJxNUpnVUdhWTJLM2pJNjMxY29CblBsNjRNWk01Z0ZzYXFzZ3htbU1VaGpfUm84cVo5R1pIZmxHUGJzM1hUTzBLUEJSVm8zM3ZvU0hQYw?oc=5,0.0,neutral
2026-08-16,2026-08-17,PFE,Pfizer (PFE) Stock Looks Fully Valued At Today’s Price - simplywall.st,simplywall.st,https://news.google.com/rss/articles/CBMixwFBVV95cUxNbDltWFllSGUtQ25RZVNXNXZrUG12ZThyUFJkNnBlT3VaakRJeWgxbUZrMlMyUWhpdFZxMjN0M19uWnhXZE5CM3l2bnJtMHpJM09Qd29JTWpKUGk4Z1pWSUFSMFlnenE3MFFLOHczQkJHdUtrYzNLNy1BUTFIT1J3RF9YYkgyQkdMd3JMMl9hVHVWQmFnQTByRGR3Zkxndm96UlFudkxJZTFEdEZQYXdsQkcxbWdWOWg0OUZfT2Y2T2xHRWd4NzRv0gHMAUFVX3lxTE9YY2hzZjgzaEwtbUdtRlpocG1XXzZFODY0cnZGeDhiYklCbEE0blFta2hvaGc5RVFkMXZPWkp4cGFmRjNrcFhmVjRFaTBtdEVWZE1WSktrLW0tOFpKUWZkYzVCSXh5VXdJWlRTQ1lmMUhkaXZGX0hORW9HSXpJaXktTTRndW10TkhxTXplU0VJb1gwSWFhckJSMWNad3pidW4xNjBKQzJrQktaTHItWDRzMkdGc3UxXzNTckE3Y3ZlakhBUWJCU0dTY0s2OA?oc=5,0.4927,positive
2026-08-16,2026-08-17,PFE,Pfizer Stock And 2 AI Healthcare Picks Built Around Productivity Growth - simplywall.st,simplywall.st,https://news.google.com/rss/articles/CBMi0wFBVV95cUxNRVNUZGM2Z09qZDNxZ2RTb0FSUFotQVhlVWVpYWRLWTctVU5kaWY1RU9ibjR1bXZiOXc0NXJTWm1NRkVpZ2RrWl94LXduRVZYZnRUV3VIcXBoMjhoU3V1cWpVYTJxejZTbTR4eDE1S3pkcmNLZlZMQk41SU1UT1BKVTJ3dUNSQ0psUjFCLWlpXzNEVzJWMjFaM0o5elEzWV82UkdPdU9Ua1BaUGFmenlCckk5YXQwRFhaZFhEZ2NmM1JfX0dUUXhnMzdrREVpQl9vR05B0gHYAUFVX3lxTFBzN2dkOTNEdFRWMXJrdGFkU2hmQmNVQ0dONS1SdWJ1SkFGdm43RFFVcm9rSzFBZllmTmhLbFJWVUx5MDh4VHI3czBEQjJpcm5ITHZ0WFl3dkxZekRlQkNtbnlkeTI2aWxzdDVkQmZZT1hOS3NFUEZ1U0hWUkFraXc4dG5MQTMxclRFQ0JHV2FlVGowU1RQa2J4Yko0TnZteGR1eHE0T2tVWHFvMlF0b0NjS0JJMDVxME9fc3BxY0lYcXlzVFlHQ1pEZXA2S1RGVnJzelV4UWNPMQ?oc=5,0.3818,positive
2026-08-16,2026-08-18,PFE,Pfizer (PFE) Stock Looks Fully Valued At Today’s Price - webull.com,webull.com,https://news.google.com/rss/articles/CBMiWEFVX3lxTFBYUlFiT2lJRElFTkM4V3kxeF8wSDctdEt4QWhjcmplSWhlYy1tTlZtMEVCMHJPemhHTVNVSE84NjNVUm9jc2pBVmhEVFFZM0xjSTJYUl93UUc?oc=5,0.4927,positive
2026-08-17,2026-08-17,PFE,Vontobel Holding Ltd. Increases Stock Holdings in Pfizer Inc. $PFE - MarketBeat,MarketBeat,https://news.google.com/rss/articles/CBMiwgFBVV95cUxOOE53Z21fUmFvUy0taGtXMnVtV0tBelMtOFVlUnJEdjZJQXRjOXF6ODc5RmRzRTlibWdsbmhqc0hzOC1IRURmd09aaDBQck4xSzM5akw0d09xa2ZZbC1reHR2R0VsWG5icFl2TmE4ZWxuQ0d3TjJNZVdxTkJrYVRkM1FWMzhwaHZ2d3J5cGg0c3Z5M1JheGpLRGxOYTRKU0taeFotVlBOdkdBLS1NRU5GSG51VHZ4cXhzU0tBdDc3ck1rZw?oc=5,0.0,neutral
2026-08-17,2026-08-17,PFE,Diversified Trust Co. Has $3.64 Million Stock Holdings in Pfizer Inc. $PFE - MarketBeat,MarketBeat,https://news.google.com/rss/articles/CBMiygFBVV95cUxPV2YyMk9TakVMZmhMNzJiZEs1UHpkNlRMMk1KU0tDMlpMWVZhckdTdDVMcEFtUHo5cGV6VkhMckxHb0plMEVCcjZueXBsMm5RT1JNc2w5ZEdKbndVWEpsZGN2cDBGWnZXeU9qeGFFcUlOdmRIYWtsWlVSZThlejZUZm5vV3ozRGhFY0w2bWxRZ1d5aHA5ZmJvWXRTay10OHdQQ3NaY3VGaVdiYkFkLW0yd19TN05ReVhTcTBkUGpkQmtKR2RXcDFfUDFR?oc=5,0.5106,positive
2026-08-17,2026-08-17,PFE,Pfizer Inc. $PFE Shares Bought by Farther Finance Advisors LLC - MarketBeat,MarketBeat,https://news.google.com/rss/articles/CBMivgFBVV95cUxNTXJNMEpld2lmcFpra0thSWdscmxsZnhheGE3eFBlTE1kOXpLdjJ0dFplRkVTNEFEU2NzT3o5XzFzT2pxRllBNTRpNlQ2eUlHaXl1R0NoTWpxMnRsS0kxTUlEejlhLW9odFlZWUpCYlVpcEl4NUFhQmg5VC1BQ1RNRWs3cTZQeDV2UnQ2OHJGTXVQZ3FXbTI5cDFiZmtNRms4dE0tSTVxUHcwZnZoUmREWG9rTE9rUi1XdFJjQ3Nn?oc=5,0.296,positive
2026-08-17,2026-08-17,PFE,"Massachusetts Financial Services Co. MA Sells 360,819 Shares of Pfizer Inc. $PFE - MarketBeat",MarketBeat,https://news.google.com/rss/articles/CBMi0wFBVV95cUxNRFVwQVd5VVVRNFNhNjVOX21zZm1aZUFiUHNhaUNqX3NtNmVOT0NqM1RTRlpxeDNfT0JvMnliWjBPdVNqSGI5d0pMT3dQNzhkT080NkxLemthODBISkhHWTA0bkV3ZU9NY1FJUkFrMmVkZDlDamtLaUZfcjNOY3FnRm1jWWpwNFNud2JZRVBNb0VVNWczUW1XaC1mSFhORGR0TExCNWJETjVVX2dQOWhrTnI0bTJJWDZ1NDEyRUZOb3QtUXNBU2dqV0c5Wl9jY0xydVdv?oc=5,0.296,positive
2026-08-17,2026-08-17,PFE,"Advocate Group LLC Purchases 39,109 Shares of Pfizer Inc. $PFE - MarketBeat",MarketBeat,https://news.google.com/rss/articles/CBMivAFBVV95cUxNWmNwd2pwakZMME0ycDZjMlNPQ3F3TTZzSWV4eXczR0ZVcXc5ZGZkV3VWVV9YRmh3Z0RlandlcUhXdzhMRVpyei1CNjhza2ZSeHNlQnktZXZUTDNwc3pEaG1TTlFHV2YxTC1Bb0RyZFJKVGRUbjlwdTBVN1h0OXMyRGtjX3hPSkd5elR3aW15aUg4ak9nZTV0dHhXZFNyX0VWcmUtSmtCTGc1Vi1FNG9VcWpFemlQUGE1NzB1aw?oc=5,0.296,positive
2026-08-17,2026-08-18,PFE,Albert Bourla Bought 9.6% More Shares In Pfizer - simplywall.st,simplywall.st,https://news.google.com/rss/articles/CBMivwFBVV95cUxPWTFieHc5OGEwVzJwWmZyYmZ5S0RNVlRPQjVnRkt4WlpJMUFyeVlIM3VHWXNqYlFZX2JVUjdWUjc4YXRyYzJOM2ZRV0Y1SjFXSGcySDlLdmJFTktMMXZjaEl3WGJTWmx4bExkZ19KbEo0TnZSdm5OQURYQzhheTVvS2J6dEh4Q01qQnpmMXhuWnJEQmgtdG5UZmRGcmdYZnh0STA4ckV2ZmxRbDdMT1gzbjdzOU1ITk83el9sOV9aONIBxAFBVV95cUxQOTl3bUFJWHpoV0djaGRKREk4eTlMcEJsdUVKUl9mWGJ3WEUzMGZYdlFIeFY4ZExOMUo4d003dUxBUGFIYkZSYVRZXzcyNFhnWk1icTlyNktISUY0WVVaNGlZcUNKa2ZTRFNnWHo2NG5GVExfdldrUVFRX1lDaWNIdHZEQldrZ0drNkF6MHVoYjMyOXpBSHJuU2xkT1lOZEY1UVhNLU5UY3g4YkNEZ3ZxZVJNTEVwWlN0dUhpcW1FeUFLZXFZ?oc=5,0.3597,positive
2026-08-18,2026-08-18,PFE,Pfizer Stock: Still Cheap Valuation Meets A Looming Patent Cliff (NYSE:PFE) - Seeking Alpha,Seeking Alpha,https://news.google.com/rss/articles/CBMipwFBVV95cUxONS1jQlZvWnhCUk5JcmFlSjh3dUo2bW44bFI5cC1zb0drSXlTd2R4V0xGYlladlAtel9NalN3T1pYZlVGblBYZTNlWmFwZGpNa0lGYU45RmFvdDFGZ1NBeUwwU2RDWGsxS3VNQm5YNzRMUHpCb05xd2p6SXBNZ25MZG1rZjMtTFliSjByMkN0TlRjWWVLdjlqLVFvZ1FmZ2VRV3Z0N2xEOA?oc=5,-0.128,negative
2026-08-18,2026-08-18,PFE,University of Texas Texas AM Investment Management Co. Invests $3.97 Million in Pfizer Inc. $PFE - MarketBeat,MarketBeat,https://news.google.com/rss/articles/CBMi5wFBVV95cUxQR0NaaFZYSmFjT0xMaU5Yb0otVEpYWGRSVXFYOGwxNVZXUC1RUEZ5OEs3SVlQS211b1ZXOUIwY0RYMHFVR0daXzZfdmdHUTFTTy1CSXNkZU9KS2E1SDlGTDY5QXV5MFJLdEhSVnQ3UUFrcFRhbEpRVlpzcDBrMTg5MDlPai1CTTlHQ2FZZ0ZCZ1NSemRqSzIxdmh1UVN4TWxBZFlmZl82dVk3V2hSRlJVYXR6dVpXNzFSOU8wNXU5RUxQN3NldlM4N2tHWUkxYjlBd1BSZlVMNTNqWDRjcnFpYVJmdW5wVGc?oc=5,0.0,neutral
2026-08-18,2026-08-18,PFE,Pfizer Inc. $PFE Shares Sold by Qsemble Capital Management LP - MarketBeat,MarketBeat,https://news.google.com/rss/articles/CBMivAFBVV95cUxNdUVURktwdDZpZ2s5dkJNTVVpbUJDVmhZdVJ4VVNfQl9JWEFxZ2taN0hla2hNb01zM2g0amtkNkFMNDdJYnF6TnNkVmhvS3UybVIteG5wWGhKUEMtYmFRNkJWdDkzTkRoeFp3UC1WcFg4QjY5TjVHX1pFbnJoa0Z5d3VJbDV5aF80M3VJeGlHUDZZRFFUOHd6S3BURG56OUhOaGZwZ3JmQWVmM2RZYmNvZ0Y4UkI4alZMTjhraw?oc=5,0.296,positive
2026-08-18,2026-08-18,PFE,Cornerstone Capital Inc. Grows Position in Pfizer Inc. $PFE - MarketBeat,MarketBeat,https://news.google.com/rss/articles/CBMiuAFBVV95cUxOTG81alg4Yk1iWDhSMV9mT2NGYWVNM1F4Vm1qZzBqUmxrVklJWVlHV3B3NGZPN2JvMzNFaFREY0Njc0FWRjROS2FKMVZDZVI2RnhyOWdhNm1uSDV5U0FMYUhFaFQxNGVONldLUXlfeGlMaFQyNjF5RjRMSmRLY2QzRXZ5QUozRE00NERVRGpST3BCTkJ4UEhua1Rrd09kRjlkMHYtTlA0cmZYTTZ3c2ZfMjNtcWxpSktI?oc=5,0.0,neutral
2026-08-18,2026-08-18,PFE,TCW Group Inc. Trims Stake in Pfizer Inc. $PFE - MarketBeat,MarketBeat,https://news.google.com/rss/articles/CBMipwFBVV95cUxQQmk0dzZFamM3clFqMlg3NXlhV1YzOEhxS0pBcmZ6WnppNjBmaTJsbGlBWWl5WlRKelE5X2xoRzNvekcxTThSZ0Fld2xkb2NvcVBTTVJGcmtDTDFzbTBEUHNZSXdHMllEVjNENXFIdHRzUmpsUjAyZ3U3b1k0YVhKSmY3VnZUSGFzNnNGT0ZSZ3FWTmpfa2RXV3lkTndjbElJZGhYWnpBSQ?oc=5,0.0,neutral
2026-08-18,2026-08-18,PFE,Pfizer Inc. $PFE Holdings Increased by Willis Investment Counsel - MarketBeat,MarketBeat,https://news.google.com/rss/articles/CBMiwAFBVV95cUxNMXN0STBmX1JEbGxVQ25rU2MzX3hYR1ZJS1FLV2RSVkJlNmtaemhrRy1qT0xuM09HWFdnaGRXSGVDQ2xzTEE0b3ZicmxlRU5lX2JXS3dtMjlJMFhKV2IwM1VTOU9xTVlKTXhDZnNzR2tVRVZUdURrN2RyU1I1amZhLTJ5X18xQl8tMllZandLYlVPTHYzMVRZaGlwaFJha0xYUEhUUTZEazluUVlsRFdsOTk3SWdhMUpBeVdHel84bmQ?oc=5,0.2732,positive
2026-08-18,2026-08-19,PFE,PFE Stock Reacts To Mixed Topline Results For Seagen-Origin Cancer Drug - Stocktwits,Stocktwits,https://news.google.com/rss/articles/CBMi0AFBVV95cUxNVGdoYjBIYTBmSnhKN2NCY3lkMTc4QmhxUWp2Rk92djlIQW1pcVRiNlltcXRqTWUwajQ3amIydHZkam42MjhWYngzS3dmcmFZUjhLWDdxMXBsSmF0WG5oVXozekhZR3RZektaYkVWUHRwU0U3M0tvbm5MaVJ6Q09sa0hXMDFfSGlHSnlIVm1NUjh0XzBKVDduSFVXcmdsd05qODRzWkYxWVJMVUpvNnB0SFd1R1lPeGJZcGxMbFFRTHE4TExsUDItR1ZWenVRU3Ja?oc=5,-0.6597,negative
2026-08-18,2026-08-19,PFE,Pfizer: Still Cheap Valuation Meets A Looming Patent Cliff - Seeking Alpha,Seeking Alpha,https://news.google.com/rss/articles/CBMipwFBVV95cUxONS1jQlZvWnhCUk5JcmFlSjh3dUo2bW44bFI5cC1zb0drSXlTd2R4V0xGYlladlAtel9NalN3T1pYZlVGblBYZTNlWmFwZGpNa0lGYU45RmFvdDFGZ1NBeUwwU2RDWGsxS3VNQm5YNzRMUHpCb05xd2p6SXBNZ25MZG1rZjMtTFliSjByMkN0TlRjWWVLdjlqLVFvZ1FmZ2VRV3Z0N2xEOA?oc=5,-0.128,negative
2026-08-18,2026-08-19,PFE,PFE Stock Continues To Drop As Lung Cancer Trial Disappointment Overshadows Ibrance Win - Stocktwits,Stocktwits,https://news.google.com/rss/articles/CBMi5gFBVV95cUxQdFhnbWwyTFZLSURtM2RDNVZxY3FxemQ1N1A4Ym5RSDlubW91YnBONHlxRjdqdjV2ZjNKaFYwakQ0VVRlXzhrUVlSYnIyZjdxZWY4VGtOdVRscDExT1IyLW1zSlhMOHZpNFl3b0N3YUxJTU9rbC1kV2FQV3hsYndwUlpRaGdEeHFSTWRuN2F3MjVvVnAySmNQTGQ5bV9rYnlJdkhjbjNGa05jVEhIQk04T2hzOUl3ZnpnWVo1ZkZNTnNYNUk0UWVsWXFSUnluNTlGRG9zcmt3WkJGa3NuZ0d3YmlRdlFxQQ?oc=5,-0.7184,negative
2026-08-19,2026-08-19,PFE,111 Capital Takes $3.71 Million Position in Pfizer Inc. $PFE - MarketBeat,MarketBeat,https://news.google.com/rss/articles/CBMiuAFBVV95cUxNS1VDT2hvS3ZWc1ZpVzNReHJzVUp1ai1xZHhOeGxhcmtSYm80S3QxMUlNaThQMFVpSHJJd3ZFQmM5RHloQmkxb1dnZ3U1N0E5RUYxUFpwUm1BRzQ3QU4yLWxPTnRjUnlTY3NjVXV3SWg4Y1lsUFU5UDdZbzhiaHBrNHJMbXhhdkh1dDMyQ1gtVmxXSERyS0RsVTJsX3NYTzNwT2ljZGprY0QweHpKZVNXZmFsM0pNcVFj?oc=5,0.0,neutral
2026-08-19,2026-08-19,PFE,Leuthold Group LLC Makes New Investment in Pfizer Inc. $PFE - MarketBeat,MarketBeat,https://news.google.com/rss/articles/CBMiugFBVV95cUxNSzNSbko1UWhqWGJXdUV4WlZvd0hpa0lkd3k2TEtqYy14N2N4NnE5SDlJdUZaZlFTd1RIT25SZFo4N1dvQ25VVWk4QkhwQWhoNUZrWnhCV2R3eFBuMnpBdVhvYkdkeFhXaDNhNVlhQXJFWEI1eXhlLUtaN0NLenh5eWhqa252OGZ5NTY5NFBET1h4dU8tcF9EdkJQU2pFWGlNTVZmcEJzYUNNNzVjOFRNVlBCT2duMUNmV3c?oc=5,0.0,neutral
2026-08-19,2026-08-19,PFE,Pfizer Inc. $PFE Shares Sold by Heritage Investors Management Corp - MarketBeat,MarketBeat,https://news.google.com/rss/articles/CBMiwwFBVV95cUxOa3piRTZjdmxxU3ZQLW1HNVR3bG5YMUpGNW9UNVppQ1ZaeVBORnI1Um9BN1doRHlvMl95QVZUOTVqeDZQTlFGTXJzbzFIZ0V6SXhTQUpZTEx0dnpZaW5wMk5UcnhNR28zdXZFeHQ0SG9YLWxGZGRhd2dycHc2ZldraTFod3I5VGdTTlpjdHZTc3E0TEZBVDZkMzhRcjJWcmxudDdiSnc2cVA0N0pSSU5iUGMxUnJoS3NEMGNkZTRDbWppekE?oc=5,0.296,positive
2026-08-19,2026-08-19,PFE,TD Asset Management Inc Has $94.56 Million Stake in Pfizer Inc. $PFE - MarketBeat,MarketBeat,https://news.google.com/rss/articles/CBMiwwFBVV95cUxPbmxqN011TkYtaEpMWW9tLV9wUzFFR3dqaU1GN1FucUkzOHJzTGZtVkJXT0c3UWV2UnpJYTBGdlZXNWlfekFTc2hPRURodkJQX2d6d0FyQm80R3RhN0VsbG45djBuUy16NE9oOVhtMldkOUVodXVBOGlldURXb3pnOGttN1pudndRQU9iTDBhVTlsUG1YVTdiLTh2NkNnUVAyZFpSbnRwR1hDTlhWYnFweGU1WTFzTGtkT2lpTUNYV1IwYVE?oc=5,0.3612,positive
2026-08-19,2026-08-20,PFE,Why Pfizer (PFE) Stock Is Trading Up Today - Yahoo Finance,Yahoo Finance,https://news.google.com/rss/articles/CBMikwFBVV95cUxPWkpvYTBGdzNJQl9TUVJrTXJUbVFqWTBwcFEwOXlSeDBacHhJazhrWjF2dldkTkZxTkk2V29NQ0tRam5FclRQNkpKYlpIVFhiaDJYN3M3UDZlTlFsZW1tNktUUGRxWkhrbDlmZ0tGX2dQODdWbkNublRDRnhuZFZBaEdacWRTX2sxOHA4VzBaOFRjSmc?oc=5,0.0,neutral
2026-08-19,2026-08-20,PFE,"Moderna Rockets 93%, Merck Jumps 7% as Melanoma Therapy Meets Primary Goal in Phase 3 Trial - 24/7 Wall St.",24/7 Wall St.,https://news.google.com/rss/articles/CBMizAFBVV95cUxObFRreGlCVlA4Wm1rYlNmYXBpc21heWJSNjh6eTJQaGR0WTAxNVJPZ0ZHalFVMUUtVHpZUkNPc1hRRU5jU2YzdWM1MEQ1bDV5RWJ0dTVscGYxaWR2LTVZMlhkeDVFd2pVVDI0SzZ6d3FRazVwN3lZMnJXbFdfbEk2V3RGSmRhWU1uQzhHWHB0YXlhOXUxdFJ1TmR4WlhITm4wSUFvYjZkUjNCQW5INnZWT1RXMXd6aE5nZ080ZFVzWVFRZVk3bGxNOWhCcUU?oc=5,0.0,neutral
2026-08-19,2026-08-20,PFE,Pfizer Stock Rises Wednesday: What's Going On? - Benzinga,Benzinga,https://news.google.com/rss/articles/CBMipwFBVV95cUxQWnNrZVNTeGhydC0wYTJiRlNjRG5DdUoxaXR2eWlYQThkc1UwdzF2SERReENaTDZRdnV2QWItX01lU0huMjVlUGtuVEhIa2RaanVDUGE5bU8ydjF6UjktcF96SnVEYzhzWlM5YkFoQi1fbE5RWV9zMEtXS0dGVVRKY2ZnVFZtWTZ0WjZuQlh6UlNTM2F2Z0tUT0JseGwyMmU2YUhjRFJ6QQ?oc=5,0.0,neutral
2026-08-19,2026-08-20,PFE,Pfizer (PFE) Stock Rallies 4% Thanks to Merck (MRK) and Moderna (MRNA)’s Cancer Trial Update - TipRanks,TipRanks,https://news.google.com/rss/articles/CBMitAFBVV95cUxOS2oxUUQtTm1FMFRIa0I0S2lFYU0yQ0JDdXdvdUozTnpfclNrem42Wi1FSDZ5SHRiRzcwbmFLTVhBZ1BXSF9qcTdKSGcyUWxXeG5sYkR0ajFwblR0OXNvT3BMemNUd2pZUFFnSUZTOEhySXlHUzE3MmRNMlBLVkNaN1pobUhvU3hlbEx2U2NqWGYzaExvRW1BMHp1OS1RcmpiQkt6b2xaQ3JaNWY1RTY4Q3pDSUg?oc=5,-0.3612,negative
2026-08-19,2026-08-20,PFE,Pfizer (NYSE:PFE) Shares Up 3.7% - Still a Buy? - MarketBeat,MarketBeat,https://news.google.com/rss/articles/CBMimAFBVV95cUxQaGJxbmR3N1NZT2ZRb0I0elIyd1BwSmNCZUxxdFAwVnU0a0IxTkZfb3BfYnhaSUI4S3p3TjlqV1dJX1NsUUE5UW41dnVONGVaRXNKODQ2bVMzMlhadVVVMUszS2xlWDVVTUlfdlFTdVdzRk1xdjF1T1ZXY05DUWJISjVfbEV5VFM1dFZHd0x0ZVhHYlpONWZmRw?oc=5,0.296,positive
2026-08-19,2026-08-20,PFE,"Which Drugmaker Stock Has Dominated in 2026: Merck, Pfizer, or Amgen? - 24/7 Wall St.",24/7 Wall St.,https://news.google.com/rss/articles/CBMirgFBVV95cUxOdW1aampPeVhCN0FiaWhkallXQXdVemhNMDhFYUZaeE5LS0I5a0xTX2pQOEVsYnR6UTRtM3Z3cjdFd01JYXZ4aGJ6a3hQQkpac3RDU211N1QySWkybXRUd3JQQUhVNTk1NndEbnRzRVNRd0hhUVVaVTdfMDB5c2thM1lLd2U2TDZNUDlDbEJTSGRNWWFLS0VrcFNlbTF6MUVzODdKbzB4eXBjYjctcFE?oc=5,0.0,neutral
2026-08-19,2026-08-20,PFE,Pfizer Shares Gain 1.4% as Insider Acquisition Worth $3 Million Counters Reports of Fund Sales - TechStock²,TechStock²,https://news.google.com/rss/articles/CBMipAFBVV95cUxPSEZTMEFPRXlzR1lyMmJ1OGZTOGw0TFhJN0VjVGV2VFYtVEw3WVJET2tCNEdScURJVEQ0a3pxcmpLN1h5RE55LWtibDVhUUhwSlMzaVNZb2RCUmJSdk1Cc0M2SnN5ekMtVl92dnR5U2JfZE5NbDRvWjRFblFoMDlOZmx5TWZpU2JFYTBEazdBMGV3Q1YzWjFPN3F4WlcwdVRNeVN3Mw?oc=5,0.7579,positive
2026-08-19,2026-08-20,PFE,Pfizer Inc Stock (PFE) Moved Up by 3.96% on Aug 19: What Signal Does It Send? - TradingKey,TradingKey,https://news.google.com/rss/articles/CBMiigFBVV95cUxNQWJKakZhNHJnYTBtTGVKbHdKZHYyVlpYUHZaSkY5UzNTSFJlLW56WXlLOHRrUUdfRzVYSXdOSGxnZEltcXVLdVZEVi0xUHFWaGtRUE5VVGVWQXpxTjFkcjRHQTYweUxHMFRhcl9TUEtUQ2VwSlc2OEQyQzdLYWtPanU5ZDhLUDdscUE?oc=5,0.0,neutral
2026-08-19,2026-08-20,PFE,A Look at Pfizer Inc (PFE) After 3.6% Gain -- GF Value $26.53 vs Price $28.24 - GuruFocus,GuruFocus,https://news.google.com/rss/articles/CBMiqAFBVV95cUxNLXdPTDdjZkg3a0N2VnNSeGFLcWdJdEZ2b0xmQ1pRazJsa09UTTJzT093b0VCNklmc3REVWprOVR4M3RFSVc0MmRxYnFVd21zXzJFSnZUYm5Kcy1mSXVpal82eFltTVlxaF9rUzhRNE8xSXdIZ3JmWlRBT0hJUmVFVWVVOUl3VElLTkZ2ZnZpSl9rV25sYlJaVTRTRUJiLVUwenRBTElYZ3c?oc=5,0.7003,positive
2026-08-19,2026-08-24,PFE,Why Pfizer (PFE) Stock Is Trading Up Today - Barchart.com,Barchart.com,https://news.google.com/rss/articles/CBMijAFBVV95cUxOa3Z2N3VScmhPYTRpZGxKbVE0ZzVwcmFSb3ZEX1c1MWlGR0F2STBTQm5JVFF6QWoyOGR6NzFzejN3VzkwR0FKNjNSMlN6djEzbHFPSDBKcW9zZnRsV0xKVHd1cy1yZmZfVEp3dUJQUFlNRF9sSVpvSHZhMFNjRm1DMDZaTWE1bENQSW1fYg?oc=5,0.0,neutral
2026-08-20,2026-08-20,PFE,Janney Montgomery Scott LLC Has $58.14 Million Stock Position in Pfizer Inc. $PFE - MarketBeat,MarketBeat,https://news.google.com/rss/articles/CBMi1AFBVV95cUxQeUQ5S2x3eTVDQW9xaS1qOHZjbWpiT2VwUWkwWmxCTW84NzBFb0hObUNzcXJrX29hYWl3Y1l4ZlNvSmlEdElMSmNDZFp0MGIzekVDYlpsUWxNdW91TWZCYVMtbm5ia0t5cXkycUlhQXZGUWRNSW5HcG40eDNHVUpELXFDUVJGbHV0RC1jUm9PU19JaHJia0NUVU9rSU5uWldmdUZ4bEFUSlJWdkhxNGxWUmpBN2JPcnVxRGd3VGdBWEt2VGFQT01WUVJWNjZwckc2THpXMQ?oc=5,0.0,neutral
2026-08-20,2026-08-20,PFE,"Pfizer (PFE) Reaches Deal Covering About 5,000 Federal Lawsuit Claims - simplywall.st",simplywall.st,https://news.google.com/rss/articles/CBMi0gFBVV95cUxQbEljU19CXzBBODR0djFxdHpJcy0wU3RLYUJnLUwzQmF3d0pBUzROWExNZzl3NEtXUnMxV3EzVzNUdVpHb2V5S2hNekJxeGRKYVBSenZEWGpXUnhqVnRMdzJ1bVpaQWROWG5Qa0Zmd196TVBRcjVlbVl0WHNRTkZha3ZBMDdVWjU5MWhlOUgtT0oyS3kzUkdPM0o1MzBiVVhBeHl4UlpsTERhMTVfeGpNT3UyNW9xMXh4eko2SWdoWVlsMi0yR0l0eEZZa0MzUHZpTGfSAdcBQVVfeXFMUERWRXJRZGxDVkd5NnIxVGpKOF82Um1JeG02OFQxM3JXRUdjZVFXQXh4d3BWZEtzZ1FwdXdkaWtIYkwxaUx1bm5YcTBJZjNkMDNmaEF2RVNIQVR0U0dfRFRzSVVHbVlvTjVQY2V4c3Qtb2p1YXFVbnhsQXJxNW43RlUtLW96Sm1ScnNYeEtPTDk5bTFCSjBLQ0lLZTQ5U3ZUeXp2QU1UOUZsSDYweFNMWmFFM3hCTHdVUE1qa1g1Vkhfb2d1NVYtQW0ydHgtbEdTSGItdUNLUEU?oc=5,-0.1779,negative
2026-08-20,2026-08-20,PFE,"KBC Group NV Sells 144,649 Shares of Pfizer Inc. $PFE - MarketBeat",MarketBeat,https://news.google.com/rss/articles/CBMisAFBVV95cUxQVm5UTFlZejBjRHRsY0tnSnNveFVEcVc4MklkX2lRbGZTdTVXQzltV2k2LTFJMG41U19HbW1CWE1RVHhrdXpRWUVRbUx5MnZ1R0hkb0RiVVlQbjRtY2xZTlNpNHdfMGtwOE1tbkY0U1lwMkU0VzVEOEdkbmsxalJ6T2VKU2RTTEtDVGZVTXlVMDFZZ0ZLU1NGRVFCR3FsRVlxMklDcFUwdkRkQy1TR0lDXw?oc=5,0.296,positive
2026-08-20,2026-08-21,PFE,PFE Stock Reacts To Mixed Topline Results For Seagen-Origin Cancer Drug - Stocktwits,Stocktwits,https://news.google.com/rss/articles/CBMi0AFBVV95cUxNVGdoYjBIYTBmSnhKN2NCY3lkMTc4QmhxUWp2Rk92djlIQW1pcVRiNlltcXRqTWUwajQ3amIydHZkam42MjhWYngzS3dmcmFZUjhLWDdxMXBsSmF0WG5oVXozekhZR3RZektaYkVWUHRwU0U3M0tvbm5MaVJ6Q09sa0hXMDFfSGlHSnlIVm1NUjh0XzBKVDduSFVXcmdsd05qODRzWkYxWVJMVUpvNnB0SFd1R1lPeGJZcGxMbFFRTHE4TExsUDItR1ZWenVRU3Ja?oc=5,-0.6597,negative
2026-08-20,2026-08-21,PFE,Pfizer Stock Is A Race Between New Drugs And Old Patents - Trefis,Trefis,https://news.google.com/rss/articles/CBMitwFBVV95cUxPZ2FpMV8wZkpkUFNDb1JWbXhINTByUHdoLXQwR0hBSmphMzZrX29xb1BMeGttczdzSXhEaHFNUTZHNHBxbzFNMVpocFlSU19qSlBQcjA3bGdDMy1neVBMWUx1XzlxOW5FdHNvRFVSUU9Gd0s4RGFRMkNuenpGN2xTNEQwVW85bU0xd2JaaFhnb3NpTDkxdnBJcWtDOUdadngxaUk2T2VaeVZQNmp5WDR3ZDkwVng3dHc?oc=5,0.0,neutral
2026-08-20,2026-08-21,PFE,Yield Hunters Are Swarming This 6.3%-Dividend Stock—And Big-League Hedge Funds are Quietly Buying the Dip - 24/7 Wall St.,24/7 Wall St.,https://news.google.com/rss/articles/CBMi4gFBVV95cUxOYV9hY2NNOEpIOVFFekdpQ1hLT2dyNVRJOEhkNjI3M2o2QXZLSEY1MEdwZWdIbFhlQ3FlQkVZQll3UkFqUUUzTVU1SVRoMVJlVlhxaGNOT2NGLWUyWWRwams5SzRlRXBZeEdUYXlldEpYVVU5OU5jeXYzVWZzUDdudnJielNuOEFsNnBaNS0yTksyZ2xta0FhX0pyRlhtdDVJbkN0UmNlVlE3M2lQUVBLaTNQUzIxSUx1bEJGTnRIaHpBZ1F3QURheHlSOGR1dzgxNWJ0VkMtalh4alROZURHS2pB?oc=5,0.0,neutral
2026-08-20,2026-08-21,PFE,Pfizer Stock's Next Chapter Might Be Hiding in Plain Sight - Trefis,Trefis,https://news.google.com/rss/articles/CBMixgFBVV95cUxNOWVpRzF0anM4al9XMEh5UGdzellxYThScXA0YUNkZUd0anBNSWZUUEV1aHgyZTVMYWdlLURjUHhkaHZYbVRWN0RGdms2Vkdjd0FyOGRUY1lPS1ItSUlDSWhQY2dwNkF1S2ZtOUdaR2xrZ3phU3NzVm1HUDNLUW8zWlJYWkFYRFRIdTJscllTVmREWUt5blBHZXRFUW9xWkszelVWU2hxV2FmdHpuRDJQVVVybWFONkEyZWFjeTZDZ1dXU0lldHc?oc=5,-0.296,negative
2026-08-20,2026-08-21,PFE,Pfizer (NYSE:PFE) Shares Down 1.5% - Should You Sell? - MarketBeat,MarketBeat,https://news.google.com/rss/articles/CBMioAFBVV95cUxONjNZdEtkc1FnME9qV05obVBXLWpWTWFVbnkwTkJMQWJpejhzcU9tVlJ4dVo4ZzVDSVZYNkxES0VaR1dFMmw2RzRCell1d195RUdZbXFGRkZFaUhFQzM1TFdjV01ndGZ4TGJzMG5WWVN0Q3ZsaTlra2swSkZ3LUZVX3JDV2tRSTBqRGtyN1VKdTk4TmtTdWRlTVpBZmU0S2VL?oc=5,0.296,positive
2026-08-21,2026-08-21,PFE,Mitsubishi UFJ Trust & Banking Corp Grows Position in Pfizer Inc. $PFE - MarketBeat,MarketBeat,https://news.google.com/rss/articles/CBMixgFBVV95cUxQcEFZRnl2TnpGeXVMZlZwRUo3ay0tMGNmV01RVFlBaEVLTXFyc19EazN0X3pnWjNpN3lYZlNIY2ZfNnA5ellDb3J3ZDlxY3duamMyek10Sk5uWldvazVkY19memhncHVHaDN2RHp1Wmg3R3JkLW9lVEFwTXVFN2dYaWg5cDRzRjVwYkxOOG10MjUwXzJvdE56aE1lREtENDBoRmpiSDRXeVo5SWtKdm5tVERqQy1lQXVDLWNkTFRtdjBCVEUzdUE?oc=5,0.5106,positive
2026-08-21,2026-08-21,PFE,Pfizer Inc. $PFE Shares Acquired by Russell Investments Group Ltd. - MarketBeat,MarketBeat,https://news.google.com/rss/articles/CBMiwgFBVV95cUxOWkZvMHJBUXo3cUlfTFVrZHcyMHNaNDlrNjJLRXZGdzZwZ0ZzSVBBWEFWMjNRbUZBckttUHNhejZWLTN4N2VZdzNlTVV1ZzJ2RFZ3QmhPQkxuT1ZYdGoyQ3FxdVpQMmVCSmg3OUJEQldveDBDSjlKbWpubGZVdGF6ZDBEZHFfWGxsc2V3QV9vX1BObThJV281cVBMT3dZOHlHa2gxM1hwVkM2NFJmYVMzN1ZTaDFMOXZCQlN0c0lnYjBoZw?oc=5,0.296,positive
2026-08-21,2026-08-24,PFE,Pfizer: Patient Investors Will Be Rewarded (NYSE:PFE) - Seeking Alpha,Seeking Alpha,https://news.google.com/rss/articles/CBMiigFBVV95cUxPMFlkcWtjNVNYb0NfblVQSEVkeWdieEZ0YXZLZUZRdFo2LVZ4aWJsM2YwUUhVV1hYMEFKU3lldGNrOWRyR0NuekVYY0ZNdVZVcjByLWVRaTdFTWtZTEcwZjRwUkc0ZWVnaEZxbmlwZGl3M2xCdUJQNXZUMEJiM0VQT3Zxa3gwVEtvaWc?oc=5,0.4939,positive
2026-08-22,2026-08-24,PFE,PFE Stock Continues To Drop As Lung Cancer Trial Disappointment Overshadows Ibrance Win - Stocktwits,Stocktwits,https://news.google.com/rss/articles/CBMi5gFBVV95cUxQdFhnbWwyTFZLSURtM2RDNVZxY3FxemQ1N1A4Ym5RSDlubW91YnBONHlxRjdqdjV2ZjNKaFYwakQ0VVRlXzhrUVlSYnIyZjdxZWY4VGtOdVRscDExT1IyLW1zSlhMOHZpNFl3b0N3YUxJTU9rbC1kV2FQV3hsYndwUlpRaGdEeHFSTWRuN2F3MjVvVnAySmNQTGQ5bV9rYnlJdkhjbjNGa05jVEhIQk04T2hzOUl3ZnpnWVo1ZkZNTnNYNUk0UWVsWXFSUnluNTlGRG9zcmt3WkJGa3NuZ0d3YmlRdlFxQQ?oc=5,-0.7184,negative
2026-08-22,2026-08-24,PFE,Prediction: This Is Where Pfizer Stock Will Be in 2030 - The Motley Fool,The Motley Fool,https://news.google.com/rss/articles/CBMimAFBVV95cUxObWNDdWpfNkEwcE1tMFEwWWttdTNNMm83TlppODVTZE9DTGNtbkM4cVZvSEYwc2xwa1FDd2hYN2M0Q2QycVcta3hCOGxOdU80NlY3Y1ljVDY5bWNVU0NuakhTSFRvSjZ2bUlLSVp0T21kX3FWVk40eVVFM3pZVklGX2dfb0RwVDlDMDZBR0ROOVVmNU90U3NMcA?oc=5,-0.4404,negative
2026-08-22,2026-08-24,PFE,Prediction: This Is Where Pfizer Stock Will Be in 2030 - Yahoo Finance,Yahoo Finance,https://news.google.com/rss/articles/CBMimwFBVV95cUxNY09ueTN1Q2NOT3VjYzZrd19uVnVzNU44a1JoSTBrZGFrRWlsaU1DOFJ0SU5HeldCN0hiaDhad1htZmRaTF9ZSGl4ekQ4STI3RHd2WmxWUWs3OUV4SHlPSERfbjVSeGthVWVvZERfa3NVSUFXU1lCeW9ERFRmSkxuY3U5ZEdOa3JDS29ySUthOUVTbDNJaE5Sa21KOA?oc=5,0.0,neutral
2026-08-23,2026-08-24,PFE,Is Pfizer (PFE) Stock Too Pricey for Its Earnings Outlook? - simplywall.st,simplywall.st,https://news.google.com/rss/articles/CBMizAFBVV95cUxPdGFQUDFPLUZZb2d5UEdQWkF3Y2pvZlBCeEphSm1rd3RKb0NacXNDQ1QxOWZ5dVU5REhDbUxIcGZibl9FLVpJeTdhRktkYlRIOXBFMDM1TkpiQlhiSUZnNXNyQmU4bzlXOHBaSFNkQ3dMcDBhRFZnOHJhUWloQkcxb09MMkM4TEJFVEdaNDlDMjIwdnVleFFZMlVwTjEwbGJGRk9wbVY4U2U3ZXkyWExxWUR0aHhrUmRRckJvRkZsN09rVXc0S2FpbFEtQkTSAdIBQVVfeXFMTlY0N3hoc3BxSmpMOVNCZFdZSkhWVG5TWWh5YVRwWEJIRndVLS1HU2FQY1lpVzVlWGxFTjNOUWl6ZjhSUzNmQUhIZFlZaWVIVnZUOEJMOVBBWXpRdWNyOHUzWEJnM1p0ckxIV0duMVhxTUdKODZxNDZSS1lsMDVmZ0QyQnRXVjVJZGJWcTNsY2tGUXVGSmc2Q0JTaU0zMTk5dFp4SDRZN0ZHZ2NhSUdPRFpzQXpLREdCcGRqc00wNkozU29MSHh0T2tlX2pZTUZuZnh3?oc=5,0.0,neutral
2026-08-24,2026-08-24,PFE,PFE Stock Reacts To Mixed Topline Results For Seagen-Origin Cancer Drug - Stocktwits,Stocktwits,https://news.google.com/rss/articles/CBMi0AFBVV95cUxNVGdoYjBIYTBmSnhKN2NCY3lkMTc4QmhxUWp2Rk92djlIQW1pcVRiNlltcXRqTWUwajQ3amIydHZkam42MjhWYngzS3dmcmFZUjhLWDdxMXBsSmF0WG5oVXozekhZR3RZektaYkVWUHRwU0U3M0tvbm5MaVJ6Q09sa0hXMDFfSGlHSnlIVm1NUjh0XzBKVDduSFVXcmdsd05qODRzWkYxWVJMVUpvNnB0SFd1R1lPeGJZcGxMbFFRTHE4TExsUDItR1ZWenVRU3Ja?oc=5,-0.6597,negative
2026-08-24,2026-08-25,PFE,"Pfizer Stock: Wall Street Sees a Rebound, Here’s Our Price Target - Yahoo Finance",Yahoo Finance,https://news.google.com/rss/articles/CBMimgFBVV95cUxOTjlqakVlbjYwdzhzRGxlck1laUFkdjdwX21vbm9TNi1LcF9XRGZmMk1hQVd2SHRLd3NhMURlT2ZYTVpxZC1TZThyMEQ0RVdZRzJkU01PQXI4OUl4dU1RTjY5VXg2Q21RMGk2dlViWXM3Y0s5ZmRxNXJOUl9OaXEwVkEyNXRSX1NPal9CYWhFVEZNQmdYS2txTURR?oc=5,0.0,neutral
2026-08-24,2026-08-25,PFE,Pfizer Stock (PFE) Opinions on Earnings Results and Pipeline Updates - Quiver Quantitative,Quiver Quantitative,https://news.google.com/rss/articles/CBMiqAFBVV95cUxQQVFxajVtWEptTTA4cUh5Vk13VzNvSFdqYVhURldZeFktUEJNSWdKQzdhcUVrQ0s2STk5RjMtV0Uxekhta3JwWFNqWi1SMHhocGZmZWJQTGROWUNKUFlvdTJZeE5kZ3NXeGNlZk1oZUdwWFd2WlB4NmJIZFRSMTI5Wk5xTGN5TlpqMVpGUnhvd2VPNUU2ZzR2VTNfb1V4U19MYUNRTFhoZE8?oc=5,0.0,neutral
2026-08-24,2026-08-26,PFE,Q2 Rundown: Pfizer (NYSE:PFE) Vs Other Branded Pharmaceuticals Stocks - StockStory,StockStory,https://news.google.com/rss/articles/CBMivgFBVV95cUxPYXdCLUVzRmFNMWN3YzIwVGRsOWplUDRjREJhTUFYQ25GQzBUN3loMHJQWkd6UGJLc0UtR0loNUpGZ24xTGtfWjNha3h4VnpJaWdBVUdOTHdEaW16NDFoZVlzY2VqakY3Nmxub0Z2VmtFdXJLQkNsUm9YRzBZalNjN2tsT0M3cl9EVFFDWGJHOTJCRWhPNGphaTgya1BiMlljOGdMby1tUkRLSXRBc3l0VnNocUlHYXV5OWxGN1hR?oc=5,0.0,neutral
2026-08-25,2026-08-26,PFE,PFE vs BMY: Which Large Oncology Drugmaker Is a Better Stock Now? - Zacks Investment Research,Zacks Investment Research,https://news.google.com/rss/articles/CBMipwFBVV95cUxNMHU5MVQ1QVlUNXdJYjFXbzNPeVYzdy1QOVNhVlZ4S3MxeFlqd0xpVFlubDZRSTItNVc2bHhUSVFMWG02UXR6bEVMTkpMaUQ0Q190eHZtMDJUZnk4OUFtdy1hMGJuY0RnR3lYcDU3aUphMF9hMVJHTVdVWEt4b25rSV9tOUVaUUx1WG1WTnpLWTFId3E2OFBrbmxJQ1c2VUtRc2ppY3otTQ?oc=5,0.4404,positive
2026-08-25,2026-08-26,PFE,PFE vs BMY: Which Large Oncology Drugmaker Is a Better Stock Now? - TradingView,TradingView,https://news.google.com/rss/articles/CBMiuwFBVV95cUxPd3ZELS1jUHFkMEswU3c1TmFDVTlmalBVOU5YemprdFRobzBhVHFHT0hNZFd2MkpGS3RlRzdPQzRSYzl2ODZpTkxDeWVoVUlQeFNNMW5keWwtN3dMclVBdU9jSkNwb2Q1czFNNlFZZnlYNmZzcDBGaFdZZHZfMVVvZU92ajR3TWFIUnRxUzRFc2U3eHZ2Q0VORTVVWTZLdTN0RE5DbkdwTlkyN3pteDhUMzV1cEthVVp5XzFB?oc=5,0.4404,positive
