published,fetched_at,ticker,title,source,link,sentiment,sentiment_label
2026-06-02,2026-06-29,VZ,How The Verizon (VZ) Investment Story Is Shifting Without New Analyst Price Targets - Yahoo Finance,Yahoo Finance,https://news.google.com/rss/articles/CBMiowFBVV95cUxQZVRFLVhxS0lSZzJTdFBQOWhzazllSlE5bnRBekxPZWhVSXVZbEdUSDR2T0FvZWtBa1lnajNTWmkybUFvVWVHbXJMTjR4TGpabEFqS2VvZ2NneUdDYzFZeUV4WmltMEpZa2JfNXg2MHFxVFhabEVoYm5aa1U0UTZTNjFvMm50bW9CTVFPVlFWci1TMTVXbTN2YWJrb0FVSFgxRGhz?oc=5,0.0,neutral
2026-06-04,2026-06-24,VZ,"Verizon (VZ) Stock Trades Down, Here Is Why - Yahoo Finance",Yahoo Finance,https://news.google.com/rss/articles/CBMimAFBVV95cUxNZTFMTy1wcncycTV0M3FmQ2lxR1hjdzZVMUJYWTN3RnpzWFB1UkdMdmxRdWtjTVVTbDFSdFI1MXY4T3A5VjdaQ1hFOWplb2hEeFlkT21oYVR3WFhuVEZJcnVTRGt0eXZRNm5FTWRlSTJwWGdOSGpoalpoSThqRnpYcUZkZk9BVFZlRlFWTXdBX3lGUWhqMVhrRw?oc=5,0.0,neutral
2026-06-05,2026-06-26,VZ,VZ Shares Rise 8.6% in Six Months: What's the Next Move for Investors? - Yahoo Finance,Yahoo Finance,https://news.google.com/rss/articles/CBMiiwFBVV95cUxPMzNaOUhJODVZSFQxNkM0OG13eDVLbFNWTW0zUmNKQmhvV0J6NExSczhGNG1PSFlGVVEzWjNXYUJVOS04d1o5UzFaaGxZNVNOcHM5M1dyaEIydm1hS215SEhPRDFRdTdXNjhidmlmazJJTlNfOVd4eVdGczgwUUZ2eGNRV21vSVVGWEow?oc=5,0.296,positive
2026-06-09,2026-06-24,VZ,Is Verizon Communications Inc. (VZ) A Good Stock To Buy Now? - Yahoo Finance,Yahoo Finance,https://news.google.com/rss/articles/CBMioAFBVV95cUxOZ3dvRE1jTTVhUWY4VlRMNW9LbUpncEVxOEFCQ0JUaFhYUXBFRkpkdTItbTlxWFFVUTF5RkhySXZTMlU2eEpyZDA5WEg4ekFHSnduN3JDSkV1ZDl0aktoSUJEWFNYeDVFOS0wdzZFWWtsOGlnUjkwd1E3aGxHVHdqSVZPRjZNNi00MVFkbTRBZVplSE9JWG1hMklCRjZEak9r?oc=5,0.4404,positive
2026-06-11,2026-06-24,VZ,"1 Verizon Insider Sells 80% of Her Stock in $3 Million Deal. For Everyone Else, VZ Is a Good Buy Now. - Barchart.com",Barchart.com,https://news.google.com/rss/articles/CBMi1wFBVV95cUxPSjdybzVTaTBLSThBeVBQX0I0VmhWeGlsRHVQUV9TSVBWazd6TkFvOWw0aVZ0amx3UFZKNUw2S3NodlJ4LThNUUhqQzItTlRQR1Y1ZFQ5YkpJZjdPX29XTzRnQjNOeEJpc3dUVGl0R0lrZVJYeXQ5ZDJpMTR6Ym96YmxYcWxDMzk4dnppa0c5X1R6VjYxNTBUTUFjSEhqd1c4QkFadlJVQVpKN1hpS2VIc0JZOWk2SU9lVjhWU1BOWDF3V2s5MzM5WkVPZUo4WVQ2YjFadlF1dw?oc=5,0.4404,positive
2026-06-11,2026-06-24,VZ,"1 Verizon Insider Sells 80% of Her Stock in $3 Million Deal. For Everyone Else, VZ Is a Good Buy Now. - Yahoo Finance",Yahoo Finance,https://news.google.com/rss/articles/CBMilgFBVV95cUxNMm5pTzB6eXNTaTktMDlmLUMwS2NHQk9OUWxYbG5kQXpIYzE3NkQxcDJhZGRKd08xMndsM2FIQXBIYTlBbm9uVVRkRmhXdldRRXA5NDRhMFpPTGl6UGFuOXFKaFluZ1Z5WFdxZ2UtakNHV05zLWRzSUQtYmtJT25VRmtIU1BQSVV2VF9xZldUb3NqNW13Y2c?oc=5,0.4404,positive
2026-06-13,2026-06-25,VZ,Verizon Stock’s Operating Margin Hits a Multi-Year High: Here’s What the Numbers Say About a $70 Target - TIKR.com,TIKR.com,https://news.google.com/rss/articles/CBMiwwFBVV95cUxOTEluQVNfYzhhTkxiX0w0bENTQ3BRdUE2eEcyYUxwWXRraWd6b3Z2U2FUUlNKUGowSjVzRld2VHhleTl6T3RWaThyd0RXNXdNbmxKUk90MklrVEcyODNSclZpMVNJTmtaNzFXZnhmODRJUXlYVlkwSXhhNnNHRDRPVUhvWTRrNkdZaXVKaTkzNFZ2NTJEOUF5RzBUamx3YlJDa2Rvc2tkR250aUJoaVRrV1EtTWlvSGhVWHl4cXY2a0VzMjg?oc=5,0.0,neutral
2026-06-13,2026-06-26,VZ,Is Verizon Communications (VZ) One of the 12 High Yield Fortune 500 Stocks to Buy Now? - Yahoo Finance,Yahoo Finance,https://news.google.com/rss/articles/CBMingFBVV95cUxPSFozVktVVlhvV0J2ekFRcVZvSXpZc19oMEcySlJURkpudnpYekRFd0xPWUowclhVWUV0NEJJMFRVQnZsU0dxVDNpRV9hczFqVE1KaWZnNkFWTHJ5TE1rNERWbmxrcTFYVjlkUUlZcFoxZWhVdUhUMkI5OTJ6Ujc2Ym55VzhJOGFWRlROdG5YQkZET1RuSUZ2YnJlMlBVUQ?oc=5,0.0,neutral
2026-06-14,2026-06-25,VZ,Is Verizon Communications (VZ) One of the 12 High Yield Fortune 500 Stocks to Buy Now? - Yahoo Finance,Yahoo Finance,https://news.google.com/rss/articles/CBMingFBVV95cUxPSFozVktVVlhvV0J2ekFRcVZvSXpZc19oMEcySlJURkpudnpYekRFd0xPWUowclhVWUV0NEJJMFRVQnZsU0dxVDNpRV9hczFqVE1KaWZnNkFWTHJ5TE1rNERWbmxrcTFYVjlkUUlZcFoxZWhVdUhUMkI5OTJ6Ujc2Ym55VzhJOGFWRlROdG5YQkZET1RuSUZ2YnJlMlBVUQ?oc=5,0.0,neutral
2026-06-15,2026-06-26,VZ,Freedom Broker Sees Verizon (VZ) as an Execution-Dependent Telecom Story - Yahoo Finance,Yahoo Finance,https://news.google.com/rss/articles/CBMimwFBVV95cUxPQW5ZN3JtcmNHWmhudXVTX3VGbHBOSU1qbjMtRXZQVXAyTjFfd0c3dE93eUZuUHRnYXdldlplQUMwRzlnR2U0X1VET05FSVk0VlBCdmticTNHRkNEX0VYQTA1UXVOczdOMWlnUU5jLUsyUkthbWUzdTBWM2JBQlRmUF9Bb0w3d2xwVlMxLUYyUWVIV2NUT1k3MGN1VQ?oc=5,0.6369,positive
2026-06-17,2026-06-24,VZ,UBS reiterates Verizon stock Neutral rating at $48 on new plans - Investing.com,Investing.com,https://news.google.com/rss/articles/CBMivwFBVV95cUxONTVacmZ2OVlYTWdkRlhhMzdXRVhrVFNjTVZjWk5RYk92TW50VUUzRFZzTktTdVFZOHdoQVN3ekVkbjZfcUw3UW9YWi11dW43UVpjT0J2cFdZWVJCd0lNZk1ud1BVaHViVkhWTEtNdGhLdy13dlNObm5mZml5aFdYTjNRV1FfRmhsWmh4NmpTNkhZNEY2WUdWRjduOHRlblU5VGxZUWtlTmh1YkFqTVZkaldxVnkxeWVyd1pyOTludw?oc=5,0.0,neutral
2026-06-17,2026-06-24,VZ,Verizon Communications (VZ) Stock Could Be 7.5% Undervalued After Recent Trading - Yahoo Finance,Yahoo Finance,https://news.google.com/rss/articles/CBMipAFBVV95cUxQNGtYT2tja3Y3Wk5pbFhRMzNOOHlHRkh6cGgxdGRpYTI1ajhqX2wyVWR6UFlyOWFPdUNBckpCU1hyNElYQzNDVTE1eGRCUVVMdDBhQlpMQjliYUtRYmVUVWJJSG1WdVJfaXVvT0c2OUh0TFIwYzBNX01Uc1dHM1Y1M2FWWkE1NkZ6T1FZdFVvTGdHQzlndWRMYTJSWkhDT3hyR3ZFVA?oc=5,0.0,neutral
2026-06-19,2026-07-01,VZ,3 Stocks Retirees Are Quietly Loading Up on in June - Yahoo Finance,Yahoo Finance,https://news.google.com/rss/articles/CBMinwFBVV95cUxPWHFKX091UDRsUlRxc2ktdnJIeUVkNnRiMTNoNzBkV1JUaGtIUUNPMEQ3Yy1BSDhCempGZzBpZG9fZWNkVXRIcFR6MXVELUplQVh3a1Jyb2dudUlpY2hoMVN4eEowaHVHR2k4SkxYRkxDYWFRMGVySWlKcHJSLTBkY2hoekFYdVlxRXZ4dmxTeDI3SS1VRUlrc2FnSGdFeXM?oc=5,0.0,neutral
2026-06-21,2026-06-24,VZ,Verizon stock ends short week lower as plan overhaul faces investor test - TechStock²,TechStock²,https://news.google.com/rss/articles/CBMimAFBVV95cUxNY25Fd1ZUUmNTV1lWcW1LM2JkUU11NzR5QklELXBHU0lhOVF0cE1hTEpfc2Ezd1MtUFlXcm9MZWhVempMTUlWN2g3ZzJrdGJBN3RfTmxyN0ZMY1FRQWJQMkVpSnR4QjFMeUJsRHdvSnNnMDdjUW9lOWk5VFdhYXBZNExYVG5RWW9QMzBBR1NDbnd4eDVac3drQg?oc=5,-0.296,negative
2026-06-21,2026-06-24,VZ,Verizon Communications Inc. $VZ Stock Position Lifted by Nations Financial Group Inc. IA ADV - MarketBeat,MarketBeat,https://news.google.com/rss/articles/CBMi5AFBVV95cUxNVGwyaEJfR1RTQkVhZjhpX1ljLTBZcXZUalNPYkFaR2pxMTBzQzdYekd3SFBIWndKWDMwdkI3S0tvbnB3b1A5RHpNdHdvQ1pjZkM0QkNBbGR6REMyZURjb0hnWkRDS0xKZEczc1piQ2NYX3VMOEZ3aTVycVBfUjUzLU5BdWJLWlg5MWRmSkJadFZqaDlKbFlhSnE3LUs3ZXJPWjlOaDNCa2tZdE0wSjVJdGVHakR5SXk1ZXdaUnlxb1R4SmlWOEJJT2hxWUdxdUtaMGlpYktlRGpzWFNjLVZ0Yk5kVjA?oc=5,0.0,neutral
2026-06-21,2026-07-03,VZ,Here is Why Verizon (VZ) is One of the Most Undervalued NYSE Stocks to Invest In - Yahoo Finance,Yahoo Finance,https://news.google.com/rss/articles/CBMikgFBVV95cUxOc3lGZVRNbzFLVGN2bzZOTG83TWhOR2dNaUFFWnBndzRFaF9xUjVnRFliU3kyX1JMTFdmNlpHUTBUZEVDU1RlMDEwTXhaSkZoTHFjaFg3aldhd3pTTlducmtybUZ2Q0dHRGJONXlhYmdteWhWVkZfcUNmLVROZWk2bThPQTZtY19sV2lJZHZFMW1Ddw?oc=5,0.0,neutral
2026-06-22,2026-06-24,VZ,Verizon Communications Inc. (VZ) Is a Trending Stock: Facts to Know Before Betting on It - Yahoo Finance Singapore,Yahoo Finance Singapore,https://news.google.com/rss/articles/CBMikAFBVV95cUxOWTJLZlhtTU54bXdLMGdHcUwtdl95ZXA4bDFEeU1OZWwyc1BvSGlxaU1EOFd6Z1M3ZUg3WXlMZ05nRHBObEJuSnd3dXBPZm04dTc3SGxSZEdjTlprNWU2anRybllHU1ZBOFFkVWVlSmZyMGc5UHZhV3lTTjZnSzJpNVIwTFNJZmRoLUlKcDdTdHc?oc=5,0.0,neutral
2026-06-23,2026-06-24,VZ,Verizon Just Tore Up Its Pricing Playbook. Where VZ Stock Could Go in 2026 - TIKR.com,TIKR.com,https://news.google.com/rss/articles/CBMioAFBVV95cUxOaGNNR29qbVJwWWNhZGdDTGV0SUUydUlxc1FDUTdTbml6SThEZUZvd3c5X2RzcXVOOHExeU5haW9SbWd5enB5ZW9xdm9ENUZmSEdBUVdSSGFIdE5tQThoSFhMQ0NLQXVjVEkxTlBFYnJLVEZfY0RNNFZ6SFp3UFE0VDNoMmVGMURadFVPQXZLbDdJOFpyNzhPU0o4OXJ1LUNU?oc=5,0.0,neutral
2026-06-23,2026-06-24,VZ,Dow swaps Verizon for Alphabet as Honeywell stays in the index - Stock Titan,Stock Titan,https://news.google.com/rss/articles/CBMiugFBVV95cUxQbGh6MWItWjZZZDFSSWZvT1ZBVUhvNmxmLURmbHZHNGxjeWVBSXlXWmt6NjFaTzFGQUZQOUpzMWZ5LWpBaUZkRUhjR1VYYWhuVnZYcFJtU21pMENRYUN4UkdwM2stMy03WnJMcDlxT0U4TTlvZG5XdDR4Y09UYTNEMFFjTF9JRTlNR3ZSX0JsYVQtQ0hBUF80YWtfNXpGMVRMdWdvaE1BSjF0a0lydEZQSzdMSXJTTW9LTmc?oc=5,0.0,neutral
2026-06-23,2026-06-24,VZ,"VZ Raises Earnings Guidance For 2026 — CEO Schulman Says 'Turnaround's Not Only Progressing, It's Gaining Momentum' - Stocktwits",Stocktwits,https://news.google.com/rss/articles/CBMihAJBVV95cUxOb1pBOWhvN3hpRmFfYlZSbE5BdEFEZk9fUTFER0w3eWNPemtYeFgyUEF3SlA2ckx4OXNGaUZzSzZzU2RWY2JpbTdHbzkxTFRfc2lNVG1Qb0dJSHFGOWd1bmZnRDlEeWlYZjhJY2VSVVpvSUZoZmZUMlJ5dk9XblRqMXZHZlNkM2VLZFdGV0l2YXhPOE95WjVFOENuNFd3UGFDX2tRQlFZMnZOT3JXeU5kN0toUHpLbGE1ZVREajFYQVBuRlpHZ0pVenp4Mkh6c0ZsOU41ZDZyMVdvZlNGbmJEM2diODhWUWF2ZE5xbENDdEY0ajJ5RURGcndlblFwbXUxUzVpNA?oc=5,0.4215,positive
2026-06-23,2026-06-25,VZ,"Alphabet added to Dow Jones Industrial Average, replacing Verizon - CNBC",CNBC,https://news.google.com/rss/articles/CBMib0FVX3lxTFBZaEdfU2tndXNDdVlkZlRRR09BZW9nWldPM25rSTdtM2s2TENGemQzdThqVTg0QmhBZEozMVZEWmFlNE1RSE1iU2RGYXFCb2xROXB4REcxVHJHUzM4S2NyVDkyc2g2MGUzRGwtUThEVdIBdEFVX3lxTE1QaHB1MnE4bmRhZk81VWJUeVlBZUZSaGIwRndDeUJha1lVaGNZTEhVOUdrUU5QcGxhVENVMmJ0TFAzdHNRR1JpNGZzdkZoVzJFdVUtQ1k3NUtCTUtyTkNFM3dMSDBCRzZGdjdxR3JQVFJuUEhG?oc=5,0.0,neutral
2026-06-24,2026-06-24,VZ,Verizon Communications Stock Hands $58 Bil Back - Worth a Look? - Trefis,Trefis,https://news.google.com/rss/articles/CBMixwFBVV95cUxNUl9MNHY5YnoyWDZEQ0dHNDBzZG9mOEVEaWpOMnZoc0p3MUNtZHgyajhqUGY4WWNCcUxmMXFHeWlCaTFDYWMwc1lkMnItbHYtZ20tWjdrNGdUdE85d0kzaEE5Uno2SThMS1lXTDMxd2t3SS1iQ1g4YjRsVFJoUGpNY0Q5WHlWbENUUl96Tnh3dnJJU2hHSDJsUGZ6WENRNmtfS0g1dUYzRUhTbzd1RUdQRHc5NzRHYXR2N2ZRY0tiWFBXWkNiM21r?oc=5,0.2263,positive
2026-06-24,2026-06-24,VZ,What Verizon Communications (VZ)'s Dow Exit and Simpler Plans Strategy Means For Shareholders - Yahoo Finance,Yahoo Finance,https://news.google.com/rss/articles/CBMioAFBVV95cUxQWWJkS2Z0MFliWl9KWlFPODVBMk1pRzNlSl9vckJRZzNMdloxcS1icUVrcWE2ZDdwQklBOTM0Nm91V2k0OHVNOVczRWtRR1g3X2Z5cDFXRWFiLS1OQXlRaEI2cFJNQ0NlTl9RRTZsM3dVd1duTTd2UElwZnJNdFhZS0NTQ3hsQmRreEJpMEFaWnpKTXNvRl9Fc3JsbEJqSWNJ?oc=5,0.0,neutral
2026-06-24,2026-06-24,VZ,"Verizon Just Got Kicked Out of the Dow, but Its 6% Dividend Yield Still Looks Solid - Barron's",Barron's,https://news.google.com/rss/articles/CBMif0FVX3lxTE5FRnRLYjBMWXhHcWhpZ3BCLUNqWC1pSDJWTmVpRmYtWnY5dGNXSFl6bnpDY0pwTDhTUVhFUHl3VC1VOEY3WkJsczNVZjZaanN4TjB4RVkwNzZwNTNzMXdWclRxSmlMNlM5T0E5dHVkeVNTVXBYVWVHLUY4TzhKYUU?oc=5,0.2263,positive
2026-06-24,2026-06-24,VZ,Dow Jones Adds 5th Magnificent Seven Stock - Investor's Business Daily,Investor's Business Daily,https://news.google.com/rss/articles/CBMiqgFBVV95cUxQMGZWWDdsRl8tRjRfZXdjaF9TeEJLaURPcnFMSHBLTzZKdVNUMFdGdXZXTnJXakJ2WlVjSDZIOUxZN0VzV2c1M1JlamRIVjBaZzFNN1hqckRJNndJOGxuZmpZVHZmdlJ3SGlvMnZQUkowNFV5Z3dHMWVNTVhqU0M5d0lhaTNsampxUGVmSG5WNks1cGVBMFE2eEw0MmVGekhFOXNyOGc1dVZDUQ?oc=5,0.5994,positive
2026-06-24,2026-06-24,VZ,Verizon Communications (NYSE:VZ) Shares Down 2.2% - Time to Sell? - MarketBeat,MarketBeat,https://news.google.com/rss/articles/CBMisAFBVV95cUxOY01sNzVOMDYxbk9RcGI2clRVLVhCb3BwaC14M3JQbmp5VHhDSWFJNTJrd2NfMlJqeXVUdC1VeVVKcjdzc0dWbzRrOENnbzNoRWtDSlRvRzFXa3U0MkJmV09kOFhRYkRRYWl2aTRvQ3FieUFFaVQtVTdUUWE2T3Y5bzdzaEJwT21vSGtnQUo3Tmhqb1NzMmNqU1hxLVd6eDNMdU1kcER5MUhyQ0FqQ0ZHVg?oc=5,0.296,positive
2026-06-24,2026-06-24,VZ,Verizon (VZ) Expands Market Coverage through YouTube - GuruFocus,GuruFocus,https://news.google.com/rss/articles/CBMikwFBVV95cUxQTVNOUU9SOUJTYTc5SlQ1UzJyaHB0NVpITl9WYzgtRUNTZ1lveHVDWHpJdkVrTGJ1MFV3RUp1Ym5lY21uMW1mT3E0TFZZSHhOaWtvalZzcWs1MW04RUhvSDVBdml4ejl4YmVTblNvNzZYSnNHVzlza3pSR0o3ZEk2VGFyampmNGVqbk82RDhZbGlmUEU?oc=5,0.1027,positive
2026-06-24,2026-06-24,VZ,Alphabet to replace Verizon in Dow Jones Industrial Average - qz.com,qz.com,https://news.google.com/rss/articles/CBMiigFBVV95cUxPcTQxRXBsck5OM19Qb0UtbkhrMi03M0FPSkRTVmtULWxpdHJjTkR1WXhiTExnUWNnWXI4RzduWklqSjhEaEVCRkpZM0dUU1NyTXBMNGN2MkFyel9faHhmZXU5bF9mYW9OdjlwajRMMHY5R29WYmF5RzhsaTY5U2ZTWkNMMUw4V3BKakE?oc=5,0.0,neutral
2026-06-24,2026-06-24,VZ,"Alphabet Stock in Focus as Google Parent Joins Dow, Replacing Verizon - TradingView",TradingView,https://news.google.com/rss/articles/CBMixwFBVV95cUxQWVpOZVBGVXpzbFdzdVlOY3FJWU8wZHZwTlVYMGZmenFfVmRrZGxmVWVmNUpRaTF0TTQzOTZwZ1JDdDFoaHBCTnJyX2FGemhyTG1OczVVZ1V5NG9IVGhMTFpvWnVKcVIzdGdLMmJkOFJVRHJzdXBBb1dsZFBKYzZvTVFUMXdTZHVmT0hlU3NDVnQ2VXlqZXlBbWZUUXhlRE05bjRTb0hiZFBQcWlaQ1QxVzFDR0ZSWnZjcTQ5QlZER0xDeTU3UXk0?oc=5,0.0,neutral
2026-06-24,2026-06-24,VZ,Verizon Communications Stock Capital Return Hits $58 Bil - Trefis,Trefis,https://news.google.com/rss/articles/CBMitAFBVV95cUxNNHBIdkxDVHZaOUZOSWV3RUdiaGh4LWN6cEtCYkxLNllSVVBZV096NXlsR1BJQXQzVzJvcDlSbVhjU25JZGttem9KS1pyM0dPQXhjbkRLZWJFMDNGdk00Uld0UVpnTy1PaE9EOHBpLTVnT0xEbnpYYzh5em5EZ3AzZlNyVlpGRzZ4MjNiNUdpZHZkOWMtVEFWa1R3SEJKdnRkTEN6TVNFY1N6SnRvdU5Nb3c3LTI?oc=5,0.0,neutral
2026-06-24,2026-06-24,VZ,Miller Howard Investments Inc. NY Has $55.09 Million Stock Position in Verizon Communications Inc. $VZ - MarketBeat,MarketBeat,https://news.google.com/rss/articles/CBMi7wFBVV95cUxPWVpmcmduMFNITlBKOWphaGJ3MUtMa3NmRXFaeDZNLURsZDVYQ2twMHJtMGNtSG5LTVdPM3FwRXUtYkxTOU9ZaHFPckt5MVhPMi1HN1NVNjVicHAyMXI4N2tydVhUci1HUEU3YlR3LWRDUllZVVgzNmU1YmZXSVZ6UnQ1d2xXY09HcmMzUWVLRUhpenZKRWx5SkFmWUE4UjQ5LUlqRjlhMlhPTTUzVlMtTEhHVElKcHhYTzBHUE1CUGlya18xeVdFc3hHMktZZmQwVDBGVTNaQ19CeUkyZ2ZVT2luNFZQdENvQ2NoV2FhWQ?oc=5,0.0,neutral
2026-06-24,2026-06-24,VZ,GOOGL Stock Gains After-Hours As Alphabet Is Set To Replace Verizon In Dow Jones — Retail Eyes ‘$400’ Level - Yahoo Finance,Yahoo Finance,https://news.google.com/rss/articles/CBMingFBVV95cUxPOWNsVkltTHNlN2xFa1d3dlNtNWFOWmc1R2RVcS1BVE42WTkwZHVJUmp1eXhhX3p6blp6dGYwV3I1aGZkMGE1TkZwakVlcVMyM3gwbUxSeFU4dTZEbjBtVHQ4ZFdxblpnMkNxcjBqRmtXc2RfZnNWVlV5OWRtV0k4ZC13Y21JRk5MT0RuN2ZXdWtpTnQzeWZfNjZrYi00QQ?oc=5,0.34,positive
2026-06-24,2026-06-24,VZ,"Why Johnson & Johnson, Altria, Verizon, and Other Safe Dividend Stocks Climbed Today - Yahoo Finance",Yahoo Finance,https://news.google.com/rss/articles/CBMioAFBVV95cUxOUlgxZEJPZzFHMFljZkNUNmtBc3BrSDBIN0xDWEgtbUtXbTFSQ3JqSWNZU0hmN3ZqekZ4b0ZWTTY4RWlxQlZSLXpPMTNyUl9pbTc4TWpQNGVkVHcybXpNV1lmcWFXY0RnenYyVUJ0UXZWd2VabWhzUFJ0djBpLUptXzhUNXdndk0tUUY5VkZVTHJEdlZsUHd3TjQ5X2ZGd1Ba?oc=5,0.4404,positive
2026-06-24,2026-06-24,VZ,"The Dow Jones Industrial Average Will Change Forever on June 29, With Verizon Getting the Boot and a Virtual Monopoly Joining the Index - Yahoo Finance",Yahoo Finance,https://news.google.com/rss/articles/CBMiogFBVV95cUxQZElJTFJiVWI1YVIxZ1pOVTM4QmlqejZ1aGdKNzdSVzNfQ09CLVl1aWhnUDYtTkFBM3FfU0I3LTJRajFRdVJNZ25TbWFnQXpDTWhhNFliU1lJSFZfRTdsNXBEMVRyVkdzV2lVckRzTUtPLWZhd1lXMW5xcTY4WFY0LWY0NzB6RzVodG1sUEZETFVPN3lwNkpkVlhpby1iUXZIWnc?oc=5,0.0,neutral
2026-06-24,2026-06-25,VZ,Alphabet replacing Verizon in Dow Jones Industrial Average index - Yahoo Finance,Yahoo Finance,https://news.google.com/rss/articles/CBMiowFBVV95cUxOOVFoZ203ZmJpODRMZXYzekFYN1daUUxqSGxnU3dGUVBqMFhoUUVxdGVzTGFid0RsSjNTWDI5WkVNVF8zTEd0LVpNTE1LRXRvdm0zZ3ZjdDN6clc5c3dKOFlob2FPaHFkeHJZYlZDR2NsZUhjVVYwaVhpZGR5Z1QzZlNfM3daeUJIeUlOWDk3M1JGdWFjakpQbnV5XzJNczdQOENZ?oc=5,0.0,neutral
2026-06-24,2026-06-25,VZ,Alphabet to replace Verizon in Dow Jones Industrial reshuffle - Yahoo Finance,Yahoo Finance,https://news.google.com/rss/articles/CBMiwwFBVV95cUxQaFZYeEFmZzA4RkljLUJmeERGSTUwWlZYS1R3Wl80TlcwQmRZTFZDNWo3LXk3TnRwS2tlZXhDZ2Fqd254MWZqZjFUTmlNZXdwdVRQUGZlS3F1dnJ6VHlVcWtXYnhqNUdqdk5xRHhsRWJsWUlMdnkwRlo1ekhUSUlUNjZjSmpHRTZ1eDVMblBqWXUwaVEtZmFSYVFNZ3E4TGRUSXQ1MkM2VmxXVmxubm5QTDBLTklUb1FCRkYtUnMyb1hJQVk?oc=5,0.0,neutral
2026-06-25,2026-06-25,VZ,Verizon (VZ) Stock Fair Value Edges Higher After Mixed Analyst Revisions - Yahoo Finance,Yahoo Finance,https://news.google.com/rss/articles/CBMilwFBVV95cUxOaXNjeHdIME1XdUtwcFhCV0RIWjZZb0x5cVhzR0x6UWczTmM0MElZci13X09ISW1FLXU0WGNKbUxQUDJfS0Q1a1JXa1dVOEMzRFF0V1I1bno0YkZKLUUtd0Q5ZmJJUUFJbm5uZGRzcWU1eTBTVHBlMmhaa0s5NWNNUGV2QmRFOHVOZEYxZjd3NlVuWDI2RFJr?oc=5,0.5719,positive
2026-06-25,2026-06-25,VZ,Verizon (VZ) Leaves The Dow As It Tries To Win Back Wireless Customers - simplywall.st,simplywall.st,https://news.google.com/rss/articles/CBMi0gFBVV95cUxNcld5YnIyVGkzY3FZY1pZWkpEemRjUE15bmJvcHcyemJfR3lia09kdEtvUkdpdW1MRU4wdm1pT3l1VERfUU9hdXpEUFk1UVQxTlR3d1hiMkhYS21maklOU2JTaGdoanZvbE9yRDEtRGlrRVRwZW9iZndCbVJodG1keXVzREZQMXZFOVRqeUs5dUNMWXNLR1Fwc2p6Z2VZVXkzbWNzd280eWd5eHJTdWUtby15YVZNZWhheUxFMEZmU1duZEx1NW5qWFRBQnVZV2lYT2fSAdcBQVVfeXFMTi05ZGE1anFFRktJbmxVbC1JSVQzbTBWTG0xc3ZpYjhBSmtKYlpPaVV6Wmh2dTROLU51TFBwMl9scnF0ZGR5RVRoVENJVTN0VlVuNENzR3ZHMC1ueWdteFdmaXllZGFFZW5FbzF0WnktMmhPaGZCQXFXeGUxTVdkaXY4X2c0WUF6NnJhYnpHazZiUjN3TjU5bkNLVC1QV1Y2Ul9sLUs2V1k4ZlpRMU1MdFhFeWRoYVZYbHhBMnVickNGYVJPMklqRm93V0s2WXBiTW1sTkxtTzQ?oc=5,0.5859,positive
2026-06-25,2026-06-25,VZ,Ritholtz Wealth Management Grows Stock Position in Verizon Communications Inc. $VZ - MarketBeat,MarketBeat,https://news.google.com/rss/articles/CBMi2AFBVV95cUxPclhmT3l4NFhsVWFZWEF2aEUzQ1JPb3RoV1JIbjQxc09jXzVGSFI3b25rSXFZRW9vd3M3cGpveUczYVIteHRlM2FzOTJ3ckNOSDB3dnZjZzRUUTA3c3NfQWJsUE8xSWdxREFaZkhJbERJUC1sSHNDWkZwN1I4QTJodmtGUjlJTzRYOWl2XzhqRnlYUWcyVk9vVGxySW5RTjdVY3dCZ0hYcER4eUxyeXF4aTVaZFJRdTBTS0VrQnlsTWN6UXM2LU9DSnI1OHJqQ3owdVI3bzNEOXQ?oc=5,0.4939,positive
2026-06-25,2026-06-25,VZ,Verizon Stock Analysis: Bearish Pressure Intensifies at 45.68 - The Cryptonomist,The Cryptonomist,https://news.google.com/rss/articles/CBMipgFBVV95cUxOaC1JczRjeFZLbF9lTHpzVC1LNHo0ZWpjRkNGUnkyV1FwRVhjcTZXY3gwUF9Nc0hiclZRaW5hNnZPTWtvRHp5aExHaGR3SFdFRVRMWHRNNE9WM0tGa2J1ekp2UE9LMFNvb3I1NWVaeUlLYTA0aWJnUHJwRG5TOEtYUUFxM0hwT09Jb0tmcC1yeG9GMkp1cVdKN09BMDNvWXhsalRKc01B?oc=5,-0.296,negative
2026-06-25,2026-06-25,VZ,Fifth Third Wealth Advisors LLC Has $8.24 Million Stock Position in Verizon Communications Inc. $VZ - MarketBeat,MarketBeat,https://news.google.com/rss/articles/CBMi7AFBVV95cUxQS3JoUTdDejNocTRETm1OYkZxSmMyVFk2d0hENXJSRmZScEZOX3hyNC15NFFuZFUtQTVyd0xoVnFIZDRUV2tEUEgxXzFES3BHY0txWkhUZmdtVUo2MXN0SXdWX2hVVWE0RHdmUTU4SmsyamZnTVNHSFhSTXlmLUdFeTVPTzFFZjEwckhuYTdfTlpTN001REo4dG82VFBBZnlPVnpSSThCRlVPS2d4VXF5SnM4ZHA1OEVyYVFvcVVJaHVJejluaHFPWnZyVXlUQlFFOHpSTjZVaVVUdWJzSkpUZDRaVUcyZFBxclI1cQ?oc=5,0.4939,positive
2026-06-25,2026-06-25,VZ,"739,995 Shares in Verizon Communications Inc. $VZ Purchased by OP Asset Management Ltd - MarketBeat",MarketBeat,https://news.google.com/rss/articles/CBMi3AFBVV95cUxQRVFvaVJUZlBJMjJvdnNicjRKVnd1X1p0N19GZ21oSEdoUDNHaWgxblZ3aElqTjlCemRTQTQwMmw4MVFyRjBNa0V4ZjVFdVZMc25RYzd1Unk4anIyREM1aGpCbWo0M0xiNXhtdURhRFNLQ3FJb2JlZEppOWQ2WlNmcWFIQllUSlJFdDRfMWE0YllrbjBiZ2cwZC1Bc3JuaXlqb3F6WDlxdzE4Yk1saE1ibFlHX0tXck0tZTI4Mk14R2JtOUU3R1BBN25iR2gyYkxXZVdfd2QxVGlOeE53?oc=5,0.5719,positive
2026-06-25,2026-06-25,VZ,"Banque Cantonale Vaudoise Sells 91,151 Shares of Verizon Communications Inc. $VZ - MarketBeat",MarketBeat,https://news.google.com/rss/articles/CBMi1AFBVV95cUxQdG1LdEZudmlvNktXUTRJVmhpaVV3d1hXb3NlMUlpcHBva1VPY2MzYXp2RmowN2p5cGNwUjRBSFpVREZqcDZHV1Z2ZFkzcnd5amkwNTZ4RnAtQzFwWndpSGdjOU9DamZhS3UtdVFpYW91LWRuWU5kSktFQW5UY0lwVjBvTWt0UzJZRmY1MXdkXzVPM1dQTVlqWHl2eW82Q1hYQ0J0ZFMybEZEemJUU2IwMUJxdjhZNUU4Q0JMVEE2ZHRFTnkwRnB6Z3FBTHk2T28xRzNiLQ?oc=5,0.296,positive
2026-06-25,2026-06-26,VZ,"Dear Verizon Stock Fans, Mark Your Calendars for June 29 - Barchart",Barchart,https://news.google.com/rss/articles/CBMinAFBVV95cUxPYTZwcUlqQlY3c3pwNFpyNlNyWFd5NlNCWlY5QVRyc1hEY3lBRHFmaTVxT2pyX1l0Q3BvVjVPbEc5YktrU0xfNEwzSVJCak1rSzQ2WWJSaFRnZm1qTklVa2ZRNTJ6QnZfclhjMmRzRWM0dkw5QmthZ1BmcTV4OFdGWEZveUpnWDNoczFQd0V4dDNsQzc4TEtGVk0xUXI?oc=5,0.3818,positive
2026-06-25,2026-06-26,VZ,Why getting dumped from the Dow is the ultimate buy signal for this — or any — stock - MarketWatch,MarketWatch,https://news.google.com/rss/articles/CBMitwFBVV95cUxOcVRSUW44eFpnMTl4QzJWM0JxUWdnV1NseVR1U2pRODZtZUtEb0RHMi16SWJGX3RGdzlxVS1sNmlBZTBzRnYwZ0lhS21iYTduMDdQZmlUbTFHRElMTFpYOHhIWk5hOENpdDZUekQ5TE1TZ29OWTU3cWc0bHBVaDNyenlrdlFTRF9JcGp4RkM3bVQtbkNtSGtaZlZYVEZ2TEtDQ0t5eUNFeW0tWFRQX2tzT1JwcGVYeXM?oc=5,-0.4019,negative
2026-06-25,2026-06-29,VZ,"Dear Verizon Stock Fans, Mark Your Calendars for June 29 - Barchart.com",Barchart.com,https://news.google.com/rss/articles/CBMioAFBVV95cUxOOXNsbWUyREV5c0NadDc1MlJ0NEJZZjhUSTMyUXNCU29hMkprSW9TMmt5U0VhdzRaNnV4LXJoenlvejZreXhIc2hOSTFpZlkxQWdEMFhQNTVOWjZNcWxhbkhJNUw4TERjLUZHTzZQdjVPWXF3TTJMbDl5TDdSTzZUREl5dHRPRWZxV3lvN0JFYUNmd0dBU1RRRFpSWVppRE4x?oc=5,0.3818,positive
2026-06-25,2026-06-30,VZ,"Dear Verizon Stock Fans, Mark Your Calendars for June 29 - Yahoo Finance",Yahoo Finance,https://news.google.com/rss/articles/CBMimAFBVV95cUxPYWYyeDFJZHJCdE1NOWM3Z0VJbnNGcnFvaVFDbzVrbXdLNUdSQVVGM0RBcVRPbmZ6RUFNa2dSNU00ZFVxcFNXLURJX2FCUURYWmMtQ3dXeUJQYXhURHlEbk1tVm41Vm1PMUIzSjhDeTdQYnBIRWJYNUhFSlpYYm5hdEYtMWo3MUhiYWVsM0FhemxHeE9LQlU2bw?oc=5,0.3818,positive
2026-06-26,2026-06-26,VZ,Verizon sets July 24 earnings webcast for second quarter 2026 - Stock Titan,Stock Titan,https://news.google.com/rss/articles/CBMikAFBVV95cUxNa3l5dmU3T2RUd1ZXcHRtNlJkX0NuY1hxQ0ljYm5uZmNMeWZQUG1ZUkpiUDNqSDZYNFVkdTdRb09ydlVybWhPVlhGQmtwUkx5MHZGVHlKZ205R3hFRWNIaGNrRnYxVTJjVVdKSlpISlJPYlRMZTlQUTJQSm1mXzNscWtYOEtpQjNOdVl1NFUzZzM?oc=5,0.0,neutral
2026-06-26,2026-06-26,VZ,Verizon Communications Inc. $VZ Shares Purchased by Meyer Handelman Co. - MarketBeat,MarketBeat,https://news.google.com/rss/articles/CBMiyAFBVV95cUxQLV8xOEdGNmpJUlJfR3FyajV3MkNDTk9xbU84QU01ci1xWnhPM3VfcUdZU2VqdE52YjFRa3JCTDl1WjhUUWZuSmpnNUlLSDZSSmZLdWY4aU93dXhvMGFmZlVjNk9vREVXQjFCVlVfdy1mMGdpWGdMdE9QMVBhc3RtWmxPSm1DRmt4SUpUd29TNjRta1p4S19BV3VMT1ZFcHF4Y0U0Q2plSmM2bDFTaXRsTDF1QTJmN1RaX3VuQTBFUE1rUEE3MENlSA?oc=5,0.296,positive
2026-06-26,2026-06-26,VZ,Xcel Wealth Management LLC Trims Stock Holdings in Verizon Communications Inc. $VZ - MarketBeat,MarketBeat,https://news.google.com/rss/articles/CBMi2AFBVV95cUxNTmh3UWpGd1hiU054a2paYmx3S3R4TGIxZThXN3phLWR3TFBHMjlRRzRjQ1hqa0lRdk9IQUc5QXNLSjVXVmswZlFaZGRGaU0tUHEweDZJMmVicWNESG44bDFTTC1NRVpmTHNwSFdaaXIxajBVRVI1Z2dIQ2w2ZFVwWnJtQTV1bWtvaXFfNjVkTWVwb0EwV1BiOElHWTZEQk1SZnA5RHRWZEo1ZUVPdktmeDNmejdSVzhnUTdNakpEY2ZoVm93ZXRuMTh4TF9zWnQ0aEJ6MTFnUkw?oc=5,0.4939,positive
2026-06-26,2026-06-26,VZ,Assenagon Asset Management S.A. Has $61.38 Million Stock Position in Verizon Communications Inc. $VZ - MarketBeat,MarketBeat,https://news.google.com/rss/articles/CBMi6wFBVV95cUxPRWFXMXJNTzhza000UDFHN25Jc08tZjg1aS1OSERpX05PWng4dUx5WUNsNzNsUjV4ZjFPa1hhcU82ZVRkUlJaQkR2cTFoYVNVbmJpbWNaTlFqR2g5bGp5cnI3UVdELVBGeldBUC1pXzVLaFNsNEs3NWZmNkZIdURLRWxJczg0Nl9pU2VPalBPbVNTZjI2NjNlR2RycWp1cGd5MHcwLVpHY2lYelBhRXJOSFFRZDFqaVlSVUdFelI4RkNMRDJTU3I1ZUtCd1lUU1RHd0xFYkM4azlreDZGcmx2dUVvWG0xdGdYMXVR?oc=5,0.3612,positive
2026-06-26,2026-06-26,VZ,Louisiana State Employees Retirement System Takes Position in Verizon Communications Inc. $VZ - MarketBeat,MarketBeat,https://news.google.com/rss/articles/CBMi5wFBVV95cUxQU0loanM3bTczSnRNTVJFUmY1ZFhsZldFQ0NrLWo5ZG5rRnZ2emtiYWp6T05CNnVXSEdibEdGWHFsSktjQS1NUzNLOWVTcDhubVdXN0FhMDNfTmlBOUxrdGl2ZGpHdllrSDFLYVdOWS12aTBKYXN1RzAzSzJFalU4aTQ3T19fQ01iQ3h3NVc1djVCaEU1a21zUmFqRlMxN1VVcno3enpIZXpOandMUEVwUG1rc3IyZ0lyR2R5WGVUa3hQTDl4d1BiVnQ0TVN2MS12emxCMTFHQ2JxVzYxS1ZUR3dMZnFELUE?oc=5,0.0,neutral
2026-06-26,2026-06-29,VZ,Verizon(VZ) Stock Options Chain | Quotes & News - Moomoo,Moomoo,https://news.google.com/rss/articles/CBMiqAJBVV95cUxOQzlHVkExS245SDFTQWxOQ05rSHJhR0VQT3hycGRpWE5CaTRGWlpfWjJpdXZOMGI1UEFPbDV6ZGIzZ05lMHg3OEJfVF9TYkNvX0ppc1NlTXJKamJ2RnczcGtlUlZtdVlxc2RoOHhtOE5DTnRCV3hpVFhxQXM3SDZVQzNTVERDTDFCWnZWRHYzYnM2LWJNS0JjT293Q05zOWo3Tzd2TGxKSHI5OGZHcWZKTTNSNlJUNGFCYmU1VnBPeDFMa2EzaDZBbmFKWlhzY1FXMVNGTkViX1VZb3oxbmxtM281cDFJbGJDVlc0UU1ZYkxZdkRpTEZpMVFQbENpM0d2di1RSlFhdElZdGdVam1xRzEydHB4Ui1nRHVNOU9JdEZNbG1HZ0JkSg?oc=5,0.0,neutral
2026-06-26,2026-06-29,VZ,"Verizon Communications (VZ) Exits The Dow, Is The Stock Still 9% Undervalued? - simplywall.st",simplywall.st,https://news.google.com/rss/articles/CBMi0gFBVV95cUxPWWR6MFJ0UXo2d2t3STNlZV9VOERTWlF3LWNNb1F4WEQ4ZWtVOXozb3BEajR4bWI5RDM0aVNGd3RYLVVySlV2RzFQbkdPT2tHZGFKeDZ2djBHVmRCejdkVnc5VGVNMU5pVk52dDRpaWFXbWdrWk1VOEpEX2w3VUpGbF9rWjJlcjRWZEdDVmx5SjdBYUlaMTBGaHc2dmFJVHNuOHlBdktnSmpUN0diNktzaU56eTVsLWdnTDU1STdYUElJZ3BjT2xxR0RXTl9jZlZTbmfSAdcBQVVfeXFMUFV6a3R4MkdEaDhKV2tLbTZYV2VhNWFiOXg1cVdHclJyY0JqTEdLTVF3ZzlvTTI3YWlINzQwQ0lCMzYtLXhlQnE2ei1YWkctRW9QdmVlZ2Ita3pNWm5aY2x6YkwwV0xDTl9aNk1iaE5PY0ZTM1d1MkdDOEpCUHNna2I1RFh1TmVCWUlxSDRHa0xWazVud016Zk1sRWptYjFlUU9sR0lod1BJaVpDbU8tRVZpc2RtV3FaQ29nYWwtT2J3X1otS01XT0dleHE3ZVZETWZqTDF1Y28?oc=5,0.0,neutral
2026-06-28,2026-06-29,VZ,The Bull Case For Verizon (VZ) Could Change Following Dow Exit And Rising Starlink Competition - simplywall.st,simplywall.st,https://news.google.com/rss/articles/CBMi0gFBVV95cUxNNkRialRhUkdJXzJyTF9HN1JwcHd0SG5mRzNxYzQ1TzlwRnpsSFpaNUFSMU9UYlg2Q1NyN05VLXdHQzNzbFQtdzJIUmpIenhNTm15cHRZaTJyRmtVNzl3ZEVDdkw0bTh2WVpUWDlJOVZZQlQ0Y3JueXVTUW1DVDdGTEdDTVg1OGRjNV9hX290Qk8yRWxXa3J1d1lsT1BrRWRqNFl1cXN2NTZoalEzN1dhUXdwY1JtaG5sa3hRRWk5Z0pGSTZBaTUzaENuQVpSWU1CdEHSAdcBQVVfeXFMUHk0VjRlRHdTS21Fb0lPVWQzdXVNVUVUWmlQVzluTmVfakcxZm5xdGFBeUxuODR1QzVtQi1fTk5oOFRxeWRfdHUybWVUa2FSZzlaUW9lTVRXLXB1YXlTY1NXSVlNYkt2TS1IUldfVDVyajJGZGhxRWt3VUlWd0NQUVdfSWtBSUIyMGFqMmhNVFZna2tjN3EwTURiRDE4Zy1lZFFjbGtpSkJ4bWk1M1VDRHNodXNZSnFHbzVrT29KWHJ1OTZCR1o2WjlYYThBYVVvS3NnLUNQVGs?oc=5,0.0,neutral
2026-06-29,2026-06-29,VZ,BT Group and Verizon Merge International Enterprise Operations in $4 Billion Joint Venture - TIKR.com,TIKR.com,https://news.google.com/rss/articles/CBMixAFBVV95cUxNRm1wRnYtUU5EU2dKTmRpN0x2RnRicmlyZko3WmwtYlFFaFFwUWtPajJvQ3VjWF9qTTNoZGVtVHJhWFpEWWN0ODUyQlpieWNCbERnVkVqOExpN1RJOE82aVlJWUR5akVCOXdtdERPakwtZVVObWZobE0tX29hcDdvWWtKLVNON2k5dzJjS1ZhWlVLMy03YjBwbFk2SGc2NkdwQ1dLa0w2eVFhdy1ScUtDelZETnFhTmJ2UHp3eDI5R2xocFds?oc=5,0.0,neutral
2026-06-29,2026-06-29,VZ,Verizon (VZ) to create 50-50 BT joint venture and book $700–800M Q2 loss - Stock Titan,Stock Titan,https://news.google.com/rss/articles/CBMiswFBVV95cUxQaDlsQUEtV1hzS3pFMnFaOXU4NTJJS2diSUlvRTVLbU1zQ2xaUzFXTVd4MmRBM09Zb010T20wUnY5NHZsdE1PWVZsbDF4MThrZ1A2Y1Bka2t6V3FVZm84VGsyRlI0UlcyTklVU0JreDRuVUZGaUU4S1E4eTRUYnJ4UUlYaTIwdG04YjJubDhNNzdCdFdldGxXbEMyam5ka3pjTjZqaXMwUEYtQmY5bmxSMDgxQQ?oc=5,-0.0516,negative
2026-06-29,2026-06-29,VZ,Verizon (VZ) Anticipates Losses Amid Business Transformation - GuruFocus,GuruFocus,https://news.google.com/rss/articles/CBMingFBVV95cUxQejRhZzlYVXJ0eXAxSWJ4MGhDbGVxV05ZX3o0SkFWMXVOQmtRV2JYTEdwaGVSNkdENVN1N0FsMXI3MWFaNXU2NXVSS1ZyN2pDOFhTMGJyQnhYd1pCTm9WdHBURFlDZUFUdVRoQnJDLXpBU3dGQlFHZjQ5b2daS3BncHhNU2dYeWlWQkxHRE5iRjlicVk3cmd0OVJYXzdQZw?oc=5,-0.4019,negative
2026-06-29,2026-06-29,VZ,"Verizon reclassifies assets, expects estimated Q2 loss (VZ:NYSE) - Seeking Alpha",Seeking Alpha,https://news.google.com/rss/articles/CBMilgFBVV95cUxPcGltSHF2YnNJc3RfeEV4czlxOWl5eWhkdTNQS1lMUHpxQnZjbWEyQ0J4WjVfUUlaYUp5S05qa2JFVDFGd2VIZlpIZF9yUm81c2VBYzVyY1EtWkc0UzZVWk1rYjF4U2lFUDIzWXQtNGk5V1EzWXhjbkFNQ3ZDaXVqcll2QWNWaEN5clFjdk8zRk5lazRweGc?oc=5,-0.1531,negative
2026-06-29,2026-06-29,VZ,Verizon Flags Up To $800M BT Group JV Hit – Discloses More ‘Ongoing Transformation’ Charges - TradingView,TradingView,https://news.google.com/rss/articles/CBMi4AFBVV95cUxQaS10VjZHSU5qNlVLM2NvdmVfLWJibHYtODVEbnVzbXI1ZUl3NEM3S2JLNHJHSXFKYjB5d0ZVUWxEVUgtbTFRYWQ5bTJabVJ2X1F1UVNSWjktc19KQkxya3JBVGt3SFpBcUZpbFlvRUVRd3YwNWp2bzVZXzRQZUJ2OENfNVM5Q19KRnpwalVqWngwSWdzSVRGemJNME1FUDBBWWhXS2dFN3NNdWwtMm1Nd0o2STNIWXhYX1B1d2s2QUtNS1JBWjBsUUdicVRmelgxbEpMVW1EdWY1eHhRdUNxcg?oc=5,-0.3321,negative
2026-06-29,2026-06-29,VZ,Alphabet Stock Jumps 3%: Google Parent Replaces Verizon in Historic Dow Jones Milestone - Benzinga,Benzinga,https://news.google.com/rss/articles/CBMi1AFBVV95cUxQMTNnR0VmRDB0SzFjblh5dHVOQ2xDRnFqTUhOc1VDOU8td2xzdmt2bHRMREpOLU5vd3JvN1Qwbjd6SkpMdUx5Q1BIRkhteXo0TjFJbVpUSFFDMldzdjF6QmZuSnAwTnpwWXJhTTlLZEVfdmZMaW5EdkJ4NDJSOE8xTGJ5bXlES2JyWEszMkRhd2dybHBEc2xrT0lELXRoNlV1LVBuN3J3RzVKcmo4ZlpVMThOZUJjQ0EtdGJDZTlxN3U3Q0VJOEN0c3BlNXd6U2taOTVsMA?oc=5,0.0,neutral
2026-06-29,2026-06-29,VZ,"Dupree Financial Group LLC Sells 59,762 Shares of Verizon Communications Inc. $VZ - MarketBeat",MarketBeat,https://news.google.com/rss/articles/CBMi1gFBVV95cUxQYWdqYkpiUGZaWlE4eDMtWDFPOGQ3OXdHVk9CdTQ3NzlKSDFPaWNoLVZtOE0wRmlhVFhOeGUxY1JNbmtFSkRzV0pnZXhjYW90LUpWV3dKSzByYU9tSWxpMDJ1MF9UUkNscFZlTXZRSWJsejhkemZIVWdlZ1JpTVFvT3BSMWY3Nm9YOUxBczZIck83WEVPYVJtOVV6RTc3bE9XdW0xSzhFRGRmUEdrLWZtN29wbm9tbXdGb290aDlSRzRoeC1ud01URWdSSlZKbE9HcUdSQmtn?oc=5,0.296,positive
2026-06-29,2026-06-29,VZ,"Verizon and BT merge international networks for 3,000 customers - Stock Titan",Stock Titan,https://news.google.com/rss/articles/CBMiswFBVV95cUxOLUl0czdhQ0lBaEVmbnRjM3BzN2FfajRzWGMzNWpkUWtITXQzRlRZS3IxT0Y5eHhINjJSRVFMRE9rNkI5cG4xb0oydnFYUFFIZ1dHRWJQMHBENUFaeDFBN1NjSnI3UEVlclExbU02cS16aEhFMmdnOGkxaF85ZnA3MzhrUlJ0RERnemFtYVBjNnRaczJkdFMyempGYmFPMkdyNnRpUW81WHJLc1dMMHdJSjFwcw?oc=5,0.0,neutral
2026-06-29,2026-06-29,VZ,Verizon (VZ) and BT Group Form Joint Venture to Enhance Global C - GuruFocus,GuruFocus,https://news.google.com/rss/articles/CBMisgFBVV95cUxOUlZQRXpZeFM2d2w5X3dENUFTS2ZiMG53ZERjN2NkblJtb29qOGdFZXNNU0dvY0VDdC02OG13RENzMW5fSTNVU0hOVkdLR1RrQVJxeVBManI2b0FaVlBSam9qWG8zSkx6NFlXc25WVDBKeWdpNmFXMDJhRjQ0VzNZc2NuQWdlbGZjVDJDbTNJOWJZbUpYaENraTZpdTVPSl91VXB5V3V5Zm1zRnJPdUF0aUlB?oc=5,0.0,neutral
2026-06-29,2026-06-29,VZ,"BT Group, Verizon merge international enterprise units to scale global connectivity (VZ:NYSE) - Seeking Alpha",Seeking Alpha,https://news.google.com/rss/articles/CBMivAFBVV95cUxOQjZHTUV2eUdOR24wVUZTeTVpTXB4QUFIUUU3UkczS1lDQk5qbEdOWVB0V0U0V280RXpuUldRTVVkVi0wbnVxXy05VVlGaGtCQXJRRkwyLWxhZWk1TGx1UnZFeW1DZW5XZG1PRDRlcFBTd3hfcm90aS1zV3VCbEY2UWRlVUt3eHIwOXVoUHp6WldzZGNZeExiRk1FNGl5NFl6c0NDNzMwVjROVDJMaVJRSXFjeGFldncyNWs0Sg?oc=5,0.0,neutral
2026-06-29,2026-06-30,VZ,"Stocks making the biggest moves midday: Comcast, Charter Communications, Rocket Lab, Alphabet, Verizon & more - CNBC",CNBC,https://news.google.com/rss/articles/CBMinwFBVV95cUxOYnpZZDRJNEZjaEZkUjQyQ0dUSnJhclc1M2xpVWxDM2xtdWxabXJScjV2S1RXa3pjZkc1YWpkVTFidDR5Um8wNEx5MDhfZnpUdkt6bFQ5Q29BcmhfaU1ZUHpLbkhaSURCNzlKdDdmSHpBczVIdzM1b2NtTmM5WnB4cTh1ZmJaSDhfSVI3ZENhX1J2WkxrZk8yTHctSkJzQmc?oc=5,0.0,neutral
2026-06-29,2026-06-30,VZ,Why Verizon Fell Today - Yahoo Finance,Yahoo Finance,https://news.google.com/rss/articles/CBMikAFBVV95cUxPdkkxdTIyS2FHd1dBSGRRcldDY3lBT0Vud0dRendTRktvNUNPYW8wZnN5SEdjcGhSdEI5bUNPVFBMYVBwYzk0ZnkxVFA4UmtBZ3JKQlU4RWkwQzE2QzkwRWlNX2M5aml6YWoxWlBhM2Vsel9xcjhJT3RzVEIyV0V3MUtHUGtiT1JjZnd0aG5xeFQ?oc=5,0.0,neutral
2026-06-29,2026-06-30,VZ,"VZ, T, TMUS Shares Under Pressure — SpaceX's Starlink Mobile Service Push Rattles Telecom Stocks - Stocktwits",Stocktwits,https://news.google.com/rss/articles/CBMi7gFBVV95cUxPT3A3aHpjeDBXRE5lR2RURU9xOW9DZEhNQTJLZGhNRDluUHJsSjY4d2hNUlM4MDMwbGJIRDhVXzVKZnYwalltSF9jRlZwTU5wREFmUnFzcTdvbXdaTkswb3ZVelVKa1JxMEVsRVRYTEV6MDlXdFNTWlJOd25oNDR3YUk0MzNJSERZR3pLVWg2ZDVGYWt1WDZmYXZiRG44ZzdUcUtPbzYxMnd6cTZ6WlBZVjVGSlJuREZOTjhpeWNxbEcwQXg2bzZidkhaZHhKcGljcFVvWkl6Q1ZvOUxCOG9pZ2c0VWFfcXZMZXA1Ym9R?oc=5,0.0,neutral
2026-06-29,2026-06-30,VZ,"Telecom Stocks Face Heavy Selling Pressure Monday: Here's Why - AT&T (NYSE:T), Verizon Communications (NY - Benzinga",Benzinga,https://news.google.com/rss/articles/CBMivAFBVV95cUxPZGVLVjcwQ0dfS2pjamFpOEpIZWpxVUdrSVU5cE9RR1lrNWlpMkU2WjZ3RS1Ta0x4ZDNOcXE1eW9MUXdVcE9pd2VzaTg0RUdHQUxDOURXS2F3NWo4a1NTandRRlE2aEEtbVk5dUZiSjF1by1XU0dkRHB0emdydnFqYTRzSFc2RlZMbHg5cFRGSmw5cWNCZzN1ZjJlN294WlhNamFoc2s0dml1Q1FlbDhJTUJjNW1GNzBIa3ItVw?oc=5,-0.296,negative
2026-06-29,2026-06-30,VZ,"Verizon (VZ), BT Create $4 Billion Telecom Venture in International Business Shake-Up - TipRanks",TipRanks,https://news.google.com/rss/articles/CBMisAFBVV95cUxPYU81X3VDZV95cDlKU04ydkVxTzRndVYwN190VGh0RE1MLWVUa2FGQVJodzdHOWotbXdOYy1lT3NBS3RrdkVkNjVscmtJaHpLQjJPUlp6RzJKMjFON244ZWw3TUxSQUo5RnVNMFdlWlJLNjdYbnJKVWtfR3ZlV1FBaDBidEdZLWVKS05kT3FzYzFTcldnU1lGQ3lNTXUxUl9SZnVycjV1VEt3MVhvRnc1Rg?oc=5,0.2732,positive
2026-06-29,2026-06-30,VZ,"Stock Market Today, June 29: Verizon Drops After Dow Removal and BT Group Joint Venture Drives Heavy Selling - Yahoo Finance",Yahoo Finance,https://news.google.com/rss/articles/CBMilgFBVV95cUxOQ1hYN0Y5NmtJdm12WVc1WTRVbE9YRUEyWlBZQnJDSW1PWVI1bjVyMWpoZTYzY1ZmOEZ4NlA0Q0QtQzMxd1lnc1VqdW5jS21YZWpWVjVYdWRBazFPQko1dzFpbXhhazVZd3g3YmE0bFdtOGJCdGtxY2tOZl92MmExeEpKZkc0NGc0V2F1VUlyZlhBR1l3Rnc?oc=5,0.0,neutral
2026-06-29,2026-06-30,VZ,Verizon Flags Up To $800M BT Group JV Hit – Discloses More ‘Ongoing Transformation’ Charges - Yahoo Finance,Yahoo Finance,https://news.google.com/rss/articles/CBMilwFBVV95cUxOaWYyM2RfdkY4UkoteUpjX3p3LWdkTGo1dlE5SGU2bVZZdXdqOTFHVDZjMExRSmI4SUZ4NVRuOTVhenUtdlk0bzQ3QkgzV3VhaDJxNTNyWXZOd2lNZEJscURYRzZSMUprTUdMSE4yZTY0Wm9pSGw0YVJIcUZHa3NsTklSZWNwdERQV2NvVzVJWF9LYng1bmFv?oc=5,-0.3321,negative
2026-06-29,2026-06-30,VZ,Verizon Slides as Dow Exit and New Q2 Charges Weigh on Shares - Quiver Quantitative,Quiver Quantitative,https://news.google.com/rss/articles/CBMimgFBVV95cUxPUTJwWlJsMzlMUTV0bUVWdkI0elYzU3VlVFhpS0hQVkVRTVdiQmp6c1o0Uzk0dmFqWllISkVOVGZ2RzlIRWNEcGJXWXNXVEZkX3BYVEphUE9VaUdUbU5iMVlLeHliSlROZW1hXzE5YWotc0xud2tFekhSeWNmd1JPQjBYOFZndzJFRnJjb0U1ZUt6NVMzMTA4SDFR?oc=5,0.0258,neutral
2026-06-29,2026-06-30,VZ,Verizon Communications Inc (VZ) Stock Down 5.2% but Still Overva - GuruFocus,GuruFocus,https://news.google.com/rss/articles/CBMiugFBVV95cUxNM21lMlF6d2dZdWlJVi04S0g5dGZGM0R2LVJjeXB5VHQzdVV5N2otOUFxcFQxdUptdjlURFdVa3RXOWhlSlhyYzI1ZlpqTm5nOVJTTWpuRGpabjZPX3ZrSDJtQzVKdDZXQzlQNG1LV1J4MkxlcExMbjlSaGNwcnZSVDJIYm9Zd1VqSk55aXRLUmhVbV9WOFpQZnlaUWVVdG9wNExYdGNxZ2hPNjl5bjJmcVFoM1pwaVNtZHc?oc=5,0.0,neutral
2026-06-29,2026-06-30,VZ,Verizon Communications Inc Stock (VZ) Moved Down by 5.61% on Jun 29: A Full Analysis - TradingKey,TradingKey,https://news.google.com/rss/articles/CBMiiAFBVV95cUxPQnpxWjdMTXJ1OWpfZ0ozVDB5WFpET2VKS0lXZ2xtb0VRR2NUelNQZ0w4bXRMaEpLM001TjY5T0N6RVpTNTN6Sk9LZ04xdU1nU2VLS1dLOEdPR3lxbWpuNFNqUXZEcFJ3UkdLM2RtQWh2R0lxeG9DV0tFTnpTLTF5bldpaE9DQldZ?oc=5,0.0,neutral
2026-06-29,2026-06-30,VZ,Why is Verizon stock sliding today? - Investing.com,Investing.com,https://news.google.com/rss/articles/CBMinAFBVV95cUxON1NjWVJPQUphdEZQemNBd2RBUUw0SGh3M25aNEtzeWdCak5GbGtoV2J5dmhlZXEwU0FMcGM3V2NfTFFPVEk2bXowV0c2b0RHb0dzdkRyNk82d0cxWHpHY1ZsYmM4MzJZdE5scUJ0Y1lGQllCdHJCZno5aGdUUzkxdTJYLWFPQ2VFTUgzblVBbU5ZNGtLZ0dVVXZMMkE?oc=5,0.0,neutral
2026-06-29,2026-06-30,VZ,"Verizon (VZ), AT&T (T), and T-Mobile (TMUS) Stocks Slip on Starlink Mobile Threat - Barron's",Barron's,https://news.google.com/rss/articles/CBMigAFBVV95cUxNX3prei1XZWtWTG5BVWg2eVY2N0w3aU02VEhJcWdOVmpkYzRLODRFaFdmSE1vUlNmdV9NZDVaLWJxM0NyczFJZUhYdzRJUVhpZlh3YlRXQ2VzblA1SE5HWE4xTXJGWVdXSmpEYjdET2ZMSDNzUHJhX2R6MW5kX0ljYg?oc=5,-0.5267,negative
2026-06-29,2026-06-30,VZ,"Stock Market Today, June 29: Verizon Drops After Dow Removal and BT Group Joint Venture Drives Heavy Selling - The Motley Fool",The Motley Fool,https://news.google.com/rss/articles/CBMi-wFBVV95cUxOZkZIMHllWmpIVm8zRmF6dDNRWWpMQlRxc1MyZ1RHY0xyMUJlanQ3Y1U0T0JkY2xIZjhZZ2czeWpUdWVVNHhCSnNzN3BuY3lkSzh2RmhsbjN3SlZCblhBb2RHcHBELTE4UElRN1dEb3VKYXdhSGVwR213YXcwaGNZUVVzaW1waFpxcWhaa2J3QWhiSzVMNElpU1hqZEtFQTJPc2dNVktIQnp4bEdXV3lHVm0zdXRpZUdNU2YzOFB0T3RKQmwxUm5sdTNoa3BEUjJKVHFIYXVzbThQbUNGQkJDYjMyaG9yT1dWa3hONUFmRGlLMUNWRXhkVHFZQQ?oc=5,-0.4404,negative
2026-06-29,2026-07-01,VZ,"Biggest stock movers Monday: CMCSA, VZ, MU, IRDM, and more - Seeking Alpha",Seeking Alpha,https://news.google.com/rss/articles/CBMiigFBVV95cUxOelJpUW0tTHdmNXg3cUJIZlF3YWl4TkcyQ2N4V3hjQlIyUndwbEZublZOcmUwRmpqVk9PT0RuRVBtOWxtVHdob1ZjMnI4aXozbGtjOVg3MFcyRld3Q0VaRUZzTDdNNzZfdzNLLXI4Z1lZVHcxWndQaUtaYWFucHhPNHFGbUNBTmswZEE?oc=5,0.0,neutral
2026-06-29,2026-07-01,VZ,"VZ, T, TMUS Shares Under Pressure — SpaceX's Starlink Mobile Service Push Rattles Telecom Stocks - TradingView",TradingView,https://news.google.com/rss/articles/CBMi6AFBVV95cUxOOUxfWm05dHN0RGMxcjF5MXMyV1loR01ZVnVxdzh3NFdkX1ZrbnRTYW9hR05lSkhSZ09BTWt0ZzhIM3UtcjRQT0l5WnNidXU5VHVoTVpiWC1uR3NtNmhSMmZodWVzZk9uQUc3U2ZMckZvWUFxM1U3UXJnbHdZcWt5Y1RHZTluaERnbkRtTmJoWktpQmtGX3Z1VkFiVmZuai0yckpnSzVXYnM2UndhUmdyazBwZVpWa3BsT0NGWVV6SUFCWlljODJneURqSVljUTM0MEd2WmJoaHJ6bXBXUXhrMTlWNzE4N2ww?oc=5,0.0,neutral
2026-06-29,2026-07-01,VZ,"Verizon Just Got Kicked Out of the Dow, but Its 6% Dividend Yield Still Looks Solid - Barron's",Barron's,https://news.google.com/rss/articles/CBMif0FVX3lxTE5FRnRLYjBMWXhHcWhpZ3BCLUNqWC1pSDJWTmVpRmYtWnY5dGNXSFl6bnpDY0pwTDhTUVhFUHl3VC1VOEY3WkJsczNVZjZaanN4TjB4RVkwNzZwNTNzMXdWclRxSmlMNlM5T0E5dHVkeVNTVXBYVWVHLUY4TzhKYUU?oc=5,0.2263,positive
2026-06-29,2026-07-02,VZ,Why Verizon (VZ) Shares Are Trading Lower Today - TradingView,TradingView,https://news.google.com/rss/articles/CBMiqgFBVV95cUxOODVGTDBkWGRVbW9RYkJybU5kWHcwWG10RERPaFNHQmlKeGpOZjNmMkNfWHB5UmRjdWtyLVNJOUM2aW5TbXQ0SFcxUDNtcUJOaU5vZmllUzNHWTJxaU1lc2tXanpRbnpRV0l1aWNBc0tYS2ltNGNKQ181djJUSm00TzhPUG9ta3hOQTFBWHg4eGw4dzVIUGlwQWg5V0dPVnk2M242WkZiWXg0QQ?oc=5,0.0,neutral
2026-06-29,2026-07-08,VZ,Why Verizon (VZ) Shares Are Trading Lower Today - Yahoo Finance,Yahoo Finance,https://news.google.com/rss/articles/CBMimgFBVV95cUxQLTdMUmlYQVpKV3FxOFpkc1EtV3ZhR2FxOHJwWDh1RE9NX25UTFNmdmprRFA0Ni1Kd3ZlRFd4ZWVvWkVESEJuV3Rfb3B3UHUxWnZuVlY3and4OERjbnNLMlpWa3ppNnpPSklDVzczM1VQTjBlSGZGdTZROUQxUC1CMGhOMzZSakxWazlNdDJTeG5WZjRPZkV2Z3h3?oc=5,0.0,neutral
2026-06-30,2026-06-30,VZ,Why Verizon (VZ) Shares Are Trading Lower Today - Yahoo Finance,Yahoo Finance,https://news.google.com/rss/articles/CBMimgFBVV95cUxQLTdMUmlYQVpKV3FxOFpkc1EtV3ZhR2FxOHJwWDh1RE9NX25UTFNmdmprRFA0Ni1Kd3ZlRFd4ZWVvWkVESEJuV3Rfb3B3UHUxWnZuVlY3and4OERjbnNLMlpWa3ppNnpPSklDVzczM1VQTjBlSGZGdTZROUQxUC1CMGhOMzZSakxWazlNdDJTeG5WZjRPZkV2Z3h3?oc=5,0.0,neutral
2026-06-30,2026-06-30,VZ,"Verizon Just Got Kicked Out of the Dow, but Its 6% Dividend Yield Still Looks Solid - Barron's",Barron's,https://news.google.com/rss/articles/CBMif0FVX3lxTE5FRnRLYjBMWXhHcWhpZ3BCLUNqWC1pSDJWTmVpRmYtWnY5dGNXSFl6bnpDY0pwTDhTUVhFUHl3VC1VOEY3WkJsczNVZjZaanN4TjB4RVkwNzZwNTNzMXdWclRxSmlMNlM5T0E5dHVkeVNTVXBYVWVHLUY4TzhKYUU?oc=5,0.2263,positive
2026-06-30,2026-06-30,VZ,Verizon Fell 6% Today. Here’s How Much the Stock Could Rise in 2026 - TIKR.com,TIKR.com,https://news.google.com/rss/articles/CBMilAFBVV95cUxONzVfOWJYLU1GSWE0aGhiU29FM2gxcFZVUXU3V18wNzlJa3Fqd3VqWHV1SUVoYnZjenhiQ3lHSWVTWk5nbHY4NjFZSG5SNHRDSHQtbTl6cGdHdjBuMzdzVDI3bzZrQTQ3NkZLV0FpZ0RQbUxuY25tX2FkRUp1T25pZzU5SHNYNDJoUE5ETE1pZ0d1OHV4?oc=5,0.0,neutral
2026-06-30,2026-06-30,VZ,Verizon Communications Inc. $VZ Shares Sold by Forum Financial Management LP - MarketBeat,MarketBeat,https://news.google.com/rss/articles/CBMi0AFBVV95cUxObmY4elFGQzlZUTZCQTJTU0N1OEUxUE9nTlFoUUpjNXVVWTdhMm9qQmNJVjVLTW9LNElsYURrUWNtYVFlOWJRaEF0WHExR1RkVU9xempWNGRPVGNrY2NvVnJfV2VObDUxYmViX3NZeEsxSXRsRlRDeXZ5bncxbExmeVktazl6dElMMVVRX1R4YXN1V19vV1ZzTWhjbXFlVmx1WnVsU2xmWUtWUUJ5b08tYlFQZmFleE1keHF0T0o1OWkzbVM3Ml9icHNVZnpDZXVf?oc=5,0.296,positive
2026-06-30,2026-06-30,VZ,"Alphabet joins Dow Jones Industrial Average, replacing Verizon - qz.com",qz.com,https://news.google.com/rss/articles/CBMifkFVX3lxTE05QlF3a0dmMDE3Y0JWdF9EbXgzeUxPMGM0dGxnRzFiZkgwUmdTZnl2UnNrRVpTbmZLSmYwWGhiUDFGQWRENXNEZU9zd0Nwb3NRU252NUs1NWlQTWNTMnZLcnd3UEU2QlJuelIwb01kQ3I1WEFFcDhOTGtmcC14UQ?oc=5,0.0,neutral
2026-06-30,2026-06-30,VZ,Alphabet Just Replaced Verizon in the Dow. Could Nike Be the Next Dow Stock to Be Deleted? - The Motley Fool,The Motley Fool,https://news.google.com/rss/articles/CBMilgFBVV95cUxONkJYVTNLWWY3Tm8xYmRkU0pzMVlEMEZwTk42OGw3OTlsemp0Y3BlNW1feUpPYXJkQUM3RUhFUnp1eXBIUmQxSGh1eG5lWkwwbzd1aVhCQ3N1RVN3bGRVbWxWMGJwWTEyeEtOOERNUmllUjFDQUM4TWx5dVJuYkFpanZQay1QWVFpc3otZzZyQVNxWlM2QWc?oc=5,-0.4404,negative
2026-06-30,2026-06-30,VZ,Verizon Communications Inc. $VZ Shares Purchased by Lansforsakringar Fondforvaltning AB publ - MarketBeat,MarketBeat,https://news.google.com/rss/articles/CBMi5gFBVV95cUxQdjdKakJ5a1h5NHFhc0JFMl90am1YVmRWSGxRWEhRQ0kxQmNpLWJYVGtpeGp3SjRaQnlDbGljTnlfQkE5bGlsUVprSmNiTElhcWRIMmlZSlo5cGNTNldWRHJtbXdaS0JhMkxFLXlMU0hmSHh3TXBaR2lhRnJJbGltOUE4ZW1pbm5za3ZQdDBOQURpeHYtTnZJbjlLcVI0eXRXV3BHTkg2WVo4ekdRQVhxOVlqOGdaUmloQkRoVDVzcFdWWllaOU1OQzFSaVJsa0hEcWczcWtTU3dMXzBTMDA0XzE2VnRuQQ?oc=5,0.296,positive
2026-06-30,2026-07-01,VZ,Verizon Gets Booted From the Dow Jones Industrial Average. Is the Stock in Trouble? - The Motley Fool,The Motley Fool,https://news.google.com/rss/articles/CBMimAFBVV95cUxOdjRlekNObEZVVVFKTk9xcGtIcFBRcVdQQ1lGaDVycUNKQ2l5QjUydXNjMEtLOWhsMWU4T0RfaGxyeDZVUTlGNGdnR0Z4UWtBQU5qMzNndXVTc3F3QUcwWHhETUpGb3hjR2kwQ3hyS29WNWl2Q0NIZTJ4RmFwdjBxRUpjQ1doS1l3UWxaeFkyaHRldnllZ1FrUg?oc=5,-0.6808,negative
2026-06-30,2026-07-01,VZ,Why Is Verizon Stock Falling Tuesday? - Benzinga,Benzinga,https://news.google.com/rss/articles/CBMimgFBVV95cUxPSVowRkR2S094SEZDaWo0X2NRWGZlWjJuRmxiZmhrOXNwTGUtRF8zdUJxb1BIazhGZFNsUHBYZFRHWHk4LXQ1Szd5LUhIWWV1OE91VGY5NS1ON2dlZG1tUkRETHJEaVZVWFZ5V3FfdnUzSURnd3FTUnFmcVNLSUV3akhsMi13aEFmNXVKa3FneTU2b0c1XzU1YjVR?oc=5,-0.1531,negative
2026-06-30,2026-07-01,VZ,Verizon Communications (VZ) Stock Slides as Market Rises: Facts to Know Before You Trade - Yahoo Finance,Yahoo Finance,https://news.google.com/rss/articles/CBMipgFBVV95cUxPYWZNZnpjVGVIWUpwRGFFY3U2bWdVaGJheHBMekpIOFZ2ZXNaR2xrLXdfVEJOOEpQMl9sbnRLU09SV1JMeDg1QnFVV1dvaUV1dFpRc0o3WXBiZVc1Qk42QVBkUG4yUzJnZzhvdkhQdkJ3LV9USnBsTXZIU19BR3dPdXROOWdlTkFvbXpxWXhoX2N1VjhubXBNbWJWMkp2SDlVbHFBWWVR?oc=5,0.0,neutral
2026-06-30,2026-07-01,VZ,"Why Verizon, AT&T, and T-Mobile Stocks Are Tumbling Again Today - Barron's",Barron's,https://news.google.com/rss/articles/CBMigwFBVV95cUxQcUtKaDl1NG1DeE05RnpJWFBqT3kxN29kSmZab25IaGliWUFkNU9xTlFSRXZITTVWYWNtelVjUF9MVFNhcnkyVVp4Z0pDRXFOTHJUX0pqYlVkT08xUDZvdWRveVRCMEZCZzhZZXVlazVDR3MzT25iRnBqRkpUN2NTSGp5aw?oc=5,0.0,neutral
2026-06-30,2026-07-01,VZ,Verizon Communications (NYSE:VZ) Stock Price Down 3.9% - Time to Sell? - MarketBeat,MarketBeat,https://news.google.com/rss/articles/CBMitwFBVV95cUxQN0xOekl5T0gxNG1lSzU3SG9XT2tNZVFHRzdoZEJwa0ZqM0VYb0hrazEweDloYzMtMmpVcTBmX2dIWGFnRjVxU1BkejdaV01qS2JtY2VKcGdBb3ZMUjZiaUp6emF5Z1NBVDFJdnpVYTF6bk9oaVEzeDVfOGdjN1p3d2ZnaGR1azBiRnZHY2RCY1FxbzN1Rkh0aWQ4aThzT3E1NzJpVjZHQjlGZFg2emtYdkVsdUNTMFk?oc=5,0.0,neutral
2026-06-30,2026-07-01,VZ,"Stock Market Today, June 30: Verizon Falls as Investors Weigh Dow Removal and BT Venture Costs - The Motley Fool",The Motley Fool,https://news.google.com/rss/articles/CBMi0AFBVV95cUxPejR5UDl3RW5YWW55akR2eGxpdWt4R0JWam5jMmJZeExyZWhkNVphSGlzajNBbjJJVnFSN3U1RG1BY3FSTUdpbmh2OU5iWnpVNnlQUWVJSG12djB1d0E5bnliY3M4UFlQQ1BtREpOWTh0cC1VWXU1TENZS2xaRGtISWFDWk12a2s5ZUxGY1hhSnU5THJZNmdYQUdfSmd5cFRWV21zcXUzaWVVRkp3dEVRN1UzM0RaWDNzRmpTUXdjVWtuSUNRTFE5eXNuakh5Z0Fn?oc=5,-0.4404,negative
2026-06-30,2026-07-01,VZ,"Stock Market Today, June 30: Verizon Falls as Investors Weigh Dow Removal and BT Venture Costs - Yahoo Finance",Yahoo Finance,https://news.google.com/rss/articles/CBMilgFBVV95cUxOOGhLaGIxWm43Mnc1c2NSbVhxeVJKYXAyX2ZDX2FaRUJSUHo3Mjk5b1R3ZHdsd1piR09jaEJHaVk3eEgwTWhzc3l4cGZGX0FZWnRPc0NLVF93b1R0TDRVZjhkbmlmaFNHa295VVdCSWpSYkFYNTd1NkZXZ09rZC00NnRZeW51U1FkMWlOWEdaNk8yTnJYeEE?oc=5,0.0,neutral
2026-06-30,2026-07-01,VZ,VZ Stock Alert: What to Know About Verizon's International Joint Venture - Yahoo Finance,Yahoo Finance,https://news.google.com/rss/articles/CBMimAFBVV95cUxNQkhrRWtwUzIwSkg0UWR1TjRMbVVJbDY3V3hKOThVdHBJcHotTmxNZ0otR2lCZE44aTBkSEdaVzA4TmFlSzFmMTlnc3JKajV5LXhpaXlObVVOSWVsU0I0bEY0QkpMU0tKYUZMZEFiNXloTk16Y2xsdjlISWlFQjRzai1lcTc0VHJ3VW1KXzRHZnZ5ekkyZGhMRg?oc=5,0.296,positive
2026-06-30,2026-07-01,VZ,Verizon Communications Inc Stock (VZ) Moved Down by 3.07% on Jun 30: A Full Analysis - TradingKey,TradingKey,https://news.google.com/rss/articles/CBMiiAFBVV95cUxPWUlidkFld194SWVEc2FjdmJTU0ZmaHFvaHRoQkVzbUhkRXJDOVFKOEZDNUZaamtLRGJwUFNwTFFrOEl0WnB5cDl4RVo5VWYtdHQ4ZktNZnQ5clBocW40N25TUWdEekI4eW82NW5WVTQ4Mm1COFVaWm5XSnNDdWcwXy15N2JYbHJj?oc=5,0.0,neutral
2026-06-30,2026-07-03,VZ,VZ Stock Alert: What to Know About Verizon's International Joint Venture - Barchart.com,Barchart.com,https://news.google.com/rss/articles/CBMitgFBVV95cUxNRlRkYXJTWGRxbDRVYWRqWTBhMloxdmRza3VySlYyWWhhZ3NyVDMycUpDSWpaM1RxcjJvbTZzZkVFM1hMU0s4Rl9CTnBTVWRvOEN3cUc3QTl5MlBPQzZaQ2RmM0VfY1JlTW9FOUExS2U3aFktZjhuT0dVZXhKWHVwMVVsRklQUWhOM3BQOEZjWFpvcEVqQnZoZnIya0ZmcnF5VmNRMmZPSWpTRURkeFhhNld5ek41dw?oc=5,0.296,positive
2026-06-30,2026-07-06,VZ,Verizon Gets Booted From the Dow Jones Industrial Average. Is the Stock in Trouble? - Yahoo Finance,Yahoo Finance,https://news.google.com/rss/articles/CBMimgFBVV95cUxPZzBsNkJsMTg0UnNXdjVFSElWOGpubEU1S3dFUGpieUdwU3FiempvVkdUUUsxZkwtSnhLYlJlNTdMbmw1WXo3X0tkdWYzZThTdVFsWkJZNnRuQ3hxTHk2VVctdXJobTBxTzAyZ0JyZGplaTVFNWh5WU9KSHZjNWV0YXBOYkp6SnhHQ2FSZ2stNlBzazBpOWZkOHF3?oc=5,-0.4019,negative
2026-07-01,2026-07-01,VZ,Verizon Communications Inc. $VZ Shares Acquired by USS Investment Management Ltd - MarketBeat,MarketBeat,https://news.google.com/rss/articles/CBMi1gFBVV95cUxNNDMxOTM2ZkpWZkp0dlp1Nmt6azBpdWpUalJxNDNiX3hHWUhvRktSQ25kdVJnb0NPNzktdnhjWXJQTnE2MEZjeHk4T1FjMjlnVzAxQ3ZaYTZaUllnOWZzTkI0SndfRFhQeGkwc2w0UUhLSDIzY2YxZkVKYW55UE5qbkpVb1RjdklXcnhtQU9TM1dPeXROeEdRZzFPY0REaUVuaERIQmp5TFVKbl9VRDNPOXFiVThfTmN4ZVByQ0lSTzhQZ2FjQ0RWTkRla1NMUkNBZ3E4Q0V3?oc=5,0.296,positive
2026-07-01,2026-07-01,VZ,Verizon (VZ) Stock Looks Cheap On Earnings But Weak On Execution - Yahoo Finance,Yahoo Finance,https://news.google.com/rss/articles/CBMimAFBVV95cUxNaks4VFBHNndkT2xoZ2dkRExGRF9BekkteE9HYk5wSml1cDVfVXZEN0IxZEpOendqcl9FaDB5X3pqWWlZZWZORjFaZHZfaFZKVFhGM3pGNzlyc0NsSTl3YUFaNzJhcjE1czVoNFpLLVFOUUdacVI4ZHZjSHRKQ0k1Sl9QWDhzbGRBYjRjWGwtZTdMMHA3eHlUQg?oc=5,-0.5927,negative
2026-07-01,2026-07-01,VZ,IFM Investors Pty Ltd Increases Stake in Verizon Communications Inc. $VZ - MarketBeat,MarketBeat,https://news.google.com/rss/articles/CBMiywFBVV95cUxQTmZOdjk2eDd4dXVscFZGUDNlb1Q5ZWlSeHBXbDdHa0N4TGtYbGVZdnZ5OG5KU2h4TGxic2JQUGswRVJ1WmtDVkZ4RUE3OVpwUTNwbnRLYlh4enBnM1UxdmZNNkNVRGtxNXFLdkZFNkp3VGlQNzFmSzBjc3c0d2FVQXBmUm5NWm5MR2NXSC1pMHNoN1dBMmFWVlhHeEY5NkV1NmpzbC1QRUp0NU9oME93STVFSWxuQk80OUxFWUNGLWVMVU5ETWpiN2taVQ?oc=5,0.0,neutral
2026-07-01,2026-07-02,VZ,Verizon (VZ) Sees Severance Charge from Headcount Reductions - Yahoo Finance,Yahoo Finance,https://news.google.com/rss/articles/CBMingFBVV95cUxNYnpFTjQ3MWNLR1I2RlByclBPQlRxZlRDYlM2VUNYQWpZU2Z0S3hqNl80bUZNamxkSHVqMnprVXVic1J2djBUalptNGhBbTZTWVZJd3g0MkI2OFJRaDVvaUNvc2VxTXlhb3NJMXlUS3NkckhHbnZFdWlRenpNVm5zQ0ZiZWU0cTU1RzVIdWpoS3V3aTE0NWlDTUNCZjNiQQ?oc=5,0.0,neutral
2026-07-01,2026-07-02,VZ,Can Verizon's Global Connectivity Expansion With BT Aid the Stock? - Yahoo Finance,Yahoo Finance,https://news.google.com/rss/articles/CBMiqgFBVV95cUxQQUVTQWk3anlQYmxUa2dCZEJGSFAzZ3MwNzBmd0RzRmdtd2N2eTk1MVFpWTZ4ZW9SZnc4ZXBraXJtdzBNZEFxYVlib242dTZrZkZXdDlPcHJCb2hXVGtFN0tMTmpHQ0tjSGRFSm5EeWhEaFVEN05pS2t6aDJlZUl3bHdxYTdnY0FkS0Iwc25UWDZzNExxSnBBdFBtblB2MEFwSktSVXpzQ0xYZw?oc=5,0.0,neutral
2026-07-01,2026-07-02,VZ,Verizon (VZ) Stock Still Looks Cheap As Dow Exit Raises Questions - simplywall.st,simplywall.st,https://news.google.com/rss/articles/CBMi0gFBVV95cUxQclc1dkVuM0IxUU5VbTAySlVyby1zdkphY1BPQWxPNzd4SmUyYkw0LWJUV2dQUC1qcWN3SDFyOVVPOVZmSHhlanF0dmxHTWNUY3pudXpsQUt2ZVlnT19YTEloazJDRU9saGR2VGlkNkNFVW5mRkdCMEFBbU5TWVJsMThodC0yZ1I1bnNQQlh6d2JhdXpsVjY5bTlBN1NKT1J6VHc4WjN3VFR1U19QNjhUb1dpY2cwY3l4am1LRTNwYTdlWFlBR3JKNUc1eEpSR2pQV1HSAdcBQVVfeXFMUFRtR3lBV2JrYVhObWtVMHJTSUxMeTlfMWo4cGRJM0J5Q2pjcUhSZEtaQmRSWG5xNi1nbzQ1dk5IUWI0VHVEY0UxX3BhQmV6Ym5hNlBLUWJYYnZoQ2FHa3dpVmtCb0lHQTdyRHdrbk54TWtFTHRGWTg0YWx4b21XbWFaTXViaFVuMFNkLURhMF9BbHY5RTVkTWgxMWdHdU5naUs5eVhiMXZfU2F3N0pSQmFnNC0tWndIX2hLWlo1TmRuZXJJbGJPcEdDbm1sN19RUW5oQ0JfeEk?oc=5,0.0,neutral
2026-07-02,2026-07-02,VZ,"VZ, T, TMUS Shares Under Pressure — SpaceX's Starlink Mobile Service Push Rattles Telecom Stocks - Stocktwits",Stocktwits,https://news.google.com/rss/articles/CBMi7gFBVV95cUxPT3A3aHpjeDBXRE5lR2RURU9xOW9DZEhNQTJLZGhNRDluUHJsSjY4d2hNUlM4MDMwbGJIRDhVXzVKZnYwalltSF9jRlZwTU5wREFmUnFzcTdvbXdaTkswb3ZVelVKa1JxMEVsRVRYTEV6MDlXdFNTWlJOd25oNDR3YUk0MzNJSERZR3pLVWg2ZDVGYWt1WDZmYXZiRG44ZzdUcUtPbzYxMnd6cTZ6WlBZVjVGSlJuREZOTjhpeWNxbEcwQXg2bzZidkhaZHhKcGljcFVvWkl6Q1ZvOUxCOG9pZ2c0VWFfcXZMZXA1Ym9R?oc=5,0.0,neutral
2026-07-02,2026-07-02,VZ,Verizon Stock Leads High Yield Picks For A Higher Rate World - simplywall.st,simplywall.st,https://news.google.com/rss/articles/CBMi0gFBVV95cUxNREZrNmlaMGFneEdxZWNnX0JacGVYQ1hnYTcxaXVNY1NRY0NhSjJpLWczbHdlajhET2hNaEZuazBWY0VZSEFJY2wtOGtPT1BHazI3SGVGUlJUR0NoNFZ6bWZwUDZCdzh0VG96V2FWMkg5RXI5akNCS0JweGVZVmo3OVFRSzJDTEZLdjQtbUdZbFlwNVNsUVJ2Wk5IY3RQNVN6UDVuTFhEenF1MkVxY0dEb2ExLUR0S0RiNDFzbnJqUzhaNl80RXRDcEVoM0I0bVo1QmfSAdcBQVVfeXFMUGp0dm5rZ1ZOV3hkNkVMbDRER2hGMVJ6SFJoT2FFRi1fQkhaUGhWQlR5cjlicW15RUJ2MzNLSHotR2JhX3l6Rml2V0o3Tmt6LTFXcS15c0kyRzgyUzVBLTNBYkpZNFFicTlxQVBnemlsbnM2RDVIM2dVTkd3enpZOFZUVWhDeGhMRE9xUnFvU3ZDNUxNN29EZWVrSWNza1BpZWd0V0RscnhmTUxMSWVYaF9GZWlxQXotdDctaHpOSmdDODlrTFVrb0V5WW9kTDhGeG9nSG1YLTg?oc=5,0.0,neutral
2026-07-02,2026-07-02,VZ,Better High-Yield Dividend Stock: Verizon or AT&T? - The Motley Fool,The Motley Fool,https://news.google.com/rss/articles/CBMilAFBVV95cUxPTVd4R1lIZWZqVDBCV0dsSm9sc0J3RnpwdTIxdkRqZC1CbERIeTl1MlhoMVNwYXhNWllobXZXSEh4NHNiNUpyVWstbkQ4d1RwdGtuOGVwZU5XU1VhZ1poX2Vxc1o1UENUdXVoam5Pb25sOTQ3NzNwb2JEbmYyX0dBN2t4bkVwa0l3SnEzMVRIem9FRnpl?oc=5,0.0,neutral
2026-07-02,2026-07-02,VZ,Better High-Yield Dividend Stock: Verizon or AT&T? - Yahoo Finance,Yahoo Finance,https://news.google.com/rss/articles/CBMingFBVV95cUxNUkVfdncwNkFxcDRYUzY2bTJzQnA2a2NVSGtRT2ZzOWlTdlNvX21paDRINnA0OWx2eEYybHcxa0tpZl9VU29CblJzaWh2RjdSamxWYUcyTmhxMGE0cHFsUGVGenRXOFJEY3FzUElSYm9rYjVoWlZha3Q2eDA1WTlDeVlDcEc2U1N3QjRvVFdoS2xHUFFMWjNlbGszaktiUQ?oc=5,0.4404,positive
2026-07-02,2026-07-02,VZ,Verizon (VZ) Forms $4 Billion BT Venture For Global Enterprise Customers - Yahoo Finance,Yahoo Finance,https://news.google.com/rss/articles/CBMilgFBVV95cUxQM3pEUkF5M1BHVjlEbHQtZ2g3SXRRMjQ3RG1YMm8wUFFZS1hVM2dTRjZCNnk0SW9FTDJ3LUxQTVM2RDhiZ3lFeDFCWE90WlJSN0FsY2d6ZDVQQUFxSEdWWXREX2NMZEhMOURfX0JmaVlCTXRXWXJKcWE0WDRKQTlPekRaWUNlYjNiVUFqWWstQWpMbnJha0E?oc=5,0.0,neutral
2026-07-02,2026-07-03,VZ,What's Driving Verizon Stock Thursday After Dow Jones Exit? - Benzinga,Benzinga,https://news.google.com/rss/articles/CBMiugFBVV95cUxPb2xqQ18weHhtRXJwYW9zWExjRTIzOFZqZGRPRk9pdE9QY1QybHlpX1hoOFQ3akt6NEFFY2J1WHhaUVlyUXBLLVJTZjNpQmRVcTg2N3ltQ0lpNjJCcHdCb3ktZ3N5b18yVXNMd1N3WHg4U0VQb0xKLWYyNE1lMWJ4czY5WTZWbjFycE5UcFdQTmxnOThGTTVPeWZDLVY3dXRYWlVqWnowN0Y0dlBWcDF0YXRpUUNnVC12WVE?oc=5,0.0,neutral
2026-07-02,2026-07-03,VZ,SpaceX panic sends AT&T stock to its worst week in years - MarketWatch,MarketWatch,https://news.google.com/rss/articles/CBMiugFBVV95cUxQV1FYNlBtSnhtZFlhNDVCdVdsLW5OX3BWLU4tYnloNXRhakhPSHBQYmp2TXNXZXM2QWhtcXlqVjk0Sm9oS1hxel9wTjlTRHJHSHRKc0dYOXhQYThBTjltY0tET1pwbUVnS25vZzdDZHNDQjhINkRtRy1vVEJkbjB1VDRHVW9zbC1qU0NyNzNEOU8tckNRUTYyQkRPUldtNGNMemJEMF9nVE9UellGM2xvOFhiVmVTREJPd0E?oc=5,-0.8126,negative
2026-07-02,2026-07-03,VZ,AT&T Stock: A Bad Week Just Keeps Getting Worse - Barron's,Barron's,https://news.google.com/rss/articles/CBMihwFBVV95cUxNZG0xRkRxeENNNG5ycVhZRi1tdHhzNVpNQjI5OWx1LTU4cklVcWZFQ0N5SldneEFfcU5xblhGMU9mLXRZQjNBbkZBSEdoT2N3Mm1wdmhPNUZvOS1KVHNKZEh3YkQ3OUlSTXRlaXFyNE91MEZYc3pFRDJIT20zQ2QxTjdLenduUTg?oc=5,-0.765,negative
2026-07-02,2026-07-06,VZ,Is Verizon Communications Inc. (VZ) Stock Positioned for Growth After $4B International Enterprise Partnership? - Yahoo Finance,Yahoo Finance,https://news.google.com/rss/articles/CBMiogFBVV95cUxNdll4aW5rajdIUFJ3b2VMeHg3OE5fR0lhU0ZmRlVPblo5Zm9PRXJYVU9IOHg2Z2JrcWdCVE05ZUZjVkxYd3VwbmdPQ3ZKVHQ1cjdxNHJRbGZRejZfVmFfU0VIalR2NkdJd29TeDdocmNaLVRGc3ZxSGZCS21Hc3F2NDBZdXBaWk9TNVVPVjdsUy1PbzdZZnFGWG5JTHZ6dFhSMGc?oc=5,0.3818,positive
2026-07-03,2026-07-03,VZ,Verizon Hits 20 Years of Dividend Increases: Here’s Where Shares Could Go in 2026 - TIKR.com,TIKR.com,https://news.google.com/rss/articles/CBMiqAFBVV95cUxNd3lfXzBKSHhZTk9rU2plRnhkeGFwR3VackwwRkxmM2l0WDRPamlXaTVpR1p4TXlKd1NpNmQ1VW1kWmhIbzN4emJ5NFF1TEJFS2JmNTIycjBVRnZDQ19UUWVGSF9XQ2gzSnZhUFdvRjI3c0FEU2xjSmQxSDhPbV8tc0o1aHowaUxIdWtabkp5Ump6ZTA3eHdFMTVmdVd4Wi1HMXpGQUNjZTk?oc=5,0.296,positive
2026-07-03,2026-07-03,VZ,Strs Ohio Reduces Position in Verizon Communications Inc. $VZ - MarketBeat,MarketBeat,https://news.google.com/rss/articles/CBMivAFBVV95cUxNSTVYMEJTTFNCZktWQmIxOThFcldRTmxwenNGZWxnYlV3T1NVMWc0TTd6NGtXTlVwcnhiNmxKQzNVTlM1d3B0SmNGZ2JJblpUeGVUU1dlelE3X1RYX3Bkby1sZ1RyN3d5dXZmUkxkTjBpcENmV3M4WFA5bk9uY0dwVFB6VmdEOHdOMFMyMTMwckhvN2Q4NVpLaWRkM0Q3d3dUSU9HUHJ1ZzhZSHRjZjl4aTNzbDFTcFFXelZBSA?oc=5,0.0,neutral
2026-07-03,2026-07-06,VZ,Verizon Communications Inc. (VZ) is Attracting Investor Attention: Here is What You Should Know - Yahoo Finance,Yahoo Finance,https://news.google.com/rss/articles/CBMiqAFBVV95cUxOVWpBVFlkQVlhSFd4SHF1bGFTY0pMcHZ3NlJWQ1JxZHN3TUxJMFdrOFJDTlVmcW44TnM0UUFxLU5zSEVMVGNxYmZqMFVsZnJ2N1cxY0ZybHJJTTd0RXVSYUJ0djI4YktuOUlnamxzZFNTN0VQMThvdnBKaEFCYUJVbXd5Uk9Zai13WGVWN085SmdrRjk4Q2R3TGlsWHBkT1psZTltSDJvbnE?oc=5,0.4767,positive
2026-07-03,2026-07-06,VZ,AT&T vs Verizon: The Better Dividend Stock For 2026 - Yahoo Finance,Yahoo Finance,https://news.google.com/rss/articles/CBMimAFBVV95cUxOSkpBVmtka1BCMWFkcWhDOGtSQWw1YklQYmxTbXRJZ193eWJuY0otZmZvUGNlRDlLZWYtY1I1THJNZDNyMXZySU0ySUs3Rk1sRDdoVXFNdmpXVkNYZG5YUUZTOGJHNTVOeEpaeFdhUm84aG5yY3ZrWlNsd3lqak5ERDVtQVU4NF96ZmdRSWpCTWlPTzhBR3N6dA?oc=5,0.4404,positive
2026-07-05,2026-07-06,VZ,Is Verizon Communications Inc. (VZ) The Best Dividend Stock to Buy According to Hedge Funds? - Insider Monkey,Insider Monkey,https://news.google.com/rss/articles/CBMi1AFBVV95cUxOVW5HT2s4dmUtQk45cnFqZlQ4dHdGRDE1RkpNRFd6dHI0UTVqVFZOMXJ5MWxDUWhPOUswc0Z6czBRdGltMlJsd0pJbHhYc0V0ekNrTndrY0VCT25uQnotSFo1OGtJX1E4VDRzekxPclc0ZDRZRXAxMGdXYXpZSlNkWnhSaGo1eWNjajJtMlhyNWp4R3ZLQk0xR09lY2Jpd3AxVEQxaUJXS2pqX1JFSzNCUTlqbFhDSjJFTkpkaE1CYS1QZ3pyak5Mem5tTkdQMVZxLVdvVdIB1AFBVV95cUxOVW5HT2s4dmUtQk45cnFqZlQ4dHdGRDE1RkpNRFd6dHI0UTVqVFZOMXJ5MWxDUWhPOUswc0Z6czBRdGltMlJsd0pJbHhYc0V0ekNrTndrY0VCT25uQnotSFo1OGtJX1E4VDRzekxPclc0ZDRZRXAxMGdXYXpZSlNkWnhSaGo1eWNjajJtMlhyNWp4R3ZLQk0xR09lY2Jpd3AxVEQxaUJXS2pqX1JFSzNCUTlqbFhDSjJFTkpkaE1CYS1QZ3pyak5Mem5tTkdQMVZxLVdvVQ?oc=5,0.6369,positive
2026-07-05,2026-07-08,VZ,Is Verizon Communications Inc. (VZ) The Best Dividend Stock to Buy According to Hedge Funds? - Yahoo Finance,Yahoo Finance,https://news.google.com/rss/articles/CBMioAFBVV95cUxPQkRYN2ZBWnJmUzNBTUxBZjVlcWtzU3FDdWluRjBqNVNRV3o4ZkxZR0ZPZlFMTEktdDhlVXFJTEdhMmxzbzBhRmdHZFJQNWJfbG1WWDV5VW44WjNidTVSSWlpMXA1MDZLbWtsYjRWdjBtRTZiUmNIQ3FUX0Q4U0Y1RlRheUcycUlXbWwtbU9hSzdXclgya1NXRHJJM0FMRnVj?oc=5,0.6369,positive
2026-07-06,2026-07-06,VZ,Ascentis Independent Advisors Increases Stock Position in Verizon Communications Inc. $VZ - MarketBeat,MarketBeat,https://news.google.com/rss/articles/CBMi4gFBVV95cUxPM2g2ZTlaS203eVlxczktQ1l1a1NWd1dQcjlFX0F3azZnXzZXampZTUM0ZE40el9VZ05JVFVqMGtiUV9Gazkwai1oeGNEYVJINTkzNl9uZFZUdUppaGNHNlU2RzRHLVFvdjdSeDlaSU5teFR4UUVKbVpoRmRUdVVJMGt0NWlFdDlTbktrUTFnalJ5TmFPNFNMOGVHZzQ5YkFZbFk1VkNqd0lWOVVJQi1reTFuV0tOQTZOS1ZLODllaHhQVFBuRGNwS3l1N2VYcXFfaUVIZUZiTWJkVGNGeHlEVHJR?oc=5,0.0,neutral
2026-07-06,2026-07-06,VZ,Meet the 4 S&P 500 Dividend Stocks That Yield at Least 6%. Here's My Strongest Buy of the Bunch in July. - The Globe and Mail,The Globe and Mail,https://news.google.com/rss/articles/CBMikwJBVV95cUxNSl9HZnpFbFR1OFU5ZGtpYmkxbDJIaHpKTFM0NDhkbEx2bkw3UnpKaHRMUDhzUUJObEJYRlpQM2xYM3ZxVkNvamZvRVVxZDNaNUlBOGlfcW9CdEo0U2tHX2FnMFdHUE85czFFejB4Q05LUXpURkJHSHVNM1NGdENVUXBjcVJ2QXB3ejNybHg0VzhhOTVXbmxuSjdEVUNVWTA0OEtNWmFTMU1iREVIZEZNZGpDTTc2QVBNdVdxbU1Rc1Vwc2ZZaXJjVEpQS1VOajF5X1hTVTA3ZUlKU29UbGR6UUdtSVBHczBwMkFWYVRfTnp5YWVmc0dHRTNxVEpUR1k2dHN4LUxVdHJpVWo0UVFjQ0NjTQ?oc=5,0.4404,positive
2026-07-06,2026-07-06,VZ,2 Monster Dividend Stocks to Buy Now and Hold Forever - The Motley Fool,The Motley Fool,https://news.google.com/rss/articles/CBMijwFBVV95cUxNSi1NQXh2TmhQLUdXNmx5MkhNc0FXTXpKZ3NBN05aUWl5YjV6QzNGMzl2cjg5WWN3YXFfQ1ZFc1pGQmNDQ0lubm5NWUlQNWg2Vm1KTmRITTc5WldxcWFZQXBVN3lkakYzbFlnWFliQjdJVXVxakNBQWdhT3NsUlFVaTU5OElEbzhSSU1DS2FVVQ?oc=5,-0.4404,negative
2026-07-06,2026-07-07,VZ,Verizon Communications (VZ) Stock Falls Amid Market Uptick: What Investors Need to Know - Yahoo Finance,Yahoo Finance,https://news.google.com/rss/articles/CBMipAFBVV95cUxNS2RTdFd0T2hlaHYxTEI0NXpDZTVTUVFOUnBZY0RWbjgxcHVtdFdZLTZydGlOY1h2ZXFRZ1hVajN2VDI5eWxqLWd0ZXFtbXhtQ2dxTXVfdlJOSEVzUVdWY3JnXzVfZERCUlJhc1ljcEpPMmJVNzJlWkpGOUtfY19TaEhPODJaODZfeVNFbnk1RzNOaTN1ZjVjbGJZc25qSVl1NExIeA?oc=5,0.0,neutral
2026-07-06,2026-07-07,VZ,Is SpaceX’s Starlink a Real Threat to Verizon and Other Telecom Stocks? - Barron's,Barron's,https://news.google.com/rss/articles/CBMiiwFBVV95cUxNRkZMblVTZ0dmQmlYVlhWNkMycFZSWmU5TTJJbGFQZ0RvcFBfaFZhUHBmYUVCSVcySmNWVFBqN20ydVd3b1ZDck1jallJbVhuZjdXbXRuRVFkNnpscUp0Yy1IQy0tblRrQkZqaEdMYW05Z1VWT2lubDNudHBCeFp6TDR1VEVGYTYzNGRB?oc=5,-0.5267,negative
2026-07-06,2026-07-07,VZ,Verizon (VZ) HR chief awarded new phantom stock units in plan - Stock Titan,Stock Titan,https://news.google.com/rss/articles/CBMiugFBVV95cUxQWUFCQXowQWZIS0VjZGJlVkVGdk5kZDVWNVlxNFl5Z0VpT1hKY2xaelNzWlYwVDE4RjZQQzRRSk51ODYwY0tzdTc5WklJaHpPeF9uVXZiY29pRjN5OFBRMzl2WTNyN3VRdXN5STdyMXItcjBKQjlmemM0UUZYT2pvOXpJQWVKMEswejYwSlNocGV4SHpKVHVsbnotcE5JX2xTZHpicUFYRU1MTEloUVRzdVFxZjJEYTRXYkE?oc=5,0.4019,positive
2026-07-06,2026-07-07,VZ,Verizon (NYSE: VZ) EVP receives phantom stock award in deferred plan - Stock Titan,Stock Titan,https://news.google.com/rss/articles/CBMiugFBVV95cUxNekpXMUpmcHU1bXQ0NVFSTG9RaTNQTzhkdHRzYWQ3SmlhZGdrLTZtMGFhV29qVHlOQTRHb3daLS1kVTNibHhETExIZUFvNmlOYk9LTDZLSVA4VE10SUVJMkpWY0hvYkVDbEgySGhHT3hlQm4zRUczamhidTg1U09PMl9hOHFfRF9aQlNzaV9jNkVWdUlvZHNKXzRSWE16TjA5ckJwQ3JNcHg2QkRyYV9sZUtKX0Mwd2FheWc?oc=5,0.5423,positive
2026-07-06,2026-07-07,VZ,Verizon (VZ) EVP Joseph Russo receives phantom stock grant in deferred plan - Stock Titan,Stock Titan,https://news.google.com/rss/articles/CBMiugFBVV95cUxQemxHMFNRY1hhTTYxbjVQZXhjWXM2VzZ6a2xfVENzTTE5YWluRkJ2N3ZLa1BRdGtnMi1oQ0VPSktqci15ZWJYMDY1VEFRMU8wM01mZWtsdHhPTktMSVRfUE56Y0pQV091SjY3Zm9JTzNPallhdzNGWUxjUjVuU3U1THZxTDV6dC1neG5kVC1DUVI3bUtBQ3J0bUJXdEJvN3pHMXdlaGJWa3lYbmhxVDJxY1FxeUxyeEVuZEE?oc=5,0.3612,positive
2026-07-06,2026-07-07,VZ,Verizon (NYSE: VZ) EVP receives phantom stock award under deferred plan - Stock Titan,Stock Titan,https://news.google.com/rss/articles/CBMiugFBVV95cUxPSnFRYjZUWS1DdlNQOXU2aEgzMW5EQnJsM3ppWnE2RmhIaTJjOVNaWUFzWUx1MUFyLV8xRW1LMExoODJFT2Z2SWlZT3Q2cDU3TWtvRWlOel9fVV9sTGVqemtBU0hkWldkaVhSZ3hLNDNFaHRranpoSno2NThhdTRmQlFRMjNxOUFUWEplRXVRQzRiSENPNUhIVDdSanppeC04UFVWTm5rNVE3R3puMFVkeUx0Q3pObW9CaXc?oc=5,0.5423,positive
2026-07-06,2026-07-07,VZ,Verizon (VZ) SVP Stillwell adds phantom stock units in deferred plan - Stock Titan,Stock Titan,https://news.google.com/rss/articles/CBMiugFBVV95cUxPYlRIdlFMNXlVX29qejRkV3BoVHVvTVRtOVZBdDFfQWRKOFRqeHJhRl85MUZxd3NVM1RmdE5Gd3FtUFAxc29neUVjU190Uk93c3ZFVFB6WlZSQW9LRTRnMFRIUHlxeVRVV2ZlanhnLXRaRzhyQTdGWFlvSkdsbzlGeWtuSlo0RDR3M3BqODhQVWlzRVlyOERzV2JHNFMzc0pPWGQzTzVuYnNhd3pPUXdyZTJVTGxVdGcyeEE?oc=5,0.0,neutral
2026-07-06,2026-07-07,VZ,Verizon (NYSE: VZ) CEO Daniel Schulman receives phantom stock award - Stock Titan,Stock Titan,https://news.google.com/rss/articles/CBMiugFBVV95cUxQLXhvbWM0T25nMHdDSHRaRUptSy0zS1ptbEx5aElZNlkzYm9KbXYwWnk0ZWtQVzVieUNmczhNcXdBNWxWczF5MnczRmJHLVM1bHhEQ3BzZk9Nd19WOEdOVnBDQ2g4VVdfa3l5azBCX0hEQWZkeEpYay1pM1NyYjRDendzOXQ1V3p2dnJRbjkwYTM5a3ZFdHllZnh1cEVxalhxRXdmMDcxNzFPN3lYamlJT2xRT3VXa3RZdlE?oc=5,0.5423,positive
2026-07-06,2026-07-07,VZ,Verizon (VZ) legal chief granted cash-settled phantom stock units - Stock Titan,Stock Titan,https://news.google.com/rss/articles/CBMiugFBVV95cUxQcndvc25JT2ZwVGNzeVZRZFRSdG1YQ3lWZHFmdGQtZHhqVm9RUUstTDVoR3hIb2ptcVpzUEJaTndhNjVfTk1jRDJib1hwdzF3bzF6eDdXRVh6Umo2VUVWWG1VZ0ZJMFBkY01sM0tlZElCc1RCYml0VkVjNlJSbF9CQVBtTFZqUFFDakJGeGVMT01SV3FfczRHZXBDcUoxTm4tYjJ4T21TMzRaX0I5LS1JWWhCYjFmSjg3MXc?oc=5,0.3612,positive
2026-07-06,2026-07-07,VZ,[Form 4] VERIZON COMMUNICATIONS INC Insider Trading Activity - Stock Titan,Stock Titan,https://news.google.com/rss/articles/CBMiugFBVV95cUxONVMya3ZtX1NNTjdST2NTN21VUWstZV92S3FzWEpic3doTnkzcl9zODVnYlVGOVRXOTZGYVpKaGpKekNkWG1Yc2xxN1kwSUp0R0JHbjAyX1NlcHBPMnpqcEduMEFDMDFJM184Z0J2QmxEV1JIVXh2ZEtMbkEzVFpWQUV6RWs0a2FPQXJVaUEtcFJ3anZTaVc5TVBsdThONFpHNzE3M0RFTUdIMDFOQzdFdHkwUWFnQnVERVE?oc=5,0.0,neutral
2026-07-07,2026-07-07,VZ,How Investors May Respond To Verizon (VZ) Forming a Global Enterprise Joint Venture With BT - simplywall.st,simplywall.st,https://news.google.com/rss/articles/CBMi0gFBVV95cUxQeE1HRUVJcEg1NzhySElYbUlULUdqYXBMZzU2Qm9xYl9aZm1PdWNIcDZONzRtNy1wRlhjOEE4S3cwcFJVWllFQjhTX0FTQTd6ejdhV2JPUDVUTEZHdXhVQmMtU1kyRWljV2VoZDltWTBHWmVUSHI3Yk4xemFNSnFJNUduR3kwWG1hQXRXUVA5RHZUbnpyRktucW44ZUV0dEhnZE1lZl9IZmZQNlM0S1ZTc0tzNjdRdUd3Tk1aSUc3WXcxWVhhdW9xWWFLZEdvQ3JRbmfSAdcBQVVfeXFMUG9WeW9UNkU5WFlQbms4QlpMUVhrdUFVVmwzdDZIeGpTX1h3Qk5zeUxya1JCMTdueWlDY016TTNUclZKMmxPdHRhWWtKRGZ3MGFqN1dLRmRfMzlLd0RoT0JocnY1MElGNDYtZlh0UGt6TDRKb0hrV0VNUU1scUowU2VHUFhJOFp4WHdhM0pUSGhzUTk5ZnhwR0pwQVZ1ci14MFo5d25hWVBtX0lPeHFNUm1hLTNBYnE4Y240TGlQRlJRS3VmMUNtdnFsR29sWTRrTVVzWXNFbVE?oc=5,0.0,neutral
2026-07-07,2026-07-07,VZ,Is Verizon Communications (VZ) Below Fair Value As The BT Joint Venture Raises Fresh Questions? - Yahoo Finance,Yahoo Finance,https://news.google.com/rss/articles/CBMiowFBVV95cUxPVVNhcHh5TFpjQ19veWJjRzVVemM3U1RHR1VCSHdMS0pLTnRMdWdmQXFjOXNmZHZCOU9SNGMzWDRvY0p2ak9XZkljWFM5amRDLTBuTndreU54ZEY0N2s0azhXdk40Mkk4OGFqTkVjaWVVcE8xajk4cnQ0WEVOLXVLd1YySjJwaXk4T3ZKMy0xa1B0TFdKVG9lRllKT282N1JRRTBJ?oc=5,0.7184,positive
2026-07-07,2026-07-08,VZ,"Q1 Earnings Highs And Lows: Verizon (NYSE:VZ) Vs The Rest Of The Consumer Discretionary - Wireless, Cable and Satellite Stocks - Yahoo Finance",Yahoo Finance,https://news.google.com/rss/articles/CBMimwFBVV95cUxPSnNIbURpMmQ3ei1xd0l3dE1pV2hYa3ZWRklkb284VXlqa0lvN2NqaHZkZS0yVVhwdklXWUh0bndXLUVuYW9qb3RfS3hEckdielprdmJhdjlBUjNnMHA5dVVlcnM4SF9MblZpTFZCdG1sdF9YcGRGbm9oOTVON0twdUZjbUphSzlBUERiNHg4Qk5sbTBsdWxlLVIxMA?oc=5,-0.2023,negative
2026-07-07,2026-07-08,VZ,"Verizon Stock Underperforms Industry in a Year: Buy, Sell or Hold? - Zacks Investment Research",Zacks Investment Research,https://news.google.com/rss/articles/CBMipwFBVV95cUxPckhBX01IdVVfd0xsSnJSZ3UxeWxMbzQxWVlJVDdWbWQtblhyV0FUVU9TeXhVTUVrdmtKc09BclV3VkNOV29uOHFqNl9sVUZzZFVVZnEtZ2lsNzZYT2pUWDg5LW05MG1kT0lKc3JoOXpYZ2tMandieVV1aGNxT1hIQkxoWkttLWk1ZV9KQmVjZVlZTm56SDA2LTdtVnJhWVNqaHdpaDlydw?oc=5,0.0,neutral
2026-07-07,2026-07-08,VZ,Verizon Communications (NYSE:VZ) Shares Up 1.2% - Still a Buy? - MarketBeat,MarketBeat,https://news.google.com/rss/articles/CBMirAFBVV95cUxNOU81bkNucFl5SWtCUGVSdWpaNWJXUXFBY2NLcVFoOU5zT21QTzRFb2tkbmlUMGdnZFV6NHdRN1FWYmVVbXF1cWdzcXBmOFdBYVdxWWl6ME5LOUtjcTR5SnJpUnJtM0VtWlU2MDEySFVJS2w5R3VLNzNqazVMZmhXVWxSckNDYXVMMWkwc3NjYXlMNEppczFJVkpyNW5tbGhKd0FUTTR0NHpFX0pf?oc=5,0.296,positive
2026-07-07,2026-07-08,VZ,Verizon Stock Fell 18% Since March Despite Its Best Quarter in Years - TIKR.com,TIKR.com,https://news.google.com/rss/articles/CBMimAFBVV95cUxQSjBXRlZ2YWJodks0R1pad21LWi1GMS1QVGhqdEwwUjJpTUZ0YkFCYTFocWtRUWQ4MkVQdzNuUmZOcVplMXFZbFRGMnJxdnJHT0paTnJ3bXBVS2lWMUhqeTRvRGNaMWM1dVozX1pZYUV2RFdteFZZeHEzT3Y3bVVvVUx5NHp5ajhFQ2hxdjBjQ2xrQklZTmx0ag?oc=5,-0.5216,negative
2026-07-07,2026-07-09,VZ,"Verizon Stock Underperforms Industry in a Year: Buy, Sell or Hold? - Yahoo! Finance Canada",Yahoo! Finance Canada,https://news.google.com/rss/articles/CBMikwFBVV95cUxPMXFGeHRDOTV1cmpUZnFQbkxNQXR5NXRnUG1oZ0NNdzNRMWJ0TTFSRUxnYVFUTFN2c2g5bTduSHJ6c0ktM2JCeXZnMHJzS2FpS19fU0NCNHVoeVFGTVN6d1RxRmJlM1U1SmJ1VTB3X25SZ0lCWWRWc0ZDXzkzc2tPWmUtMUJoVUtOVjFETVM0ZEg3bVk?oc=5,0.0,neutral
2026-07-08,2026-07-08,VZ,The Case For VZ Stock Survives One Real Flaw - Yahoo Finance,Yahoo Finance,https://news.google.com/rss/articles/CBMilgFBVV95cUxQV2RBcFZFeFpHalhfVU9sOGh4Y2c2dmdJWlNTYmdiYXZxRUNkYWFPbUFxdld6NDBVS2ZOaVMwOXV5cW9nbUFBWWt2SnZvQ2dyZy0tWFdqUVpqWTNZeFA0eFh1VzBZTDE5SXFTN0VUbVI5ZUkxVGl1TWdsY3B6UEpYTDZJYnJWeTJVb0xnTmlqR01MZ0VDN1E?oc=5,0.0,neutral
2026-07-08,2026-07-08,VZ,Barclays Issues Pessimistic Forecast for Verizon Communications (NYSE:VZ) Stock Price - MarketBeat,MarketBeat,https://news.google.com/rss/articles/CBMi0gFBVV95cUxPV2twM2tteW5zR2JMNmt2ODF6cXpFNGI3WUtwVi1WcVVjaXB4TXZkZVZGZnpMSVRtS2dVbnQtWldnX21BanlQNG85SDQyV1BVcGZBbFp1ZDZGRU9SSFhJYkM4UDZ6aUQ1VGZQWFYyQU5aejluck9XaV9mNEtTQktDMVJ1a2hWSFRNLVozZ0E3bWYwaXFET3pGcTRibC1weWw1SUhZUmMzWjlHeDdUQjBzb1RyRDQ3UDB5TFI3ZU8xaGFTeUVaRzA0aFVjR0R4NlVCWWc?oc=5,-0.3612,negative
2026-07-08,2026-07-08,VZ,Wells Fargo assumes Verizon stock coverage citing Starlink potential By Investing.com - Investing.com Canada,Investing.com Canada,https://news.google.com/rss/articles/CBMiyAFBVV95cUxQWUVvT1UweGU4RTZWMUtKVXRlTVFOWklzS0N5S0s5eEdYZlJJSjJVTms5VmZHaUJkdFEzZWkyTVc4S1cxUFRqUnItbkFMdl8yREtMaW9mWDJ4Q0h6WjdaeHo0VDRzQ2o0aVB2V2djSkpkNWJLZ2hWQTh0cXZDdnRCN1ZmMnB0U0tTcGY4M0g0c3NRWXd0S1djcnpZMlFLdVlvLUdyQUQ0d1V2ZnhGSjN2bVFOMnZzVkVFcDk2aGJPc2RlekNGZFQycw?oc=5,0.25,positive
2026-07-08,2026-07-08,VZ,"Wells Fargo & Company Reaffirms ""Equal Weight"" Rating for Verizon Communications (NYSE:VZ) - MarketBeat",MarketBeat,https://news.google.com/rss/articles/CBMi0wFBVV95cUxNcGxGWFpWYnRVSS1aazZQMU5Hd08ybnBqSmxhaTJSQnhqTW9UNkNqMEhZdHVkVTBfUjNXYnptZmlzLW94ZG9EYUUxZ0YxRUUyVlk4WmRmdGtUS2JUdVY3eEZOaWZOOEJSRm9SYjEtX1Zsd296U1ZUX0xkNHZTVGYzZFhiWTlpczNBRHdjdUtPWE5LQVZUWEMxVjBWTzBuWjNmMW1qUEFYTlczTFhrM2V6dTQtdXJJNnhtM1h4czhPWmlJM3gxZ2VSMUQyWTVOeGVnd0pN?oc=5,0.25,positive
2026-07-08,2026-07-09,VZ,Why Verizon’s (VZ) Income Appeal Shows the Limits of Qualified Dividend Tax Efficiency - Yahoo Finance,Yahoo Finance,https://news.google.com/rss/articles/CBMimAFBVV95cUxOYXVudGpLcnJBdS1qUFgtSUxBeWNtZUV3NENtbzRtLU1qU09GaGZPVTVWNkptZ1BBVFpDNTgxR2k5NXZCZVZudTQ2WVc3UkNBMUVZX0xwQ1lwRHVSYm5KN2ZmQld0eFc4Z0ZQX0hZbVd1RVg0c3pJU3pBU01hV3NoNEJiN2Itb2hpdUV4LUw2LS1IeUZUUXNpTg?oc=5,0.3612,positive
2026-07-08,2026-07-09,VZ,The Case For VZ Stock Survives One Real Flaw - Trefis,Trefis,https://news.google.com/rss/articles/CBMipgFBVV95cUxQQWdQOVRhalBuZlZpQml5eDc1bW9zbEFEM190TllwT0pKV2IwX3ZOVVlQLU5rdXptdS1TRUJfMHU1RVZZaDA1V0dwQnlIWTM0WlpGSHhWY0t5WUdwMlhqN2tLd1hId1UyUW14M1pYZ1RtWmh6ai10bmVtOGhuOVgtelREUnJJWC14OEtySVlpLVdvWTFSbFlJMVgtckh3T0x4TklkVE5R?oc=5,0.0,neutral
2026-07-08,2026-07-09,VZ,"How SpaceX Spending Spree Could Threaten AT&T, Verizon, T-Mobile - Investor's Business Daily",Investor's Business Daily,https://news.google.com/rss/articles/CBMisAFBVV95cUxPb0dsSlZVVGFYVGdBLVdtUG8ySktWR0lSSkgtdlF3ckdTWE0zQnJLajJGRTRvbGI1MkNHX2otVXE0UVJqUTl5ODYyaC12eVpWVnhmLUlCLVNXQjh6MDNJaUdpZXFYcFl2WFZjOTdWX2w3djFXbWpIU2xBemVYNjRnUlNmYjJTYVJFc3RkaHpQOV9rWEt5M1VHQjRONnh6RkdSRkRfNzYxam10OVFlNnZoaw?oc=5,-0.3818,negative
2026-07-08,2026-07-09,VZ,Verizon Stock: How Big a Threat Is SpaceX? Analysts Weigh In. - Barron's,Barron's,https://news.google.com/rss/articles/CBMiigFBVV95cUxOUXBNNWJrWU5Uc25ZUmNaLWg1WElaUjR3Sk0tWFJMY2U0QkVVb3NFX0xuN2NPM0VVblhSOGdDNFVlUlJmUmdheUk4YmRtTm5ZcEtqU3QtNTVydnl3X2VnbjJvZ1RJdXhKWUZaYzc2UkRNbFNNYWlGTzZuYVRuZmlZMEZnZm9tU3dzMHc?oc=5,-0.5267,negative
2026-07-08,2026-07-09,VZ,Is Verizon Communications Stock Undervalued Stock Or Value Trap? - Trefis,Trefis,https://news.google.com/rss/articles/CBMizAFBVV95cUxOMjFFUFhpSzBobGxiSk9vWlNuVGQ0ZVJOalg5Sm4wblkyWXR2c2ZSZUJHNU9CYTdqcEpGT0RhSGdrb0NwbU54dnVfS0tDQnpNaHBiOFNnVmJkd1JENWg2LWVLSy0yMFQtSnc1YjAtcVUyTFFoUzdQczFpZEJDWURmMHJpRXB6Yy1oMWZHaXBTenREMTdOWFFsMFhBQ0p0azB0ODJsMDJ6akMxRXBEcmFMZ0NIaGdHTS1DS0VZNnNQZHIyYldYcmp1V3g0OVc?oc=5,0.0258,neutral
2026-07-09,2026-07-09,VZ,Verizon: High Yield And AI Upside Make This Pullback A Strong Buy (NYSE:VZ) - Seeking Alpha,Seeking Alpha,https://news.google.com/rss/articles/CBMiqAFBVV95cUxNWGxJRVJtcmFZcEpXV3ByUG0xVU81VVhheU1rWkVOOEFNeUNHd21MazAwa184c0dDZHFKbHVtUWZTSk1UNlZ2dnlPLVlELXZiN2wzUFVBbmFfUHVxQWpLNDg3QkZnNFU5RmUyeEx6UTQyNTJ4dm94bEVIbnBfV2lYcHZOOW9JMTVrQ0pfTmVKVGZNWkJYcmxrY0pRRHNPMjBWVF8tam1vbl8?oc=5,0.5106,positive
2026-07-09,2026-07-09,VZ,"Verizon (VZ) EVP receives 47,754 RSUs vesting in three annual tranches - Stock Titan",Stock Titan,https://news.google.com/rss/articles/CBMiugFBVV95cUxPLUUyQXNTbWtTWVNmaFZENDJOMU01NTF3SE1UZnZiWG9Qc3o5X01IOXRRZ3hoc2RLZGpjbzBwbE10WHowVjRSdkZET2RPS3V3aWdSUzhDMi02SXZPSGdGODVodmhVR3hjWllCejNSUHFDTGJsLVNNNm1TclJyeHExYm9BN3E5ZWNuMV9ZZlN5MFMwdlZmbVJCblJaR2FELThsbGkzUEd0alRXWm85UWNhTmNtbmhydmFDWVE?oc=5,0.0,neutral
2026-07-09,2026-07-09,VZ,Verizon Communications Inc. $VZ Shares Sold by Griffith & Werner Inc. - MarketBeat,MarketBeat,https://news.google.com/rss/articles/CBMiwwFBVV95cUxOM1VqdUJ4c0V2RVJEaGJXaEZaZ3dDZWo3NjF6V2otclNvYUh1UG9xZEdHTHBmM0tISG5Pd0NsekJ3YlBaSXpRZjkzNFZLNjVTT29jd2FZdXNzc0h5VmFJOHdHNGtzR2QxQ1VNcmpUMFlsdXdNcVBWYUZJbG5xdWZiVTRjNVR4a2N3Uk9SSTM4XzltSWg5endtcXRBcV9rdWEwVkhaczdyZThXOEd3Mm1sYTA5QlZfdmRueUNXWGpxVkNqNXc?oc=5,0.296,positive
2026-07-09,2026-07-09,VZ,"Verizon powers new BMW, MINI vehicles with U.S. 5G connectivity - Stock Titan",Stock Titan,https://news.google.com/rss/articles/CBMiuwFBVV95cUxOYWhBMm1IcFNlbHA1SG12MDVsSVVzUzVPWHpwZmtydDhHQnFvZE5tS29LNWhlZDZ5WmpkRXFwSmpHd2lPMl9QTmN4azJYNFpJSHR2TW1fVEVaUFRvc0pjRm9TQVg2Mm5CNXp4T3gtRUhONTJaLU1USXR0NlA3ZnM5MC00TmJfS0E5NzlXRWE3LUduZUxuLTBqVGhXa0lZbjU1WUlSRnJ6TThVbjQ1SEZ1WENneWJVUk9CYnpr?oc=5,0.0,neutral
2026-07-09,2026-07-09,VZ,"Sumitomo Mitsui Trust Group Inc. Sells 478,206 Shares of Verizon Communications Inc. $VZ - MarketBeat",MarketBeat,https://news.google.com/rss/articles/CBMi3gFBVV95cUxQNGJDNGpuRUJkWXJQNzQ4UlNUM3VBZy1ZVkNKbGhiZ2RpQkZuN2ZLVlN2Tkt1TEZPQ1U3dGNZdXNVUTVTYUo3c3BJS3VXbE91ZXhBRWdSRkpXeERwWFRBUFlBWGZ4bkEzeG8yRDFDTTR4aEVOWGk5NjRndzZFN0xhME5fTTF6TXhGVzh6ejJKelgyQVFfNVVGZHFmVG9jUUFZM3VJMzVqd0xRa0hUZlJVLTFiM3F4S3VuUWMyR2t4ZFVhUVZOQ1BJYW0zWjZZZHNBNjVjM3ZaN1JxR1hpenc?oc=5,0.6705,positive
2026-07-09,2026-07-09,VZ,Verizon to provide U.S. connectivity for new BMW Group vehicles under KDDI partnership (VZ:NYSE) - Seeking Alpha,Seeking Alpha,https://news.google.com/rss/articles/CBMivwFBVV95cUxPcW1ERi00U3VScTY5elZmT25pQ19QTHZqc3NWNDNtY3NFRklHcndQbDZPUnp0NnF5ckVlQTFJS1pvMkpuZWc5cnphaWltc3JNd1pqNTVTbTUwcERhX3JrVHlMdTFDOElQYURYdkZtMWJpTjhDbmdySnFmMkhpSXV0Vm85VHFIeXo5STJQb0hnZ0xua0JxZ0U3UFhjRDRkQWx3a29ITHFMRVV2MkpWdkxRb0phVFBsbjVYd25MT2hfbw?oc=5,0.0,neutral
2026-07-09,2026-07-09,VZ,Munich Reinsurance Co Stock Corp in Munich Has $19.05 Million Stake in Verizon Communications Inc. $VZ - MarketBeat,MarketBeat,https://news.google.com/rss/articles/CBMi8AFBVV95cUxNTlZFczhaNFEwUjJBQnF6Y0xoVTFyUXZwMERzU3drQlBmTE1Cc3FCY21yN3FCN2x3UGhjMy14Z2EySjZzcVBiYVdwRU1WZWlVVkJ0eGJqM2lISC1VZnFnbXBTaHpOSFpXYmllUGU3b19uNk1kcy1hZENMQnRkR3k4MzhDMEl6RFhCSjBtUGFqbXpXQzB2SDlFZmU4d3B4Y3gzRXBjNmRCWXg5QXM1anFLNXhQZUdmMU12TlBETnNYQ1U4bldJUW5xYS1VT0dub1V6SWJoT2Z1TVpMRHVENXJKNVJvYkRua0ZfM2dpNkNEOVY?oc=5,0.0,neutral
2026-07-09,2026-07-13,VZ,"How SpaceX Spending Spree Could Threaten AT&T, Verizon, T-Mobile - Investor's Business Daily",Investor's Business Daily,https://news.google.com/rss/articles/CBMisAFBVV95cUxPb0dsSlZVVGFYVGdBLVdtUG8ySktWR0lSSkgtdlF3ckdTWE0zQnJLajJGRTRvbGI1MkNHX2otVXE0UVJqUTl5ODYyaC12eVpWVnhmLUlCLVNXQjh6MDNJaUdpZXFYcFl2WFZjOTdWX2w3djFXbWpIU2xBemVYNjRnUlNmYjJTYVJFc3RkaHpQOV9rWEt5M1VHQjRONnh6RkdSRkRfNzYxam10OVFlNnZoaw?oc=5,-0.3818,negative
2026-07-10,2026-07-13,VZ,Verizon (VZ) Stock Looks Undervalued On Fair Value But Pricey On Earnings - simplywall.st,simplywall.st,https://news.google.com/rss/articles/CBMi0AFBVV95cUxPakYtZTdaMVpvaS04Um5VLWZ1YWFmM0VabEEzZk05WHlNLWFadmY0UmNISEhDWG15VWl4TEk2b3UzRTlCOVo2T2hxM3JudENyRVdQOHJwNkdhbDZ2RnBKYjh1OHI1VXYtNTlSZlY3SXdnZFJQUExENl9MeWFDZDdlZ3pEME9falY5aFdnZFQzZ3h0b1hTNjljSU1sdm43VC1qUEIzekpjY2twQy1wdHgwWmJydzBRVGtYQUl4X3FFTzU4Vk9VSFZHa3BHWFlsWWl60gHWAUFVX3lxTE9VNXpfVVNlTFRUQldkczFkSTF3VVpiYU1FLWR2ekhzeHp2UHg5LThmMmJySEVQVFNRM0hxSUhEcU4tX0IxTlZqRTF5Wk1EdGk2SXZiN2FpcUZJNjdfQUZKZjdvQVhmdk9VR0M0T1ZFZzJIeGMyTU9PY3FNb1c4M05BeW9nemNwdVczUUN6TmJDdEdnYTBxZ25weUdFR1pUX3hqMzlINVNUckZGU1BWSlpBOVR5RHZrWUU0VXYtRjdtaTk5VEdJTVJIOUZ5SUlCZjFJUzM0a3c?oc=5,0.3291,positive
2026-07-11,2026-07-13,VZ,Could Cash Machine Verizon Communications Stock Be Your Next Buy? - Trefis,Trefis,https://news.google.com/rss/articles/CBMizgFBVV95cUxQV25UYXA2WmJ0azFUR1RVajhqd01qTmJxZURFVlg4YVFrdGdFYTNVZTMzejk4V2NCWFBKdHZRLVJNdWhhZ3h0TTFhdFA4NHhrRWtNM1ZHeWFhOWFUT01YVk5nU181TF9HS0U3TjhzejlEamNlY245Vnl2eU4wLVl4OW9MRmppcHVCYmJpWUc2S3F3dFpCdVptOTBvVVU1dmtWRmY5RzhuX3YwZjNOc0RVSnZWdTJuS3ZWVjlLejRtZFNhMVkxcW1nRnNDb3NSQQ?oc=5,0.0,neutral
2026-07-12,2026-07-13,VZ,Verizon (NYSE:VZ) Stock’s 6.7% Yield Is Tempting — But This One Number Decides the Next Move - TechStock²,TechStock²,https://news.google.com/rss/articles/CBMiqgFBVV95cUxOQXFZSjhSRDJERHBfX1NaTnJvLTRWRnFORHhPdkkxNmJVME52UGlGVlBPLS03dkN0VHdDVmNNYl9YUTN2RmJlblNSYjJ4aTFGWnZDOEQ3dlktWXZJd09TSF9sOUprbXJacmxxcjBwOUlWOHlDR01TWGdCTTRISHhSa18zLUtkWkhlUlBDYzhmTU9vWGVuVk9TSXlqRnRmRWJKRWJHdDZCYnZRZw?oc=5,0.1154,positive
2026-07-13,2026-07-13,VZ,The Cash Machine The Market Put On Sale: VZ - Trefis,Trefis,https://news.google.com/rss/articles/CBMiowFBVV95cUxQNWxDdzFtRmpOYjAwX3ZmcnlrbWIzZEZONlNZeUt3VjhrYXBNc2REblF5M01ZUVpGQ3YxZzVXQ0tsVTYxTWR0OVhMQlNMTXRiTmRGaDNOOHo3eGRiNEl3akRlMFlwdWZhOTZCRUJkcXQ2dU93TlM3SDduMjNHUXAzcllxSkxOeU9UNksxQzl1XzF2dnBDbnVjbjFZWUJ1RldOR0cw?oc=5,0.0,neutral
2026-07-13,2026-07-13,VZ,Should You Buy Verizon Communications Stock Before July 24? - Yahoo Finance,Yahoo Finance,https://news.google.com/rss/articles/CBMipAFBVV95cUxPT2VKSFcwd3JjekRHbzRmUTk5U3JIbUk2VVZwRThVUGZHaGV1OWlGaHQ0NTFVbmt6WTdSMGpSOUhibXRhLWZjVkVlU0h2WmNKNTdyaEVaUFItV3l4VUFMUjg0eHB4SllhZ1Y0aUdwQXVqY1JDWDl5b0lkUlFqeE9JNmZ5TzZmbDVZWmVyaENzM1dhRlc1cUE1SzE5bzV5bUZhbTJwcw?oc=5,0.0,neutral
2026-07-13,2026-07-13,VZ,Should You Buy Verizon Communications Stock Before July 24? - The Motley Fool,The Motley Fool,https://news.google.com/rss/articles/CBMimAFBVV95cUxQOGJkQzVac3p0NXpEbXBOZWVNNzhtWW90X28zTzRwMFVVNENTT3oza2tDeVhqVEJrMjFfUFF1RERQODJDbzdNRzNhR3FzTG5Gam9ZSGw4MDkzX3JxT2FwNU1Ub0d5ZVY2eFExQVFES2ljRElTVG1sS3NyVm9oZE84elZhc1prY1U4aTI3MjFXWEltZksxUWJhMg?oc=5,-0.4404,negative
2026-07-13,2026-07-13,VZ,Verizon Stock And 2 Dividend Picks For A Fed Pause - simplywall.st,simplywall.st,https://news.google.com/rss/articles/CBMixAFBVV95cUxOT2dCX3R4SFVkYzVCcEt6RV8wYklWM3FNdkN5dWlGeHgzYnJ0OUVrSndBT2hMTFRhbC02WlhqbmZsMzdONnUwbUxUakR4UFNRV1ZkY3E5eDEzd2pjWmp1WXZycVRVNElkSkNQSzE2WmFxOGp2cFlHXzZyVXFmZGNSaUc0cTVZeC1jT2ZvZTZLMld2d1pxWWtvNjBSU0VNMlduelZOU2M1X0VuNUwwTUFmWGNtUUMtVUZRVUhjeWtqYXlHSlFQ0gHKAUFVX3lxTFBfaE1hN3otREtYNU9FMUJRWjNLVWVrdkRIU3I1R3RDYm9CWmhmVE1fWnY0SHdPZ1MteWRxSWg1akxWOExSZlhadVhBbVlDSDlGMVk1bG16Smd4ei15aWYxRFB0eUV3dEo3NnptSXVGQnI3Ym0tOVdIMjZoMzlObTNLbEsxX3NrQlliaGZPS2NxQUVsblNrZGJUWjI1dXdYb3FQbmNNMnI4YzZmUUNlc3JDWTV5TnVGRUYxMW5IbVBULXNfZjdCVld6M3c?oc=5,0.0,neutral
2026-07-13,2026-07-13,VZ,"SpaceX Stock: Bernstein Cuts AT&T, Verizon, T-Mobile Price Targets Amid Starlink Threat - Investor's Business Daily",Investor's Business Daily,https://news.google.com/rss/articles/CBMixwFBVV95cUxPbG1yMjcyR2hYZTNURjJxcExFSmZtdmxDLXJremtyYldoME13NE4zVlpwUFJ4bkFzQ3NGajZ3ODlrcG9hbDUzdWdOc1huSG41ckwxTnFOdEFjVlhRMmVJUTIxOUhRZDYtM2ZyWlF6a0xOS2RnQXBKLVBZaFUzWnB1YlppbHJTVGZOUHJOOUpLdVpDcDJza1prWDdCMHFQb3JHRGNnX3BrcE5sY1ZJOW9nSE82Y2huOGp4YXIxWER5a1I4dFFtSkZz?oc=5,-0.6808,negative
2026-07-13,2026-07-13,VZ,Verizon Communications Inc. $VZ Shares Bought by Teachers Retirement System of The State of Kentucky - MarketBeat,MarketBeat,https://news.google.com/rss/articles/CBMi8AFBVV95cUxPRmZGaHZ1MnE4ZUk1aXlsZ3BoeE03c2pmbGctNUNKRnFCNXB0UEZfLUZfdHVtLTVHN2k3M3lqdHVLWGtVYkVRT2VwcW9XM2VfTTZ6MWZXdHlrMGh0c3ZJazMyRklDUDFzX3hzYWY1VVJXNGNsY0FDQTZ4RXV4aXlfN2VRbWZ6ZUYxbTFCTVdpcFI5d1BJdEFQZlAwNDVGU2tHcDhuY0l1bjJiNkZQVkF6Sk5yajFzbG14NGgtWW9SaXZGa3gxMEdFRVRVRWN1MlFDRmdmeUQ4STNsWlJCNGpCYTlsaGpwWDNKVlRGYUFTSXc?oc=5,0.296,positive
2026-07-13,2026-07-13,VZ,Verizon Communications Inc. $VZ Shares Acquired by AMF Tjanstepension AB - MarketBeat,MarketBeat,https://news.google.com/rss/articles/CBMiywFBVV95cUxOWnZMbmtpYm5ycWVLSktRSE5MUS1LaXd0czZIaHJXcmJqZmJ4dTAwQUo4YXJNUDZDNVdmNWw4RmNfVW5NZDFxQ0pVa1Nzc1FQallfb1R3VUkyckNKdzkyTkNWdEtpc0tLX0gwOXBRbW1NdnlnU1QzZjFaQjJmamk1RG1XS2J4Q1U3LXRjTTFzclduamVDaFBLajlmVTc4STdvOXhfMXZRWHhYOWhNajFsb0lNVDBvdllxYXdRZjVJMVAwazZ4a3ljblc2QQ?oc=5,0.296,positive
2026-07-13,2026-07-13,VZ,"Fifth Third Bancorp Purchases 967,166 Shares of Verizon Communications Inc. $VZ - MarketBeat",MarketBeat,https://news.google.com/rss/articles/CBMi0wFBVV95cUxNdi10V0xGa1FXR2swakpaVjJoa3dJSlc3VkxRdzlydWpFY1M4UWZYSFZEZ3kwNEJiQXZ3Nno3LWtUcDhOOXFIOEdzNl9qRFpKSC1mUnFkeXV3TXJFV2M5aXBpczF6Q1FsZDl1cTFSa3F5VDQwXzhWVGpkdXI0WUNoZ0psQk1nTE0wOHp3X2F5ZnlkUnNvWkJMSW90VkpzX2xfcEJpSDY0dzFFcmtBbkJIMEducGs2eGxmNU5tRXZnMHdvankwMER3OVZlWXRveWdacmFv?oc=5,0.296,positive
2026-07-13,2026-07-13,VZ,Tevis Investment Management Makes New Investment in Verizon Communications Inc. $VZ - MarketBeat,MarketBeat,https://news.google.com/rss/articles/CBMi2gFBVV95cUxOelJOVjZFSnUzbGlfSWduazhmbERpdGFyNXZDaWtNRnFJMllybG5oUm9KQkpFdnpxaXlJRTZtZlFVMlBxaGtwLVB1angxNUVkZDNha3lZNHFiamE4V21Ub1lkYVBEYTdFT1ViRmJPX1h6SGFaMk9YajduSS04R3V5T1B3TnVIZndWeFMwejZFM0xBeWJ2c0llX1N5WExIZWowdWxiQWZJVDNPWmtnUHg3Z2doR3hMbDhPWUhWVkNWZGhzbHRVZ3NfOGVuRVZjM24zSTdjV0J1ZEIxUQ?oc=5,0.0,neutral
2026-07-13,2026-07-13,VZ,Verizon Communications Inc. $VZ is Applied Finance Capital Management LLC's 8th Largest Position - MarketBeat,MarketBeat,https://news.google.com/rss/articles/CBMi6gFBVV95cUxOQkFpb3RGNGFvLVVFUUpsU1FCc2NiT3E1SVUyc2t0ZkNDVzBrUE0yTFUxaDk1QmtEdnowUXlCOV9mZDk2eHowcDVGVjA1LTl3MXVRWTV3bkw2NmpWa1ZGRURsbUFfZldQYnd5LWF2djRCMDFra2RFYWRXeFJLdDRwZlNBd0lUc2VuQmtEVzllVUdpa1Itd0l3NkRFR1d5U081TVhRNEpKaUM0eVJ5TWdxd2xZWGJNYzd6OFlSYnRnVkVvVFVkQmhYUUJsa3J1YmNaNUZreUVRZG9tejlXbjByNXdGLVFrcFNMeWc?oc=5,0.0,neutral
2026-07-13,2026-07-14,VZ,New Verizon Gizmo Watch 4 tracks kids’ location and watch removal - Stock Titan,Stock Titan,https://news.google.com/rss/articles/CBMipAFBVV95cUxNRlRfRndpdlhraGxSSEZTaUxWeXdkUi01c2l3R3RNY29NVXc1VEFsLVVaaGVrLVh1UWpqRy1aRWNFVG9TZC01V2txc2M2cUJEYVZvRVhRWU1xcnpVa0N3cUZ6ZzhOLTFYM3RpcXNWZzN2RnNIeVNSR1pVa2FDQjM5WjVBMUZvMmVyaEd5WXlmYUFlcFVhMzl4S19vMmFWUFRjZzFsMw?oc=5,0.0,neutral
2026-07-13,2026-07-14,VZ,Verizon Communications (NYSE:VZ) Trading Up 1.2% - Should You Buy? - MarketBeat,MarketBeat,https://news.google.com/rss/articles/CBMisgFBVV95cUxQaDYtdmJIcUxGZm9IZEtYd2YxdjhRTlNOOVpGcndtWmMxd2hJb19xUVJiUnZMd3AzNGt6a3hmVHVlTWVXU19MOWJJeElrLUZRU3hrZ1A4N1VCbGs4NmJrbGYtLXhjM3dIbFlPUTJLTGhxRGthMXVjTjdmRF9tREwwZkNMNURhN2VndFFUNHpyOHdWT0M2UDdacTZLbHBteDVLeDNiMVRQd2Y4R21vUDFCN0VR?oc=5,0.0,neutral
2026-07-13,2026-07-14,VZ,Four small firms vie for Verizon Super Pitch prize and World Cup Final trip - Stock Titan,Stock Titan,https://news.google.com/rss/articles/CBMitAFBVV95cUxPV3hqMmJKU3RSM2QzU2QyTU1TQ3F5ZEtjcFFBb0pvYmpsTUNKYVBMQ0dNWEMzRzVkSVQ1ZURabDU0N1VLZGUtLXdvVVU3ekE2WEVWRUh0Z00tdDJ3d3JHclVsTGRfeXc3dVlzVTFpLW1jOGdjaFVsNjJybXR4Vl9sZzBWVzZkMFJ0T3ZvdENsWGttUFc3X2d2bmpUbmNJWjR1V3Z6WGtXMzVSbjBTc2dEQ1FxcUM?oc=5,0.802,positive
2026-07-14,2026-07-14,VZ,Verizon Communication’s BT Deal Brought In $625 Million. More Cash Is Coming. - TIKR.com,TIKR.com,https://news.google.com/rss/articles/CBMioAFBVV95cUxNVlpycnZnNHdKRmVmVDgzZ25fcHQxc0lQNE1QZ2JQc05Yc25mdlBZU3htZHJObEY5UWFwUUw3Tl9STzVLUXRlMFhjc1ZrMFpEUXdnSjk4WXhMM3o0NkJsX2RqZE5NYW5HRi1ZZjVkakNTMGlPYjY1QnBJYVJKZERHa1hpZ21jTHlRQnAtOFZObzRlLUlmNjFnVjJtYVJ2TU1u?oc=5,0.0,neutral
2026-07-14,2026-07-14,VZ,Canal Insurance CO Raises Stock Holdings in Verizon Communications Inc. $VZ - MarketBeat,MarketBeat,https://news.google.com/rss/articles/CBMizwFBVV95cUxQOW04VHZxM2Vqb2xsbXJrTjhJZ3h3eTVsay00XzhGOGNaeEpkMS1FVWNHX0tlRl9EbEd3NHBBeFBuTnN0cVNnT0FsT25HeHFuR1IyOVN5Wm1WNlc3OFZYdkJJUTVMVU5wN2RVVnJsMVlKQmlnSHVrLUxPQXduU2tOZG5MaWdGTV92U1Vxa2tBMG5aLXpXTmRWZVlSNXhFb2Vtb2duWHpxbHdLbXFvNmQ0OG16YWxLYjhqaHR0RUJxUm1RQ1UtbjMya291N1dZdTg?oc=5,0.0,neutral
2026-07-14,2026-07-14,VZ,"Bernstein Slashes Targets On VZ, CHTR, T, CMCSA, TMUS Stocks: What’s The SpaceX Connection? - Stocktwits",Stocktwits,https://news.google.com/rss/articles/CBMi5AFBVV95cUxQLUY1TUYyeEphTGJpdFlSTHRXbHVaXzhjS2dJZk5sbF9QZm5ONGlaQ2UzcHMzcmZlV29RWS1iSkZ2Rkk0WFpxZDV3ZUh4VExOUHM5QWhCandwREQ5X2NFU2RiSzVjTmlUZkNORkJlRTBpRmI4R2EtWnBrRUNOV0F4V1MtY1FBR2MwaDE5amJOZVBtUjlucGU3YkxkMl9SNHdXRlhqY0tYOW1idUY4VC1nWkNIT25jc29iNnRVd2dvMUhKcDlMeGtGS2FHSks2ZENDOVB5MnRHRVJIbThYaEc3N1NUZVo?oc=5,-0.2023,negative
2026-07-14,2026-07-14,VZ,Jim Cramer Warns “I Don’t Want to Own AT&T or Verizon” as Starlink Threatens Telecom Stocks - 24/7 Wall St.,24/7 Wall St.,https://news.google.com/rss/articles/CBMiywFBVV95cUxQendONGxnUHFrTFplVzl4S3VwWGpkWl9BTmZKM1NkcGMyejJQQ3FHQXRPcDZ5aU5ZR3Rwa0NiOXZQamduRGppZG13NzRfUWlNWmVVc1BMTzUwamI1LUJzLUxRVWVjWFg1RkZ6OWlWWjZ4M2wtd3UweC1xYWFrVzVRS2xCVzF2bFhBOUJXenQ1dHpvVURsR1gwd2dzUU1vTFVPTE90MW9jdF9LbTl3YkFkckVhOTlVcDVkMUZCakNMdmJrbE45RTJ5ZThkYw?oc=5,-0.4019,negative
2026-07-14,2026-07-15,VZ,VZ Stock Slips As Verizon Reportedly Plans New Round Of Layoffs - Yahoo Finance,Yahoo Finance,https://news.google.com/rss/articles/CBMinwFBVV95cUxOM3BqeWdhUUE0ZjRGbnhDbDJxODZQWGFNTDc0S3NiNzU5a3BoQVJlakljbWdQRzZwcmF3Q00xMllNRVU2VXJScXREWjliMFJMNVNfMHNRNl8tQThVV1pObmNPa0IyWTlTdXo4UURkMnE5WXJ2M2ItVk9NcFRuUkNla0hRaXJDd0ZaSVpPQXBOMHl3NUlpYUhrYW5MLVZJQmc?oc=5,0.0,neutral
2026-07-14,2026-07-15,VZ,Verizon Stock (VZ) Falls on Reports of Staff Cuts - TipRanks,TipRanks,https://news.google.com/rss/articles/CBMigwFBVV95cUxOOEN3Rk8yX1M0QmNjdUpOUnBtTFQ5WDFYcU5rNWNSeHk5SVhYWFR0cXlEaGFfLVpTYkZMNWU2OXpfLS0yVG1KZUJlOW5sT3U5aDlsUmpaSGVOdmhZT3Vxd3B3bkFrWl91VWR4Q2QybW5FekljSDU4andldGZoYmEtS2Ewbw?oc=5,-0.296,negative
2026-07-14,2026-07-15,VZ,"S&P 500, Nasdaq End Higher On Support From Chipmakers, Cybersecurity Stocks And Soft Inflation Data — NVDA, GS, SKHY, VZ, LCID In Focus - Yahoo Finance",Yahoo Finance,https://news.google.com/rss/articles/CBMikgFBVV95cUxQdFZjM29scENFcElQMjJvWEp0d1oxRWhNVVhpdmZfTlNiSWNuYnpDMjh5Y052Q3FQQ1dMN2Q2TGNWeGZFZVJlUDBoMnVrZktCd1hkeW5ycjN0V196bEpZZTJfVHR0X0ZjUTNMMFFkOXo4S3pVZDlEWk5DMUVabGN0MGFjRk16aWF2ZUZsenVycVF4QQ?oc=5,0.4019,positive
2026-07-14,2026-07-15,VZ,Verizon Communications Inc. (VZ) is Attracting Investor Attention: Here is What You Should Know - Yahoo Finance,Yahoo Finance,https://news.google.com/rss/articles/CBMiqAFBVV95cUxOb3dvUkZHMmxGTkg1SjFjQ3dkaklWdzZyeHZwaEdUb3hYWUNkbFdSM2RhOVhOMlhBcU5sOUxub0QtVFBnVl8tWEZTUG9kUDRTd2NtTVRfRW1QTGluYWNaZXFyaEJWYVQ2eUlpLWE0NndzTVJvRkNMMGxjcGlGcmJXQXFBdjQxWEVSMFZ1d0QtSUdwaFhFcHBydmpBWF9kTkN4Y2t0bER6TzI?oc=5,0.4767,positive
2026-07-14,2026-07-15,VZ,VZ Stock Slips As Verizon Reportedly Plans New Round Of Layoffs - Stocktwits,Stocktwits,https://news.google.com/rss/articles/CBMinwFBVV95cUxQUTUwckxUYTZjMUpjVWh5aDFqUHU1TXh4TVhEeVlwVnhaNW93dE52dERkbzNOc2w0bkpoWmJ4blJaYUEwUXUtRHZkYlp0cFFrTERFVkhPamtyQXhqUGRPN1hNRlFFblhpYUJrZDkyeWJkWk5SZTRtRXRTVkpyM1U1NzM3bEVNVTJkU094clFwMG5MSTFsaF9FMmItZldXU2c?oc=5,0.0,neutral
2026-07-14,2026-07-15,VZ,Verizon to announce fresh layoffs this week (VZ:NYSE) - Seeking Alpha,Seeking Alpha,https://news.google.com/rss/articles/CBMiiAFBVV95cUxNN3puQjJDMlZvLTlOczMzcHh5a2N4a21GTzdPOG1lU185M25vYm5SYjBKMDFtSmlUMGJlQ1ZTSlA5STg1aVlyZHozZ2tCX1RsVHVqODcxdEp2UUl0NEV0V09Sb2JPM3VfUHZiOWl2c2xsY1hCS0dtNUVoLUV5ekExZTJoY3g1aHBf?oc=5,0.3182,positive
2026-07-14,2026-07-15,VZ,"Bernstein Slashes Targets On VZ, CHTR, T, CMCSA, TMUS Stocks: What’s The SpaceX Connection? - Yahoo Finance",Yahoo Finance,https://news.google.com/rss/articles/CBMinwFBVV95cUxOVERya1g1ZE0zQVNvdWw4Nks2bGpYenQ2NFh3X1E0S0R4WW5XSXAxNTlyUlZxSWpPa2lmb2Zrd0l2NkNLbWJNMGJXbUtSMTBnTldOTWY0enRpVTlaRWJZNU5nbDFmUUZNN1Y1b3c0Qjd4TVJZUnpOSlpxeVRaUEJWSUJYRlVPMTZjU19iSlgzdEdNaUI0YW5abEU3RDJYRzQ?oc=5,-0.2023,negative
2026-07-14,2026-07-15,VZ,Verizon stock downgraded amid fears of competition from SpaceX's Starlink in U.S. mobile market - Pluang,Pluang,https://news.google.com/rss/articles/CBMijAFBVV95cUxPVVlSYkJYcUJfOTVNTFU3dTBJMUZzSnZoalF2ZkZMR21USmRCQk9XOC1yMWhfdDRodHhKQkJRM2FTazVCZUxYZlFkMi13bkR4Wk9nQlo4Q29IOFA0bG5VWmlyVUhrYzRqa2lBOFhDRHhKeE5QV0UtOUZhZ1phU25kdllxaVhvMW5iZUdEaw?oc=5,-0.4215,negative
2026-07-14,2026-07-16,VZ,"S&P 500, Nasdaq End Higher On Support From Chipmakers, Cybersecurity Stocks And Soft Inflation Data — NVDA, GS, SKHY, VZ, LCID In Focus - Stocktwits",Stocktwits,https://news.google.com/rss/articles/CBMixgFBVV95cUxONnJpVDlCRmllRnVYYUx4c1RsT0tDOVV2cDUtUDlWRFFIbXJKbi1QZEM0cG5kMnM4QnVJOG56dWptTGI5U01FZnBWY1I4MndJSEF5TUU5d0dhS0haNjZmQmFWMEJOb3FqR3FfNF9hUHA1d3dkSXVvcXBNTFA2UkQxckhlRGdUT1B0OTFhMHQ2Yk5VZ0FsWnNLSldBUnV1VGktVGhLR1JTTWU2N2RqTmpWdEdESlc3TU8tUUtnZVJVcXNZWGxNbWc?oc=5,0.4019,positive
2026-07-14,2026-07-16,VZ,3 of the Best Stocks to Buy for Less Than $100 Right Now - The Motley Fool,The Motley Fool,https://news.google.com/rss/articles/CBMimAFBVV95cUxObGp2T3N6cWlfRmZsYXVDNmxBal9xZEdUOWJrQ0xsV2tzSG9wb21MQlpJSk1RX1BQMjVaNTZYMzI1d2dYQWFvaUdDSmlWYVNvTU8zejZoMS1HUFF4VlZSVGlONHNxQ0FGSk9oYUxMLUgya2NZMlp0RmdDTXNZaXBoNTh2RDFnOGNCcnZhWXRxUFk0Z0xGaDFCWg?oc=5,0.3182,positive
2026-07-14,2026-07-17,VZ,VZ Stock Slips As Verizon Reportedly Plans New Round Of Layoffs - TradingView,TradingView,https://news.google.com/rss/articles/CBMiwgFBVV95cUxOcGhhLVdTNnd1UUN4amE2WmVoeld0Szh1SEJhMXlQdlJVVVZ4LVhpVHB5ZUJBcGpBb3BUQ0lucWxldkhhMGV6SlFUQjRSeG5ocWYwanJOX2U0WG12cmZtdVp1bFdhc05rdE52WUNqMXpsci1pY09kckZWOEVxVy1KV04tblg0Z19DU2RKQ25ocXlWVUdlTVJoX0hQMXE0RWlfei1DWmE5Wmh2aHlrN3pjMUJMa0VXdE85LXJTLVB6UkQ2dw?oc=5,0.0,neutral
2026-07-15,2026-07-15,VZ,"With a Nearly 7% Dividend Yield, Is Verizon Stock a Buy on SpaceX Fears? - The Motley Fool",The Motley Fool,https://news.google.com/rss/articles/CBMilwFBVV95cUxPRmZXcFBNd2l1N0RuOC1TWVpXdXVhX0tfYXd3dzJXUkJhX1AzTHNDS3BnX1JvbEhJTnZoUjBQUDQxRldibkJLSXZ0RUpUWFF6WnQ2RVp5SjQ2alVxR012YXlCQVFRSVZ1U2lyMktTTGtfcmpsb1phSmRENlFYYjRUNVY3bEZkUUZQMy16dmdQUjNwdWk0SlU4?oc=5,-0.6908,negative
2026-07-15,2026-07-15,VZ,"With a Nearly 7% Dividend Yield, Is Verizon Stock a Buy on SpaceX Fears? - The Globe and Mail",The Globe and Mail,https://news.google.com/rss/articles/CBMi5wFBVV95cUxPbFRERF81Sk5iWmhzME4tMlMtd29XcGhKS3VhR3JOaFhVbEZYMWtQcnVIc1FmUkwxdHdwYjYyQk9WTzlnbWp5ODlOcTViT1J2VkhuWUxwNy1jbjI2cmhUSk1WSXMxc0VYb1pRRmJMZXo3M0o0dHRqakduZVUtQldZQUZFei14cGlFclhhQ2Z3ckUtOFVUNDNpYk96ZFVpOE5wNHZxTy15Z3c3SUtBSjFqOHJaUFVwOTMxQ2xCQkhUSEhOV0VpX1pKWHlHNFBzeWpGWlFKWERGb0JQa19LUVFaWHlZVFZRUkU?oc=5,-0.4215,negative
2026-07-15,2026-07-15,VZ,Verizon (VZ) Stock Looks Like A Bargain On Earnings While Returns Stay Strong - Yahoo Finance,Yahoo Finance,https://news.google.com/rss/articles/CBMimwFBVV95cUxOMnBoWUxQejdhdUVOc2V2SWtIaGlNTFEwZ3p6YXllbURMYlYyYmNQRjFKeWx0a254UTRUTWVDa0ZKOVlfMFJMTWNRdnZNYjFfTU5KVTJkUUdXR3lxYXFXQzYzMEdhVTVsVTZOeTNVQ05jdjFzVkxPUjVQeUtNS0hwQmhocUZsQ2RHUERHd29ieVpvZG94bVM4OTVSUQ?oc=5,0.765,positive
2026-07-15,2026-07-15,VZ,Verizon Communications Inc. $VZ Shares Acquired by Sanctuary Advisors LLC - MarketBeat,MarketBeat,https://news.google.com/rss/articles/CBMizAFBVV95cUxNNjRZQzBnRkQ3cjJ1M3VfZU9FMEJYMXJPZnlQaTR6OTR6TURCMEZERVpTWkkxemhOUjRYOXNGU1Q5QTAxU2dCbjZNa1FGM3B3SzNKeUhVUEZSNTZBbzd6OFI4enA4bFRBU2VZRjE2R2E0V3hqX1RNQmdJQTFuckEyOEhMN0ZtOGR1aFVrVllDbGFGQzdfZzRyUV8zZjRaT2ZGancwZzRzTGpjMVlpbENtc3lmRzJpMGtIVzhLcndwZlRHSTZvUC1fTHJBd3Y?oc=5,0.296,positive
2026-07-15,2026-07-15,VZ,"With a Nearly 7% Dividend Yield, Is Verizon Stock a Buy on SpaceX Fears? - Yahoo Finance",Yahoo Finance,https://news.google.com/rss/articles/CBMinAFBVV95cUxQSjlNQkVMa2ZvQkVGWDFOT3otdFNZMGRRN0RnN2wyMkIwVWpkUUtyUnBhUkRrLWljY0RZTlFhYXByc2l3VmVucDV5Vm85bFUtYzl6V1pEVUlmU0oxQnJwd180MEtDeFF5VUtMY3RTTlVPRl9nTlhLcEJPTUJ0TWEwN1BSb1JtZ2ZKLU5vQ3VSSjJqQ1VRaHJNOXRBRVk?oc=5,-0.4215,negative
2026-07-15,2026-07-15,VZ,Principal Financial Group Inc. Boosts Stock Position in Verizon Communications Inc. $VZ - MarketBeat,MarketBeat,https://news.google.com/rss/articles/CBMi3gFBVV95cUxQZnVlU0RRQjNXeE44TGVhbXlPb2VKemlOZnk2VUpCU2dDb3JKX3dfZ3JTUEVoTFB5RnUxZUktbmN5X1VZWEJ5TjV2Z2NDY0l5N29SNzQtS1JhS2pIbnRyNVQtSExSdE9MRDlwdkVJSjBudHFIQTVQTlJ1amVENzRRV3kwQXNLaGN0OGtXNmo5bXZjdzQ5S2VMd2dXT01Rc29CRkRibXJvR0c1NXZJcGhNc09uakhYdlItMHJOREduNW1qVTBpT1JhbnNRYUZMWjFnZ28tckptSGxaeEZSaGc?oc=5,0.3182,positive
2026-07-15,2026-07-16,VZ,"Verizon: Executing Amid Industry Uncertainty, Raising My Target (NYSE:VZ) - Seeking Alpha",Seeking Alpha,https://news.google.com/rss/articles/CBMivgFBVV95cUxPT1FJTzJhV2ItQVAtZDlwYU0zc2o4ZjluSWJsOG1kb3VzNWlPZWxqQ3JyOUl3V1hJVkdHazZ4SnNXSDc5OGpmdWJ2WHRUN1l4Y1JXRmRLWUVaM04tVjZiUENuQ0M1Y1dMUkd3Y1UzUVNYZEF3YjN1Y2ZmZkFpa1ItQV9KWUs4N01qNWl3VDVCY1NWXzdyYzVKeTBuVUNhWGJDb01SMjZmemlEcm43eEhzcUNqWEl4aGZ0Y0FkbWt3?oc=5,-0.34,negative
2026-07-16,2026-07-16,VZ,"VZ Stock Slips Premarket: Verizon Looks Cheap Compared To Peers, But Critic Warns Of 'Strategic Drift And Failure To Lead' - Stocktwits",Stocktwits,https://news.google.com/rss/articles/CBMijwJBVV95cUxPS2g4XzEwcDVmM3BkOXVfZm51UlVKYjI3cDR5OUV6b1lub08tSjBwRXg0bUE0OWp5TndDZlp6UHVuLURMSG12V3ZHLURWVmZGSmRIYW9QbkhZNF9GQjkzN0ZGQkZzcXVGTHNTYV84ZW1pNDNYaDhBN2lFNHpkanNFal9TVmNIODZEYnZha2FPbVRqdk9yQlRGTjdZWlRHTldESXZpWlJLVm1MNHEza1NfOXNXZ2oxMHg4a2I4bE0xOURsVFBOR0h3aGpoTDlRXzFlaHZGVGZtREg5V3kzZ1VsYUNhWnA2WGxGX013SW93SGxVQnVLVlBBY0NYQk9BZnBCcVJGdllVbTg2dExMYkZz?oc=5,-0.8271,negative
2026-07-16,2026-07-16,VZ,"Illinois Municipal Retirement Fund Sells 57,557 Shares of Verizon Communications Inc. $VZ - MarketBeat",MarketBeat,https://news.google.com/rss/articles/CBMi4AFBVV95cUxNaHZMamhBdUNfRnVfUGY2NS1qSklqU3JFU204b2EtUVM3T3M5RXhQWXR4SC1WS1FldVk2bV9GRUNzNnFjNnYyNklTcXNmbzdrWXExLW1PWDgyYzdoOWN4WVRWTjFSMzI4WGxsM2dmTWFicXdlRnlmZms1c2t2a2lFTk9jRHN0ZU1OM05vTDZQdXViWjZFdVJySTZPNXpNdGlzckxjTW5SYWZ0N1JSUWxtT00zM2ZWdEl4OUdYcUZuelFqN0ppZE1YSTVCTUp1M29sR182X0owR2tMNHU1SVRDWA?oc=5,0.296,positive
2026-07-16,2026-07-16,VZ,Understanding Momentum Shifts in (VZ) - Stock Traders Daily,Stock Traders Daily,https://news.google.com/rss/articles/CBMitgFBVV95cUxPb1Zvdy1GemZJRVR0Z1VITFl1MVh3OTBxVGZGU2FIUnBlRUN5RmJfNkJwYUZhNGdjQy1CVkc3d0Z3YXVLWVd0TEFYcXEzVkxPVlR0REJ6Q0J3SGttNG5wMTR2RVhtSUh4Vng5Q3lkcFlJMFdvbTNyRkNYSTdfTHo0b3NOOEFXNEtmeFY5d0ZDR0FhQk1ucGJoaTRQUjZYMERqV1EteWo0bFVJU3BZRW54NTB5dDZsdw?oc=5,0.0,neutral
2026-07-16,2026-07-16,VZ,Should You Buy Verizon Communications Stock Before July 24? - AOL.com,AOL.com,https://news.google.com/rss/articles/CBMiiAFBVV95cUxOQjM2X1JxNlR0YXFyazVIa1pDRTVNa3g0UTNjMGFOdTZuN25DbnN0TnZaWlhTRF81SVFKelkzbHdndkd3OUlKTFZ6Uk9TbGZvVlhMRHktZGNHOS14LUx2aTR3VzhuSWJuVjg0YlNhSHpmSkxYUjVIZ196TkdIRTFZRlFLYjJiN2VU?oc=5,0.0,neutral
2026-07-16,2026-07-16,VZ,Bank of New York Mellon Corp Grows Stock Position in Verizon Communications Inc. $VZ - MarketBeat,MarketBeat,https://news.google.com/rss/articles/CBMi2wFBVV95cUxPODN0N3RmZ04zZHU4cWIzLTRLWmZEbGNCbmRiTktmNVZ6d2dQZERDRkkya2pydmV5WF80b1drS3pUVndkVkVlUmZUa1I1V3RGNTByRVppNl9JOGJqX01QUElJM3UxQ1c2by1fWkJiNlhGYjRZS2EyaUdJVnU3SkY0VzBZQWpJYmJvajdyQ2s2YTd5YndlZ2hvelJfUURuRUZCX092dDZYUmt5d19vSEFPRmYzYkZqUl9LWmh5RXdRbXVpbGJxTk84SmVycGNqUjJTeFpUSmMzNGhackU?oc=5,0.0,neutral
2026-07-16,2026-07-16,VZ,D.A. Davidson & CO. Raises Stake in Verizon Communications Inc. $VZ - MarketBeat,MarketBeat,https://news.google.com/rss/articles/CBMivgFBVV95cUxPSXVGZFNncXRUeDhDYS1DaFBqREJtREpLZk44a0Z0eWRscmV2U0d4YTZneFFrUWZzcWZQc2dwSkxyTWtaYXhONWtPeTFybkxBdmYtWHp0bUtNVnZTbi1pVDV5WW8yalNxYU1UeFROZUJTQmdULWZjSlNCd0h6ajYwQVFnQkh3eGlTaUM1alNXaWRMYTNHeFZZeHJZT0NyNnBnR0xLZ1Y5emNPMXVGQWNxb2pHRzdzdms3YkZhRW1B?oc=5,0.0,neutral
2026-07-16,2026-07-16,VZ,Wealthfront Advisers LLC Raises Position in Verizon Communications Inc. $VZ - MarketBeat,MarketBeat,https://news.google.com/rss/articles/CBMizwFBVV95cUxQemowdEdvd3Y4V1ktdUVBX2w1RWlrX3N4Nmw1ZnJXV1RLZGJlY2wwSnRiNENCX0ljTTZRY3lxM2pRcFdLaWVxdTFkektxWnJ5NnV4dHFQWFd5cGpqa3ZlTUc1S0d6Mk5VQ0JDaGd1ZzdXOExZc25jcVZ0anNCRUVvcVQtLWtLRGxLbG5XenZvdWJ0TVlsWmZ3Q3plbUFXdHlrOXhEQTRyQXllNjNJX2JHNDkxV0UtbGdENFBacUQ1ZHlrUkFXRExmaUVVc1lhazQ?oc=5,0.0,neutral
2026-07-16,2026-07-17,VZ,VZ Stock Rises — Verizon Moves To Slash Costs With Major Store Shakeup - Yahoo Finance,Yahoo Finance,https://news.google.com/rss/articles/CBMimAFBVV95cUxNbkxBTTQzTXNxcmx1MEQ5emFXWm55T1JXYXdmQTRQZDl3ZWRNY0xMbTZEUWdicm9SZC1mbVdGV0ZJcXRuZWw4bmlWTzRRdmN2YTUyaURaMVpNWXRZbUM4S1pCYVMyZjIxckNkZ3Q0VkFCeTFJVW9zOEdvUF9zc2w3SGd5OTVMTUdSZmNXZHk2ZGQ3OGZ6SWhrUg?oc=5,-0.4549,negative
2026-07-16,2026-07-17,VZ,"VZ Stock Slips Premarket: Verizon Looks Cheap Compared To Peers, But Critic Warns Of 'Strategic Drift And Failure To Lead' - Yahoo Finance",Yahoo Finance,https://news.google.com/rss/articles/CBMingFBVV95cUxQY3RNeVJZREpMcXJBY3lxd3k5VjRucDNUZzlDYVZTNDNySFQ0RGk5TFhwc1pfdmNmRGZjS1I0THNRVlFVMEFPSlRkQ19jTTdFbDdfVDdFWkRVOUdUT0lyU3RiaXVvXzdNMklEdjFSZ29FQWxSUjQyeE4yVTJHMGhLbmdyX283SzlPN3p6MFJ1UldWS01nWW1EYnA5S084dw?oc=5,-0.8271,negative
2026-07-16,2026-07-17,VZ,Why Verizon Stock Topped the Market on Thursday - Yahoo Finance,Yahoo Finance,https://news.google.com/rss/articles/CBMinAFBVV95cUxPZVMxNUJuNEVMU1pGQkRadGVFakdQQXE4X2tIdU9mSWhVaXByWnBMa3dmb3dxVjA0eFB0SlZTdGQtVXhieXE5Q0hRNE1tZXdGLTFoMENSd1Rob1FoZ2E4azVEWkp1NmFkb2Y5Rk5VY3J5NGQ1dzM5VmRRQURtdy1hcHB0Yjl4TC0yNXVFMmtSZlhwZkNLTG85T3VXZGI?oc=5,0.0,neutral
2026-07-16,2026-07-17,VZ,VZ Stock Rises — Verizon Moves To Slash Costs With Major Store Shakeup - TradingView,TradingView,https://news.google.com/rss/articles/CBMixwFBVV95cUxNeWR4Y0tFOHloR2FBWlB3QV9nYWxPbzhPelVmRW5MYzRGTzljLTFwTWFzeWpIRVlBSktlc3J3YXBrRk1qVjc3VVRLUU1LbnJBbmdEeHlmZlp6azBSNkJaajJwMHpzTEhGQ1V5RjFLQ0lGMExVdlZ0eU8tMk5PZmZOQzlyakVUTFItMC1vam4taWp4ZWNXUWU2ZnpsWDRITE5mRzUtWVdEOUJhSHVPTDNqWWVrNTZuZG9mdlR1a21JdkhiZW5fb3k0?oc=5,-0.4549,negative
2026-07-16,2026-07-17,VZ,"VZ Stock Slips Premarket: Verizon Looks Cheap Compared To Peers, But Critic Warns Of 'Strategic Drift And Failure To Lead' - TradingView",TradingView,https://news.google.com/rss/articles/CBMiigJBVV95cUxQaXNuUzRLYWFUU3VrWTNtb2lyS0N1VkNrNkR1X0hESHBfUXBEXzlWY3UwVmt1Yk1yMDI2aVFMelFTTWhaVklRNm94ZTFJMFowQ2J3T0M2WVJQb1ZCRTlMWENqS2JZQjExRjZUaGVUbjZVbE9DLWdFSm1TbGNUV2dJWFR1Ujh4UmpaNDRkNnpPZFJ5VDEtdlZwMDczSXB6YkFLWVhkczJpRmlGSktiQUUzTHYtZGtEb0czWm9LbVF5SGhlLW1lcVAxZmtxZUhqRHFlQk5NX3lhTDdEalFPbjF6MV9qNUpFY29pekdUNFZqem1ET3U3WTktMThEVlRNbl9EVTRKNTdZcEo5UQ?oc=5,-0.8271,negative
2026-07-16,2026-07-17,VZ,VZ Stock Rises — Verizon Moves To Slash Costs With Major Store Shakeup - Stocktwits,Stocktwits,https://news.google.com/rss/articles/CBMizAFBVV95cUxNU3cwR3doS2VmNDlNVEdFQnJsZ3NTZ1ktejVsMmZnVUt2QTRvSnpOSTkxOGpTX0JramdZZFVLdmUwMWxPOVVlZ0h5TXlBUWgwNHpMMDFBMUI4S0FvaEFRY1VHZy1NTUR3djdaTDExcFRWcGtLcFdpUHRoN1hrMnA3eXk5WWIzeDlTYnJQUkctU1VRaXpsSE9TWXdWbVZNUVh0d3kzeHFDMWJmNDhnVE1maXcxMGlCczJqNG53cEllcGhtZ0JyWDdERkJDYnQ?oc=5,-0.4549,negative
2026-07-16,2026-07-17,VZ,Verizon Communications (NYSE:VZ) Shares Up 2.4% - Still a Buy? - MarketBeat,MarketBeat,https://news.google.com/rss/articles/CBMirAFBVV95cUxQQ2R6VVB4QlE5Vm9HckdYbGhmbHlOZkZkR1NYbGI3bTEzWHZKX2hjYkNtaDhzS09fdnF6aks5VHlEZmVJaWhZLWhvT2VZMWY4SGQtcWVmdFZFNnhENnRxMHNad2k4OWtya2loU0V6MVczNlpaRmJVZEVELWxQWkpqZFp4eUd4bGlrc3hyMzE2Q1J6c3pDTmJRaktod2EtN09UN0pTei0tYnFITFc2?oc=5,0.296,positive
2026-07-16,2026-07-17,VZ,Why Verizon Stock Can Still Be a Good Choice for Income Investors - Barchart.com,Barchart.com,https://news.google.com/rss/articles/CBMirgFBVV95cUxQVWlqNkpObHE1clJLeUNnN25YTGVWRG9TQWJrM3F3ODg2ZnF0OTFlRWU5M0tNajhzZFNlVExLcTNXLWJQWnVEZ3I5VzJPTGV3SFVrc0F1ZElzSzJISU5hdG5pVnRIVTRNd1NXMXJnMnUyZEVhV1hMSWpNWE1DTE5GWVcwM0k3WGRGaW1CbTRhVVJTWXl5X3BIclN0RklKQXlveFBGa1VfMUFhRDZVMGc?oc=5,0.4404,positive
2026-07-17,2026-07-17,VZ,"S&P 500, Nasdaq End Higher On Support From Chipmakers, Cybersecurity Stocks And Soft Inflation Data — NVDA, GS, SKHY, VZ, LCID In Focus - Stocktwits",Stocktwits,https://news.google.com/rss/articles/CBMixgFBVV95cUxONnJpVDlCRmllRnVYYUx4c1RsT0tDOVV2cDUtUDlWRFFIbXJKbi1QZEM0cG5kMnM4QnVJOG56dWptTGI5U01FZnBWY1I4MndJSEF5TUU5d0dhS0haNjZmQmFWMEJOb3FqR3FfNF9hUHA1d3dkSXVvcXBNTFA2UkQxckhlRGdUT1B0OTFhMHQ2Yk5VZ0FsWnNLSldBUnV1VGktVGhLR1JTTWU2N2RqTmpWdEdESlc3TU8tUUtnZVJVcXNZWGxNbWc?oc=5,0.4019,positive
2026-07-17,2026-07-17,VZ,"Lobbying Update: $40,000 of VERIZON COMMUNICATIONS INC AND VARIOUS SUBSIDIARIES lobbying was just disclosed - Quiver Quantitative",Quiver Quantitative,https://news.google.com/rss/articles/CBMi3wFBVV95cUxQaldtZDJHTU5FdG90UTlhbldKdHhIdDJ3bVBDcjZIRFNpcTEyQ21fcDBDRzFGOVNLX0piNXJzWkVNNXBYdVpBaTZjUXh2OUU0cjl0d1JFamlDMk5zWXZtRkJCS3NGTUo5QTdNeVFnd3J5amY2WHdURllmUlJKWGhvRTFDYTZaVTlVdjZHckVNZjBJdjFOc2FHSWJDczlhT3pmLTV6WU16TTQyWWhnTTBYNGRRS1ZfTEFQSUVKWThWWjd1cnJ4Xy1IT0tuUnhwVTRZSDRSUHNKRG9BTlNSc3VJ?oc=5,-0.1531,negative
2026-07-17,2026-07-17,VZ,Independent Financial Group LLC Makes New Investment in Verizon Communications Inc. $VZ - MarketBeat,MarketBeat,https://news.google.com/rss/articles/CBMi3wFBVV95cUxQaXoyYllSRE00NW15aTA2bThMQ1hhZW8yZ1FFaWE2X1lEdUVUREwwcVVxTWg5S2J0Rlp0V2RQWktoWDNKWHJ5ckZHamZSelhfZEdzU3ZZaTc4Nmt5VlR6SG5CZWJxMGl4SkpKRVhpS3Bsc0J0UVBlWGhwbXhJNFR0T1BKSmNjc1Y4a1RnamJ3eVNpR2txdWdrcVdVS0FBNk80MHh4ei1fTXczY3Y5eFFaeHNPdlJuQ3ZncjU2ZDZ2QTdWYnE0YlV6eDlFZWpfM0tFODBENUh0VnZLeWVrVjdz?oc=5,0.0,neutral
2026-07-17,2026-07-17,VZ,Bessemer Group Inc. Reduces Position in Verizon Communications Inc. $VZ - MarketBeat,MarketBeat,https://news.google.com/rss/articles/CBMiyAFBVV95cUxPZVo2QzhReklyZVVUeElUcF9KWk1JZnJOQ2V0SXAwQnM0aEJoakhpRTctcUEtN2tGZ1FUQmFfZnhPcEJFc2tjMm1CbGpHeGw1d014SFBqaXRzOXR3LTc5NHpJRXVndDVLOFpnd2pnUXdDcl8tQlhVbjhUNkxGbm1FR2lfdE0yc2dhekx2aFBOU2lxX0Vwa2lNU1E3V2ZuUnQ2a3Nya1k4U3E2Nlg0RWZDb3pMZ0Nkd0I1SmZGN0cyUEVra3ZUYnMyTw?oc=5,0.0,neutral
2026-07-17,2026-07-17,VZ,Verizon Communications (VZ) Expected to Post Earnings on Friday - MarketBeat,MarketBeat,https://news.google.com/rss/articles/CBMitgFBVV95cUxPdzVJVEhuTU9xc3p3M25JQVpRZkdiWnNSRnFNZUhfeVZIUGFkZ2pvTGdrZ0dvNUdYQmpTSnFHY3NiZkFOSUFFejA2N1dGYk5zVVdhdjlZbXhFWHZ3LWptV1dUaDZvYTlDU0RrT2tESXA1VXUzLXlENzVzU3BBZ0xLcTNWbmo0bmpJTzNiV00tNXVXa2E2c3lLb25VOVlBT3djc1BjT2wtdmNoZUY1U1JlS3VObzBUdw?oc=5,0.0,neutral
2026-07-17,2026-07-17,VZ,Wall Street Analysts Are Neutral on Top Communication Services Picks - The Globe and Mail,The Globe and Mail,https://news.google.com/rss/articles/CBMi5gFBVV95cUxPNEppbVdaU000TUM5MEdlYlVOTi1hdnBpaVBhTEFEYVFjMm9oa0hCSnFqNXI2eDZva2pSM2VMRG1EUVdLSWcyWVZJY3djbVlPRDBsX1l4NDVSV3lmNVpZRjJLdkkxbW0ya3dwRzdhblQ0ZkVXX0lNMEh2X1hWTVhOSlBFR1lGNnUxMFQwRHVLNkhTeUxjb1UxdUhsWldVekxkZmNaWVV3eGZFVG1jMVM3MzNVeHpjaFRwLXdXZUQyZTRUaUg5LWR0aUJmcURBTFVJMDVMamtVNk9oc01rUnJJVWFvM2ZVdw?oc=5,0.2023,positive
2026-07-17,2026-07-20,VZ,VZ Earns Its Premium Over Peers. Now What? - Trefis,Trefis,https://news.google.com/rss/articles/CBMioAFBVV95cUxQMWZNaDRUekUxeEhPNkxsOUVxMmJKN0l0YnhwWkdxX3VQemlTV3FGeWdjRUZzNHhkODZoT04wdWpDQW5hQnAwTDltbk1fNHdRUkNSTTVWZDFOSUVmY050eGk1QkRSbG1HZ3g1V0pBSFFuQWdKWU12ejlNTGtXT2w3aTVwMUdPTUpEN1JENFQzVllPalVMQ3FCSDgySkVXQmot?oc=5,0.0,neutral
2026-07-17,2026-07-20,VZ,Why Verizon Stock Topped the Market on Thursday - The Motley Fool,The Motley Fool,https://news.google.com/rss/articles/CBMilAFBVV95cUxOSUpmM3JiX0RLeE5YSmlQVGM2ai1XalJLRGpkNkU5MGJvNW1hcTRJa2pGYTBpTVhWbFdnQmdTVzBUNU1WdHYwS3h1OHQ4NWN5TEwtNWphaG15ZHJBZHBpTTNNSUtfakdNT0Z3VU96TW9RcGtjNThDcGVpS1gtNGZnTlc3Sm5HbXg0TlFER2dRMjJxNWV6?oc=5,-0.4404,negative
2026-07-17,2026-07-20,VZ,Verizon stock may move 3.9% on July 24 earnings report - Investing.com,Investing.com,https://news.google.com/rss/articles/CBMitAFBVV95cUxOMjY5ZzdfRWcxZkNRM1NwMDByUzExSFpray0xekRaTGVSMXRzWU5OOHo3aEhUNG5KUXJrNUhGNUJGYVcwNmRONklWSVpMVUNsMDFQcXk3UWZBUUtTNDA2cG5IXzlUanE4amZ3Rkc0T3dIUjN2NVplWEs2eTBIU2RhRHZ3aG9MeXhENkZWNzB3RFduZnJmZkxaY1BUTm92V2hXajhCSHQ3eDhDS3hOU3VNNm9jYXg?oc=5,0.0,neutral
2026-07-17,2026-07-20,VZ,Verizon (VZ) EVP Villanueva Rodriguez gains 83.489 cash-settled phantom stock units - Stock Titan,Stock Titan,https://news.google.com/rss/articles/CBMiugFBVV95cUxQM2FzWFBOVUxaUEpyWmtTanZlSXpYc1k0MDQxMVVPaGowMEhkOGFwaTJ1WFh0d0JDelRuZTdwTHVSRU00TGpxY3FTUFVZVHRKbGJseEJJeDhOZ3FfYjl0Q0dPSFNSajlNNjlzT1RUVmJvVHN5NUI3XzdQb281R3JJRGM1RTd1MzIxWExvMlVpRUNFWjE3LWowZlBoOXRxeWxxRXA0SG52MjdHVVZJZ2lJM3BOVjV6eGtnbmc?oc=5,0.34,positive
2026-07-17,2026-07-20,VZ,Verizon (NYSE: VZ) EVP Kyle Malady adds phantom stock in deferred plan - Stock Titan,Stock Titan,https://news.google.com/rss/articles/CBMiugFBVV95cUxQc2lHaFVGY3BhY1lBSFpDZVZFa0pVVkthZ0c2RWFrdENzdWZNazYxZ3VzNmU1RmVsaEVxakUzUkZTRkhoc1I1bXcwYWNRWUdNc0taM0pzV1FZYjRIODF2Z2hXTlhPYkVJV3FTWWNuNUhXYnNDM3cxbjJoWHY3eHJqQVBVQUdjcmZyV2U4d3lhTDZfNjh3SEtRMXV5YWR0NWpleEdWRmZkdF9Mdlh3VWV1M2paSFZxZThXdkE?oc=5,0.0,neutral
2026-07-17,2026-07-20,VZ,Verizon Communications (NYSE: VZ) CEO gets phantom stock award - Stock Titan,Stock Titan,https://news.google.com/rss/articles/CBMiugFBVV95cUxPVGxVYTlRYWRxNzdwbFA2MWVrdXNMV3htQkZlWENZU0M1VnAzcDZ6eU93U0xBeWdKSHJaSUJDNDV3dE4wUVpRdlc4OEpvcmtfb05mUzJDSnE3dGk3bG81bkpYeV8yT3lYS1VGUWVra3NUNnhVUUxjbktoZHh4S3ZNZUdtNlZqZTg1WTBzbEE2QzdxUU9BRHRXYTVUcXRSSG80djdzdWFxVHplOEszaktfLU9MVnQ5OWNLcnc?oc=5,0.5423,positive
2026-07-17,2026-07-20,VZ,Verizon Communications (NYSE: VZ) EVP receives new phantom stock award - Stock Titan,Stock Titan,https://news.google.com/rss/articles/CBMiugFBVV95cUxNX3NybDF2YTNENXNzMTBFSzFERHQ1Q2NVOFZheFJ4VHRHdFF3OXctU3FoeEQtS3MzZ0lzcUxnWGtZU2JKOHZSdUJ5MGhOS2NtblEydjVOem5IczNrVmJ5bk85QnE1b0tsd2d3R3VOS05VblI3SmRXbUhlVTJDdjJwbExGalpBWld6ZmJtMjJJWVk4WjM5X3VOVGhidXFKLWRDdjR5M01DdHJCendTQWxuR2szX3ByS1duTnc?oc=5,0.5423,positive
2026-07-17,2026-07-21,VZ,Verizon Communications (NYSE: VZ) CFO gains phantom stock units in deferred plan - Stock Titan,Stock Titan,https://news.google.com/rss/articles/CBMiugFBVV95cUxNZms0T1ZJZ1FWemIzTndmZDVCYURoWmYtYnkydTJFNzI1NjA1Vy0tRm9WQ2swTHNQdXpSLWdNUjNtd19lWUZSejNyZGRJZWY0NFo1dmdFSkEzRVhUeExib2tPWVJQcThWdTVuY2JUSktldFJBMTV1UHZ4ejVzdlNBU2FGSG5HQlByZS13MkszUnAzQWc1WnR3Vng4TlVGbDhwU2FqQjNEcGQyUzhnZTdacndITU1rNnlYSXc?oc=5,0.34,positive
2026-07-18,2026-07-20,VZ,VZ Stock Slips As Verizon Reportedly Plans New Round Of Layoffs - Stocktwits,Stocktwits,https://news.google.com/rss/articles/CBMinwFBVV95cUxQUTUwckxUYTZjMUpjVWh5aDFqUHU1TXh4TVhEeVlwVnhaNW93dE52dERkbzNOc2w0bkpoWmJ4blJaYUEwUXUtRHZkYlp0cFFrTERFVkhPamtyQXhqUGRPN1hNRlFFblhpYUJrZDkyeWJkWk5SZTRtRXRTVkpyM1U1NzM3bEVNVTJkU094clFwMG5MSTFsaF9FMmItZldXU2c?oc=5,0.0,neutral
2026-07-18,2026-07-20,VZ,"VZ Raises Earnings Guidance For 2026 — CEO Schulman Says 'Turnaround's Not Only Progressing, It's Gaining Momentum' - Stocktwits",Stocktwits,https://news.google.com/rss/articles/CBMihAJBVV95cUxOb1pBOWhvN3hpRmFfYlZSbE5BdEFEZk9fUTFER0w3eWNPemtYeFgyUEF3SlA2ckx4OXNGaUZzSzZzU2RWY2JpbTdHbzkxTFRfc2lNVG1Qb0dJSHFGOWd1bmZnRDlEeWlYZjhJY2VSVVpvSUZoZmZUMlJ5dk9XblRqMXZHZlNkM2VLZFdGV0l2YXhPOE95WjVFOENuNFd3UGFDX2tRQlFZMnZOT3JXeU5kN0toUHpLbGE1ZVREajFYQVBuRlpHZ0pVenp4Mkh6c0ZsOU41ZDZyMVdvZlNGbmJEM2diODhWUWF2ZE5xbENDdEY0ajJ5RURGcndlblFwbXUxUzVpNA?oc=5,0.4215,positive
2026-07-18,2026-07-20,VZ,"VZ Stock Slips Premarket: Verizon Looks Cheap Compared To Peers, But Critic Warns Of 'Strategic Drift And Failure To Lead' - Stocktwits",Stocktwits,https://news.google.com/rss/articles/CBMijwJBVV95cUxPS2g4XzEwcDVmM3BkOXVfZm51UlVKYjI3cDR5OUV6b1lub08tSjBwRXg0bUE0OWp5TndDZlp6UHVuLURMSG12V3ZHLURWVmZGSmRIYW9QbkhZNF9GQjkzN0ZGQkZzcXVGTHNTYV84ZW1pNDNYaDhBN2lFNHpkanNFal9TVmNIODZEYnZha2FPbVRqdk9yQlRGTjdZWlRHTldESXZpWlJLVm1MNHEza1NfOXNXZ2oxMHg4a2I4bE0xOURsVFBOR0h3aGpoTDlRXzFlaHZGVGZtREg5V3kzZ1VsYUNhWnA2WGxGX013SW93SGxVQnVLVlBBY0NYQk9BZnBCcVJGdllVbTg2dExMYkZz?oc=5,-0.8271,negative
2026-07-18,2026-07-21,VZ,VZ Stock Rises — Verizon Moves To Slash Costs With Major Store Shakeup - Stocktwits,Stocktwits,https://news.google.com/rss/articles/CBMizAFBVV95cUxNU3cwR3doS2VmNDlNVEdFQnJsZ3NTZ1ktejVsMmZnVUt2QTRvSnpOSTkxOGpTX0JramdZZFVLdmUwMWxPOVVlZ0h5TXlBUWgwNHpMMDFBMUI4S0FvaEFRY1VHZy1NTUR3djdaTDExcFRWcGtLcFdpUHRoN1hrMnA3eXk5WWIzeDlTYnJQUkctU1VRaXpsSE9TWXdWbVZNUVh0d3kzeHFDMWJmNDhnVE1maXcxMGlCczJqNG53cEllcGhtZ0JyWDdERkJDYnQ?oc=5,-0.4549,negative
2026-07-20,2026-07-20,VZ,"Jennison Associates LLC Sells 175,952 Shares of Verizon Communications Inc. $VZ - MarketBeat",MarketBeat,https://news.google.com/rss/articles/CBMi0wFBVV95cUxOZ2RsV3E4QXFzS3VRZmNCbGNmbklZODZaODdFdTJid2ladDdERWFvSVJmMFlDOHRxQ045QVg0ZkhVQm5TVlFjU2dLWG02a0J2LTkwd3VjNmRUQzZwTkZTZENYNU9OanZ4anFmWEw0cFNkY1pYRWswem5DZVczb1ZNcTZYclp2U3JjYXJpSEtXRGZnY3lRb19uN2pVZndFNW9XSm52Z2FOMWVzYURYNVRkZExlazYwMXN6RjBuRkVhV0EtdHl6TTlxeVF1M1FNdE9PS0hZ?oc=5,0.296,positive
2026-07-20,2026-07-20,VZ,"Dimensional Fund Advisors LP Acquires 1,972,634 Shares of Verizon Communications Inc. $VZ - MarketBeat",MarketBeat,https://news.google.com/rss/articles/CBMi3wFBVV95cUxPT0plQUNrdW1aTXJsR1ZBMHV4a0RSNEN3ZGVBUjhFWjYwZWtvc2lMU3ltUW94b3JvU2NBUjFlS0ZPa0s2M2RQS0pXOWYzdWtsSWFmMEZmN2JUNmFaeUZ5MGx5c08tS3QyX3h3MnVNTHpBTzNhSWRpcTBrN0NVUDR0S0k1OEM3dUFja1l2UmJGVDlXRm4yQkdpY3BVR0NSY1JJWUZWa2ZrcHVaYTROU1lDSE84MWNqX0hvckRscHBaUGdhdV9BbDdoSU00SnN0Z3N3bjNMOXpDeDZjT3JQbkw4?oc=5,0.296,positive
2026-07-20,2026-07-20,VZ,Verizon Communications Inc. $VZ Stake Lessened by KBC Group NV - MarketBeat,MarketBeat,https://news.google.com/rss/articles/CBMivgFBVV95cUxQRFpoMEJqY3M2OFFWSHBuQXVqcFg4QUYtRVk2YzV2eWkxYklDRUVnLU9oSDhlRUVEbzI2aFdKYXhlOWlPMDJiT2xtMEgxS3lfV0dlQXlUMnNZTW1kcmxzNmN5YkVBTWp3UktvS3JrR1pTakZVcDhVek10LVk5djA1M094LTZPSUhZS2N6LUtxTS1JRVVUVUREdGg0bXlPY3dyUzRhbVlvTVFvOXNfcVVJOHBueGJ2ZVRVdnJzcU1n?oc=5,0.0,neutral
2026-07-20,2026-07-20,VZ,AIA Group Ltd Increases Stake in Verizon Communications Inc. $VZ - MarketBeat,MarketBeat,https://news.google.com/rss/articles/CBMiwAFBVV95cUxNVHZfU3FmTnVQczI2dXc3NWFLR25oSG1HcmotWnJ6bmNLZ1BfRktubkxuY29RVXRoTHpPNWVHWm5qY1B0eVJqdTJpQ05sQlYxZktTZkhYaDV1VS1FeG1kTUxnOEsyTnktbi1KUWxtbzM0SEZuQXJEeUhvODM0M0Nva191YlZjTGw5TVBTck5oMEsxbFJNanMwb2pQRmZjZ2k5SFV2aDdfUkFkRU9RQnA3VmVtdU9pZkgydkZEODQxRVA?oc=5,0.0,neutral
2026-07-20,2026-07-21,VZ,Verizon Communications (NYSE:VZ) Price Target Cut to $46.00 by Analysts at Royal Bank Of Canada - MarketBeat,MarketBeat,https://news.google.com/rss/articles/CBMi3AFBVV95cUxNNWRnTkZJSTlNWjRyWlZqWUNjOU9nRjVRbmdWQnZiYldPSnFjeW5zYXU5SFNXUURGZ0tvOTlqWklBZzdWd1Vfa1RaTEZsYUxqdU5zcFozc0dlRWZKQ0U2ZWFXWFpGNXMzcHY3T0tWblNiUGFzQUJRNHp4ZEpsSXdaOHZOVnRiU09DTFZTdjZPU0xHN0lWMEI0cUNsZHlxZzhWSWl4VWZCZE9xWURWM0R3LUFORWtvbkFsWHQwNzBya0FPSnFBV3RuaHJIaFlBTHNtRUtFbTVtTGNLMDhJ?oc=5,-0.2732,negative
2026-07-20,2026-07-21,VZ,VZ Maintained by RBC Capital -- Price Target Lowered to $46.00 - GuruFocus,GuruFocus,https://news.google.com/rss/articles/CBMinAFBVV95cUxOSkhRenpOR1hWb2VZUXNvN0tXOUUxbnN0MlN5UUlMUXQtWjVHWHpEeVQ5NTBRZ2JNMlNVbFpRQ3c5OHBsdkVoTXhoYkcyX1NPbmx6VVVtdG9xaTVaa3RwQjlmV3l2a0ZodC12blR4REcwd1NLT0V1NThsTjNwcDJweXh6RDJqMDc3aDNIWlBYeTVSdWNJZjdZaDlVRU4?oc=5,-0.128,negative
2026-07-21,2026-07-21,VZ,"Commerzbank Aktiengesellschaft FI Acquires 176,816 Shares of Verizon Communications Inc. $VZ - MarketBeat",MarketBeat,https://news.google.com/rss/articles/CBMi5AFBVV95cUxOdW1hUFA0VEctVVNZODVlYkJtRVBLMzFnQVpFSVZ2eFEtcVkxUzJNeXpoQ1lhclpxMUl2aWxiYUF2a2lhT01kY1ZFd2Z6MlNzbElyazVBejRjTEkzNXJtaWQzWHBvOUpTOE95c3NsTFE2Nnc4RHlWNWFvVm9VRHpKbVVJa0t4TUZ4a3Z6cUhrRHE4VTVmc1Y2bzIyOXREekY4STduQVljX1hqaVVnZW1lamhXV3laOE04SklBaENudkZSMVR4WUlPSnJaR0lMRDNLOUhOZGl0NFVURTZoRXJfaFpIVjg?oc=5,0.296,positive
2026-07-21,2026-07-21,VZ,DJE Kapital AG Boosts Holdings in Verizon Communications Inc. $VZ - MarketBeat,MarketBeat,https://news.google.com/rss/articles/CBMiwgFBVV95cUxNNWw5RkRiS19vSW1nS3h3SW85dGp6ZTZ1V0EzX2Z5WGdpbFF5aVVzSGhmRGw3cVNCZDNBZGFFWjRMYktsVFJubHQyWmRFYXFZN2dfTURkV3NsNV94SmRpN3hEUGJhSFpZczdkbmQ0b2xuOFdSNTg1OWJKSmo0TnlKUlFKSVpOX01NdE5Hb2FEb0t5eVJUSFQ3Nk9xbVVLdmJDRXExUnFURWdUeVcwZEFzdFBiRXpsVl94dWJON1BiVDBKdw?oc=5,0.3182,positive
2026-07-21,2026-07-21,VZ,"Andra AP fonden Sells 379,958 Shares of Verizon Communications Inc. $VZ - MarketBeat",MarketBeat,https://news.google.com/rss/articles/CBMiyAFBVV95cUxOZ3F3Ri01WVJfWVVWTlAzTkZqNE5PWXZGdXhCVHV2ZGVBUXRHUkVPcEpCZmV6SjNnV1Z0dWVyY0NuQnREV1YzQll0MGpCWTFyM1Rkb2tQT2ItTjNnNEgtMWJjSlM2S013UG1vVHpKQm42QXJRaURpc1FmX3d4N2duMzFHbHpOQTZOSW1hVElwakdnRE1vTUE1N1BoT3M1NW0yV2N4TGtpOHRuRy00N0JQRjI3NXFfQmRHSGVnRndEcC1fUEt2bWFYRA?oc=5,0.296,positive
2026-07-21,2026-07-22,VZ,"VZ Stock Slips Premarket: Verizon Looks Cheap Compared To Peers, But Critic Warns Of 'Strategic Drift And Failure To Lead' - Stocktwits",Stocktwits,https://news.google.com/rss/articles/CBMijwJBVV95cUxPS2g4XzEwcDVmM3BkOXVfZm51UlVKYjI3cDR5OUV6b1lub08tSjBwRXg0bUE0OWp5TndDZlp6UHVuLURMSG12V3ZHLURWVmZGSmRIYW9QbkhZNF9GQjkzN0ZGQkZzcXVGTHNTYV84ZW1pNDNYaDhBN2lFNHpkanNFal9TVmNIODZEYnZha2FPbVRqdk9yQlRGTjdZWlRHTldESXZpWlJLVm1MNHEza1NfOXNXZ2oxMHg4a2I4bE0xOURsVFBOR0h3aGpoTDlRXzFlaHZGVGZtREg5V3kzZ1VsYUNhWnA2WGxGX013SW93SGxVQnVLVlBBY0NYQk9BZnBCcVJGdllVbTg2dExMYkZz?oc=5,-0.8271,negative
2026-07-21,2026-07-22,VZ,Verizon Communications (VZ) Could Be 14% Undervalued As Restructuring Sharpens Valuation Focus - simplywall.st,simplywall.st,https://news.google.com/rss/articles/CBMi0gFBVV95cUxNTVgtMFBOWWdacVJNeTI0YVJaWVgwT0lRM183NjFGcUlCbEhOeFFBSlctQVdtLWk5ZHpGMld1b0V3S3VVekFCMHRGbmFua3BnRjhvY0RRbTNRd016SW1TZFNZdlV6NGt5V2VDU1o1LXlHSFZjMXFOYVF0em1ZcUZrOXg3em0wUkk4UHhVY2RRVXZndmFzUWJHZ2ZYWkt1LVNaV3NXdmVfWU5KTjBUdTdvdzhPaU5xZ2U1ZVRHUVpIRXZ3VHJKVWNRampQakFpcEU2WFHSAdcBQVVfeXFMTk9TS0pvejhaNTNLWFFGYk15emRSME1vS1NXRTBaOE1DdnRZUDhnXzFKckVydzYyQzh0dkIzSHR6X1JyY0dURzl0emJEcGFfc091dGpsM1RJa0FmanRhZHhKTURlNjVDemx4UDIyaVptYUl2eHVSUEZCT083RDFheXRFbmlmOS1fZDZrZHNQVUZiZmU2UmxManhXUmU5MURzdWZEZFBQalRtdHRwTHY2dTlsR3IxSUVpTVp4c2NiUlhtNjNHMG1LNHZ6aEg5Vl9oYktZcFQwYnc?oc=5,0.0,neutral
2026-07-21,2026-07-22,VZ,"Should You Buy, Sell or Hold Verizon Stock Before Q2 Earnings? - Zacks Investment Research",Zacks Investment Research,https://news.google.com/rss/articles/CBMiowFBVV95cUxQS3VxTkRXa25SR1hrZHlwRkQwMW5LQS1WV0kxSVhMTDUwamVNNGcwWUo4NWc4dWdjS0Y4V3NjWWQ4MU1lMEpIUGNsVlpuUUJLa1RlempJRXQ2VmxXa0NtVENfMTV4YWxFMlJLengtOTVyajhscjRtUEpSYnFoWmVubjZWaVhyLVR6Tkh2T2FKelNXQk9QMmU2c3hxR2pvTDcybkhB?oc=5,0.0,neutral
2026-07-21,2026-07-22,VZ,VZ Stock Rises — Verizon Moves To Slash Costs With Major Store Shakeup - Stocktwits,Stocktwits,https://news.google.com/rss/articles/CBMizAFBVV95cUxNU3cwR3doS2VmNDlNVEdFQnJsZ3NTZ1ktejVsMmZnVUt2QTRvSnpOSTkxOGpTX0JramdZZFVLdmUwMWxPOVVlZ0h5TXlBUWgwNHpMMDFBMUI4S0FvaEFRY1VHZy1NTUR3djdaTDExcFRWcGtLcFdpUHRoN1hrMnA3eXk5WWIzeDlTYnJQUkctU1VRaXpsSE9TWXdWbVZNUVh0d3kzeHFDMWJmNDhnVE1maXcxMGlCczJqNG53cEllcGhtZ0JyWDdERkJDYnQ?oc=5,-0.4549,negative
2026-07-22,2026-07-22,VZ,"First Trust Advisors LP Sells 964,325 Shares of Verizon Communications Inc. $VZ - MarketBeat",MarketBeat,https://news.google.com/rss/articles/CBMi0wFBVV95cUxObXk0SHhJVmtVOW54MG5ocmxkZnZHNVhuTDJQd3lXeElXS3R2OF9wbjg4V3R3M2ZRWmJPakl2NFJFQTdlMEtIUnIwaGVqSTJmeFJWZ2RJaVJFakYzVXBqcGNnaXdmeWx4cXZuODM4YTZpZWVxYWNoaTJsLWRxUkkxT3luN2VFaV9IMzNoTE9WVEYxbE5Cc0JNMmp6NkRxMlVFZW8xNmdmTjZpdnA1Q0VDY3FNaWZNdW5lcWZJUlN2OVBmb1VyQWpWcjBhdWtxXzBqbEYw?oc=5,0.6705,positive
2026-07-22,2026-07-22,VZ,VZ Stock Technicals Today: Explained - JournalArta,JournalArta,https://news.google.com/rss/articles/CBMilAFBVV95cUxOSnc0UlFud2o4UGhDNnl1cHktZ0I3UWIyU2FIS2lUeWw4Y1ZtRDZ1Ym0tNHV2SEJDY0pYd0V4X3d2OVI2RWJiR2FTZmJ3cXZwdUswZFM1VUVTZERFekFQcE9nWl9UNElSTnBEUkVIYTZmU2UzbDlYWm5NWWh5QkVibDFTOEZRVGpCVWhTeHE1WXpvZlVm?oc=5,0.0,neutral
2026-07-22,2026-07-22,VZ,ABN Amro Investment Solutions Cuts Stock Position in Verizon Communications Inc. $VZ - MarketBeat,MarketBeat,https://news.google.com/rss/articles/CBMi2wFBVV95cUxNQ2xLOGpjMXM1LW02MHFwaE9rbUtEcDg4MVdtRlRQc2doc0JrckFrNGFYTXd4OGZoT3Z2OG1veTloSXdJeHlPNGlKcllDcHVFX2VvWFp2TjliUEVkVFJqTHBtelQ3YTIydnF2cDNjQmhRT2wxRjEyTWhZYUI4Z1U1M1NLZFBZOHZBX2pKbS1EM0FVcWlaTXVDVjY3MTFaME1OaVM1VkF4bEo3VkxCVjNtY0RtZmxnNHZKZGhPTmlvSUxyNmtDN0lFb1FWMGlEZW9iVzB1VElaOGl6MDA?oc=5,-0.128,negative
2026-07-22,2026-07-22,VZ,Allspring Global Investments Holdings LLC Raises Stock Position in Verizon Communications Inc. $VZ - MarketBeat,MarketBeat,https://news.google.com/rss/articles/CBMi7gFBVV95cUxNdjhvV004Uy04R21YZ2dTRDEtTTUtZFQtMXJKU2hvMlpfUmtCVTY5VEJOVUctekR6eDR5Sm4ySFhtRXFoeExMckRpZ2dQV19NSUdoRXBzOTRYTWFxNlE0djAzbE5kQ1Buc3Z0OU5YRVdHdVJaOWN1S1pzZXZWbk4zZGh5VzgxcEZqZXBZU0VSd2NnS3FreE0yVU96UkZVeG9WUVUtMjU2SHFPU0p2RlpzNFpSSnoxQ0RFZGVzX2tWOUV3ZThSSzJsNVB0T1RJb1NQUVp1QTNqOVAyLUFmUHR1aDVuOFkxMUlnbHozdmJn?oc=5,0.0,neutral
